1229,1195,0,0,0,0,0,0,0
1231,1197,0,0,0,0,0,0,0
1230,1196,0,0,0,0,0,0,0
1231,1204,0,0,0,0,0,0,0
1231,1196,0,0,0,0,0,0,0
1233,1196,0,0,0,0,0,0,0
1231,1195,0,0,0,0,0,0,0
1231,1186,0,0,0,0,0,0,0
1230,1195,0,0,0,0,0,0,0
1231,1194,0,0,0,0,0,0,0
1231,1199,0,0,0,0,0,0,0
1232,1194,0,0,0,0,0,0,0
1232,1195,0,0,0,0,0,0,0
1229,1195,0,0,0,0,0,0,0
1230,1205,0,0,0,0,0,0,0
1229,1195,0,0,0,0,0,0,0
1229,1197,0,0,0,0,0,0,0
1232,1196,0,0,0,0,0,0,0
1229,1195,0,0,0,0,0,0,0
1230,1196,0,0,0,0,0,0,0
1232,1197,0,0,0,0,0,0,0
1229,1197,0,0,0,0,0,0,0
1230,1196,0,0,0,0,0,0,0
1230,1195,0,0,0,0,0,0,0
1230,1196,0,0,0,0,0,0,0
1230,1197,0,0,0,0,0,0,0
1229,1195,0,0,0,0,0,0,0
1230,1196,0,0,0,0,0,0,0
1229,1194,0,0,0,0,0,0,0
1232,1196,0,0,0,0,0,0,0
1232,1196,0,0,0,0,0,0,0
1231,1194,0,0,0,0,0,0,0
1231,1195,0,0,0,0,0,0,0
1231,1195,0,0,0,0,0,0,0
1231,1196,0,0,0,0,0,0,0
1241,1196,0,0,0,0,0,0,0
1230,1196,0,0,0,0,0,0,0
1230,1196,0,0,0,0,0,0,0
1233,1195,0,0,0,0,0,0,0
1231,1197,0,0,0,0,0,0,0
1221,1195,0,0,0,0,0,0,0
1231,1196,0,0,0,0,0,0,0
1233,1194,0,0,0,0,0,0,0
1231,1195,0,0,0,0,0,0,0
1230,1195,0,0,0,0,0,0,0
1231,1196,0,0,0,0,0,0,0
1232,1196,0,0,0,0,0,0,0
1232,1196,0,0,0,0,0,0,0
1229,1197,0,0,0,0,0,0,0
1231,1195,0,0,0,0,0,0,0
1232,1195,0,0,0,0,0,0,0
1232,1195,0,0,0,0,0,0,0
1232,1195,0,0,0,0,0,0,0
1241,1196,0,0,0,0,0,0,0
1229,1197,0,0,0,0,0,0,0
1230,1194,0,0,0,0,0,0,0
1231,1195,0,0,0,0,0,0,0
1230,1197,0,0,0,0,0,0,0
1234,1193,0,0,0,0,0,0,0
1233,1196,0,0,0,0,0,0,0
1231,1195,0,0,0,0,0,0,0
1230,1195,0,0,0,0,0,0,0
1231,1194,0,0,0,0,0,0,0
1230,1196,0,0,0,0,0,0,0
1231,1193,0,0,0,0,0,0,0
1229,1196,0,0,0,0,0,0,0
1221,1199,0,0,0,0,0,0,0
1230,1196,0,0,0,0,0,0,0
1234,1195,0,0,0,0,0,0,0
1231,1196,0,0,0,0,0,0,0
1230,1197,0,0,0,0,0,0,0
1232,1196,0,0,0,0,0,0,0
1231,1194,0,0,0,0,0,0,0
1221,1196,0,0,0,0,0,0,0
1231,1195,0,0,0,0,0,0,0
1231,1195,0,0,0,0,0,0,0
1231,1194,0,0,0,0,0,0,0
1231,1196,0,0,0,0,0,0,0
1241,1195,0,0,0,0,0,0,0
1230,1196,0,0,0,0,0,0,0
1230,1196,0,0,0,0,0,0,0
1230,1194,0,0,0,0,0,0,0
1231,1194,0,0,0,0,0,0,0
1231,1195,0,0,0,0,0,0,0
1231,1195,0,0,0,0,0,0,0
1231,1204,0,0,0,0,0,0,0
1230,1195,0,0,0,0,0,0,0
1231,1195,0,0,0,0,0,0,0
1230,1196,0,0,0,0,0,0,0
1231,1193,0,0,0,0,0,0,0
1230,1194,0,0,0,0,0,0,0
1231,1197,0,0,0,0,0,0,0
1231,1197,0,0,0,0,0,0,0
1232,1197,0,0,0,0,0,0,0
1231,1196,0,0,0,0,0,0,0
1234,1197,0,0,0,0,0,0,0
1232,1196,0,0,0,0,0,0,0
1233,1196,0,0,0,0,0,0,0
1230,1195,0,0,0,0,0,0,0
1234,1195,0,0,0,0,0,0,0
1231,1194,0,0,0,0,0,0,0
1233,1196,0,0,0,0,0,0,0
1230,1197,0,0,0,0,0,0,0
1232,1196,0,0,0,0,0,0,0
1230,1197,0,0,0,0,0,0,0
1240,1195,0,0,0,0,0,0,0
1231,1197,0,0,0,0,0,0,0
1229,1196,0,0,0,0,0,0,0
1233,1197,0,0,0,0,0,0,0
1230,1196,0,0,0,0,0,0,0
1231,1195,0,0,0,0,0,0,0
1231,1197,0,0,0,0,0,0,0
1230,1196,0,0,0,0,0,0,0
1230,1196,0,0,0,0,0,0,0
1231,1194,0,0,0,0,0,0,0
1233,1195,0,0,0,0,0,0,0
1231,1194,0,0,0,0,0,0,0
1231,1197,0,0,0,0,0,0,0
1229,1196,0,0,0,0,0,0,0
1232,1197,0,0,0,0,0,0,0
1230,1195,0,0,0,0,0,0,0
1234,1195,0,0,0,0,0,0,0
1230,1195,0,0,0,0,0,0,0
1231,1196,0,0,0,0,0,0,0
1241,1193,0,0,0,0,0,0,0
1232,1196,0,0,0,0,0,0,0
1230,1196,0,0,0,0,0,0,0
1234,1197,0,0,0,0,0,0,0
1232,1194,0,0,0,0,0,0,0
1233,1197,0,0,0,0,0,0,0
1233,1195,0,0,0,0,0,0,0
1233,1195,0,0,0,0,0,0,0
1234,1196,0,0,0,0,0,0,0
1230,1197,0,0,0,0,0,0,0
1233,1208,0,0,0,0,0,0,0
1257,1229,0,0,0,0,0,0,0
1208,1182,0,0,0,0,0,0,0
980,956,0,0,0,0,0,0,0
632,608,0,0,0,0,0,0,0
656,642,0,0,0,0,0,0,0
1409,1644,0,0,0,0,0,0,0
1361,1554,0,0,0,0,0,0,0
653,653,0,0,0,0,0,0,0
789,693,0,0,0,0,0,0,0
1149,1086,0,0,0,0,0,0,0
1241,1174,0,0,0,0,0,0,0
1231,1184,0,0,0,0,0,0,0
1230,1196,0,0,0,0,0,0,0
1231,1206,0,0,0,0,0,0,0
1230,1204,0,0,0,0,0,0,0
1232,1195,0,0,0,0,0,0,0
1234,1197,0,0,0,0,0,0,0
1231,1195,0,0,0,0,0,0,0
1221,1193,0,0,0,0,0,0,0
1233,1195,0,0,0,0,0,0,0
1230,1197,0,0,0,0,0,0,0
1231,1195,0,0,0,0,0,0,0
1232,1195,0,0,0,0,0,0,0
1232,1196,0,0,0,0,0,0,0
1233,1195,0,0,0,0,0,0,0
1234,1196,0,0,0,0,0,0,0
1231,1195,0,0,0,0,0,0,0
1229,1194,0,0,0,0,0,0,0
1230,1195,0,0,0,0,0,0,0
1233,1195,0,0,0,0,0,0,0
1233,1196,0,0,0,0,0,0,0
1231,1196,0,0,0,0,0,0,0
1229,1193,0,0,0,0,0,0,0
1231,1197,0,0,0,0,0,0,0
1230,1197,0,0,0,0,0,0,0
1229,1196,0,0,0,0,0,0,0
1233,1195,0,0,0,0,0,0,0
1232,1195,0,0,0,0,0,0,0
1229,1195,0,0,0,0,0,0,0
1230,1197,0,0,0,0,0,0,0
1233,1196,0,0,0,0,0,0,0
1233,1196,0,0,0,0,0,0,0
1231,1195,0,0,0,0,0,0,0
1229,1196,0,0,0,0,0,0,0
1230,1196,0,0,0,0,0,0,0
1231,1194,0,0,0,0,0,0,0
1231,1192,0,0,0,0,0,0,0
1230,1197,0,0,0,0,0,0,0
1232,1194,0,0,0,0,0,0,0
1231,1196,0,0,0,0,0,0,0
1230,1196,0,0,0,0,0,0,0
1231,1196,0,0,0,0,0,0,0
1232,1195,0,0,0,0,0,0,0
1231,1194,0,0,0,0,0,0,0
1229,1197,0,0,0,0,0,0,0
1234,1196,0,0,0,0,0,0,0
1234,1193,0,0,0,0,0,0,0
1231,1196,0,0,0,0,0,0,0
1231,1196,0,0,0,0,0,0,0
1231,1204,0,0,0,0,0,0,0
1231,1196,0,0,0,0,0,0,0
1229,1195,0,0,0,0,0,0,0
1231,1196,0,0,0,0,0,0,0
1230,1195,0,0,0,0,0,0,0
1231,1197,0,0,0,0,0,0,0
1229,1195,0,0,0,0,0,0,0
1231,1197,0,0,0,0,0,0,0
1229,1197,0,0,0,0,0,0,0
1231,1196,0,0,0,0,0,0,0
1231,1196,0,0,0,0,0,0,0
1230,1195,0,0,0,0,0,0,0
1230,1193,0,0,0,0,0,0,0
1229,1194,0,0,0,0,0,0,0
1231,1196,0,0,0,0,0,0,0
1232,1196,0,0,0,0,0,0,0
1230,1195,0,0,0,0,0,0,0
1229,1199,0,0,0,0,0,0,0
1230,1195,0,0,0,0,0,0,0
1230,1196,0,0,0,0,0,0,0
1229,1194,0,0,0,0,0,0,0
1230,1195,0,0,0,0,0,0,0
1234,1196,0,0,0,0,0,0,0
1231,1197,0,0,0,0,0,0,0
1234,1195,0,0,0,0,0,0,0
1233,1194,0,0,0,0,0,0,0
1229,1195,0,0,0,0,0,0,0
1231,1194,0,0,0,0,0,0,0
1231,1195,0,0,0,0,0,0,0
1231,1196,0,0,0,0,0,0,0
1231,1196,0,0,0,0,0,0,0
1230,1196,0,0,0,0,0,0,0
1230,1196,0,0,0,0,0,0,0
1230,1196,0,0,0,0,0,0,0
1229,1195,0,0,0,0,0,0,0
1230,1196,0,0,0,0,0,0,0
1232,1195,0,0,0,0,0,0,0
1231,1196,0,0,0,0,0,0,0
1230,1193,0,0,0,0,0,0,0
1231,1196,0,0,0,0,0,0,0
1234,1195,0,0,0,0,0,0,0
1233,1195,0,0,0,0,0,0,0
1233,1195,0,0,0,0,0,0,0
1231,1196,0,0,0,0,0,0,0
1230,1195,0,0,0,0,0,0,0
1229,1196,0,0,0,0,0,0,0
1230,1196,0,0,0,0,0,0,0
1230,1193,0,0,0,0,0,0,0
1230,1194,0,0,0,0,0,0,0
1233,1196,0,0,0,0,0,0,0
1230,1195,0,0,0,0,0,0,0
1241,1193,0,0,0,0,0,0,0
1231,1195,0,0,0,0,0,0,0
1231,1196,0,0,0,0,0,0,0
1229,1196,0,0,0,0,0,0,0
1230,1193,0,0,0,0,0,0,0
1232,1195,0,0,0,0,0,0,0
1229,1197,0,0,0,0,0,0,0
1231,1193,0,0,0,0,0,0,0
1233,1195,0,0,0,0,0,0,0
1231,1196,0,0,0,0,0,0,0
1233,1196,0,0,0,0,0,0,0
1230,1196,0,0,0,0,0,0,0
1231,1194,0,0,0,0,0,0,0
1231,1195,0,0,0,0,0,0,0
1241,1195,0,0,0,0,0,0,0
1230,1194,0,0,0,0,0,0,0
1229,1196,0,0,0,0,0,0,0
1231,1194,0,0,0,0,0,0,0
1233,1195,0,0,0,0,0,0,0
1230,1196,0,0,0,0,0,0,0
1233,1195,0,0,0,0,0,0,0
1231,1196,0,0,0,0,0,0,0
1231,1195,0,0,0,0,0,0,0
1230,1197,0,0,0,0,0,0,0
1233,1197,0,0,0,0,0,0,0
1232,1197,0,0,0,0,0,0,0
1231,1195,0,0,0,0,0,0,0
1230,1193,0,0,0,0,0,0,0
1229,1195,0,0,0,0,0,0,0
1233,1195,0,0,0,0,0,0,0
1234,1197,0,0,0,0,0,0,0
1232,1196,0,0,0,0,0,0,0
1230,1197,0,0,0,0,0,0,0
1230,1196,0,0,0,0,0,0,0
1232,1195,0,0,0,0,0,0,0
1232,1193,0,0,0,0,0,0,0
1231,1196,0,0,0,0,0,0,0
1231,1194,0,0,0,0,0,0,0
1231,1195,0,0,0,0,0,0,0
1230,1197,0,0,0,0,0,0,0
1233,1196,0,0,0,0,0,0,0
1231,1196,0,0,0,0,0,0,0
1229,1195,0,0,0,0,0,0,0
1229,1197,0,0,0,0,0,0,0
1230,1193,0,0,0,0,0,0,0
1230,1196,0,0,0,0,0,0,0
1230,1195,0,0,0,0,0,0,0
1229,1197,0,0,0,0,0,0,0
1231,1196,0,0,0,0,0,0,0
1231,1197,0,0,0,0,0,0,0
1231,1194,0,0,0,0,0,0,0
1230,1194,0,0,0,0,0,0,0
1231,1196,0,0,0,0,0,0,0
1221,1196,0,0,0,0,0,0,0
1230,1196,0,0,0,0,0,0,0
1229,1196,0,0,0,0,0,0,0
1234,1195,0,0,0,0,0,0,0
1230,1197,0,0,0,0,0,0,0
1231,1196,0,0,0,0,0,0,0
1233,1196,0,0,0,0,0,0,0
1231,1196,0,0,0,0,0,0,0
1231,1195,0,0,0,0,0,0,0
1234,1196,0,0,0,0,0,0,0
1231,1195,0,0,0,0,0,0,0
1229,1196,0,0,0,0,0,0,0
1231,1196,0,0,0,0,0,0,0
1231,1197,0,0,0,0,0,0,0
1231,1196,0,0,0,0,0,0,0
1231,1193,0,0,0,0,0,0,0
1234,1195,0,0,0,0,0,0,0
1231,1196,0,0,0,0,0,0,0
1230,1195,0,0,0,0,0,0,0
1233,1195,0,0,0,0,0,0,0
1231,1196,0,0,0,0,0,0,0
1234,1196,0,0,0,0,0,0,0
1231,1196,0,0,0,0,0,0,0
1230,1196,0,0,0,0,0,0,0
1231,1197,0,0,0,0,0,0,0
1230,1196,0,0,0,0,0,0,0
1232,1195,0,0,0,0,0,0,0
1230,1192,0,0,0,0,0,0,0
1229,1196,0,0,0,0,0,0,0
1229,1195,0,0,0,0,0,0,0
1231,1195,0,0,0,0,0,0,0
1231,1197,0,0,0,0,0,0,0
1229,1197,0,0,0,0,0,0,0
1230,1195,0,0,0,0,0,0,0
1241,1195,0,0,0,0,0,0,0
1231,1195,0,0,0,0,0,0,0
1231,1197,0,0,0,0,0,0,0
1229,1194,0,0,0,0,0,0,0
1234,1195,0,0,0,0,0,0,0
1231,1197,0,0,0,0,0,0,0
1230,1193,0,0,0,0,0,0,0
1230,1194,0,0,0,0,0,0,0
1230,1195,0,0,0,0,0,0,0
1230,1196,0,0,0,0,0,0,0
1229,1193,0,0,0,0,0,0,0
1232,1195,0,0,0,0,0,0,0
1229,1195,0,0,0,0,0,0,0
1232,1195,0,0,0,0,0,0,0
1234,1195,0,0,0,0,0,0,0
1230,1195,0,0,0,0,0,0,0
1229,1196,0,0,0,0,0,0,0
1231,1195,0,0,0,0,0,0,0
1240,1197,0,0,0,0,0,0,0
1231,1196,0,0,0,0,0,0,0
1231,1197,0,0,0,0,0,0,0
1230,1195,0,0,0,0,0,0,0
1230,1197,0,0,0,0,0,0,0
1230,1194,0,0,0,0,0,0,0
1230,1196,0,0,0,0,0,0,0
1231,1196,0,0,0,0,0,0,0
1230,1199,0,0,0,0,0,0,0
1221,1196,0,0,0,0,0,0,0
1231,1196,0,0,0,0,0,0,0
1230,1196,0,0,0,0,0,0,0
1229,1194,0,0,0,0,0,0,0
1231,1195,0,0,0,0,0,0,0
1230,1196,0,0,0,0,0,0,0
1231,1193,0,0,0,0,0,0,0
1231,1195,0,0,0,0,0,0,0
1241,1194,0,0,0,0,0,0,0
1221,1196,0,0,0,0,0,0,0
1231,1196,0,0,0,0,0,0,0
1231,1194,0,0,0,0,0,0,0
1229,1196,0,0,0,0,0,0,0
1231,1195,0,0,0,0,0,0,0
1229,1194,0,0,0,0,0,0,0
1233,1195,0,0,0,0,0,0,0
1221,1196,0,0,0,0,0,0,0
1241,1194,0,0,0,0,0,0,0
1232,1195,0,0,0,0,0,0,0
1230,1196,0,0,0,0,0,0,0
1232,1195,0,0,0,0,0,0,0
1232,1196,0,0,0,0,0,0,0
1229,1196,0,0,0,0,0,0,0
1230,1193,0,0,0,0,0,0,0
1230,1196,0,0,0,0,0,0,0
1241,1194,0,0,0,0,0,0,0
1232,1194,0,0,0,0,0,0,0
1231,1197,0,0,0,0,0,0,0
1233,1195,0,0,0,0,0,0,0
1231,1195,0,0,0,0,0,0,0
1231,1196,0,0,0,0,0,0,0
1229,1196,0,0,0,0,0,0,0
1230,1196,0,0,0,0,0,0,0
1230,1195,0,0,0,0,0,0,0
1231,1205,0,0,0,0,0,0,0
1231,1195,0,0,0,0,0,0,0
1231,1195,0,0,0,0,0,0,0
1221,1197,0,0,0,0,0,0,0
1231,1197,0,0,0,0,0,0,0
1230,1196,0,0,0,0,0,0,0
1230,1196,0,0,0,0,0,0,0
1231,1197,0,0,0,0,0,0,0
1231,1195,0,0,0,0,0,0,0
1230,1195,0,0,0,0,0,0,0
1230,1194,0,0,0,0,0,0,0
1229,1196,0,0,0,0,0,0,0
1230,1196,0,0,0,0,0,0,0
1231,1195,0,0,0,0,0,0,0
1231,1194,0,0,0,0,0,0,0
1231,1195,0,0,0,0,0,0,0
1233,1193,0,0,0,0,0,0,0
1231,1196,0,0,0,0,0,0,0
1232,1196,0,0,0,0,0,0,0
1230,1195,0,0,0,0,0,0,0
1231,1194,0,0,0,0,0,0,0
1230,1195,0,0,0,0,0,0,0
1231,1196,0,0,0,0,0,0,0
1230,1197,0,0,0,0,0,0,0
1234,1195,0,0,0,0,0,0,0
1230,1197,0,0,0,0,0,0,0
1233,1195,0,0,0,0,0,0,0
1233,1195,0,0,0,0,0,0,0
1229,1196,0,0,0,0,0,0,0
1229,1196,0,0,0,0,0,0,0
1229,1197,0,0,0,0,0,0,0
1230,1197,0,0,0,0,0,0,0
1230,1195,0,0,0,0,0,0,0
1234,1195,0,0,0,0,0,0,0
1231,1195,0,0,0,0,0,0,0
1229,1196,0,0,0,0,0,0,0
1232,1193,0,0,0,0,0,0,0
1233,1195,0,0,0,0,0,0,0
1231,1195,0,0,0,0,0,0,0
1230,1197,0,0,0,0,0,0,0
1233,1195,0,0,0,0,0,0,0
1230,1197,0,0,0,0,0,0,0
1232,1196,0,0,0,0,0,0,0
1232,1195,0,0,0,0,0,0,0
1231,1196,0,0,0,0,0,0,0
1229,1193,0,0,0,0,0,0,0
1231,1197,0,0,0,0,0,0,0
1231,1196,0,0,0,0,0,0,0
1230,1195,0,0,0,0,0,0,0
1232,1195,0,0,0,0,0,0,0
1231,1195,0,0,0,0,0,0,0
1232,1197,0,0,0,0,0,0,0
1233,1194,0,0,0,0,0,0,0
1230,1197,0,0,0,0,0,0,0
1232,1194,0,0,0,0,0,0,0
1232,1194,0,0,0,0,0,0,0
1230,1205,0,0,0,0,0,0,0
1231,1194,0,0,0,0,0,0,0
1241,1195,0,0,0,0,0,0,0
1230,1196,0,0,0,0,0,0,0
1233,1196,0,0,0,0,0,0,0
1231,1197,0,0,0,0,0,0,0
1230,1195,0,0,0,0,0,0,0
1230,1195,0,0,0,0,0,0,0
1230,1196,0,0,0,0,0,0,0
1230,1195,0,0,0,0,0,0,0
1234,1195,0,0,0,0,0,0,0
1241,1192,0,0,0,0,0,0,0
1230,1195,0,0,0,0,0,0,0
1233,1195,0,0,0,0,0,0,0
1230,1195,0,0,0,0,0,0,0
1229,1196,0,0,0,0,0,0,0
1230,1196,0,0,0,0,0,0,0
1230,1197,0,0,0,0,0,0,0
1221,1196,0,0,0,0,0,0,0
1230,1195,0,0,0,0,0,0,0
1231,1195,0,0,0,0,0,0,0
1231,1196,0,0,0,0,0,0,0
1231,1196,0,0,0,0,0,0,0
1231,1197,0,0,0,0,0,0,0
1233,1194,0,0,0,0,0,0,0
1230,1197,0,0,0,0,0,0,0
1233,1196,0,0,0,0,0,0,0
1233,1196,0,0,0,0,0,0,0
1233,1197,0,0,0,0,0,0,0
1230,1197,0,0,0,0,0,0,0
1229,1196,0,0,0,0,0,0,0
1231,1194,0,0,0,0,0,0,0
1229,1196,0,0,0,0,0,0,0
1229,1196,0,0,0,0,0,0,0
1230,1196,0,0,0,0,0,0,0
1234,1196,0,0,0,0,0,0,0
1233,1196,0,0,0,0,0,0,0
1231,1204,0,0,0,0,0,0,0
1229,1196,0,0,0,0,0,0,0
1230,1194,0,0,0,0,0,0,0
1231,1196,0,0,0,0,0,0,0
1229,1197,0,0,0,0,0,0,0
1229,1197,0,0,0,0,0,0,0
1230,1197,0,0,0,0,0,0,0
1233,1196,0,0,0,0,0,0,0
1231,1193,0,0,0,0,0,0,0
1230,1196,0,0,0,0,0,0,0
1231,1194,0,0,0,0,0,0,0
1232,1195,0,0,0,0,0,0,0
1221,1194,0,0,0,0,0,0,0
1231,1194,0,0,0,0,0,0,0
1230,1194,0,0,0,0,0,0,0
1233,1197,0,0,0,0,0,0,0
1234,1197,0,0,0,0,0,0,0
1229,1195,0,0,0,0,0,0,0
1230,1195,0,0,0,0,0,0,0
1233,1197,0,0,0,0,0,0,0
1229,1195,0,0,0,0,0,0,0
1231,1197,0,0,0,0,0,0,0
1230,1197,0,0,0,0,0,0,0
1229,1195,0,0,0,0,0,0,0
1233,1197,0,0,0,0,0,0,0
1233,1196,0,0,0,0,0,0,0
1232,1197,0,0,0,0,0,0,0
1230,1194,0,0,0,0,0,0,0
1233,1193,0,0,0,0,0,0,0
1231,1195,0,0,0,0,0,0,0
1230,1196,0,0,0,0,0,0,0
1233,1195,0,0,0,0,0,0,0
1229,1196,0,0,0,0,0,0,0
1232,1195,0,0,0,0,0,0,0
1229,1196,0,0,0,0,0,0,0
1233,1195,0,0,0,0,0,0,0
1230,1195,0,0,0,0,0,0,0
1229,1195,0,0,0,0,0,0,0
1233,1195,0,0,0,0,0,0,0
1230,1196,0,0,0,0,0,0,0
1233,1195,0,0,0,0,0,0,0
1231,1195,0,0,0,0,0,0,0
1229,1196,0,0,0,0,0,0,0
1232,1195,0,0,0,0,0,0,0
1230,1196,0,0,0,0,0,0,0
1241,1196,0,0,0,0,0,0,0
1232,1197,0,0,0,0,0,0,0
1233,1197,0,0,0,0,0,0,0
1233,1196,0,0,0,0,0,0,0
1232,1197,0,0,0,0,0,0,0
1231,1196,0,0,0,0,0,0,0
1231,1197,0,0,0,0,0,0,0
1233,1197,0,0,0,0,0,0,0
1231,1196,0,0,0,0,0,0,0
1231,1196,0,0,0,0,0,0,0
1230,1196,0,0,0,0,0,0,0
1230,1195,0,0,0,0,0,0,0
1241,1196,0,0,0,0,0,0,0
1230,1195,0,0,0,0,0,0,0
1231,1196,0,0,0,0,0,0,0
1230,1197,0,0,0,0,0,0,0
1232,1195,0,0,0,0,0,0,0
1232,1195,0,0,0,0,0,0,0
1230,1195,0,0,0,0,0,0,0
1228,1197,0,0,0,0,0,0,0
1231,1195,0,0,0,0,0,0,0
1232,1197,0,0,0,0,0,0,0
1240,1195,0,0,0,0,0,0,0
1230,1195,0,0,0,0,0,0,0
1229,1195,0,0,0,0,0,0,0
1230,1195,0,0,0,0,0,0,0
1231,1196,0,0,0,0,0,0,0
1229,1196,0,0,0,0,0,0,0
1231,1199,0,0,0,0,0,0,0
1229,1195,0,0,0,0,0,0,0
1230,1194,0,0,0,0,0,0,0
1231,1196,0,0,0,0,0,0,0
1233,1194,0,0,0,0,0,0,0
1229,1195,0,0,0,0,0,0,0
1233,1195,0,0,0,0,0,0,0
1231,1196,0,0,0,0,0,0,0
1234,1193,0,0,0,0,0,0,0
1229,1196,0,0,0,0,0,0,0
1231,1197,0,0,0,0,0,0,0
1232,1195,0,0,0,0,0,0,0
1231,1196,0,0,0,0,0,0,0
1230,1195,0,0,0,0,0,0,0
1230,1194,0,0,0,0,0,0,0
1230,1195,0,0,0,0,0,0,0
1234,1195,0,0,0,0,0,0,0
1231,1196,0,0,0,0,0,0,0
1231,1196,0,0,0,0,0,0,0
1229,1194,0,0,0,0,0,0,0
1232,1195,0,0,0,0,0,0,0
1229,1196,0,0,0,0,0,0,0
1232,1194,0,0,0,0,0,0,0
1230,1195,0,0,0,0,0,0,0
1232,1195,0,0,0,0,0,0,0
1231,1196,0,0,0,0,0,0,0
1234,1197,0,0,0,0,0,0,0
1230,1196,0,0,0,0,0,0,0
1229,1194,0,0,0,0,0,0,0
1233,1196,0,0,0,0,0,0,0
1230,1195,0,0,0,0,0,0,0
1232,1195,0,0,0,0,0,0,0
1230,1193,0,0,0,0,0,0,0
1231,1195,0,0,0,0,0,0,0
1230,1196,0,0,0,0,0,0,0
1231,1195,0,0,0,0,0,0,0
1230,1195,0,0,0,0,0,0,0
1232,1195,0,0,0,0,0,0,0
1230,1197,0,0,0,0,0,0,0
1229,1199,0,0,0,0,0,0,0
1232,1194,0,0,0,0,0,0,0
1234,1195,0,0,0,0,0,0,0
1230,1195,0,0,0,0,0,0,0
1230,1196,0,0,0,0,0,0,0
1230,1197,0,0,0,0,0,0,0
1231,1193,0,0,0,0,0,0,0
1229,1193,0,0,0,0,0,0,0
1229,1194,0,0,0,0,0,0,0
1231,1196,0,0,0,0,0,0,0
1229,1197,0,0,0,0,0,0,0
1231,1194,0,0,0,0,0,0,0
1232,1196,0,0,0,0,0,0,0
1233,1196,0,0,0,0,0,0,0
1231,1195,0,0,0,0,0,0,0
1231,1195,0,0,0,0,0,0,0
1230,1195,0,0,0,0,0,0,0
1240,1196,0,0,0,0,0,0,0
1230,1197,0,0,0,0,0,0,0
1230,1195,0,0,0,0,0,0,0
1231,1196,0,0,0,0,0,0,0
1231,1196,0,0,0,0,0,0,0
1230,1197,0,0,0,0,0,0,0
1230,1197,0,0,0,0,0,0,0
1229,1196,0,0,0,0,0,0,0
1232,1195,0,0,0,0,0,0,0
1234,1197,0,0,0,0,0,0,0
1232,1199,0,0,0,0,0,0,0
1234,1204,0,0,0,0,0,0,0
1231,1195,0,0,0,0,0,0,0
1234,1195,0,0,0,0,0,0,0
1231,1196,0,0,0,0,0,0,0
1233,1195,0,0,0,0,0,0,0
1234,1195,0,0,0,0,0,0,0
1231,1195,0,0,0,0,0,0,0
1231,1195,0,0,0,0,0,0,0
1234,1195,0,0,0,0,0,0,0
1231,1194,0,0,0,0,0,0,0
1229,1196,0,0,0,0,0,0,0
1232,1194,0,0,0,0,0,0,0
1233,1196,0,0,0,0,0,0,0
1233,1196,0,0,0,0,0,0,0
1241,1194,0,0,0,0,0,0,0
1230,1195,0,0,0,0,0,0,0
1229,1196,0,0,0,0,0,0,0
1231,1195,0,0,0,0,0,0,0
1233,1195,0,0,0,0,0,0,0
1231,1196,0,0,0,0,0,0,0
1229,1195,0,0,0,0,0,0,0
1229,1195,0,0,0,0,0,0,0
1229,1194,0,0,0,0,0,0,0
1231,1197,0,0,0,0,0,0,0
1229,1195,0,0,0,0,0,0,0
1230,1197,0,0,0,0,0,0,0
1231,1197,0,0,0,0,0,0,0
1232,1195,0,0,0,0,0,0,0
1231,1195,0,0,0,0,0,0,0
1229,1195,0,0,0,0,0,0,0
1232,1194,0,0,0,0,0,0,0
1229,1194,0,0,0,0,0,0,0
1231,1196,0,0,0,0,0,0,0
1234,1195,0,0,0,0,0,0,0
1231,1196,0,0,0,0,0,0,0
1230,1197,0,0,0,0,0,0,0
1233,1195,0,0,0,0,0,0,0
1231,1195,0,0,0,0,0,0,0
1229,1195,0,0,0,0,0,0,0
1231,1197,0,0,0,0,0,0,0
1231,1195,0,0,0,0,0,0,0
1234,1195,0,0,0,0,0,0,0
1230,1197,0,0,0,0,0,0,0
1231,1196,0,0,0,0,0,0,0
1231,1195,0,0,0,0,0,0,0
1232,1192,0,0,0,0,0,0,0
1229,1195,0,0,0,0,0,0,0
1231,1196,0,0,0,0,0,0,0
1230,1197,0,0,0,0,0,0,0
1234,1196,0,0,0,0,0,0,0
1230,1197,0,0,0,0,0,0,0
1231,1197,0,0,0,0,0,0,0
1232,1195,0,0,0,0,0,0,0
1232,1193,0,0,0,0,0,0,0
1230,1193,0,0,0,0,0,0,0
1231,1197,0,0,0,0,0,0,0
1233,1195,0,0,0,0,0,0,0
1232,1195,0,0,0,0,0,0,0
1233,1197,0,0,0,0,0,0,0
1233,1195,0,0,0,0,0,0,0
1232,1195,0,0,0,0,0,0,0
1233,1196,0,0,0,0,0,0,0
1229,1197,0,0,0,0,0,0,0
1231,1196,0,0,0,0,0,0,0
1231,1196,0,0,0,0,0,0,0
1230,1197,0,0,0,0,0,0,0
1231,1195,0,0,0,0,0,0,0
1231,1197,0,0,0,0,0,0,0
1230,1195,0,0,0,0,0,0,0
1232,1196,0,0,0,0,0,0,0
1231,1195,0,0,0,0,0,0,0
1231,1195,0,0,0,0,0,0,0
1231,1195,0,0,0,0,0,0,0
1229,1196,0,0,0,0,0,0,0
1229,1204,0,0,0,0,0,0,0
1229,1195,0,0,0,0,0,0,0
1234,1195,0,0,0,0,0,0,0
1231,1193,0,0,0,0,0,0,0
1232,1196,0,0,0,0,0,0,0
1232,1195,0,0,0,0,0,0,0
1230,1194,0,0,0,0,0,0,0
1231,1196,0,0,0,0,0,0,0
1229,1195,0,0,0,0,0,0,0
1231,1196,0,0,0,0,0,0,0
1221,1195,0,0,0,0,0,0,0
1233,1195,0,0,0,0,0,0,0
1234,1196,0,0,0,0,0,0,0
1232,1195,0,0,0,0,0,0,0
1229,1196,0,0,0,0,0,0,0
1232,1194,0,0,0,0,0,0,0
1233,1195,0,0,0,0,0,0,0
1230,1197,0,0,0,0,0,0,0
1231,1195,0,0,0,0,0,0,0
1234,1193,0,0,0,0,0,0,0
1231,1196,0,0,0,0,0,0,0
1230,1195,0,0,0,0,0,0,0
1230,1194,0,0,0,0,0,0,0
1229,1196,0,0,0,0,0,0,0
1231,1195,0,0,0,0,0,0,0
1231,1196,0,0,0,0,0,0,0
1231,1195,0,0,0,0,0,0,0
1231,1196,0,0,0,0,0,0,0
1230,1196,0,0,0,0,0,0,0
1231,1197,0,0,0,0,0,0,0
1230,1194,0,0,0,0,0,0,0
1231,1194,0,0,0,0,0,0,0
1231,1197,0,0,0,0,0,0,0
1230,1196,0,0,0,0,0,0,0
1230,1196,0,0,0,0,0,0,0
1234,1195,0,0,0,0,0,0,0
1233,1194,0,0,0,0,0,0,0
1229,1195,0,0,0,0,0,0,0
1230,1195,0,0,0,0,0,0,0
1229,1193,0,0,0,0,0,0,0
1233,1193,0,0,0,0,0,0,0
1233,1195,0,0,0,0,0,0,0
1230,1195,0,0,0,0,0,0,0
1230,1199,0,0,0,0,0,0,0
1231,1196,0,0,0,0,0,0,0
1230,1196,0,0,0,0,0,0,0
1231,1193,0,0,0,0,0,0,0
1230,1195,0,0,0,0,0,0,0
1232,1195,0,0,0,0,0,0,0
1230,1195,0,0,0,0,0,0,0
1229,1196,0,0,0,0,0,0,0
1230,1196,0,0,0,0,0,0,0
1231,1195,0,0,0,0,0,0,0
1231,1195,0,0,0,0,0,0,0
1231,1195,0,0,0,0,0,0,0
1229,1196,0,0,0,0,0,0,0
1231,1195,0,0,0,0,0,0,0
1231,1195,0,0,0,0,0,0,0
1232,1196,0,0,0,0,0,0,0
1234,1195,0,0,0,0,0,0,0
1231,1194,0,0,0,0,0,0,0
1231,1195,0,0,0,0,0,0,0
1232,1195,0,0,0,0,0,0,0
1232,1193,0,0,0,0,0,0,0
1232,1195,0,0,0,0,0,0,0
1231,1195,0,0,0,0,0,0,0
1234,1196,0,0,0,0,0,0,0
1231,1197,0,0,0,0,0,0,0
1240,1194,0,0,0,0,0,0,0
1230,1194,0,0,0,0,0,0,0
1229,1193,0,0,0,0,0,0,0
1230,1197,0,0,0,0,0,0,0
1231,1193,0,0,0,0,0,0,0
1230,1197,0,0,0,0,0,0,0
1230,1193,0,0,0,0,0,0,0
1243,1216,0,0,0,0,0,0,0
1243,1218,0,0,0,0,0,0,0
1156,1126,0,0,0,0,0,0,0
845,823,0,0,0,0,0,0,0
536,508,0,0,0,0,0,0,0
906,945,0,0,0,0,0,0,0
1544,1844,0,0,0,0,0,0,0
1040,1124,0,0,0,0,0,0,0
622,547,0,0,0,0,0,0,0
943,845,0,0,0,0,0,0,0
1218,1171,0,0,0,0,0,0,0
1242,1173,0,0,0,0,0,0,0
1230,1161,0,0,0,0,0,0,0
1231,1207,0,0,0,0,0,0,0
1241,1196,0,0,0,0,0,0,0
1231,1199,0,0,0,0,0,0,0
1231,1196,0,0,0,0,0,0,0
1231,1195,0,0,0,0,0,0,0
1231,1197,0,0,0,0,0,0,0
1230,1196,0,0,0,0,0,0,0
1231,1197,0,0,0,0,0,0,0
1233,1195,0,0,0,0,0,0,0
1232,1195,0,0,0,0,0,0,0
1230,1194,0,0,0,0,0,0,0
1229,1197,0,0,0,0,0,0,0
1234,1196,0,0,0,0,0,0,0
1232,1194,0,0,0,0,0,0,0
1231,1197,0,0,0,0,0,0,0
1229,1196,0,0,0,0,0,0,0
1231,1195,0,0,0,0,0,0,0
1230,1193,0,0,0,0,0,0,0
1229,1196,0,0,0,0,0,0,0
1229,1196,0,0,0,0,0,0,0
1233,1196,0,0,0,0,0,0,0
1230,1197,0,0,0,0,0,0,0
1230,1197,0,0,0,0,0,0,0
1232,1193,0,0,0,0,0,0,0
1231,1194,0,0,0,0,0,0,0
1231,1194,0,0,0,0,0,0,0
1231,1195,0,0,0,0,0,0,0
1230,1195,0,0,0,0,0,0,0
1233,1196,0,0,0,0,0,0,0
1230,1195,0,0,0,0,0,0,0
1229,1196,0,0,0,0,0,0,0
1231,1197,0,0,0,0,0,0,0
1230,1194,0,0,0,0,0,0,0
1229,1195,0,0,0,0,0,0,0
1234,1196,0,0,0,0,0,0,0
1231,1196,0,0,0,0,0,0,0
1229,1196,0,0,0,0,0,0,0
1231,1196,0,0,0,0,0,0,0
1231,1196,0,0,0,0,0,0,0
1231,1195,0,0,0,0,0,0,0
1231,1196,0,0,0,0,0,0,0
1233,1195,0,0,0,0,0,0,0
1231,1195,0,0,0,0,0,0,0
1230,1196,0,0,0,0,0,0,0
1232,1197,0,0,0,0,0,0,0
1232,1197,0,0,0,0,0,0,0
1234,1197,0,0,0,0,0,0,0
1231,1197,0,0,0,0,0,0,0
1230,1197,0,0,0,0,0,0,0
1230,1196,0,0,0,0,0,0,0
1231,1196,0,0,0,0,0,0,0
1232,1197,0,0,0,0,0,0,0
1231,1196,0,0,0,0,0,0,0
1231,1196,0,0,0,0,0,0,0
1232,1196,0,0,0,0,0,0,0
1232,1196,0,0,0,0,0,0,0
1231,1195,0,0,0,0,0,0,0
1232,1195,0,0,0,0,0,0,0
1230,1196,0,0,0,0,0,0,0
1230,1194,0,0,0,0,0,0,0
1231,1197,0,0,0,0,0,0,0
1231,1196,0,0,0,0,0,0,0
1230,1196,0,0,0,0,0,0,0
1232,1197,0,0,0,0,0,0,0
1234,1195,0,0,0,0,0,0,0
1230,1197,0,0,0,0,0,0,0
1232,1195,0,0,0,0,0,0,0
1232,1196,0,0,0,0,0,0,0
1233,1196,0,0,0,0,0,0,0
1230,1196,0,0,0,0,0,0,0
1233,1194,0,0,0,0,0,0,0
1232,1196,0,0,0,0,0,0,0
1233,1196,0,0,0,0,0,0,0
1231,1196,0,0,0,0,0,0,0
1230,1195,0,0,0,0,0,0,0
1231,1195,0,0,0,0,0,0,0
1231,1197,0,0,0,0,0,0,0
1230,1196,0,0,0,0,0,0,0
1230,1195,0,0,0,0,0,0,0
1229,1197,0,0,0,0,0,0,0
1231,1196,0,0,0,0,0,0,0
1234,1196,0,0,0,0,0,0,0
1230,1196,0,0,0,0,0,0,0
1230,1196,0,0,0,0,0,0,0
1233,1197,0,0,0,0,0,0,0
1230,1197,0,0,0,0,0,0,0
1229,1194,0,0,0,0,0,0,0
1231,1204,0,0,0,0,0,0,0
1233,1196,0,0,0,0,0,0,0
1231,1195,0,0,0,0,0,0,0
1232,1196,0,0,0,0,0,0,0
1231,1195,0,0,0,0,0,0,0
1229,1195,0,0,0,0,0,0,0
1234,1195,0,0,0,0,0,0,0
1230,1197,0,0,0,0,0,0,0
1231,1196,0,0,0,0,0,0,0
1232,1197,0,0,0,0,0,0,0
1231,1195,0,0,0,0,0,0,0
1232,1196,0,0,0,0,0,0,0
1230,1193,0,0,0,0,0,0,0
1231,1195,0,0,0,0,0,0,0
1231,1194,0,0,0,0,0,0,0
1231,1197,0,0,0,0,0,0,0
1229,1193,0,0,0,0,0,0,0
1231,1195,0,0,0,0,0,0,0
1231,1197,0,0,0,0,0,0,0
1233,1196,0,0,0,0,0,0,0
1233,1195,0,0,0,0,0,0,0
1232,1196,0,0,0,0,0,0,0
1231,1195,0,0,0,0,0,0,0
1231,1197,0,0,0,0,0,0,0
1232,1196,0,0,0,0,0,0,0
1231,1197,0,0,0,0,0,0,0
1230,1196,0,0,0,0,0,0,0
1229,1196,0,0,0,0,0,0,0
1234,1195,0,0,0,0,0,0,0
1230,1197,0,0,0,0,0,0,0
1231,1194,0,0,0,0,0,0,0
1232,1193,0,0,0,0,0,0,0
1231,1196,0,0,0,0,0,0,0
1230,1196,0,0,0,0,0,0,0
1230,1195,0,0,0,0,0,0,0
1241,1196,0,0,0,0,0,0,0
1231,1197,0,0,0,0,0,0,0
1231,1196,0,0,0,0,0,0,0
1232,1196,0,0,0,0,0,0,0
1231,1194,0,0,0,0,0,0,0
1230,1195,0,0,0,0,0,0,0
1231,1197,0,0,0,0,0,0,0
1231,1196,0,0,0,0,0,0,0
1234,1196,0,0,0,0,0,0,0
1233,1195,0,0,0,0,0,0,0
1233,1196,0,0,0,0,0,0,0
1231,1196,0,0,0,0,0,0,0
1231,1195,0,0,0,0,0,0,0
1231,1195,0,0,0,0,0,0,0
1231,1197,0,0,0,0,0,0,0
1231,1195,0,0,0,0,0,0,0
1231,1204,0,0,0,0,0,0,0
1233,1196,0,0,0,0,0,0,0
1231,1197,0,0,0,0,0,0,0
1231,1196,0,0,0,0,0,0,0
1221,1196,0,0,0,0,0,0,0
1230,1194,0,0,0,0,0,0,0
1231,1196,0,0,0,0,0,0,0
1230,1196,0,0,0,0,0,0,0
1231,1196,0,0,0,0,0,0,0
1232,1195,0,0,0,0,0,0,0
1230,1195,0,0,0,0,0,0,0
1230,1197,0,0,0,0,0,0,0
1221,1194,0,0,0,0,0,0,0
1231,1197,0,0,0,0,0,0,0
1229,1196,0,0,0,0,0,0,0
1234,1195,0,0,0,0,0,0,0
1231,1196,0,0,0,0,0,0,0
1232,1197,0,0,0,0,0,0,0
1231,1195,0,0,0,0,0,0,0
1231,1196,0,0,0,0,0,0,0
1230,1195,0,0,0,0,0,0,0
1229,1195,0,0,0,0,0,0,0
1234,1194,0,0,0,0,0,0,0
1231,1199,0,0,0,0,0,0,0
1232,1195,0,0,0,0,0,0,0
1232,1195,0,0,0,0,0,0,0
1232,1196,0,0,0,0,0,0,0
1232,1194,0,0,0,0,0,0,0
1233,1194,0,0,0,0,0,0,0
1231,1196,0,0,0,0,0,0,0
1232,1193,0,0,0,0,0,0,0
1231,1196,0,0,0,0,0,0,0
1230,1196,0,0,0,0,0,0,0
1231,1195,0,0,0,0,0,0,0
1232,1195,0,0,0,0,0,0,0
1241,1197,0,0,0,0,0,0,0
1234,1196,0,0,0,0,0,0,0
1230,1196,0,0,0,0,0,0,0
1232,1195,0,0,0,0,0,0,0
1241,1194,0,0,0,0,0,0,0
1234,1196,0,0,0,0,0,0,0
1230,1197,0,0,0,0,0,0,0
1231,1196,0,0,0,0,0,0,0
1221,1196,0,0,0,0,0,0,0
1231,1195,0,0,0,0,0,0,0
1231,1197,0,0,0,0,0,0,0
1229,1195,0,0,0,0,0,0,0
1230,1196,0,0,0,0,0,0,0
1232,1193,0,0,0,0,0,0,0
1229,1196,0,0,0,0,0,0,0
1241,1197,0,0,0,0,0,0,0
1229,1196,0,0,0,0,0,0,0
1229,1195,0,0,0,0,0,0,0
1221,1196,0,0,0,0,0,0,0
1234,1195,0,0,0,0,0,0,0
1230,1195,0,0,0,0,0,0,0
1230,1196,0,0,0,0,0,0,0
1231,1195,0,0,0,0,0,0,0
1241,1197,0,0,0,0,0,0,0
1230,1204,0,0,0,0,0,0,0
1230,1197,0,0,0,0,0,0,0
1231,1195,0,0,0,0,0,0,0
1230,1196,0,0,0,0,0,0,0
1232,1195,0,0,0,0,0,0,0
1229,1195,0,0,0,0,0,0,0
1231,1195,0,0,0,0,0,0,0
1230,1195,0,0,0,0,0,0,0
1231,1196,0,0,0,0,0,0,0
1231,1196,0,0,0,0,0,0,0
1233,1193,0,0,0,0,0,0,0
1230,1195,0,0,0,0,0,0,0
1233,1195,0,0,0,0,0,0,0
1230,1197,0,0,0,0,0,0,0
1229,1195,0,0,0,0,0,0,0
1234,1196,0,0,0,0,0,0,0
1231,1197,0,0,0,0,0,0,0
1232,1196,0,0,0,0,0,0,0
1230,1196,0,0,0,0,0,0,0
1229,1196,0,0,0,0,0,0,0
1231,1194,0,0,0,0,0,0,0
1233,1194,0,0,0,0,0,0,0
1234,1195,0,0,0,0,0,0,0
1231,1196,0,0,0,0,0,0,0
1230,1195,0,0,0,0,0,0,0
1231,1196,0,0,0,0,0,0,0
1231,1196,0,0,0,0,0,0,0
1231,1195,0,0,0,0,0,0,0
1234,1194,0,0,0,0,0,0,0
1233,1194,0,0,0,0,0,0,0
1231,1196,0,0,0,0,0,0,0
1230,1195,0,0,0,0,0,0,0
1233,1195,0,0,0,0,0,0,0
1230,1197,0,0,0,0,0,0,0
1230,1197,0,0,0,0,0,0,0
1233,1196,0,0,0,0,0,0,0
1233,1194,0,0,0,0,0,0,0
1233,1194,0,0,0,0,0,0,0
1229,1193,0,0,0,0,0,0,0
1231,1196,0,0,0,0,0,0,0
1230,1196,0,0,0,0,0,0,0
1233,1196,0,0,0,0,0,0,0
1232,1196,0,0,0,0,0,0,0
1230,1196,0,0,0,0,0,0,0
1229,1196,0,0,0,0,0,0,0
1221,1193,0,0,0,0,0,0,0
1231,1195,0,0,0,0,0,0,0
1231,1194,0,0,0,0,0,0,0
1229,1196,0,0,0,0,0,0,0
1231,1195,0,0,0,0,0,0,0
1230,1195,0,0,0,0,0,0,0
1233,1195,0,0,0,0,0,0,0
1234,1196,0,0,0,0,0,0,0
1232,1193,0,0,0,0,0,0,0
1231,1194,0,0,0,0,0,0,0
1232,1196,0,0,0,0,0,0,0
1232,1196,0,0,0,0,0,0,0
1232,1195,0,0,0,0,0,0,0
1231,1193,0,0,0,0,0,0,0
1229,1196,0,0,0,0,0,0,0
1232,1195,0,0,0,0,0,0,0
1231,1186,0,0,0,0,0,0,0
1232,1197,0,0,0,0,0,0,0
1233,1192,0,0,0,0,0,0,0
1232,1193,0,0,0,0,0,0,0
1233,1196,0,0,0,0,0,0,0
1231,1196,0,0,0,0,0,0,0
1232,1194,0,0,0,0,0,0,0
1232,1196,0,0,0,0,0,0,0
1230,1196,0,0,0,0,0,0,0
1230,1196,0,0,0,0,0,0,0
1232,1194,0,0,0,0,0,0,0
1230,1196,0,0,0,0,0,0,0
1231,1197,0,0,0,0,0,0,0
1232,1196,0,0,0,0,0,0,0
1233,1195,0,0,0,0,0,0,0
1231,1195,0,0,0,0,0,0,0
1229,1194,0,0,0,0,0,0,0
1230,1195,0,0,0,0,0,0,0
1229,1197,0,0,0,0,0,0,0
1231,1196,0,0,0,0,0,0,0
1231,1197,0,0,0,0,0,0,0
1231,1196,0,0,0,0,0,0,0
1234,1195,0,0,0,0,0,0,0
1233,1195,0,0,0,0,0,0,0
1230,1196,0,0,0,0,0,0,0
1231,1196,0,0,0,0,0,0,0
1231,1196,0,0,0,0,0,0,0
1229,1197,0,0,0,0,0,0,0
1230,1197,0,0,0,0,0,0,0
1232,1196,0,0,0,0,0,0,0
1230,1195,0,0,0,0,0,0,0
1232,1196,0,0,0,0,0,0,0
1230,1195,0,0,0,0,0,0,0
1231,1196,0,0,0,0,0,0,0
1229,1196,0,0,0,0,0,0,0
1230,1196,0,0,0,0,0,0,0
1230,1195,0,0,0,0,0,0,0
1230,1196,0,0,0,0,0,0,0
1234,1194,0,0,0,0,0,0,0
1240,1194,0,0,0,0,0,0,0
1230,1195,0,0,0,0,0,0,0
1229,1196,0,0,0,0,0,0,0
1230,1196,0,0,0,0,0,0,0
1229,1195,0,0,0,0,0,0,0
1240,1194,0,0,0,0,0,0,0
1232,1195,0,0,0,0,0,0,0
1230,1196,0,0,0,0,0,0,0
1232,1195,0,0,0,0,0,0,0
1233,1194,0,0,0,0,0,0,0
1229,1197,0,0,0,0,0,0,0
1230,1196,0,0,0,0,0,0,0
1229,1196,0,0,0,0,0,0,0
1229,1195,0,0,0,0,0,0,0
1234,1193,0,0,0,0,0,0,0
1233,1197,0,0,0,0,0,0,0
1233,1195,0,0,0,0,0,0,0
1233,1194,0,0,0,0,0,0,0
1232,1195,0,0,0,0,0,0,0
1231,1195,0,0,0,0,0,0,0
1231,1197,0,0,0,0,0,0,0
1232,1194,0,0,0,0,0,0,0
1230,1196,0,0,0,0,0,0,0
1230,1204,0,0,0,0,0,0,0
1232,1194,0,0,0,0,0,0,0
1231,1196,0,0,0,0,0,0,0
1231,1196,0,0,0,0,0,0,0
1229,1196,0,0,0,0,0,0,0
1229,1195,0,0,0,0,0,0,0
1233,1194,0,0,0,0,0,0,0
1232,1194,0,0,0,0,0,0,0
1229,1196,0,0,0,0,0,0,0
1233,1194,0,0,0,0,0,0,0
1232,1195,0,0,0,0,0,0,0
1231,1195,0,0,0,0,0,0,0
1232,1194,0,0,0,0,0,0,0
1233,1195,0,0,0,0,0,0,0
1232,1193,0,0,0,0,0,0,0
1230,1197,0,0,0,0,0,0,0
1229,1197,0,0,0,0,0,0,0
1232,1195,0,0,0,0,0,0,0
1230,1196,0,0,0,0,0,0,0
1233,1197,0,0,0,0,0,0,0
1231,1194,0,0,0,0,0,0,0
1231,1197,0,0,0,0,0,0,0
1231,1194,0,0,0,0,0,0,0
1230,1195,0,0,0,0,0,0,0
1234,1196,0,0,0,0,0,0,0
1231,1197,0,0,0,0,0,0,0
1231,1196,0,0,0,0,0,0,0
1229,1197,0,0,0,0,0,0,0
1231,1196,0,0,0,0,0,0,0
1229,1195,0,0,0,0,0,0,0
1230,1196,0,0,0,0,0,0,0
1231,1196,0,0,0,0,0,0,0
1233,1195,0,0,0,0,0,0,0
1232,1196,0,0,0,0,0,0,0
1230,1196,0,0,0,0,0,0,0
1234,1196,0,0,0,0,0,0,0
1232,1193,0,0,0,0,0,0,0
1233,1195,0,0,0,0,0,0,0
1231,1193,0,0,0,0,0,0,0
1231,1196,0,0,0,0,0,0,0
1229,1195,0,0,0,0,0,0,0
1230,1194,0,0,0,0,0,0,0
1230,1194,0,0,0,0,0,0,0
1229,1194,0,0,0,0,0,0,0
1232,1194,0,0,0,0,0,0,0
1231,1195,0,0,0,0,0,0,0
1233,1196,0,0,0,0,0,0,0
1229,1195,0,0,0,0,0,0,0
1231,1193,0,0,0,0,0,0,0
1231,1197,0,0,0,0,0,0,0
1230,1196,0,0,0,0,0,0,0
1234,1196,0,0,0,0,0,0,0
1230,1195,0,0,0,0,0,0,0
1230,1193,0,0,0,0,0,0,0
1230,1196,0,0,0,0,0,0,0
1233,1195,0,0,0,0,0,0,0
1231,1195,0,0,0,0,0,0,0
1233,1196,0,0,0,0,0,0,0
1233,1195,0,0,0,0,0,0,0
1231,1197,0,0,0,0,0,0,0
1233,1195,0,0,0,0,0,0,0
1232,1205,0,0,0,0,0,0,0
1229,1196,0,0,0,0,0,0,0
1234,1195,0,0,0,0,0,0,0
1233,1195,0,0,0,0,0,0,0
1233,1196,0,0,0,0,0,0,0
1231,1197,0,0,0,0,0,0,0
1231,1197,0,0,0,0,0,0,0
1229,1196,0,0,0,0,0,0,0
1232,1196,0,0,0,0,0,0,0
1231,1196,0,0,0,0,0,0,0
1232,1195,0,0,0,0,0,0,0
1233,1195,0,0,0,0,0,0,0
1231,1195,0,0,0,0,0,0,0
1233,1195,0,0,0,0,0,0,0
1230,1194,0,0,0,0,0,0,0
1231,1197,0,0,0,0,0,0,0
1230,1196,0,0,0,0,0,0,0
1233,1194,0,0,0,0,0,0,0
1229,1195,0,0,0,0,0,0,0
1232,1195,0,0,0,0,0,0,0
1229,1196,0,0,0,0,0,0,0
1231,1196,0,0,0,0,0,0,0
1232,1195,0,0,0,0,0,0,0
1231,1196,0,0,0,0,0,0,0
1234,1196,0,0,0,0,0,0,0
1231,1195,0,0,0,0,0,0,0
1231,1196,0,0,0,0,0,0,0
1230,1196,0,0,0,0,0,0,0
1230,1193,0,0,0,0,0,0,0
1231,1195,0,0,0,0,0,0,0
1230,1204,0,0,0,0,0,0,0
1229,1196,0,0,0,0,0,0,0
1230,1196,0,0,0,0,0,0,0
1232,1196,0,0,0,0,0,0,0
1231,1196,0,0,0,0,0,0,0
1231,1195,0,0,0,0,0,0,0
1229,1193,0,0,0,0,0,0,0
1232,1197,0,0,0,0,0,0,0
1230,1195,0,0,0,0,0,0,0
1234,1197,0,0,0,0,0,0,0
1231,1195,0,0,0,0,0,0,0
1231,1195,0,0,0,0,0,0,0
1232,1195,0,0,0,0,0,0,0
1231,1194,0,0,0,0,0,0,0
1233,1199,0,0,0,0,0,0,0
1231,1196,0,0,0,0,0,0,0
1231,1196,0,0,0,0,0,0,0
1230,1195,0,0,0,0,0,0,0
1230,1196,0,0,0,0,0,0,0
1233,1196,0,0,0,0,0,0,0
1233,1197,0,0,0,0,0,0,0
1231,1196,0,0,0,0,0,0,0
1231,1194,0,0,0,0,0,0,0
1233,1196,0,0,0,0,0,0,0
1233,1196,0,0,0,0,0,0,0
1231,1197,0,0,0,0,0,0,0
1230,1195,0,0,0,0,0,0,0
1232,1196,0,0,0,0,0,0,0
1232,1197,0,0,0,0,0,0,0
1234,1196,0,0,0,0,0,0,0
1231,1196,0,0,0,0,0,0,0
1231,1195,0,0,0,0,0,0,0
1231,1196,0,0,0,0,0,0,0
1231,1196,0,0,0,0,0,0,0
1230,1195,0,0,0,0,0,0,0
1230,1197,0,0,0,0,0,0,0
1231,1197,0,0,0,0,0,0,0
1234,1195,0,0,0,0,0,0,0
1229,1196,0,0,0,0,0,0,0
1230,1197,0,0,0,0,0,0,0
1231,1194,0,0,0,0,0,0,0
1230,1195,0,0,0,0,0,0,0
1230,1196,0,0,0,0,0,0,0
1231,1204,0,0,0,0,0,0,0
1233,1196,0,0,0,0,0,0,0
1233,1195,0,0,0,0,0,0,0
1231,1197,0,0,0,0,0,0,0
1241,1195,0,0,0,0,0,0,0
1231,1194,0,0,0,0,0,0,0
1230,1197,0,0,0,0,0,0,0
1234,1196,0,0,0,0,0,0,0
1231,1197,0,0,0,0,0,0,0
1230,1195,0,0,0,0,0,0,0
1230,1195,0,0,0,0,0,0,0
1230,1194,0,0,0,0,0,0,0
1230,1195,0,0,0,0,0,0,0
1229,1194,0,0,0,0,0,0,0
1229,1195,0,0,0,0,0,0,0
1230,1195,0,0,0,0,0,0,0
1232,1196,0,0,0,0,0,0,0
1231,1196,0,0,0,0,0,0,0
1232,1204,0,0,0,0,0,0,0
1230,1196,0,0,0,0,0,0,0
1233,1196,0,0,0,0,0,0,0
1232,1196,0,0,0,0,0,0,0
1241,1195,0,0,0,0,0,0,0
1231,1194,0,0,0,0,0,0,0
1231,1196,0,0,0,0,0,0,0
1233,1197,0,0,0,0,0,0,0
1232,1196,0,0,0,0,0,0,0
1234,1195,0,0,0,0,0,0,0
1234,1195,0,0,0,0,0,0,0
1231,1193,0,0,0,0,0,0,0
1230,1196,0,0,0,0,0,0,0
1231,1199,0,0,0,0,0,0,0
1234,1195,0,0,0,0,0,0,0
1231,1197,0,0,0,0,0,0,0
1230,1195,0,0,0,0,0,0,0
1234,1196,0,0,0,0,0,0,0
1233,1196,0,0,0,0,0,0,0
1231,1193,0,0,0,0,0,0,0
1231,1196,0,0,0,0,0,0,0
1230,1196,0,0,0,0,0,0,0
1232,1195,0,0,0,0,0,0,0
1231,1204,0,0,0,0,0,0,0
1234,1195,0,0,0,0,0,0,0
1231,1193,0,0,0,0,0,0,0
1231,1195,0,0,0,0,0,0,0
1230,1195,0,0,0,0,0,0,0
1234,1194,0,0,0,0,0,0,0
1230,1196,0,0,0,0,0,0,0
1233,1196,0,0,0,0,0,0,0
1229,1194,0,0,0,0,0,0,0
1231,1195,0,0,0,0,0,0,0
1230,1197,0,0,0,0,0,0,0
1229,1195,0,0,0,0,0,0,0
1231,1195,0,0,0,0,0,0,0
1231,1196,0,0,0,0,0,0,0
1230,1197,0,0,0,0,0,0,0
1229,1195,0,0,0,0,0,0,0
1232,1195,0,0,0,0,0,0,0
1231,1196,0,0,0,0,0,0,0
1230,1197,0,0,0,0,0,0,0
1233,1195,0,0,0,0,0,0,0
1231,1195,0,0,0,0,0,0,0
1229,1193,0,0,0,0,0,0,0
1231,1197,0,0,0,0,0,0,0
1230,1196,0,0,0,0,0,0,0
1233,1196,0,0,0,0,0,0,0
1233,1197,0,0,0,0,0,0,0
1234,1197,0,0,0,0,0,0,0
1231,1195,0,0,0,0,0,0,0
1230,1196,0,0,0,0,0,0,0
1233,1197,0,0,0,0,0,0,0
1229,1196,0,0,0,0,0,0,0
1230,1196,0,0,0,0,0,0,0
1229,1196,0,0,0,0,0,0,0
1231,1197,0,0,0,0,0,0,0
1231,1197,0,0,0,0,0,0,0
1231,1196,0,0,0,0,0,0,0
1230,1195,0,0,0,0,0,0,0
1220,1195,0,0,0,0,0,0,0
1231,1196,0,0,0,0,0,0,0
1229,1197,0,0,0,0,0,0,0
1230,1195,0,0,0,0,0,0,0
1221,1195,0,0,0,0,0,0,0
1234,1197,0,0,0,0,0,0,0
1230,1199,0,0,0,0,0,0,0
1232,1193,0,0,0,0,0,0,0
1234,1194,0,0,0,0,0,0,0
1233,1196,0,0,0,0,0,0,0
1232,1193,0,0,0,0,0,0,0
1230,1195,0,0,0,0,0,0,0
1231,1196,0,0,0,0,0,0,0
1233,1196,0,0,0,0,0,0,0
1230,1196,0,0,0,0,0,0,0
1231,1194,0,0,0,0,0,0,0
1230,1194,0,0,0,0,0,0,0
1233,1197,0,0,0,0,0,0,0
1229,1195,0,0,0,0,0,0,0
1231,1194,0,0,0,0,0,0,0
1232,1195,0,0,0,0,0,0,0
1230,1196,0,0,0,0,0,0,0
1230,1193,0,0,0,0,0,0,0
1231,1195,0,0,0,0,0,0,0
1231,1195,0,0,0,0,0,0,0
1234,1196,0,0,0,0,0,0,0
1231,1196,0,0,0,0,0,0,0
1231,1196,0,0,0,0,0,0,0
1231,1196,0,0,0,0,0,0,0
1231,1197,0,0,0,0,0,0,0
1233,1195,0,0,0,0,0,0,0
1233,1196,0,0,0,0,0,0,0
1229,1195,0,0,0,0,0,0,0
1230,1195,0,0,0,0,0,0,0
1232,1196,0,0,0,0,0,0,0
1233,1196,0,0,0,0,0,0,0
1231,1196,0,0,0,0,0,0,0
1230,1197,0,0,0,0,0,0,0
1231,1196,0,0,0,0,0,0,0
1230,1199,0,0,0,0,0,0,0
1229,1194,0,0,0,0,0,0,0
1230,1194,0,0,0,0,0,0,0
1232,1195,0,0,0,0,0,0,0
1231,1195,0,0,0,0,0,0,0
1233,1196,0,0,0,0,0,0,0
1229,1195,0,0,0,0,0,0,0
1231,1195,0,0,0,0,0,0,0
1231,1196,0,0,0,0,0,0,0
1230,1196,0,0,0,0,0,0,0
1234,1196,0,0,0,0,0,0,0
1231,1196,0,0,0,0,0,0,0
1230,1195,0,0,0,0,0,0,0
1234,1196,0,0,0,0,0,0,0
1231,1195,0,0,0,0,0,0,0
1230,1196,0,0,0,0,0,0,0
1233,1194,0,0,0,0,0,0,0
1233,1195,0,0,0,0,0,0,0
1229,1195,0,0,0,0,0,0,0
1231,1196,0,0,0,0,0,0,0
1233,1195,0,0,0,0,0,0,0
1233,1194,0,0,0,0,0,0,0
1230,1194,0,0,0,0,0,0,0
1231,1196,0,0,0,0,0,0,0
1230,1196,0,0,0,0,0,0,0
1231,1195,0,0,0,0,0,0,0
1229,1193,0,0,0,0,0,0,0
1231,1195,0,0,0,0,0,0,0
1232,1194,0,0,0,0,0,0,0
1230,1192,0,0,0,0,0,0,0
1231,1194,0,0,0,0,0,0,0
1231,1195,0,0,0,0,0,0,0
1231,1194,0,0,0,0,0,0,0
1231,1194,0,0,0,0,0,0,0
1232,1197,0,0,0,0,0,0,0
1231,1195,0,0,0,0,0,0,0
1229,1196,0,0,0,0,0,0,0
1231,1195,0,0,0,0,0,0,0
1241,1195,0,0,0,0,0,0,0
1230,1195,0,0,0,0,0,0,0
1232,1194,0,0,0,0,0,0,0
1230,1197,0,0,0,0,0,0,0
1232,1195,0,0,0,0,0,0,0
1234,1197,0,0,0,0,0,0,0
1233,1195,0,0,0,0,0,0,0
1229,1196,0,0,0,0,0,0,0
1232,1195,0,0,0,0,0,0,0
1230,1195,0,0,0,0,0,0,0
1230,1195,0,0,0,0,0,0,0
1231,1196,0,0,0,0,0,0,0
1231,1194,0,0,0,0,0,0,0
1232,1196,0,0,0,0,0,0,0
1232,1195,0,0,0,0,0,0,0
1233,1199,0,0,0,0,0,0,0
1230,1195,0,0,0,0,0,0,0
1230,1195,0,0,0,0,0,0,0
1233,1196,0,0,0,0,0,0,0
1229,1196,0,0,0,0,0,0,0
1252,1209,0,0,0,0,0,0,0
1242,1208,0,0,0,0,0,0,0
1126,1102,0,0,0,0,0,0,0
790,766,0,0,0,0,0,0,0
522,489,0,0,0,0,0,0,0
1016,1078,0,0,0,0,0,0,0
1566,1870,0,0,0,0,0,0,0
911,979,0,0,0,0,0,0,0
644,558,0,0,0,0,0,0,0
991,896,0,0,0,0,0,0,0
1232,1184,0,0,0,0,0,0,0
1231,1182,0,0,0,0,0,0,0
1230,1157,0,0,0,0,0,0,0
1231,1184,0,0,0,0,0,0,0
1232,1197,0,0,0,0,0,0,0
1231,1195,0,0,0,0,0,0,0
1231,1196,0,0,0,0,0,0,0
1231,1196,0,0,0,0,0,0,0
1233,1196,0,0,0,0,0,0,0
1230,1197,0,0,0,0,0,0,0
1230,1194,0,0,0,0,0,0,0
1230,1196,0,0,0,0,0,0,0
1230,1196,0,0,0,0,0,0,0
1229,1196,0,0,0,0,0,0,0
1229,1195,0,0,0,0,0,0,0
1230,1197,0,0,0,0,0,0,0
1232,1194,0,0,0,0,0,0,0
1230,1192,0,0,0,0,0,0,0
1229,1194,0,0,0,0,0,0,0
1230,1195,0,0,0,0,0,0,0
1232,1193,0,0,0,0,0,0,0
1229,1195,0,0,0,0,0,0,0
1233,1197,0,0,0,0,0,0,0
1230,1199,0,0,0,0,0,0,0
1231,1197,0,0,0,0,0,0,0
1232,1196,0,0,0,0,0,0,0
1231,1195,0,0,0,0,0,0,0
1230,1195,0,0,0,0,0,0,0
1232,1195,0,0,0,0,0,0,0
1232,1195,0,0,0,0,0,0,0
1231,1195,0,0,0,0,0,0,0
1233,1194,0,0,0,0,0,0,0
1229,1197,0,0,0,0,0,0,0
1233,1196,0,0,0,0,0,0,0
1231,1195,0,0,0,0,0,0,0
1230,1195,0,0,0,0,0,0,0
1229,1196,0,0,0,0,0,0,0
1230,1197,0,0,0,0,0,0,0
1231,1196,0,0,0,0,0,0,0
1230,1196,0,0,0,0,0,0,0
1231,1199,0,0,0,0,0,0,0
1232,1196,0,0,0,0,0,0,0
1230,1194,0,0,0,0,0,0,0
1233,1195,0,0,0,0,0,0,0
1229,1195,0,0,0,0,0,0,0
1233,1195,0,0,0,0,0,0,0
1231,1196,0,0,0,0,0,0,0
1229,1195,0,0,0,0,0,0,0
1232,1193,0,0,0,0,0,0,0
1230,1195,0,0,0,0,0,0,0
1233,1196,0,0,0,0,0,0,0
1231,1195,0,0,0,0,0,0,0
1231,1193,0,0,0,0,0,0,0
1232,1195,0,0,0,0,0,0,0
1230,1195,0,0,0,0,0,0,0
1229,1193,0,0,0,0,0,0,0
1229,1195,0,0,0,0,0,0,0
1232,1196,0,0,0,0,0,0,0
1230,1195,0,0,0,0,0,0,0
1230,1195,0,0,0,0,0,0,0
1229,1193,0,0,0,0,0,0,0
1231,1196,0,0,0,0,0,0,0
1229,1194,0,0,0,0,0,0,0
1231,1195,0,0,0,0,0,0,0
1230,1197,0,0,0,0,0,0,0
1230,1197,0,0,0,0,0,0,0
1231,1197,0,0,0,0,0,0,0
1231,1195,0,0,0,0,0,0,0
1231,1192,0,0,0,0,0,0,0
1232,1194,0,0,0,0,0,0,0
1231,1194,0,0,0,0,0,0,0
1232,1195,0,0,0,0,0,0,0
1232,1195,0,0,0,0,0,0,0
1230,1195,0,0,0,0,0,0,0
1229,1195,0,0,0,0,0,0,0
1231,1193,0,0,0,0,0,0,0
1230,1196,0,0,0,0,0,0,0
1230,1196,0,0,0,0,0,0,0
1233,1195,0,0,0,0,0,0,0
1229,1195,0,0,0,0,0,0,0
1229,1196,0,0,0,0,0,0,0
1221,1195,0,0,0,0,0,0,0
1231,1195,0,0,0,0,0,0,0
1231,1195,0,0,0,0,0,0,0
1231,1192,0,0,0,0,0,0,0
1230,1196,0,0,0,0,0,0,0
1231,1196,0,0,0,0,0,0,0
1233,1195,0,0,0,0,0,0,0
1230,1197,0,0,0,0,0,0,0
1233,1196,0,0,0,0,0,0,0
1231,1195,0,0,0,0,0,0,0
1229,1195,0,0,0,0,0,0,0
1230,1195,0,0,0,0,0,0,0
1229,1193,0,0,0,0,0,0,0
1233,1194,0,0,0,0,0,0,0
1230,1196,0,0,0,0,0,0,0
1231,1196,0,0,0,0,0,0,0
1231,1194,0,0,0,0,0,0,0
1230,1197,0,0,0,0,0,0,0
1232,1195,0,0,0,0,0,0,0
1232,1196,0,0,0,0,0,0,0
1231,1194,0,0,0,0,0,0,0
1231,1193,0,0,0,0,0,0,0
1230,1196,0,0,0,0,0,0,0
1231,1196,0,0,0,0,0,0,0
1231,1197,0,0,0,0,0,0,0
1233,1196,0,0,0,0,0,0,0
1230,1204,0,0,0,0,0,0,0
1231,1196,0,0,0,0,0,0,0
1232,1192,0,0,0,0,0,0,0
1231,1194,0,0,0,0,0,0,0
1231,1195,0,0,0,0,0,0,0
1230,1195,0,0,0,0,0,0,0
1230,1196,0,0,0,0,0,0,0
1232,1194,0,0,0,0,0,0,0
1230,1195,0,0,0,0,0,0,0
1231,1196,0,0,0,0,0,0,0
1230,1197,0,0,0,0,0,0,0
1230,1197,0,0,0,0,0,0,0
1231,1195,0,0,0,0,0,0,0
1230,1196,0,0,0,0,0,0,0
1231,1197,0,0,0,0,0,0,0
1229,1195,0,0,0,0,0,0,0
1232,1204,0,0,0,0,0,0,0
1230,1196,0,0,0,0,0,0,0
1232,1196,0,0,0,0,0,0,0
1231,1196,0,0,0,0,0,0,0
1229,1194,0,0,0,0,0,0,0
1232,1196,0,0,0,0,0,0,0
1229,1195,0,0,0,0,0,0,0
1230,1195,0,0,0,0,0,0,0
1231,1197,0,0,0,0,0,0,0
1231,1197,0,0,0,0,0,0,0
1231,1197,0,0,0,0,0,0,0
1231,1195,0,0,0,0,0,0,0
1231,1196,0,0,0,0,0,0,0
1231,1195,0,0,0,0,0,0,0
1233,1195,0,0,0,0,0,0,0
1233,1195,0,0,0,0,0,0,0
1230,1194,0,0,0,0,0,0,0
1232,1195,0,0,0,0,0,0,0
1233,1196,0,0,0,0,0,0,0
1233,1196,0,0,0,0,0,0,0
1229,1195,0,0,0,0,0,0,0
1229,1195,0,0,0,0,0,0,0
1231,1195,0,0,0,0,0,0,0
1229,1196,0,0,0,0,0,0,0
1230,1195,0,0,0,0,0,0,0
1229,1197,0,0,0,0,0,0,0
1232,1196,0,0,0,0,0,0,0
1234,1195,0,0,0,0,0,0,0
1230,1194,0,0,0,0,0,0,0
1231,1196,0,0,0,0,0,0,0
1230,1196,0,0,0,0,0,0,0
1232,1195,0,0,0,0,0,0,0
1231,1194,0,0,0,0,0,0,0
1232,1196,0,0,0,0,0,0,0
1231,1195,0,0,0,0,0,0,0
1230,1194,0,0,0,0,0,0,0
1233,1195,0,0,0,0,0,0,0
1233,1197,0,0,0,0,0,0,0
1231,1195,0,0,0,0,0,0,0
1231,1195,0,0,0,0,0,0,0
1231,1196,0,0,0,0,0,0,0
1230,1196,0,0,0,0,0,0,0
1233,1196,0,0,0,0,0,0,0
1232,1194,0,0,0,0,0,0,0
1229,1195,0,0,0,0,0,0,0
1230,1194,0,0,0,0,0,0,0
1230,1196,0,0,0,0,0,0,0
1233,1195,0,0,0,0,0,0,0
1229,1193,0,0,0,0,0,0,0
1232,1196,0,0,0,0,0,0,0
1231,1204,0,0,0,0,0,0,0
1232,1195,0,0,0,0,0,0,0
1231,1196,0,0,0,0,0,0,0
1231,1193,0,0,0,0,0,0,0
1233,1193,0,0,0,0,0,0,0
1231,1196,0,0,0,0,0,0,0
1229,1195,0,0,0,0,0,0,0
1231,1196,0,0,0,0,0,0,0
1232,1197,0,0,0,0,0,0,0
1231,1204,0,0,0,0,0,0,0
1230,1194,0,0,0,0,0,0,0
1231,1196,0,0,0,0,0,0,0
1229,1195,0,0,0,0,0,0,0
1231,1195,0,0,0,0,0,0,0
1231,1195,0,0,0,0,0,0,0
1233,1197,0,0,0,0,0,0,0
1231,1196,0,0,0,0,0,0,0
1231,1196,0,0,0,0,0,0,0
1232,1195,0,0,0,0,0,0,0
1230,1196,0,0,0,0,0,0,0
1230,1196,0,0,0,0,0,0,0
1231,1195,0,0,0,0,0,0,0
1229,1196,0,0,0,0,0,0,0
1231,1193,0,0,0,0,0,0,0
1230,1196,0,0,0,0,0,0,0
1234,1196,0,0,0,0,0,0,0
1234,1194,0,0,0,0,0,0,0
1231,1195,0,0,0,0,0,0,0
1229,1194,0,0,0,0,0,0,0
1233,1196,0,0,0,0,0,0,0
1231,1195,0,0,0,0,0,0,0
1233,1195,0,0,0,0,0,0,0
1229,1194,0,0,0,0,0,0,0
1233,1195,0,0,0,0,0,0,0
1230,1195,0,0,0,0,0,0,0
1232,1196,0,0,0,0,0,0,0
1231,1196,0,0,0,0,0,0,0
1230,1197,0,0,0,0,0,0,0
1232,1195,0,0,0,0,0,0,0
1230,1194,0,0,0,0,0,0,0
1229,1193,0,0,0,0,0,0,0
1230,1195,0,0,0,0,0,0,0
1229,1196,0,0,0,0,0,0,0
1231,1197,0,0,0,0,0,0,0
1230,1195,0,0,0,0,0,0,0
1231,1195,0,0,0,0,0,0,0
1230,1194,0,0,0,0,0,0,0
1232,1195,0,0,0,0,0,0,0
1230,1196,0,0,0,0,0,0,0
1231,1196,0,0,0,0,0,0,0
1231,1196,0,0,0,0,0,0,0
1230,1197,0,0,0,0,0,0,0
1221,1194,0,0,0,0,0,0,0
1229,1195,0,0,0,0,0,0,0
1231,1196,0,0,0,0,0,0,0
1232,1193,0,0,0,0,0,0,0
1234,1197,0,0,0,0,0,0,0
1230,1194,0,0,0,0,0,0,0
1231,1197,0,0,0,0,0,0,0
1233,1197,0,0,0,0,0,0,0
1229,1193,0,0,0,0,0,0,0
1232,1195,0,0,0,0,0,0,0
1232,1195,0,0,0,0,0,0,0
1230,1195,0,0,0,0,0,0,0
1231,1197,0,0,0,0,0,0,0
1230,1197,0,0,0,0,0,0,0
1232,1194,0,0,0,0,0,0,0
1231,1195,0,0,0,0,0,0,0
1231,1195,0,0,0,0,0,0,0
1228,1195,0,0,0,0,0,0,0
1230,1196,0,0,0,0,0,0,0
1231,1196,0,0,0,0,0,0,0
1231,1194,0,0,0,0,0,0,0
1233,1195,0,0,0,0,0,0,0
1232,1196,0,0,0,0,0,0,0
1230,1196,0,0,0,0,0,0,0
1232,1196,0,0,0,0,0,0,0
1231,1195,0,0,0,0,0,0,0
1231,1195,0,0,0,0,0,0,0
1229,1196,0,0,0,0,0,0,0
1231,1195,0,0,0,0,0,0,0
1230,1196,0,0,0,0,0,0,0
1232,1196,0,0,0,0,0,0,0
1231,1196,0,0,0,0,0,0,0
1233,1196,0,0,0,0,0,0,0
1230,1196,0,0,0,0,0,0,0
1229,1195,0,0,0,0,0,0,0
1231,1194,0,0,0,0,0,0,0
1233,1195,0,0,0,0,0,0,0
1231,1195,0,0,0,0,0,0,0
1230,1195,0,0,0,0,0,0,0
1230,1197,0,0,0,0,0,0,0
1231,1197,0,0,0,0,0,0,0
1233,1195,0,0,0,0,0,0,0
1233,1196,0,0,0,0,0,0,0
1233,1193,0,0,0,0,0,0,0
1231,1195,0,0,0,0,0,0,0
1230,1196,0,0,0,0,0,0,0
1231,1195,0,0,0,0,0,0,0
1230,1195,0,0,0,0,0,0,0
1230,1195,0,0,0,0,0,0,0
1231,1193,0,0,0,0,0,0,0
1231,1196,0,0,0,0,0,0,0
1232,1195,0,0,0,0,0,0,0
1231,1194,0,0,0,0,0,0,0
1232,1195,0,0,0,0,0,0,0
1231,1195,0,0,0,0,0,0,0
1231,1195,0,0,0,0,0,0,0
1233,1195,0,0,0,0,0,0,0
1233,1194,0,0,0,0,0,0,0
1241,1194,0,0,0,0,0,0,0
1230,1194,0,0,0,0,0,0,0
1230,1192,0,0,0,0,0,0,0
1229,1196,0,0,0,0,0,0,0
1230,1196,0,0,0,0,0,0,0
1230,1195,0,0,0,0,0,0,0
1229,1195,0,0,0,0,0,0,0
1233,1195,0,0,0,0,0,0,0
1231,1196,0,0,0,0,0,0,0
1232,1194,0,0,0,0,0,0,0
1230,1196,0,0,0,0,0,0,0
1231,1195,0,0,0,0,0,0,0
1233,1195,0,0,0,0,0,0,0
1230,1195,0,0,0,0,0,0,0
1232,1196,0,0,0,0,0,0,0
1230,1193,0,0,0,0,0,0,0
1231,1196,0,0,0,0,0,0,0
1231,1194,0,0,0,0,0,0,0
1231,1196,0,0,0,0,0,0,0
1231,1194,0,0,0,0,0,0,0
1229,1192,0,0,0,0,0,0,0
1229,1195,0,0,0,0,0,0,0
1229,1196,0,0,0,0,0,0,0
1229,1197,0,0,0,0,0,0,0
1230,1195,0,0,0,0,0,0,0
1229,1195,0,0,0,0,0,0,0
1231,1196,0,0,0,0,0,0,0
1230,1196,0,0,0,0,0,0,0
1221,1196,0,0,0,0,0,0,0
1231,1196,0,0,0,0,0,0,0
1233,1196,0,0,0,0,0,0,0
1230,1195,0,0,0,0,0,0,0
1229,1195,0,0,0,0,0,0,0
1234,1194,0,0,0,0,0,0,0
1229,1192,0,0,0,0,0,0,0
1229,1195,0,0,0,0,0,0,0
1230,1196,0,0,0,0,0,0,0
1231,1193,0,0,0,0,0,0,0
1229,1196,0,0,0,0,0,0,0
1230,1196,0,0,0,0,0,0,0
1230,1197,0,0,0,0,0,0,0
1230,1195,0,0,0,0,0,0,0
1234,1194,0,0,0,0,0,0,0
1230,1193,0,0,0,0,0,0,0
1230,1194,0,0,0,0,0,0,0
1231,1195,0,0,0,0,0,0,0
1221,1195,0,0,0,0,0,0,0
1231,1195,0,0,0,0,0,0,0
1232,1195,0,0,0,0,0,0,0
1230,1196,0,0,0,0,0,0,0
1230,1195,0,0,0,0,0,0,0
1229,1197,0,0,0,0,0,0,0
1231,1195,0,0,0,0,0,0,0
1232,1193,0,0,0,0,0,0,0
1231,1195,0,0,0,0,0,0,0
1229,1194,0,0,0,0,0,0,0
1231,1195,0,0,0,0,0,0,0
1233,1196,0,0,0,0,0,0,0
1229,1196,0,0,0,0,0,0,0
1230,1196,0,0,0,0,0,0,0
1229,1196,0,0,0,0,0,0,0
1232,1196,0,0,0,0,0,0,0
1231,1195,0,0,0,0,0,0,0
1232,1199,0,0,0,0,0,0,0
1231,1196,0,0,0,0,0,0,0
1229,1193,0,0,0,0,0,0,0
1232,1196,0,0,0,0,0,0,0
1231,1193,0,0,0,0,0,0,0
1231,1195,0,0,0,0,0,0,0
1230,1196,0,0,0,0,0,0,0
1231,1194,0,0,0,0,0,0,0
1230,1195,0,0,0,0,0,0,0
1231,1197,0,0,0,0,0,0,0
1233,1195,0,0,0,0,0,0,0
1231,1197,0,0,0,0,0,0,0
1231,1194,0,0,0,0,0,0,0
1232,1195,0,0,0,0,0,0,0
1232,1194,0,0,0,0,0,0,0
1231,1195,0,0,0,0,0,0,0
1230,1195,0,0,0,0,0,0,0
1233,1194,0,0,0,0,0,0,0
1230,1196,0,0,0,0,0,0,0
1233,1196,0,0,0,0,0,0,0
1229,1195,0,0,0,0,0,0,0
1231,1195,0,0,0,0,0,0,0
1231,1195,0,0,0,0,0,0,0
1231,1195,0,0,0,0,0,0,0
1231,1195,0,0,0,0,0,0,0
1233,1196,0,0,0,0,0,0,0
1231,1196,0,0,0,0,0,0,0
1231,1195,0,0,0,0,0,0,0
1231,1197,0,0,0,0,0,0,0
1232,1196,0,0,0,0,0,0,0
1229,1195,0,0,0,0,0,0,0
1231,1193,0,0,0,0,0,0,0
1220,1196,0,0,0,0,0,0,0
1230,1196,0,0,0,0,0,0,0
1231,1197,0,0,0,0,0,0,0
1230,1196,0,0,0,0,0,0,0
1232,1195,0,0,0,0,0,0,0
1232,1195,0,0,0,0,0,0,0
1229,1196,0,0,0,0,0,0,0
1230,1195,0,0,0,0,0,0,0
1241,1196,0,0,0,0,0,0,0
1240,1193,0,0,0,0,0,0,0
1230,1196,0,0,0,0,0,0,0
1231,1196,0,0,0,0,0,0,0
1229,1197,0,0,0,0,0,0,0
1231,1197,0,0,0,0,0,0,0
1232,1192,0,0,0,0,0,0,0
1229,1193,0,0,0,0,0,0,0
1229,1196,0,0,0,0,0,0,0
1230,1196,0,0,0,0,0,0,0
1230,1195,0,0,0,0,0,0,0
1230,1195,0,0,0,0,0,0,0
1232,1195,0,0,0,0,0,0,0
1231,1196,0,0,0,0,0,0,0
1232,1193,0,0,0,0,0,0,0
1229,1193,0,0,0,0,0,0,0
1233,1195,0,0,0,0,0,0,0
1233,1196,0,0,0,0,0,0,0
1230,1195,0,0,0,0,0,0,0
1230,1196,0,0,0,0,0,0,0
1231,1194,0,0,0,0,0,0,0
1231,1197,0,0,0,0,0,0,0
1230,1194,0,0,0,0,0,0,0
1230,1195,0,0,0,0,0,0,0
1231,1193,0,0,0,0,0,0,0
1230,1194,0,0,0,0,0,0,0
1230,1195,0,0,0,0,0,0,0
1231,1197,0,0,0,0,0,0,0
1241,1196,0,0,0,0,0,0,0
1241,1196,0,0,0,0,0,0,0
1231,1195,0,0,0,0,0,0,0
1233,1195,0,0,0,0,0,0,0
1231,1195,0,0,0,0,0,0,0
1233,1196,0,0,0,0,0,0,0
1232,1196,0,0,0,0,0,0,0
1231,1194,0,0,0,0,0,0,0
1230,1195,0,0,0,0,0,0,0
1231,1196,0,0,0,0,0,0,0
1231,1197,0,0,0,0,0,0,0
1230,1195,0,0,0,0,0,0,0
1232,1196,0,0,0,0,0,0,0
1230,1192,0,0,0,0,0,0,0
1233,1195,0,0,0,0,0,0,0
1233,1195,0,0,0,0,0,0,0
1234,1196,0,0,0,0,0,0,0
1233,1196,0,0,0,0,0,0,0
1231,1196,0,0,0,0,0,0,0
1232,1194,0,0,0,0,0,0,0
1231,1196,0,0,0,0,0,0,0
1232,1193,0,0,0,0,0,0,0
1229,1194,0,0,0,0,0,0,0
1229,1195,0,0,0,0,0,0,0
1231,1194,0,0,0,0,0,0,0
1231,1197,0,0,0,0,0,0,0
1231,1195,0,0,0,0,0,0,0
1232,1196,0,0,0,0,0,0,0
1229,1196,0,0,0,0,0,0,0
1230,1196,0,0,0,0,0,0,0
1230,1196,0,0,0,0,0,0,0
1234,1196,0,0,0,0,0,0,0
1234,1195,0,0,0,0,0,0,0
1231,1196,0,0,0,0,0,0,0
1234,1196,0,0,0,0,0,0,0
1233,1196,0,0,0,0,0,0,0
1232,1193,0,0,0,0,0,0,0
1231,1196,0,0,0,0,0,0,0
1231,1195,0,0,0,0,0,0,0
1231,1196,0,0,0,0,0,0,0
1229,1196,0,0,0,0,0,0,0
1230,1187,0,0,0,0,0,0,0
1232,1196,0,0,0,0,0,0,0
1230,1196,0,0,0,0,0,0,0
1231,1196,0,0,0,0,0,0,0
1229,1196,0,0,0,0,0,0,0
1229,1195,0,0,0,0,0,0,0
1241,1195,0,0,0,0,0,0,0
1233,1197,0,0,0,0,0,0,0
1231,1196,0,0,0,0,0,0,0
1229,1193,0,0,0,0,0,0,0
1231,1195,0,0,0,0,0,0,0
1233,1196,0,0,0,0,0,0,0
1233,1193,0,0,0,0,0,0,0
1231,1196,0,0,0,0,0,0,0
1230,1195,0,0,0,0,0,0,0
1233,1197,0,0,0,0,0,0,0
1230,1195,0,0,0,0,0,0,0
1231,1195,0,0,0,0,0,0,0
1229,1196,0,0,0,0,0,0,0
1232,1196,0,0,0,0,0,0,0
1231,1195,0,0,0,0,0,0,0
1231,1195,0,0,0,0,0,0,0
1230,1196,0,0,0,0,0,0,0
1230,1196,0,0,0,0,0,0,0
1231,1194,0,0,0,0,0,0,0
1230,1195,0,0,0,0,0,0,0
1230,1197,0,0,0,0,0,0,0
1230,1196,0,0,0,0,0,0,0
1229,1196,0,0,0,0,0,0,0
1231,1196,0,0,0,0,0,0,0
1230,1192,0,0,0,0,0,0,0
1231,1194,0,0,0,0,0,0,0
1230,1195,0,0,0,0,0,0,0
1231,1195,0,0,0,0,0,0,0
1234,1195,0,0,0,0,0,0,0
1233,1197,0,0,0,0,0,0,0
1231,1196,0,0,0,0,0,0,0
1232,1196,0,0,0,0,0,0,0
1230,1196,0,0,0,0,0,0,0
1230,1193,0,0,0,0,0,0,0
1231,1197,0,0,0,0,0,0,0
1229,1195,0,0,0,0,0,0,0
1231,1195,0,0,0,0,0,0,0
1231,1196,0,0,0,0,0,0,0
1230,1197,0,0,0,0,0,0,0
1230,1194,0,0,0,0,0,0,0
1229,1196,0,0,0,0,0,0,0
1231,1197,0,0,0,0,0,0,0
1233,1195,0,0,0,0,0,0,0
1240,1195,0,0,0,0,0,0,0
1241,1195,0,0,0,0,0,0,0
1230,1195,0,0,0,0,0,0,0
1231,1195,0,0,0,0,0,0,0
1230,1195,0,0,0,0,0,0,0
1231,1194,0,0,0,0,0,0,0
1232,1196,0,0,0,0,0,0,0
1230,1196,0,0,0,0,0,0,0
1241,1195,0,0,0,0,0,0,0
1231,1197,0,0,0,0,0,0,0
1229,1196,0,0,0,0,0,0,0
1231,1196,0,0,0,0,0,0,0
1230,1195,0,0,0,0,0,0,0
1232,1197,0,0,0,0,0,0,0
1230,1195,0,0,0,0,0,0,0
1232,1193,0,0,0,0,0,0,0
1229,1195,0,0,0,0,0,0,0
1231,1195,0,0,0,0,0,0,0
1232,1195,0,0,0,0,0,0,0
1241,1195,0,0,0,0,0,0,0
1233,1196,0,0,0,0,0,0,0
1229,1195,0,0,0,0,0,0,0
1231,1195,0,0,0,0,0,0,0
1231,1196,0,0,0,0,0,0,0
1231,1196,0,0,0,0,0,0,0
1229,1195,0,0,0,0,0,0,0
1231,1196,0,0,0,0,0,0,0
1229,1195,0,0,0,0,0,0,0
1229,1196,0,0,0,0,0,0,0
1234,1195,0,0,0,0,0,0,0
1230,1195,0,0,0,0,0,0,0
1229,1197,0,0,0,0,0,0,0
1232,1196,0,0,0,0,0,0,0
1230,1199,0,0,0,0,0,0,0
1230,1195,0,0,0,0,0,0,0
1231,1194,0,0,0,0,0,0,0
1234,1195,0,0,0,0,0,0,0
1231,1195,0,0,0,0,0,0,0
1230,1194,0,0,0,0,0,0,0
1233,1195,0,0,0,0,0,0,0
1233,1194,0,0,0,0,0,0,0
1229,1197,0,0,0,0,0,0,0
1231,1196,0,0,0,0,0,0,0
1229,1196,0,0,0,0,0,0,0
1232,1197,0,0,0,0,0,0,0
1232,1196,0,0,0,0,0,0,0
1230,1196,0,0,0,0,0,0,0
1232,1194,0,0,0,0,0,0,0
1229,1197,0,0,0,0,0,0,0
1232,1192,0,0,0,0,0,0,0
1232,1196,0,0,0,0,0,0,0
1233,1195,0,0,0,0,0,0,0
1230,1197,0,0,0,0,0,0,0
1230,1197,0,0,0,0,0,0,0
1233,1196,0,0,0,0,0,0,0
1229,1194,0,0,0,0,0,0,0
1229,1196,0,0,0,0,0,0,0
1229,1196,0,0,0,0,0,0,0
1231,1195,0,0,0,0,0,0,0
1231,1197,0,0,0,0,0,0,0
1229,1195,0,0,0,0,0,0,0
1229,1197,0,0,0,0,0,0,0
1233,1187,0,0,0,0,0,0,0
1230,1197,0,0,0,0,0,0,0
1221,1186,0,0,0,0,0,0,0
1233,1194,0,0,0,0,0,0,0
1230,1195,0,0,0,0,0,0,0
1234,1195,0,0,0,0,0,0,0
1231,1196,0,0,0,0,0,0,0
1241,1194,0,0,0,0,0,0,0
1233,1195,0,0,0,0,0,0,0
1231,1195,0,0,0,0,0,0,0
1229,1196,0,0,0,0,0,0,0
1229,1194,0,0,0,0,0,0,0
1231,1195,0,0,0,0,0,0,0
1234,1196,0,0,0,0,0,0,0
1232,1197,0,0,0,0,0,0,0
1230,1195,0,0,0,0,0,0,0
1231,1194,0,0,0,0,0,0,0
1230,1195,0,0,0,0,0,0,0
1230,1195,0,0,0,0,0,0,0
1221,1195,0,0,0,0,0,0,0
1232,1195,0,0,0,0,0,0,0
1230,1194,0,0,0,0,0,0,0
1231,1195,0,0,0,0,0,0,0
1229,1197,0,0,0,0,0,0,0
1233,1194,0,0,0,0,0,0,0
1231,1193,0,0,0,0,0,0,0
1231,1195,0,0,0,0,0,0,0
1231,1193,0,0,0,0,0,0,0
1230,1196,0,0,0,0,0,0,0
1230,1194,0,0,0,0,0,0,0
1230,1193,0,0,0,0,0,0,0
1231,1196,0,0,0,0,0,0,0
1230,1196,0,0,0,0,0,0,0
1230,1194,0,0,0,0,0,0,0
1231,1196,0,0,0,0,0,0,0
1230,1196,0,0,0,0,0,0,0
1231,1194,0,0,0,0,0,0,0
1231,1196,0,0,0,0,0,0,0
1234,1195,0,0,0,0,0,0,0
1232,1194,0,0,0,0,0,0,0
1233,1195,0,0,0,0,0,0,0
1230,1196,0,0,0,0,0,0,0
1230,1197,0,0,0,0,0,0,0
1229,1195,0,0,0,0,0,0,0
1231,1193,0,0,0,0,0,0,0
1232,1193,0,0,0,0,0,0,0
1230,1196,0,0,0,0,0,0,0
1230,1197,0,0,0,0,0,0,0
1231,1196,0,0,0,0,0,0,0
1231,1195,0,0,0,0,0,0,0
1232,1196,0,0,0,0,0,0,0
1229,1195,0,0,0,0,0,0,0
1230,1195,0,0,0,0,0,0,0
1231,1196,0,0,0,0,0,0,0
1232,1196,0,0,0,0,0,0,0
1231,1196,0,0,0,0,0,0,0
1232,1196,0,0,0,0,0,0,0
1232,1195,0,0,0,0,0,0,0
1233,1195,0,0,0,0,0,0,0
1230,1196,0,0,0,0,0,0,0
1230,1196,0,0,0,0,0,0,0
1229,1196,0,0,0,0,0,0,0
1230,1197,0,0,0,0,0,0,0
1229,1195,0,0,0,0,0,0,0
1231,1196,0,0,0,0,0,0,0
1243,1208,0,0,0,0,0,0,0
1245,1216,0,0,0,0,0,0,0
1174,1149,0,0,0,0,0,0,0
893,873,0,0,0,0,0,0,0
570,537,0,0,0,0,0,0,0
813,813,0,0,0,0,0,0,0
1516,1798,0,0,0,0,0,0,0
1161,1255,0,0,0,0,0,0,0
617,571,0,0,0,0,0,0,0
888,799,0,0,0,0,0,0,0
1205,1124,0,0,0,0,0,0,0
1242,1179,0,0,0,0,0,0,0
1230,1196,0,0,0,0,0,0,0
1230,1204,0,0,0,0,0,0,0
1234,1197,0,0,0,0,0,0,0
1230,1204,0,0,0,0,0,0,0
1234,1196,0,0,0,0,0,0,0
1233,1196,0,0,0,0,0,0,0
1230,1193,0,0,0,0,0,0,0
1229,1195,0,0,0,0,0,0,0
1221,1196,0,0,0,0,0,0,0
1230,1197,0,0,0,0,0,0,0
1231,1196,0,0,0,0,0,0,0
1231,1194,0,0,0,0,0,0,0
1231,1195,0,0,0,0,0,0,0
1229,1195,0,0,0,0,0,0,0
1231,1195,0,0,0,0,0,0,0
1233,1194,0,0,0,0,0,0,0
1231,1195,0,0,0,0,0,0,0
1231,1193,0,0,0,0,0,0,0
1231,1195,0,0,0,0,0,0,0
1230,1195,0,0,0,0,0,0,0
1230,1195,0,0,0,0,0,0,0
1232,1197,0,0,0,0,0,0,0
1231,1196,0,0,0,0,0,0,0
1230,1195,0,0,0,0,0,0,0
1230,1194,0,0,0,0,0,0,0
1230,1196,0,0,0,0,0,0,0
1230,1196,0,0,0,0,0,0,0
1231,1195,0,0,0,0,0,0,0
1232,1194,0,0,0,0,0,0,0
1230,1195,0,0,0,0,0,0,0
1231,1195,0,0,0,0,0,0,0
1230,1197,0,0,0,0,0,0,0
1229,1195,0,0,0,0,0,0,0
1229,1195,0,0,0,0,0,0,0
1221,1196,0,0,0,0,0,0,0
1230,1196,0,0,0,0,0,0,0
1231,1194,0,0,0,0,0,0,0
1231,1195,0,0,0,0,0,0,0
1230,1197,0,0,0,0,0,0,0
1232,1194,0,0,0,0,0,0,0
1232,1196,0,0,0,0,0,0,0
1231,1195,0,0,0,0,0,0,0
1231,1195,0,0,0,0,0,0,0
1221,1199,0,0,0,0,0,0,0
1231,1194,0,0,0,0,0,0,0
1229,1197,0,0,0,0,0,0,0
1231,1195,0,0,0,0,0,0,0
1232,1195,0,0,0,0,0,0,0
1232,1195,0,0,0,0,0,0,0
1231,1193,0,0,0,0,0,0,0
1231,1195,0,0,0,0,0,0,0
1221,1196,0,0,0,0,0,0,0
1230,1196,0,0,0,0,0,0,0
1232,1194,0,0,0,0,0,0,0
1230,1196,0,0,0,0,0,0,0
1232,1196,0,0,0,0,0,0,0
1230,1195,0,0,0,0,0,0,0
1234,1195,0,0,0,0,0,0,0
1231,1193,0,0,0,0,0,0,0
1231,1195,0,0,0,0,0,0,0
1240,1194,0,0,0,0,0,0,0
1229,1196,0,0,0,0,0,0,0
1229,1197,0,0,0,0,0,0,0
1231,1195,0,0,0,0,0,0,0
1232,1195,0,0,0,0,0,0,0
1230,1197,0,0,0,0,0,0,0
1230,1196,0,0,0,0,0,0,0
1230,1195,0,0,0,0,0,0,0
1230,1196,0,0,0,0,0,0,0
1230,1197,0,0,0,0,0,0,0
1233,1194,0,0,0,0,0,0,0
1232,1195,0,0,0,0,0,0,0
1230,1195,0,0,0,0,0,0,0
1233,1195,0,0,0,0,0,0,0
1229,1196,0,0,0,0,0,0,0
1229,1194,0,0,0,0,0,0,0
1231,1195,0,0,0,0,0,0,0
1229,1197,0,0,0,0,0,0,0
1230,1195,0,0,0,0,0,0,0
1229,1196,0,0,0,0,0,0,0
1231,1196,0,0,0,0,0,0,0
1230,1196,0,0,0,0,0,0,0
1231,1195,0,0,0,0,0,0,0
1230,1195,0,0,0,0,0,0,0
1233,1192,0,0,0,0,0,0,0
1230,1196,0,0,0,0,0,0,0
1232,1193,0,0,0,0,0,0,0
1229,1197,0,0,0,0,0,0,0
1230,1197,0,0,0,0,0,0,0
1230,1197,0,0,0,0,0,0,0
1233,1196,0,0,0,0,0,0,0
1232,1193,0,0,0,0,0,0,0
1231,1193,0,0,0,0,0,0,0
1232,1194,0,0,0,0,0,0,0
1230,1196,0,0,0,0,0,0,0
1232,1195,0,0,0,0,0,0,0
1229,1193,0,0,0,0,0,0,0
1233,1186,0,0,0,0,0,0,0
1230,1196,0,0,0,0,0,0,0
1231,1195,0,0,0,0,0,0,0
1230,1195,0,0,0,0,0,0,0
1230,1195,0,0,0,0,0,0,0
1231,1196,0,0,0,0,0,0,0
1231,1195,0,0,0,0,0,0,0
1231,1194,0,0,0,0,0,0,0
1230,1194,0,0,0,0,0,0,0
1231,1195,0,0,0,0,0,0,0
1231,1195,0,0,0,0,0,0,0
1230,1196,0,0,0,0,0,0,0
1231,1195,0,0,0,0,0,0,0
1229,1196,0,0,0,0,0,0,0
1231,1194,0,0,0,0,0,0,0
1232,1194,0,0,0,0,0,0,0
1231,1195,0,0,0,0,0,0,0
1231,1195,0,0,0,0,0,0,0
1230,1195,0,0,0,0,0,0,0
1228,1197,0,0,0,0,0,0,0
1230,1193,0,0,0,0,0,0,0
1229,1195,0,0,0,0,0,0,0
1231,1192,0,0,0,0,0,0,0
1230,1196,0,0,0,0,0,0,0
1231,1196,0,0,0,0,0,0,0
1231,1197,0,0,0,0,0,0,0
1234,1193,0,0,0,0,0,0,0
1230,1194,0,0,0,0,0,0,0
1231,1195,0,0,0,0,0,0,0
1232,1197,0,0,0,0,0,0,0
1229,1196,0,0,0,0,0,0,0
1231,1196,0,0,0,0,0,0,0
1240,1197,0,0,0,0,0,0,0
1230,1195,0,0,0,0,0,0,0
1233,1196,0,0,0,0,0,0,0
1221,1196,0,0,0,0,0,0,0
1229,1196,0,0,0,0,0,0,0
1230,1195,0,0,0,0,0,0,0
1230,1204,0,0,0,0,0,0,0
1230,1196,0,0,0,0,0,0,0
1230,1196,0,0,0,0,0,0,0
1231,1196,0,0,0,0,0,0,0
1232,1196,0,0,0,0,0,0,0
1231,1197,0,0,0,0,0,0,0
1231,1196,0,0,0,0,0,0,0
1230,1195,0,0,0,0,0,0,0
1231,1196,0,0,0,0,0,0,0
1231,1196,0,0,0,0,0,0,0
1230,1195,0,0,0,0,0,0,0
1230,1194,0,0,0,0,0,0,0
1230,1195,0,0,0,0,0,0,0
1229,1196,0,0,0,0,0,0,0
1230,1196,0,0,0,0,0,0,0
1230,1195,0,0,0,0,0,0,0
1232,1194,0,0,0,0,0,0,0
1241,1196,0,0,0,0,0,0,0
1230,1196,0,0,0,0,0,0,0
1231,1197,0,0,0,0,0,0,0
1233,1196,0,0,0,0,0,0,0
1232,1192,0,0,0,0,0,0,0
1230,1194,0,0,0,0,0,0,0
1232,1196,0,0,0,0,0,0,0
1231,1194,0,0,0,0,0,0,0
1228,1195,0,0,0,0,0,0,0
1230,1196,0,0,0,0,0,0,0
1230,1196,0,0,0,0,0,0,0
1231,1195,0,0,0,0,0,0,0
1232,1196,0,0,0,0,0,0,0
1234,1193,0,0,0,0,0,0,0
1229,1194,0,0,0,0,0,0,0
1230,1195,0,0,0,0,0,0,0
1230,1195,0,0,0,0,0,0,0
1230,1197,0,0,0,0,0,0,0
1229,1197,0,0,0,0,0,0,0
1231,1196,0,0,0,0,0,0,0
1230,1195,0,0,0,0,0,0,0
1233,1195,0,0,0,0,0,0,0
1230,1193,0,0,0,0,0,0,0
1230,1193,0,0,0,0,0,0,0
1230,1196,0,0,0,0,0,0,0
1229,1197,0,0,0,0,0,0,0
1230,1195,0,0,0,0,0,0,0
1231,1196,0,0,0,0,0,0,0
1228,1195,0,0,0,0,0,0,0
1231,1196,0,0,0,0,0,0,0
1230,1192,0,0,0,0,0,0,0
1233,1196,0,0,0,0,0,0,0
1230,1195,0,0,0,0,0,0,0
1233,1193,0,0,0,0,0,0,0
1234,1195,0,0,0,0,0,0,0
1230,1196,0,0,0,0,0,0,0
1231,1195,0,0,0,0,0,0,0
1229,1195,0,0,0,0,0,0,0
1230,1193,0,0,0,0,0,0,0
1231,1196,0,0,0,0,0,0,0
1233,1195,0,0,0,0,0,0,0
1232,1195,0,0,0,0,0,0,0
1232,1196,0,0,0,0,0,0,0
1231,1193,0,0,0,0,0,0,0
1233,1196,0,0,0,0,0,0,0
1230,1194,0,0,0,0,0,0,0
1230,1195,0,0,0,0,0,0,0
1231,1197,0,0,0,0,0,0,0
1231,1195,0,0,0,0,0,0,0
1231,1197,0,0,0,0,0,0,0
1231,1195,0,0,0,0,0,0,0
1234,1195,0,0,0,0,0,0,0
1232,1196,0,0,0,0,0,0,0
1234,1194,0,0,0,0,0,0,0
1231,1196,0,0,0,0,0,0,0
1229,1195,0,0,0,0,0,0,0
1232,1196,0,0,0,0,0,0,0
1231,1196,0,0,0,0,0,0,0
1230,1197,0,0,0,0,0,0,0
1232,1197,0,0,0,0,0,0,0
1230,1196,0,0,0,0,0,0,0
1231,1196,0,0,0,0,0,0,0
1232,1196,0,0,0,0,0,0,0
1231,1196,0,0,0,0,0,0,0
1233,1195,0,0,0,0,0,0,0
1229,1195,0,0,0,0,0,0,0
1232,1197,0,0,0,0,0,0,0
1231,1196,0,0,0,0,0,0,0
1230,1195,0,0,0,0,0,0,0
1231,1195,0,0,0,0,0,0,0
1231,1196,0,0,0,0,0,0,0
1233,1196,0,0,0,0,0,0,0
1221,1193,0,0,0,0,0,0,0
1231,1196,0,0,0,0,0,0,0
1230,1186,0,0,0,0,0,0,0
1230,1195,0,0,0,0,0,0,0
1230,1196,0,0,0,0,0,0,0
1230,1197,0,0,0,0,0,0,0
1231,1195,0,0,0,0,0,0,0
1233,1196,0,0,0,0,0,0,0
1232,1193,0,0,0,0,0,0,0
1231,1196,0,0,0,0,0,0,0
1233,1194,0,0,0,0,0,0,0
1230,1195,0,0,0,0,0,0,0
1231,1195,0,0,0,0,0,0,0
1232,1195,0,0,0,0,0,0,0
1229,1197,0,0,0,0,0,0,0
1230,1195,0,0,0,0,0,0,0
1233,1195,0,0,0,0,0,0,0
1229,1193,0,0,0,0,0,0,0
1231,1196,0,0,0,0,0,0,0
1230,1194,0,0,0,0,0,0,0
1231,1196,0,0,0,0,0,0,0
1229,1195,0,0,0,0,0,0,0
1230,1197,0,0,0,0,0,0,0
1230,1194,0,0,0,0,0,0,0
1230,1195,0,0,0,0,0,0,0
1234,1195,0,0,0,0,0,0,0
1232,1195,0,0,0,0,0,0,0
1232,1195,0,0,0,0,0,0,0
1232,1197,0,0,0,0,0,0,0
1231,1195,0,0,0,0,0,0,0
1231,1196,0,0,0,0,0,0,0
1231,1195,0,0,0,0,0,0,0
1231,1195,0,0,0,0,0,0,0
1232,1194,0,0,0,0,0,0,0
1229,1196,0,0,0,0,0,0,0
1230,1196,0,0,0,0,0,0,0
1230,1195,0,0,0,0,0,0,0
1234,1196,0,0,0,0,0,0,0
1232,1195,0,0,0,0,0,0,0
1230,1196,0,0,0,0,0,0,0
1229,1195,0,0,0,0,0,0,0
1232,1195,0,0,0,0,0,0,0
1230,1195,0,0,0,0,0,0,0
1232,1195,0,0,0,0,0,0,0
1230,1196,0,0,0,0,0,0,0
1230,1196,0,0,0,0,0,0,0
1233,1195,0,0,0,0,0,0,0
1233,1195,0,0,0,0,0,0,0
1233,1196,0,0,0,0,0,0,0
1230,1197,0,0,0,0,0,0,0
1231,1195,0,0,0,0,0,0,0
1230,1195,0,0,0,0,0,0,0
1230,1194,0,0,0,0,0,0,0
1231,1196,0,0,0,0,0,0,0
1231,1197,0,0,0,0,0,0,0
1233,1195,0,0,0,0,0,0,0
1234,1196,0,0,0,0,0,0,0
1229,1196,0,0,0,0,0,0,0
1231,1196,0,0,0,0,0,0,0
1232,1193,0,0,0,0,0,0,0
1231,1196,0,0,0,0,0,0,0
1230,1194,0,0,0,0,0,0,0
1230,1196,0,0,0,0,0,0,0
1231,1195,0,0,0,0,0,0,0
1233,1195,0,0,0,0,0,0,0
1230,1193,0,0,0,0,0,0,0
1230,1194,0,0,0,0,0,0,0
1232,1193,0,0,0,0,0,0,0
1233,1196,0,0,0,0,0,0,0
1230,1194,0,0,0,0,0,0,0
1230,1195,0,0,0,0,0,0,0
1231,1196,0,0,0,0,0,0,0
1233,1193,0,0,0,0,0,0,0
1230,1195,0,0,0,0,0,0,0
1230,1195,0,0,0,0,0,0,0
1231,1194,0,0,0,0,0,0,0
1229,1196,0,0,0,0,0,0,0
1230,1195,0,0,0,0,0,0,0
1233,1194,0,0,0,0,0,0,0
1230,1195,0,0,0,0,0,0,0
1233,1196,0,0,0,0,0,0,0
1230,1195,0,0,0,0,0,0,0
1231,1195,0,0,0,0,0,0,0
1234,1195,0,0,0,0,0,0,0
1229,1196,0,0,0,0,0,0,0
1234,1193,0,0,0,0,0,0,0
1230,1195,0,0,0,0,0,0,0
1230,1195,0,0,0,0,0,0,0
1230,1195,0,0,0,0,0,0,0
1231,1196,0,0,0,0,0,0,0
1231,1194,0,0,0,0,0,0,0
1233,1195,0,0,0,0,0,0,0
1230,1195,0,0,0,0,0,0,0
1230,1193,0,0,0,0,0,0,0
1229,1195,0,0,0,0,0,0,0
1233,1195,0,0,0,0,0,0,0
1232,1196,0,0,0,0,0,0,0
1231,1196,0,0,0,0,0,0,0
1230,1195,0,0,0,0,0,0,0
1230,1196,0,0,0,0,0,0,0
1230,1195,0,0,0,0,0,0,0
1230,1195,0,0,0,0,0,0,0
1231,1196,0,0,0,0,0,0,0
1230,1196,0,0,0,0,0,0,0
1230,1194,0,0,0,0,0,0,0
1230,1196,0,0,0,0,0,0,0
1231,1197,0,0,0,0,0,0,0
1229,1196,0,0,0,0,0,0,0
1231,1196,0,0,0,0,0,0,0
1232,1194,0,0,0,0,0,0,0
1230,1196,0,0,0,0,0,0,0
1232,1194,0,0,0,0,0,0,0
1233,1195,0,0,0,0,0,0,0
1230,1199,0,0,0,0,0,0,0
1231,1195,0,0,0,0,0,0,0
1230,1195,0,0,0,0,0,0,0
1232,1192,0,0,0,0,0,0,0
1233,1195,0,0,0,0,0,0,0
1232,1196,0,0,0,0,0,0,0
1231,1196,0,0,0,0,0,0,0
1231,1195,0,0,0,0,0,0,0
1229,1196,0,0,0,0,0,0,0
1231,1195,0,0,0,0,0,0,0
1231,1195,0,0,0,0,0,0,0
1230,1194,0,0,0,0,0,0,0
1229,1194,0,0,0,0,0,0,0
1231,1196,0,0,0,0,0,0,0
1231,1193,0,0,0,0,0,0,0
1230,1194,0,0,0,0,0,0,0
1231,1196,0,0,0,0,0,0,0
1241,1196,0,0,0,0,0,0,0
1232,1197,0,0,0,0,0,0,0
1240,1196,0,0,0,0,0,0,0
1232,1196,0,0,0,0,0,0,0
1231,1195,0,0,0,0,0,0,0
1230,1195,0,0,0,0,0,0,0
1230,1196,0,0,0,0,0,0,0
1231,1195,0,0,0,0,0,0,0
1230,1193,0,0,0,0,0,0,0
1232,1196,0,0,0,0,0,0,0
1233,1195,0,0,0,0,0,0,0
1232,1196,0,0,0,0,0,0,0
1231,1192,0,0,0,0,0,0,0
1230,1193,0,0,0,0,0,0,0
1231,1195,0,0,0,0,0,0,0
1232,1196,0,0,0,0,0,0,0
1230,1195,0,0,0,0,0,0,0
1231,1196,0,0,0,0,0,0,0
1233,1195,0,0,0,0,0,0,0
1230,1197,0,0,0,0,0,0,0
1230,1193,0,0,0,0,0,0,0
1232,1196,0,0,0,0,0,0,0
1229,1193,0,0,0,0,0,0,0
1233,1195,0,0,0,0,0,0,0
1229,1197,0,0,0,0,0,0,0
1231,1194,0,0,0,0,0,0,0
1230,1194,0,0,0,0,0,0,0
1231,1194,0,0,0,0,0,0,0
1229,1195,0,0,0,0,0,0,0
1230,1196,0,0,0,0,0,0,0
1232,1196,0,0,0,0,0,0,0
1231,1193,0,0,0,0,0,0,0
1230,1195,0,0,0,0,0,0,0
1229,1197,0,0,0,0,0,0,0
1230,1196,0,0,0,0,0,0,0
1232,1196,0,0,0,0,0,0,0
1240,1192,0,0,0,0,0,0,0
1231,1195,0,0,0,0,0,0,0
1231,1195,0,0,0,0,0,0,0
1231,1196,0,0,0,0,0,0,0
1229,1197,0,0,0,0,0,0,0
1231,1194,0,0,0,0,0,0,0
1231,1196,0,0,0,0,0,0,0
1231,1197,0,0,0,0,0,0,0
1230,1194,0,0,0,0,0,0,0
1231,1193,0,0,0,0,0,0,0
1231,1195,0,0,0,0,0,0,0
1221,1195,0,0,0,0,0,0,0
1231,1194,0,0,0,0,0,0,0
1229,1196,0,0,0,0,0,0,0
1231,1194,0,0,0,0,0,0,0
1234,1196,0,0,0,0,0,0,0
1234,1195,0,0,0,0,0,0,0
1231,1195,0,0,0,0,0,0,0
1232,1195,0,0,0,0,0,0,0
1231,1195,0,0,0,0,0,0,0
1231,1195,0,0,0,0,0,0,0
1230,1196,0,0,0,0,0,0,0
1233,1197,0,0,0,0,0,0,0
1233,1196,0,0,0,0,0,0,0
1231,1195,0,0,0,0,0,0,0
1229,1196,0,0,0,0,0,0,0
1231,1196,0,0,0,0,0,0,0
1230,1196,0,0,0,0,0,0,0
1233,1193,0,0,0,0,0,0,0
1231,1195,0,0,0,0,0,0,0
1233,1193,0,0,0,0,0,0,0
1231,1196,0,0,0,0,0,0,0
1230,1196,0,0,0,0,0,0,0
1231,1195,0,0,0,0,0,0,0
1220,1194,0,0,0,0,0,0,0
1230,1197,0,0,0,0,0,0,0
1233,1195,0,0,0,0,0,0,0
1230,1195,0,0,0,0,0,0,0
1230,1193,0,0,0,0,0,0,0
1233,1194,0,0,0,0,0,0,0
1231,1195,0,0,0,0,0,0,0
1230,1195,0,0,0,0,0,0,0
1220,1196,0,0,0,0,0,0,0
1230,1195,0,0,0,0,0,0,0
1232,1196,0,0,0,0,0,0,0
1231,1194,0,0,0,0,0,0,0
1231,1195,0,0,0,0,0,0,0
1231,1195,0,0,0,0,0,0,0
1232,1194,0,0,0,0,0,0,0
1230,1196,0,0,0,0,0,0,0
1230,1196,0,0,0,0,0,0,0
1232,1196,0,0,0,0,0,0,0
1231,1194,0,0,0,0,0,0,0
1230,1195,0,0,0,0,0,0,0
1231,1196,0,0,0,0,0,0,0
1230,1196,0,0,0,0,0,0,0
1231,1195,0,0,0,0,0,0,0
1229,1195,0,0,0,0,0,0,0
1230,1194,0,0,0,0,0,0,0
1230,1193,0,0,0,0,0,0,0
1233,1195,0,0,0,0,0,0,0
1231,1195,0,0,0,0,0,0,0
1233,1195,0,0,0,0,0,0,0
1231,1194,0,0,0,0,0,0,0
1230,1197,0,0,0,0,0,0,0
1231,1195,0,0,0,0,0,0,0
1230,1195,0,0,0,0,0,0,0
1229,1195,0,0,0,0,0,0,0
1230,1196,0,0,0,0,0,0,0
1230,1195,0,0,0,0,0,0,0
1229,1196,0,0,0,0,0,0,0
1231,1194,0,0,0,0,0,0,0
1231,1197,0,0,0,0,0,0,0
1230,1193,0,0,0,0,0,0,0
1231,1196,0,0,0,0,0,0,0
1220,1197,0,0,0,0,0,0,0
1231,1195,0,0,0,0,0,0,0
1229,1196,0,0,0,0,0,0,0
1232,1196,0,0,0,0,0,0,0
1229,1196,0,0,0,0,0,0,0
1231,1195,0,0,0,0,0,0,0
1230,1195,0,0,0,0,0,0,0
1233,1195,0,0,0,0,0,0,0
1232,1197,0,0,0,0,0,0,0
1229,1194,0,0,0,0,0,0,0
1230,1184,0,0,0,0,0,0,0
1231,1195,0,0,0,0,0,0,0
1230,1195,0,0,0,0,0,0,0
1230,1196,0,0,0,0,0,0,0
1230,1195,0,0,0,0,0,0,0
1230,1197,0,0,0,0,0,0,0
1230,1196,0,0,0,0,0,0,0
1230,1195,0,0,0,0,0,0,0
1229,1196,0,0,0,0,0,0,0
1232,1194,0,0,0,0,0,0,0
1232,1196,0,0,0,0,0,0,0
1231,1195,0,0,0,0,0,0,0
1229,1194,0,0,0,0,0,0,0
1230,1196,0,0,0,0,0,0,0
1230,1196,0,0,0,0,0,0,0
1232,1195,0,0,0,0,0,0,0
1229,1196,0,0,0,0,0,0,0
1233,1195,0,0,0,0,0,0,0
1233,1195,0,0,0,0,0,0,0
1230,1196,0,0,0,0,0,0,0
1234,1195,0,0,0,0,0,0,0
1229,1196,0,0,0,0,0,0,0
1230,1196,0,0,0,0,0,0,0
1230,1196,0,0,0,0,0,0,0
1233,1196,0,0,0,0,0,0,0
1231,1197,0,0,0,0,0,0,0
1230,1196,0,0,0,0,0,0,0
1229,1195,0,0,0,0,0,0,0
1231,1195,0,0,0,0,0,0,0
1229,1196,0,0,0,0,0,0,0
1229,1195,0,0,0,0,0,0,0
1230,1195,0,0,0,0,0,0,0
1231,1192,0,0,0,0,0,0,0
1229,1195,0,0,0,0,0,0,0
1232,1195,0,0,0,0,0,0,0
1229,1196,0,0,0,0,0,0,0
1233,1196,0,0,0,0,0,0,0
1231,1195,0,0,0,0,0,0,0
1230,1196,0,0,0,0,0,0,0
1231,1193,0,0,0,0,0,0,0
1229,1193,0,0,0,0,0,0,0
1234,1196,0,0,0,0,0,0,0
1233,1196,0,0,0,0,0,0,0
1231,1195,0,0,0,0,0,0,0
1229,1196,0,0,0,0,0,0,0
1231,1195,0,0,0,0,0,0,0
1231,1195,0,0,0,0,0,0,0
1231,1195,0,0,0,0,0,0,0
1231,1196,0,0,0,0,0,0,0
1230,1196,0,0,0,0,0,0,0
1229,1197,0,0,0,0,0,0,0
1231,1195,0,0,0,0,0,0,0
1231,1195,0,0,0,0,0,0,0
1230,1194,0,0,0,0,0,0,0
1230,1196,0,0,0,0,0,0,0
1230,1196,0,0,0,0,0,0,0
1230,1194,0,0,0,0,0,0,0
1230,1194,0,0,0,0,0,0,0
1229,1193,0,0,0,0,0,0,0
1232,1195,0,0,0,0,0,0,0
1231,1196,0,0,0,0,0,0,0
1229,1195,0,0,0,0,0,0,0
1233,1196,0,0,0,0,0,0,0
1233,1195,0,0,0,0,0,0,0
1230,1195,0,0,0,0,0,0,0
1230,1196,0,0,0,0,0,0,0
1232,1194,0,0,0,0,0,0,0
1230,1196,0,0,0,0,0,0,0
1230,1195,0,0,0,0,0,0,0
1231,1192,0,0,0,0,0,0,0
1233,1193,0,0,0,0,0,0,0
1229,1196,0,0,0,0,0,0,0
1230,1197,0,0,0,0,0,0,0
1229,1196,0,0,0,0,0,0,0
1229,1192,0,0,0,0,0,0,0
1230,1195,0,0,0,0,0,0,0
1232,1194,0,0,0,0,0,0,0
1232,1197,0,0,0,0,0,0,0
1241,1204,0,0,0,0,0,0,0
1232,1196,0,0,0,0,0,0,0
1232,1196,0,0,0,0,0,0,0
1233,1196,0,0,0,0,0,0,0
1230,1196,0,0,0,0,0,0,0
1232,1195,0,0,0,0,0,0,0
1234,1195,0,0,0,0,0,0,0
1229,1196,0,0,0,0,0,0,0
1229,1196,0,0,0,0,0,0,0
1231,1197,0,0,0,0,0,0,0
1231,1195,0,0,0,0,0,0,0
1230,1197,0,0,0,0,0,0,0
1231,1193,0,0,0,0,0,0,0
1232,1193,0,0,0,0,0,0,0
1231,1196,0,0,0,0,0,0,0
1232,1194,0,0,0,0,0,0,0
1231,1196,0,0,0,0,0,0,0
1232,1194,0,0,0,0,0,0,0
1230,1196,0,0,0,0,0,0,0
1230,1196,0,0,0,0,0,0,0
1233,1194,0,0,0,0,0,0,0
1230,1195,0,0,0,0,0,0,0
1228,1196,0,0,0,0,0,0,0
1230,1193,0,0,0,0,0,0,0
1230,1196,0,0,0,0,0,0,0
1230,1195,0,0,0,0,0,0,0
1231,1195,0,0,0,0,0,0,0
1231,1196,0,0,0,0,0,0,0
1231,1196,0,0,0,0,0,0,0
1230,1195,0,0,0,0,0,0,0
1231,1196,0,0,0,0,0,0,0
1231,1196,0,0,0,0,0,0,0
1231,1194,0,0,0,0,0,0,0
1230,1195,0,0,0,0,0,0,0
1231,1194,0,0,0,0,0,0,0
1233,1196,0,0,0,0,0,0,0
1229,1196,0,0,0,0,0,0,0
1232,1197,0,0,0,0,0,0,0
1231,1194,0,0,0,0,0,0,0
1230,1194,0,0,0,0,0,0,0
1230,1195,0,0,0,0,0,0,0
1232,1197,0,0,0,0,0,0,0
1232,1195,0,0,0,0,0,0,0
1232,1194,0,0,0,0,0,0,0
1233,1194,0,0,0,0,0,0,0
1230,1194,0,0,0,0,0,0,0
1231,1194,0,0,0,0,0,0,0
1231,1195,0,0,0,0,0,0,0
1232,1195,0,0,0,0,0,0,0
1232,1195,0,0,0,0,0,0,0
1231,1197,0,0,0,0,0,0,0
1230,1193,0,0,0,0,0,0,0
1231,1196,0,0,0,0,0,0,0
1232,1195,0,0,0,0,0,0,0
1230,1195,0,0,0,0,0,0,0
1231,1194,0,0,0,0,0,0,0
1231,1195,0,0,0,0,0,0,0
1230,1193,0,0,0,0,0,0,0
1230,1194,0,0,0,0,0,0,0
1231,1195,0,0,0,0,0,0,0
1230,1196,0,0,0,0,0,0,0
1229,1197,0,0,0,0,0,0,0
1231,1196,0,0,0,0,0,0,0
1232,1195,0,0,0,0,0,0,0
1230,1195,0,0,0,0,0,0,0
1232,1195,0,0,0,0,0,0,0
1229,1194,0,0,0,0,0,0,0
1231,1194,0,0,0,0,0,0,0
1230,1196,0,0,0,0,0,0,0
1234,1196,0,0,0,0,0,0,0
1229,1196,0,0,0,0,0,0,0
1233,1196,0,0,0,0,0,0,0
1231,1196,0,0,0,0,0,0,0
1233,1195,0,0,0,0,0,0,0
1232,1195,0,0,0,0,0,0,0
1231,1195,0,0,0,0,0,0,0
1240,1197,0,0,0,0,0,0,0
1274,1241,0,0,0,0,0,0,0
1229,1194,0,0,0,0,0,0,0
1074,1040,0,0,0,0,0,0,0
713,692,0,0,0,0,0,0,0
547,519,0,0,0,0,0,0,0
1229,1340,0,0,0,0,0,0,0
1530,1787,0,0,0,0,0,0,0
766,810,0,0,0,0,0,0,0
704,617,0,0,0,0,0,0,0
1075,1000,0,0,0,0,0,0,0
1241,1180,0,0,0,0,0,0,0
1242,1183,0,0,0,0,0,0,0
1229,1204,0,0,0,0,0,0,0
1230,1199,0,0,0,0,0,0,0
1241,1197,0,0,0,0,0,0,0
1240,1196,0,0,0,0,0,0,0
1233,1194,0,0,0,0,0,0,0
1234,1197,0,0,0,0,0,0,0
1234,1196,0,0,0,0,0,0,0
1229,1192,0,0,0,0,0,0,0
1233,1193,0,0,0,0,0,0,0
1231,1196,0,0,0,0,0,0,0
1230,1195,0,0,0,0,0,0,0
1232,1196,0,0,0,0,0,0,0
1231,1195,0,0,0,0,0,0,0
1233,1195,0,0,0,0,0,0,0
1231,1196,0,0,0,0,0,0,0
1230,1195,0,0,0,0,0,0,0
1231,1195,0,0,0,0,0,0,0
1232,1196,0,0,0,0,0,0,0
1233,1197,0,0,0,0,0,0,0
1232,1196,0,0,0,0,0,0,0
1230,1195,0,0,0,0,0,0,0
1231,1194,0,0,0,0,0,0,0
1233,1196,0,0,0,0,0,0,0
1233,1195,0,0,0,0,0,0,0
1230,1194,0,0,0,0,0,0,0
1231,1195,0,0,0,0,0,0,0
1230,1195,0,0,0,0,0,0,0
1231,1196,0,0,0,0,0,0,0
1229,1196,0,0,0,0,0,0,0
1234,1195,0,0,0,0,0,0,0
1230,1195,0,0,0,0,0,0,0
1231,1194,0,0,0,0,0,0,0
1230,1194,0,0,0,0,0,0,0
1229,1195,0,0,0,0,0,0,0
1230,1195,0,0,0,0,0,0,0
1232,1196,0,0,0,0,0,0,0
1232,1196,0,0,0,0,0,0,0
1231,1197,0,0,0,0,0,0,0
1240,1194,0,0,0,0,0,0,0
1232,1196,0,0,0,0,0,0,0
1233,1196,0,0,0,0,0,0,0
1230,1197,0,0,0,0,0,0,0
1232,1195,0,0,0,0,0,0,0
1231,1194,0,0,0,0,0,0,0
1229,1196,0,0,0,0,0,0,0
1230,1196,0,0,0,0,0,0,0
1231,1196,0,0,0,0,0,0,0
1232,1193,0,0,0,0,0,0,0
1229,1197,0,0,0,0,0,0,0
1230,1196,0,0,0,0,0,0,0
1230,1194,0,0,0,0,0,0,0
1231,1196,0,0,0,0,0,0,0
1234,1194,0,0,0,0,0,0,0
1230,1196,0,0,0,0,0,0,0
1231,1197,0,0,0,0,0,0,0
1232,1195,0,0,0,0,0,0,0
1230,1194,0,0,0,0,0,0,0
1231,1196,0,0,0,0,0,0,0
1231,1196,0,0,0,0,0,0,0
1230,1194,0,0,0,0,0,0,0
1230,1196,0,0,0,0,0,0,0
1232,1196,0,0,0,0,0,0,0
1234,1195,0,0,0,0,0,0,0
1230,1196,0,0,0,0,0,0,0
1229,1195,0,0,0,0,0,0,0
1231,1195,0,0,0,0,0,0,0
1230,1195,0,0,0,0,0,0,0
1234,1195,0,0,0,0,0,0,0
1231,1195,0,0,0,0,0,0,0
1229,1196,0,0,0,0,0,0,0
1221,1196,0,0,0,0,0,0,0
1231,1195,0,0,0,0,0,0,0
1231,1196,0,0,0,0,0,0,0
1230,1195,0,0,0,0,0,0,0
1230,1195,0,0,0,0,0,0,0
1230,1196,0,0,0,0,0,0,0
1230,1196,0,0,0,0,0,0,0
1231,1195,0,0,0,0,0,0,0
1233,1196,0,0,0,0,0,0,0
1230,1195,0,0,0,0,0,0,0
1231,1196,0,0,0,0,0,0,0
1231,1195,0,0,0,0,0,0,0
1230,1196,0,0,0,0,0,0,0
1229,1196,0,0,0,0,0,0,0
1231,1196,0,0,0,0,0,0,0
1232,1197,0,0,0,0,0,0,0
1233,1194,0,0,0,0,0,0,0
1232,1196,0,0,0,0,0,0,0
1230,1197,0,0,0,0,0,0,0
1229,1196,0,0,0,0,0,0,0
1231,1194,0,0,0,0,0,0,0
1230,1195,0,0,0,0,0,0,0
1229,1197,0,0,0,0,0,0,0
1230,1197,0,0,0,0,0,0,0
1232,1195,0,0,0,0,0,0,0
1232,1196,0,0,0,0,0,0,0
1233,1195,0,0,0,0,0,0,0
1229,1197,0,0,0,0,0,0,0
1233,1195,0,0,0,0,0,0,0
1230,1196,0,0,0,0,0,0,0
1229,1204,0,0,0,0,0,0,0
1231,1195,0,0,0,0,0,0,0
1233,1195,0,0,0,0,0,0,0
1231,1195,0,0,0,0,0,0,0
1230,1196,0,0,0,0,0,0,0
1231,1195,0,0,0,0,0,0,0
1231,1195,0,0,0,0,0,0,0
1232,1194,0,0,0,0,0,0,0
1234,1193,0,0,0,0,0,0,0
1233,1194,0,0,0,0,0,0,0
1230,1196,0,0,0,0,0,0,0
1230,1196,0,0,0,0,0,0,0
1230,1195,0,0,0,0,0,0,0
1231,1196,0,0,0,0,0,0,0
1231,1195,0,0,0,0,0,0,0
1230,1196,0,0,0,0,0,0,0
1233,1195,0,0,0,0,0,0,0
1231,1194,0,0,0,0,0,0,0
1229,1195,0,0,0,0,0,0,0
1231,1196,0,0,0,0,0,0,0
1230,1196,0,0,0,0,0,0,0
1230,1195,0,0,0,0,0,0,0
1231,1199,0,0,0,0,0,0,0
1229,1197,0,0,0,0,0,0,0
1230,1196,0,0,0,0,0,0,0
1229,1196,0,0,0,0,0,0,0
1230,1195,0,0,0,0,0,0,0
1231,1196,0,0,0,0,0,0,0
1231,1194,0,0,0,0,0,0,0
1229,1196,0,0,0,0,0,0,0
1229,1196,0,0,0,0,0,0,0
1230,1197,0,0,0,0,0,0,0
1231,1194,0,0,0,0,0,0,0
1231,1195,0,0,0,0,0,0,0
1229,1196,0,0,0,0,0,0,0
1231,1195,0,0,0,0,0,0,0
1231,1194,0,0,0,0,0,0,0
1231,1196,0,0,0,0,0,0,0
1221,1196,0,0,0,0,0,0,0
1232,1194,0,0,0,0,0,0,0
1231,1196,0,0,0,0,0,0,0
1230,1196,0,0,0,0,0,0,0
1229,1197,0,0,0,0,0,0,0
1231,1193,0,0,0,0,0,0,0
1231,1196,0,0,0,0,0,0,0
1229,1195,0,0,0,0,0,0,0
1230,1204,0,0,0,0,0,0,0
1233,1195,0,0,0,0,0,0,0
1230,1196,0,0,0,0,0,0,0
1229,1196,0,0,0,0,0,0,0
1232,1196,0,0,0,0,0,0,0
1231,1195,0,0,0,0,0,0,0
1231,1196,0,0,0,0,0,0,0
1230,1196,0,0,0,0,0,0,0
1234,1195,0,0,0,0,0,0,0
1230,1196,0,0,0,0,0,0,0
1232,1195,0,0,0,0,0,0,0
1231,1195,0,0,0,0,0,0,0
1229,1195,0,0,0,0,0,0,0
1230,1195,0,0,0,0,0,0,0
1241,1196,0,0,0,0,0,0,0
1233,1195,0,0,0,0,0,0,0
1231,1195,0,0,0,0,0,0,0
1231,1196,0,0,0,0,0,0,0
1230,1195,0,0,0,0,0,0,0
1230,1194,0,0,0,0,0,0,0
1230,1194,0,0,0,0,0,0,0
1234,1195,0,0,0,0,0,0,0
1231,1194,0,0,0,0,0,0,0
1233,1196,0,0,0,0,0,0,0
1232,1196,0,0,0,0,0,0,0
1232,1196,0,0,0,0,0,0,0
1230,1195,0,0,0,0,0,0,0
1231,1195,0,0,0,0,0,0,0
1231,1194,0,0,0,0,0,0,0
1230,1195,0,0,0,0,0,0,0
1229,1194,0,0,0,0,0,0,0
1230,1195,0,0,0,0,0,0,0
1230,1195,0,0,0,0,0,0,0
1228,1193,0,0,0,0,0,0,0
1231,1196,0,0,0,0,0,0,0
1229,1194,0,0,0,0,0,0,0
1230,1194,0,0,0,0,0,0,0
1232,1196,0,0,0,0,0,0,0
1230,1194,0,0,0,0,0,0,0
1232,1195,0,0,0,0,0,0,0
1234,1196,0,0,0,0,0,0,0
1231,1195,0,0,0,0,0,0,0
1230,1195,0,0,0,0,0,0,0
1229,1195,0,0,0,0,0,0,0
1229,1195,0,0,0,0,0,0,0
1231,1195,0,0,0,0,0,0,0
1221,1196,0,0,0,0,0,0,0
1230,1196,0,0,0,0,0,0,0
1231,1196,0,0,0,0,0,0,0
1234,1196,0,0,0,0,0,0,0
1230,1194,0,0,0,0,0,0,0
1230,1196,0,0,0,0,0,0,0
1229,1195,0,0,0,0,0,0,0
1230,1194,0,0,0,0,0,0,0
1232,1195,0,0,0,0,0,0,0
1231,1195,0,0,0,0,0,0,0
1229,1196,0,0,0,0,0,0,0
1231,1196,0,0,0,0,0,0,0
1229,1195,0,0,0,0,0,0,0
1233,1195,0,0,0,0,0,0,0
1229,1195,0,0,0,0,0,0,0
1231,1193,0,0,0,0,0,0,0
1233,1196,0,0,0,0,0,0,0
1230,1196,0,0,0,0,0,0,0
1230,1195,0,0,0,0,0,0,0
1231,1196,0,0,0,0,0,0,0
1231,1194,0,0,0,0,0,0,0
1232,1196,0,0,0,0,0,0,0
1230,1195,0,0,0,0,0,0,0
1234,1196,0,0,0,0,0,0,0
1230,1195,0,0,0,0,0,0,0
1230,1195,0,0,0,0,0,0,0
1229,1195,0,0,0,0,0,0,0
1230,1194,0,0,0,0,0,0,0
1232,1196,0,0,0,0,0,0,0
1231,1196,0,0,0,0,0,0,0
1231,1196,0,0,0,0,0,0,0
1230,1194,0,0,0,0,0,0,0
1229,1194,0,0,0,0,0,0,0
1231,1195,0,0,0,0,0,0,0
1230,1195,0,0,0,0,0,0,0
1231,1196,0,0,0,0,0,0,0
1231,1197,0,0,0,0,0,0,0
1231,1196,0,0,0,0,0,0,0
1230,1196,0,0,0,0,0,0,0
1229,1195,0,0,0,0,0,0,0
1231,1193,0,0,0,0,0,0,0
1231,1196,0,0,0,0,0,0,0
1231,1196,0,0,0,0,0,0,0
1231,1196,0,0,0,0,0,0,0
1234,1195,0,0,0,0,0,0,0
1231,1196,0,0,0,0,0,0,0
1241,1194,0,0,0,0,0,0,0
1232,1196,0,0,0,0,0,0,0
1230,1195,0,0,0,0,0,0,0
1230,1196,0,0,0,0,0,0,0
1232,1195,0,0,0,0,0,0,0
1232,1194,0,0,0,0,0,0,0
1230,1197,0,0,0,0,0,0,0
1229,1197,0,0,0,0,0,0,0
1230,1197,0,0,0,0,0,0,0
1232,1196,0,0,0,0,0,0,0
1231,1195,0,0,0,0,0,0,0
1234,1196,0,0,0,0,0,0,0
1231,1193,0,0,0,0,0,0,0
1230,1196,0,0,0,0,0,0,0
1230,1195,0,0,0,0,0,0,0
1231,1197,0,0,0,0,0,0,0
1231,1195,0,0,0,0,0,0,0
1231,1196,0,0,0,0,0,0,0
1231,1195,0,0,0,0,0,0,0
1229,1193,0,0,0,0,0,0,0
1230,1195,0,0,0,0,0,0,0
1232,1195,0,0,0,0,0,0,0
1232,1197,0,0,0,0,0,0,0
1230,1195,0,0,0,0,0,0,0
1231,1192,0,0,0,0,0,0,0
1229,1195,0,0,0,0,0,0,0
1229,1197,0,0,0,0,0,0,0
1230,1195,0,0,0,0,0,0,0
1231,1197,0,0,0,0,0,0,0
1231,1194,0,0,0,0,0,0,0
1230,1196,0,0,0,0,0,0,0
1231,1197,0,0,0,0,0,0,0
1230,1196,0,0,0,0,0,0,0
1230,1194,0,0,0,0,0,0,0
1231,1193,0,0,0,0,0,0,0
1221,1197,0,0,0,0,0,0,0
1229,1195,0,0,0,0,0,0,0
1230,1197,0,0,0,0,0,0,0
1230,1193,0,0,0,0,0,0,0
1231,1196,0,0,0,0,0,0,0
1232,1194,0,0,0,0,0,0,0
1231,1197,0,0,0,0,0,0,0
1232,1195,0,0,0,0,0,0,0
1233,1195,0,0,0,0,0,0,0
1231,1194,0,0,0,0,0,0,0
1230,1196,0,0,0,0,0,0,0
1230,1195,0,0,0,0,0,0,0
1229,1197,0,0,0,0,0,0,0
1232,1196,0,0,0,0,0,0,0
1231,1196,0,0,0,0,0,0,0
1231,1196,0,0,0,0,0,0,0
1229,1195,0,0,0,0,0,0,0
1229,1196,0,0,0,0,0,0,0
1229,1196,0,0,0,0,0,0,0
1230,1195,0,0,0,0,0,0,0
1232,1193,0,0,0,0,0,0,0
1230,1197,0,0,0,0,0,0,0
1230,1196,0,0,0,0,0,0,0
1230,1197,0,0,0,0,0,0,0
1233,1196,0,0,0,0,0,0,0
1230,1196,0,0,0,0,0,0,0
1229,1195,0,0,0,0,0,0,0
1229,1204,0,0,0,0,0,0,0
1231,1195,0,0,0,0,0,0,0
1232,1195,0,0,0,0,0,0,0
1229,1196,0,0,0,0,0,0,0
1233,1195,0,0,0,0,0,0,0
1231,1195,0,0,0,0,0,0,0
1230,1196,0,0,0,0,0,0,0
1230,1195,0,0,0,0,0,0,0
1231,1186,0,0,0,0,0,0,0
1241,1195,0,0,0,0,0,0,0
1232,1196,0,0,0,0,0,0,0
1231,1196,0,0,0,0,0,0,0
1232,1195,0,0,0,0,0,0,0
1231,1195,0,0,0,0,0,0,0
1231,1194,0,0,0,0,0,0,0
1231,1196,0,0,0,0,0,0,0
1231,1195,0,0,0,0,0,0,0
1233,1193,0,0,0,0,0,0,0
1233,1196,0,0,0,0,0,0,0
1230,1197,0,0,0,0,0,0,0
1229,1197,0,0,0,0,0,0,0
1231,1195,0,0,0,0,0,0,0
1234,1194,0,0,0,0,0,0,0
1229,1195,0,0,0,0,0,0,0
1232,1196,0,0,0,0,0,0,0
1230,1195,0,0,0,0,0,0,0
1231,1195,0,0,0,0,0,0,0
1232,1194,0,0,0,0,0,0,0
1232,1195,0,0,0,0,0,0,0
1229,1195,0,0,0,0,0,0,0
1230,1195,0,0,0,0,0,0,0
1229,1194,0,0,0,0,0,0,0
1230,1196,0,0,0,0,0,0,0
1232,1195,0,0,0,0,0,0,0
1231,1196,0,0,0,0,0,0,0
1233,1195,0,0,0,0,0,0,0
1232,1194,0,0,0,0,0,0,0
1231,1194,0,0,0,0,0,0,0
1234,1194,0,0,0,0,0,0,0
1231,1196,0,0,0,0,0,0,0
1229,1196,0,0,0,0,0,0,0
1231,1195,0,0,0,0,0,0,0
1230,1194,0,0,0,0,0,0,0
1232,1196,0,0,0,0,0,0,0
1232,1196,0,0,0,0,0,0,0
1240,1193,0,0,0,0,0,0,0
1229,1195,0,0,0,0,0,0,0
1231,1197,0,0,0,0,0,0,0
1231,1193,0,0,0,0,0,0,0
1229,1195,0,0,0,0,0,0,0
1231,1195,0,0,0,0,0,0,0
1232,1195,0,0,0,0,0,0,0
1232,1194,0,0,0,0,0,0,0
1230,1196,0,0,0,0,0,0,0
1234,1193,0,0,0,0,0,0,0
1230,1196,0,0,0,0,0,0,0
1234,1194,0,0,0,0,0,0,0
1230,1196,0,0,0,0,0,0,0
1232,1195,0,0,0,0,0,0,0
1230,1196,0,0,0,0,0,0,0
1230,1196,0,0,0,0,0,0,0
1232,1196,0,0,0,0,0,0,0
1232,1195,0,0,0,0,0,0,0
1229,1196,0,0,0,0,0,0,0
1230,1194,0,0,0,0,0,0,0
1230,1193,0,0,0,0,0,0,0
1229,1197,0,0,0,0,0,0,0
1230,1196,0,0,0,0,0,0,0
1231,1196,0,0,0,0,0,0,0
1230,1195,0,0,0,0,0,0,0
1229,1197,0,0,0,0,0,0,0
1231,1195,0,0,0,0,0,0,0
1234,1195,0,0,0,0,0,0,0
1231,1194,0,0,0,0,0,0,0
1231,1195,0,0,0,0,0,0,0
1231,1195,0,0,0,0,0,0,0
1229,1196,0,0,0,0,0,0,0
1232,1196,0,0,0,0,0,0,0
1229,1196,0,0,0,0,0,0,0
1229,1196,0,0,0,0,0,0,0
1231,1196,0,0,0,0,0,0,0
1231,1194,0,0,0,0,0,0,0
1231,1197,0,0,0,0,0,0,0
1231,1194,0,0,0,0,0,0,0
1231,1195,0,0,0,0,0,0,0
1231,1195,0,0,0,0,0,0,0
1233,1195,0,0,0,0,0,0,0
1229,1197,0,0,0,0,0,0,0
1229,1195,0,0,0,0,0,0,0
1232,1194,0,0,0,0,0,0,0
1230,1196,0,0,0,0,0,0,0
1230,1193,0,0,0,0,0,0,0
1231,1195,0,0,0,0,0,0,0
1234,1197,0,0,0,0,0,0,0
1230,1197,0,0,0,0,0,0,0
1231,1195,0,0,0,0,0,0,0
1230,1196,0,0,0,0,0,0,0
1232,1196,0,0,0,0,0,0,0
1230,1196,0,0,0,0,0,0,0
1229,1196,0,0,0,0,0,0,0
1233,1196,0,0,0,0,0,0,0
1229,1194,0,0,0,0,0,0,0
1233,1194,0,0,0,0,0,0,0
1230,1193,0,0,0,0,0,0,0
1231,1195,0,0,0,0,0,0,0
1230,1195,0,0,0,0,0,0,0
1231,1195,0,0,0,0,0,0,0
1229,1194,0,0,0,0,0,0,0
1230,1194,0,0,0,0,0,0,0
1229,1196,0,0,0,0,0,0,0
1230,1196,0,0,0,0,0,0,0
1230,1197,0,0,0,0,0,0,0
1233,1196,0,0,0,0,0,0,0
1231,1195,0,0,0,0,0,0,0
1231,1195,0,0,0,0,0,0,0
1231,1194,0,0,0,0,0,0,0
1230,1197,0,0,0,0,0,0,0
1232,1195,0,0,0,0,0,0,0
1229,1197,0,0,0,0,0,0,0
1230,1197,0,0,0,0,0,0,0
1230,1194,0,0,0,0,0,0,0
1232,1196,0,0,0,0,0,0,0
1230,1195,0,0,0,0,0,0,0
1230,1193,0,0,0,0,0,0,0
1231,1196,0,0,0,0,0,0,0
1232,1196,0,0,0,0,0,0,0
1241,1195,0,0,0,0,0,0,0
1233,1196,0,0,0,0,0,0,0
1231,1197,0,0,0,0,0,0,0
1233,1197,0,0,0,0,0,0,0
1232,1195,0,0,0,0,0,0,0
1231,1196,0,0,0,0,0,0,0
1229,1193,0,0,0,0,0,0,0
1234,1195,0,0,0,0,0,0,0
1233,1195,0,0,0,0,0,0,0
1231,1197,0,0,0,0,0,0,0
1231,1196,0,0,0,0,0,0,0
1231,1196,0,0,0,0,0,0,0
1231,1196,0,0,0,0,0,0,0
1231,1194,0,0,0,0,0,0,0
1230,1196,0,0,0,0,0,0,0
1233,1195,0,0,0,0,0,0,0
1230,1196,0,0,0,0,0,0,0
1234,1204,0,0,0,0,0,0,0
1231,1195,0,0,0,0,0,0,0
1233,1195,0,0,0,0,0,0,0
1230,1195,0,0,0,0,0,0,0
1232,1204,0,0,0,0,0,0,0
1230,1195,0,0,0,0,0,0,0
1229,1196,0,0,0,0,0,0,0
1230,1196,0,0,0,0,0,0,0
1232,1196,0,0,0,0,0,0,0
1231,1195,0,0,0,0,0,0,0
1231,1197,0,0,0,0,0,0,0
1231,1196,0,0,0,0,0,0,0
1234,1196,0,0,0,0,0,0,0
1231,1195,0,0,0,0,0,0,0
1230,1196,0,0,0,0,0,0,0
1233,1196,0,0,0,0,0,0,0
1230,1196,0,0,0,0,0,0,0
1230,1196,0,0,0,0,0,0,0
1229,1195,0,0,0,0,0,0,0
1233,1195,0,0,0,0,0,0,0
1230,1196,0,0,0,0,0,0,0
1233,1195,0,0,0,0,0,0,0
1229,1195,0,0,0,0,0,0,0
1231,1194,0,0,0,0,0,0,0
1231,1195,0,0,0,0,0,0,0
1234,1196,0,0,0,0,0,0,0
1231,1196,0,0,0,0,0,0,0
1230,1196,0,0,0,0,0,0,0
1231,1194,0,0,0,0,0,0,0
1230,1196,0,0,0,0,0,0,0
1233,1193,0,0,0,0,0,0,0
1230,1195,0,0,0,0,0,0,0
1229,1195,0,0,0,0,0,0,0
1230,1196,0,0,0,0,0,0,0
1231,1195,0,0,0,0,0,0,0
1234,1195,0,0,0,0,0,0,0
1230,1195,0,0,0,0,0,0,0
1231,1194,0,0,0,0,0,0,0
1229,1195,0,0,0,0,0,0,0
1231,1193,0,0,0,0,0,0,0
1231,1196,0,0,0,0,0,0,0
1233,1195,0,0,0,0,0,0,0
1232,1194,0,0,0,0,0,0,0
1231,1195,0,0,0,0,0,0,0
1234,1195,0,0,0,0,0,0,0
1234,1195,0,0,0,0,0,0,0
1231,1194,0,0,0,0,0,0,0
1231,1193,0,0,0,0,0,0,0
1230,1197,0,0,0,0,0,0,0
1231,1197,0,0,0,0,0,0,0
1231,1195,0,0,0,0,0,0,0
1231,1195,0,0,0,0,0,0,0
1232,1196,0,0,0,0,0,0,0
1232,1194,0,0,0,0,0,0,0
1233,1195,0,0,0,0,0,0,0
1230,1196,0,0,0,0,0,0,0
1233,1195,0,0,0,0,0,0,0
1229,1196,0,0,0,0,0,0,0
1230,1195,0,0,0,0,0,0,0
1231,1195,0,0,0,0,0,0,0
1230,1197,0,0,0,0,0,0,0
1232,1195,0,0,0,0,0,0,0
1230,1195,0,0,0,0,0,0,0
1231,1194,0,0,0,0,0,0,0
1230,1193,0,0,0,0,0,0,0
1230,1193,0,0,0,0,0,0,0
1230,1194,0,0,0,0,0,0,0
1231,1196,0,0,0,0,0,0,0
1229,1197,0,0,0,0,0,0,0
1230,1197,0,0,0,0,0,0,0
1231,1196,0,0,0,0,0,0,0
1230,1195,0,0,0,0,0,0,0
1233,1195,0,0,0,0,0,0,0
1229,1195,0,0,0,0,0,0,0
1231,1193,0,0,0,0,0,0,0
1231,1195,0,0,0,0,0,0,0
1230,1197,0,0,0,0,0,0,0
1232,1193,0,0,0,0,0,0,0
1231,1196,0,0,0,0,0,0,0
1230,1195,0,0,0,0,0,0,0
1229,1197,0,0,0,0,0,0,0
1231,1193,0,0,0,0,0,0,0
1229,1197,0,0,0,0,0,0,0
1230,1196,0,0,0,0,0,0,0
1229,1196,0,0,0,0,0,0,0
1229,1197,0,0,0,0,0,0,0
1233,1197,0,0,0,0,0,0,0
1230,1195,0,0,0,0,0,0,0
1230,1194,0,0,0,0,0,0,0
1231,1194,0,0,0,0,0,0,0
1231,1197,0,0,0,0,0,0,0
1230,1197,0,0,0,0,0,0,0
1233,1196,0,0,0,0,0,0,0
1233,1195,0,0,0,0,0,0,0
1230,1195,0,0,0,0,0,0,0
1233,1196,0,0,0,0,0,0,0
1233,1196,0,0,0,0,0,0,0
1230,1196,0,0,0,0,0,0,0
1231,1194,0,0,0,0,0,0,0
1231,1195,0,0,0,0,0,0,0
1231,1199,0,0,0,0,0,0,0
1233,1196,0,0,0,0,0,0,0
1230,1196,0,0,0,0,0,0,0
1232,1195,0,0,0,0,0,0,0
1230,1197,0,0,0,0,0,0,0
1232,1194,0,0,0,0,0,0,0
1229,1194,0,0,0,0,0,0,0
1230,1196,0,0,0,0,0,0,0
1231,1194,0,0,0,0,0,0,0
1233,1196,0,0,0,0,0,0,0
1232,1194,0,0,0,0,0,0,0
1228,1196,0,0,0,0,0,0,0
1232,1195,0,0,0,0,0,0,0
1230,1196,0,0,0,0,0,0,0
1229,1193,0,0,0,0,0,0,0
1231,1196,0,0,0,0,0,0,0
1230,1195,0,0,0,0,0,0,0
1229,1196,0,0,0,0,0,0,0
1231,1196,0,0,0,0,0,0,0
1229,1204,0,0,0,0,0,0,0
1229,1194,0,0,0,0,0,0,0
1233,1195,0,0,0,0,0,0,0
1231,1194,0,0,0,0,0,0,0
1230,1196,0,0,0,0,0,0,0
1221,1195,0,0,0,0,0,0,0
1231,1204,0,0,0,0,0,0,0
1231,1196,0,0,0,0,0,0,0
1233,1196,0,0,0,0,0,0,0
1233,1195,0,0,0,0,0,0,0
1229,1196,0,0,0,0,0,0,0
1230,1193,0,0,0,0,0,0,0
1229,1195,0,0,0,0,0,0,0
1232,1195,0,0,0,0,0,0,0
1230,1196,0,0,0,0,0,0,0
1231,1195,0,0,0,0,0,0,0
1231,1195,0,0,0,0,0,0,0
1231,1195,0,0,0,0,0,0,0
1234,1196,0,0,0,0,0,0,0
1231,1195,0,0,0,0,0,0,0
1231,1197,0,0,0,0,0,0,0
1232,1195,0,0,0,0,0,0,0
1231,1194,0,0,0,0,0,0,0
1231,1196,0,0,0,0,0,0,0
1231,1197,0,0,0,0,0,0,0
1232,1196,0,0,0,0,0,0,0
1233,1197,0,0,0,0,0,0,0
1230,1197,0,0,0,0,0,0,0
1233,1196,0,0,0,0,0,0,0
1234,1194,0,0,0,0,0,0,0
1231,1197,0,0,0,0,0,0,0
1230,1195,0,0,0,0,0,0,0
1232,1197,0,0,0,0,0,0,0
1230,1195,0,0,0,0,0,0,0
1230,1197,0,0,0,0,0,0,0
1230,1197,0,0,0,0,0,0,0
1229,1195,0,0,0,0,0,0,0
1233,1192,0,0,0,0,0,0,0
1230,1194,0,0,0,0,0,0,0
1233,1194,0,0,0,0,0,0,0
1234,1196,0,0,0,0,0,0,0
1233,1197,0,0,0,0,0,0,0
1230,1195,0,0,0,0,0,0,0
1232,1195,0,0,0,0,0,0,0
1230,1195,0,0,0,0,0,0,0
1232,1195,0,0,0,0,0,0,0
1231,1193,0,0,0,0,0,0,0
1233,1195,0,0,0,0,0,0,0
1229,1195,0,0,0,0,0,0,0
1230,1205,0,0,0,0,0,0,0
1230,1196,0,0,0,0,0,0,0
1231,1195,0,0,0,0,0,0,0
1232,1196,0,0,0,0,0,0,0
1231,1195,0,0,0,0,0,0,0
1230,1195,0,0,0,0,0,0,0
1231,1195,0,0,0,0,0,0,0
1232,1195,0,0,0,0,0,0,0
1230,1196,0,0,0,0,0,0,0
1231,1196,0,0,0,0,0,0,0
1230,1195,0,0,0,0,0,0,0
1234,1196,0,0,0,0,0,0,0
1231,1194,0,0,0,0,0,0,0
1233,1194,0,0,0,0,0,0,0
1234,1193,0,0,0,0,0,0,0
1230,1196,0,0,0,0,0,0,0
1232,1197,0,0,0,0,0,0,0
1241,1195,0,0,0,0,0,0,0
1229,1194,0,0,0,0,0,0,0
1232,1206,0,0,0,0,0,0,0
1265,1241,0,0,0,0,0,0,0
1232,1197,0,0,0,0,0,0,0
1109,1084,0,0,0,0,0,0,0
762,753,0,0,0,0,0,0,0
533,498,0,0,0,0,0,0,0
1088,1149,0,0,0,0,0,0,0
1597,1851,0,0,0,0,0,0,0
869,918,0,0,0,0,0,0,0
670,592,0,0,0,0,0,0,0
1018,930,0,0,0,0,0,0,0
1241,1173,0,0,0,0,0,0,0
1241,1204,0,0,0,0,0,0,0
1221,1195,0,0,0,0,0,0,0
1241,1206,0,0,0,0,0,0,0
1233,1196,0,0,0,0,0,0,0
1233,1195,0,0,0,0,0,0,0
1231,1197,0,0,0,0,0,0,0
1229,1195,0,0,0,0,0,0,0
1231,1194,0,0,0,0,0,0,0
1232,1194,0,0,0,0,0,0,0
1233,1196,0,0,0,0,0,0,0
1231,1194,0,0,0,0,0,0,0
1230,1196,0,0,0,0,0,0,0
1229,1196,0,0,0,0,0,0,0
1231,1193,0,0,0,0,0,0,0
1231,1196,0,0,0,0,0,0,0
1231,1194,0,0,0,0,0,0,0
1231,1195,0,0,0,0,0,0,0
1229,1196,0,0,0,0,0,0,0
1231,1192,0,0,0,0,0,0,0
1230,1193,0,0,0,0,0,0,0
1234,1197,0,0,0,0,0,0,0
1230,1196,0,0,0,0,0,0,0
1231,1194,0,0,0,0,0,0,0
1231,1197,0,0,0,0,0,0,0
1230,1196,0,0,0,0,0,0,0
1230,1195,0,0,0,0,0,0,0
1230,1195,0,0,0,0,0,0,0
1231,1195,0,0,0,0,0,0,0
1231,1197,0,0,0,0,0,0,0
1231,1196,0,0,0,0,0,0,0
1229,1193,0,0,0,0,0,0,0
1234,1195,0,0,0,0,0,0,0
1230,1195,0,0,0,0,0,0,0
1231,1195,0,0,0,0,0,0,0
1230,1193,0,0,0,0,0,0,0
1233,1196,0,0,0,0,0,0,0
1230,1196,0,0,0,0,0,0,0
1231,1195,0,0,0,0,0,0,0
1231,1195,0,0,0,0,0,0,0
1221,1193,0,0,0,0,0,0,0
1231,1195,0,0,0,0,0,0,0
1230,1195,0,0,0,0,0,0,0
1231,1194,0,0,0,0,0,0,0
1231,1196,0,0,0,0,0,0,0
1234,1195,0,0,0,0,0,0,0
1230,1193,0,0,0,0,0,0,0
1230,1196,0,0,0,0,0,0,0
1234,1194,0,0,0,0,0,0,0
1230,1195,0,0,0,0,0,0,0
1230,1195,0,0,0,0,0,0,0
1233,1197,0,0,0,0,0,0,0
1230,1195,0,0,0,0,0,0,0
1231,1197,0,0,0,0,0,0,0
1231,1196,0,0,0,0,0,0,0
1229,1196,0,0,0,0,0,0,0
1229,1196,0,0,0,0,0,0,0
1230,1195,0,0,0,0,0,0,0
1230,1194,0,0,0,0,0,0,0
1231,1196,0,0,0,0,0,0,0
1230,1195,0,0,0,0,0,0,0
1229,1195,0,0,0,0,0,0,0
1234,1195,0,0,0,0,0,0,0
1230,1195,0,0,0,0,0,0,0
1229,1195,0,0,0,0,0,0,0
1229,1194,0,0,0,0,0,0,0
1230,1195,0,0,0,0,0,0,0
1230,1195,0,0,0,0,0,0,0
1233,1197,0,0,0,0,0,0,0
1230,1195,0,0,0,0,0,0,0
1232,1196,0,0,0,0,0,0,0
1231,1195,0,0,0,0,0,0,0
1230,1193,0,0,0,0,0,0,0
1232,1195,0,0,0,0,0,0,0
1231,1195,0,0,0,0,0,0,0
1230,1195,0,0,0,0,0,0,0
1231,1197,0,0,0,0,0,0,0
1231,1196,0,0,0,0,0,0,0
1232,1197,0,0,0,0,0,0,0
1233,1195,0,0,0,0,0,0,0
1230,1196,0,0,0,0,0,0,0
1230,1199,0,0,0,0,0,0,0
1231,1195,0,0,0,0,0,0,0
1231,1195,0,0,0,0,0,0,0
1230,1197,0,0,0,0,0,0,0
1230,1196,0,0,0,0,0,0,0
1234,1195,0,0,0,0,0,0,0
1233,1195,0,0,0,0,0,0,0
1233,1197,0,0,0,0,0,0,0
1230,1197,0,0,0,0,0,0,0
1233,1193,0,0,0,0,0,0,0
1230,1196,0,0,0,0,0,0,0
1232,1195,0,0,0,0,0,0,0
1229,1196,0,0,0,0,0,0,0
1233,1194,0,0,0,0,0,0,0
1233,1195,0,0,0,0,0,0,0
1229,1195,0,0,0,0,0,0,0
1231,1193,0,0,0,0,0,0,0
1231,1195,0,0,0,0,0,0,0
1230,1194,0,0,0,0,0,0,0
1234,1195,0,0,0,0,0,0,0
1232,1194,0,0,0,0,0,0,0
1233,1194,0,0,0,0,0,0,0
1231,1197,0,0,0,0,0,0,0
1231,1196,0,0,0,0,0,0,0
1234,1194,0,0,0,0,0,0,0
1229,1196,0,0,0,0,0,0,0
1231,1195,0,0,0,0,0,0,0
1232,1195,0,0,0,0,0,0,0
1233,1196,0,0,0,0,0,0,0
1229,1197,0,0,0,0,0,0,0
1230,1195,0,0,0,0,0,0,0
1231,1196,0,0,0,0,0,0,0
1231,1195,0,0,0,0,0,0,0
1230,1195,0,0,0,0,0,0,0
1229,1196,0,0,0,0,0,0,0
1229,1197,0,0,0,0,0,0,0
1230,1194,0,0,0,0,0,0,0
1230,1199,0,0,0,0,0,0,0
1231,1197,0,0,0,0,0,0,0
1231,1197,0,0,0,0,0,0,0
1233,1195,0,0,0,0,0,0,0
1230,1194,0,0,0,0,0,0,0
1231,1196,0,0,0,0,0,0,0
1231,1195,0,0,0,0,0,0,0
1230,1197,0,0,0,0,0,0,0
1230,1197,0,0,0,0,0,0,0
1230,1196,0,0,0,0,0,0,0
1231,1196,0,0,0,0,0,0,0
1231,1196,0,0,0,0,0,0,0
1229,1197,0,0,0,0,0,0,0
1230,1196,0,0,0,0,0,0,0
1230,1196,0,0,0,0,0,0,0
1231,1196,0,0,0,0,0,0,0
1230,1197,0,0,0,0,0,0,0
1231,1195,0,0,0,0,0,0,0
1231,1195,0,0,0,0,0,0,0
1234,1195,0,0,0,0,0,0,0
1230,1196,0,0,0,0,0,0,0
1229,1196,0,0,0,0,0,0,0
1231,1195,0,0,0,0,0,0,0
1231,1196,0,0,0,0,0,0,0
1231,1195,0,0,0,0,0,0,0
1232,1193,0,0,0,0,0,0,0
1231,1194,0,0,0,0,0,0,0
1229,1196,0,0,0,0,0,0,0
1232,1195,0,0,0,0,0,0,0
1231,1192,0,0,0,0,0,0,0
1231,1196,0,0,0,0,0,0,0
1229,1187,0,0,0,0,0,0,0
1229,1196,0,0,0,0,0,0,0
1233,1197,0,0,0,0,0,0,0
1230,1195,0,0,0,0,0,0,0
1229,1196,0,0,0,0,0,0,0
1233,1197,0,0,0,0,0,0,0
1229,1196,0,0,0,0,0,0,0
1230,1194,0,0,0,0,0,0,0
1231,1195,0,0,0,0,0,0,0
1230,1197,0,0,0,0,0,0,0
1229,1195,0,0,0,0,0,0,0
1230,1195,0,0,0,0,0,0,0
1230,1195,0,0,0,0,0,0,0
1231,1196,0,0,0,0,0,0,0
1231,1192,0,0,0,0,0,0,0
1231,1194,0,0,0,0,0,0,0
1229,1194,0,0,0,0,0,0,0
1230,1196,0,0,0,0,0,0,0
1232,1195,0,0,0,0,0,0,0
1231,1197,0,0,0,0,0,0,0
1231,1195,0,0,0,0,0,0,0
1229,1195,0,0,0,0,0,0,0
1230,1197,0,0,0,0,0,0,0
1231,1194,0,0,0,0,0,0,0
1232,1195,0,0,0,0,0,0,0
1232,1195,0,0,0,0,0,0,0
1231,1196,0,0,0,0,0,0,0
1231,1196,0,0,0,0,0,0,0
1231,1195,0,0,0,0,0,0,0
1234,1195,0,0,0,0,0,0,0
1232,1194,0,0,0,0,0,0,0
1232,1193,0,0,0,0,0,0,0
1232,1195,0,0,0,0,0,0,0
1230,1192,0,0,0,0,0,0,0
1229,1194,0,0,0,0,0,0,0
1229,1195,0,0,0,0,0,0,0
1232,1196,0,0,0,0,0,0,0
1231,1196,0,0,0,0,0,0,0
1230,1196,0,0,0,0,0,0,0
1230,1196,0,0,0,0,0,0,0
1229,1197,0,0,0,0,0,0,0
1231,1195,0,0,0,0,0,0,0
1231,1193,0,0,0,0,0,0,0
1231,1194,0,0,0,0,0,0,0
1241,1194,0,0,0,0,0,0,0
1230,1196,0,0,0,0,0,0,0
1230,1197,0,0,0,0,0,0,0
1231,1195,0,0,0,0,0,0,0
1234,1193,0,0,0,0,0,0,0
1230,1194,0,0,0,0,0,0,0
1230,1192,0,0,0,0,0,0,0
1231,1194,0,0,0,0,0,0,0
1233,1193,0,0,0,0,0,0,0
1233,1195,0,0,0,0,0,0,0
1234,1195,0,0,0,0,0,0,0
1232,1196,0,0,0,0,0,0,0
1230,1196,0,0,0,0,0,0,0
1232,1195,0,0,0,0,0,0,0
1229,1194,0,0,0,0,0,0,0
1231,1195,0,0,0,0,0,0,0
1232,1196,0,0,0,0,0,0,0
1232,1196,0,0,0,0,0,0,0
1234,1194,0,0,0,0,0,0,0
1229,1196,0,0,0,0,0,0,0
1231,1196,0,0,0,0,0,0,0
1230,1196,0,0,0,0,0,0,0
1232,1196,0,0,0,0,0,0,0
1230,1196,0,0,0,0,0,0,0
1230,1196,0,0,0,0,0,0,0
1230,1195,0,0,0,0,0,0,0
1233,1196,0,0,0,0,0,0,0
1229,1194,0,0,0,0,0,0,0
1230,1196,0,0,0,0,0,0,0
1233,1194,0,0,0,0,0,0,0
1231,1195,0,0,0,0,0,0,0
1229,1193,0,0,0,0,0,0,0
1231,1195,0,0,0,0,0,0,0
1229,1195,0,0,0,0,0,0,0
1230,1195,0,0,0,0,0,0,0
1229,1193,0,0,0,0,0,0,0
1234,1195,0,0,0,0,0,0,0
1230,1197,0,0,0,0,0,0,0
1229,1193,0,0,0,0,0,0,0
1230,1194,0,0,0,0,0,0,0
1232,1194,0,0,0,0,0,0,0
1231,1194,0,0,0,0,0,0,0
1233,1196,0,0,0,0,0,0,0
1231,1194,0,0,0,0,0,0,0
1232,1197,0,0,0,0,0,0,0
1232,1196,0,0,0,0,0,0,0
1230,1193,0,0,0,0,0,0,0
1230,1194,0,0,0,0,0,0,0
1233,1197,0,0,0,0,0,0,0
1229,1196,0,0,0,0,0,0,0
1232,1196,0,0,0,0,0,0,0
1231,1196,0,0,0,0,0,0,0
1231,1195,0,0,0,0,0,0,0
1229,1194,0,0,0,0,0,0,0
1231,1195,0,0,0,0,0,0,0
1229,1196,0,0,0,0,0,0,0
1231,1197,0,0,0,0,0,0,0
1230,1195,0,0,0,0,0,0,0
1231,1197,0,0,0,0,0,0,0
1231,1196,0,0,0,0,0,0,0
1233,1196,0,0,0,0,0,0,0
1230,1195,0,0,0,0,0,0,0
1231,1194,0,0,0,0,0,0,0
1231,1195,0,0,0,0,0,0,0
1230,1196,0,0,0,0,0,0,0
1229,1195,0,0,0,0,0,0,0
1231,1196,0,0,0,0,0,0,0
1231,1195,0,0,0,0,0,0,0
1230,1195,0,0,0,0,0,0,0
1229,1195,0,0,0,0,0,0,0
1233,1195,0,0,0,0,0,0,0
1230,1192,0,0,0,0,0,0,0
1231,1195,0,0,0,0,0,0,0
1230,1193,0,0,0,0,0,0,0
1241,1193,0,0,0,0,0,0,0
1231,1196,0,0,0,0,0,0,0
1230,1195,0,0,0,0,0,0,0
1231,1195,0,0,0,0,0,0,0
1230,1195,0,0,0,0,0,0,0
1231,1196,0,0,0,0,0,0,0
1219,1194,0,0,0,0,0,0,0
1230,1195,0,0,0,0,0,0,0
1230,1194,0,0,0,0,0,0,0
1230,1195,0,0,0,0,0,0,0
1229,1193,0,0,0,0,0,0,0
1231,1197,0,0,0,0,0,0,0
1232,1195,0,0,0,0,0,0,0
1230,1194,0,0,0,0,0,0,0
1233,1195,0,0,0,0,0,0,0
1233,1194,0,0,0,0,0,0,0
1233,1196,0,0,0,0,0,0,0
1229,1193,0,0,0,0,0,0,0
1232,1196,0,0,0,0,0,0,0
1230,1196,0,0,0,0,0,0,0
1231,1196,0,0,0,0,0,0,0
1231,1193,0,0,0,0,0,0,0
1232,1195,0,0,0,0,0,0,0
1230,1194,0,0,0,0,0,0,0
1230,1195,0,0,0,0,0,0,0
1219,1194,0,0,0,0,0,0,0
1232,1193,0,0,0,0,0,0,0
1231,1196,0,0,0,0,0,0,0
1232,1196,0,0,0,0,0,0,0
1234,1195,0,0,0,0,0,0,0
1229,1193,0,0,0,0,0,0,0
1230,1195,0,0,0,0,0,0,0
1233,1195,0,0,0,0,0,0,0
1231,1196,0,0,0,0,0,0,0
1231,1195,0,0,0,0,0,0,0
1230,1196,0,0,0,0,0,0,0
1230,1197,0,0,0,0,0,0,0
1230,1197,0,0,0,0,0,0,0
1230,1196,0,0,0,0,0,0,0
1229,1195,0,0,0,0,0,0,0
1230,1194,0,0,0,0,0,0,0
1233,1196,0,0,0,0,0,0,0
1229,1195,0,0,0,0,0,0,0
1234,1195,0,0,0,0,0,0,0
1232,1195,0,0,0,0,0,0,0
1231,1196,0,0,0,0,0,0,0
1230,1194,0,0,0,0,0,0,0
1231,1193,0,0,0,0,0,0,0
1232,1196,0,0,0,0,0,0,0
1229,1195,0,0,0,0,0,0,0
1229,1195,0,0,0,0,0,0,0
1230,1195,0,0,0,0,0,0,0
1230,1196,0,0,0,0,0,0,0
1230,1195,0,0,0,0,0,0,0
1230,1195,0,0,0,0,0,0,0
1231,1195,0,0,0,0,0,0,0
1230,1196,0,0,0,0,0,0,0
1231,1196,0,0,0,0,0,0,0
1231,1195,0,0,0,0,0,0,0
1232,1194,0,0,0,0,0,0,0
1230,1196,0,0,0,0,0,0,0
1231,1196,0,0,0,0,0,0,0
1231,1194,0,0,0,0,0,0,0
1233,1195,0,0,0,0,0,0,0
1232,1193,0,0,0,0,0,0,0
1232,1197,0,0,0,0,0,0,0
1220,1195,0,0,0,0,0,0,0
1231,1196,0,0,0,0,0,0,0
1232,1196,0,0,0,0,0,0,0
1230,1196,0,0,0,0,0,0,0
1232,1195,0,0,0,0,0,0,0
1233,1195,0,0,0,0,0,0,0
1230,1197,0,0,0,0,0,0,0
1230,1196,0,0,0,0,0,0,0
1229,1196,0,0,0,0,0,0,0
1230,1196,0,0,0,0,0,0,0
1232,1195,0,0,0,0,0,0,0
1231,1195,0,0,0,0,0,0,0
1231,1197,0,0,0,0,0,0,0
1233,1194,0,0,0,0,0,0,0
1230,1196,0,0,0,0,0,0,0
1229,1196,0,0,0,0,0,0,0
1233,1195,0,0,0,0,0,0,0
1230,1196,0,0,0,0,0,0,0
1231,1194,0,0,0,0,0,0,0
1231,1196,0,0,0,0,0,0,0
1230,1196,0,0,0,0,0,0,0
1231,1196,0,0,0,0,0,0,0
1230,1196,0,0,0,0,0,0,0
1229,1196,0,0,0,0,0,0,0
1230,1192,0,0,0,0,0,0,0
1231,1195,0,0,0,0,0,0,0
1232,1195,0,0,0,0,0,0,0
1231,1195,0,0,0,0,0,0,0
1231,1194,0,0,0,0,0,0,0
1230,1196,0,0,0,0,0,0,0
1230,1195,0,0,0,0,0,0,0
1232,1195,0,0,0,0,0,0,0
1230,1195,0,0,0,0,0,0,0
1229,1195,0,0,0,0,0,0,0
1229,1196,0,0,0,0,0,0,0
1229,1196,0,0,0,0,0,0,0
1234,1194,0,0,0,0,0,0,0
1231,1196,0,0,0,0,0,0,0
1231,1195,0,0,0,0,0,0,0
1232,1196,0,0,0,0,0,0,0
1230,1196,0,0,0,0,0,0,0
1230,1195,0,0,0,0,0,0,0
1231,1195,0,0,0,0,0,0,0
1232,1194,0,0,0,0,0,0,0
1231,1195,0,0,0,0,0,0,0
1231,1197,0,0,0,0,0,0,0
1232,1195,0,0,0,0,0,0,0
1230,1196,0,0,0,0,0,0,0
1231,1195,0,0,0,0,0,0,0
1230,1196,0,0,0,0,0,0,0
1230,1195,0,0,0,0,0,0,0
1232,1196,0,0,0,0,0,0,0
1232,1195,0,0,0,0,0,0,0
1231,1196,0,0,0,0,0,0,0
1231,1196,0,0,0,0,0,0,0
1231,1194,0,0,0,0,0,0,0
1231,1196,0,0,0,0,0,0,0
1230,1193,0,0,0,0,0,0,0
1230,1196,0,0,0,0,0,0,0
1230,1196,0,0,0,0,0,0,0
1232,1195,0,0,0,0,0,0,0
1230,1197,0,0,0,0,0,0,0
1232,1196,0,0,0,0,0,0,0
1230,1194,0,0,0,0,0,0,0
1230,1194,0,0,0,0,0,0,0
1229,1193,0,0,0,0,0,0,0
1232,1195,0,0,0,0,0,0,0
1229,1197,0,0,0,0,0,0,0
1230,1195,0,0,0,0,0,0,0
1230,1196,0,0,0,0,0,0,0
1233,1195,0,0,0,0,0,0,0
1229,1194,0,0,0,0,0,0,0
1229,1197,0,0,0,0,0,0,0
1229,1196,0,0,0,0,0,0,0
1221,1193,0,0,0,0,0,0,0
1233,1194,0,0,0,0,0,0,0
1231,1194,0,0,0,0,0,0,0
1232,1194,0,0,0,0,0,0,0
1231,1204,0,0,0,0,0,0,0
1231,1196,0,0,0,0,0,0,0
1233,1197,0,0,0,0,0,0,0
1231,1194,0,0,0,0,0,0,0
1221,1194,0,0,0,0,0,0,0
1231,1193,0,0,0,0,0,0,0
1230,1195,0,0,0,0,0,0,0
1230,1194,0,0,0,0,0,0,0
1230,1195,0,0,0,0,0,0,0
1231,1196,0,0,0,0,0,0,0
1231,1193,0,0,0,0,0,0,0
1231,1195,0,0,0,0,0,0,0
1230,1194,0,0,0,0,0,0,0
1231,1196,0,0,0,0,0,0,0
1231,1195,0,0,0,0,0,0,0
1231,1196,0,0,0,0,0,0,0
1234,1195,0,0,0,0,0,0,0
1231,1196,0,0,0,0,0,0,0
1231,1195,0,0,0,0,0,0,0
1232,1196,0,0,0,0,0,0,0
1232,1196,0,0,0,0,0,0,0
1230,1196,0,0,0,0,0,0,0
1231,1194,0,0,0,0,0,0,0
1230,1194,0,0,0,0,0,0,0
1232,1195,0,0,0,0,0,0,0
1230,1195,0,0,0,0,0,0,0
1233,1196,0,0,0,0,0,0,0
1231,1196,0,0,0,0,0,0,0
1232,1196,0,0,0,0,0,0,0
1231,1196,0,0,0,0,0,0,0
1233,1196,0,0,0,0,0,0,0
1229,1195,0,0,0,0,0,0,0
1230,1196,0,0,0,0,0,0,0
1232,1196,0,0,0,0,0,0,0
1230,1195,0,0,0,0,0,0,0
1231,1196,0,0,0,0,0,0,0
1232,1194,0,0,0,0,0,0,0
1221,1195,0,0,0,0,0,0,0
1232,1196,0,0,0,0,0,0,0
1230,1196,0,0,0,0,0,0,0
1231,1193,0,0,0,0,0,0,0
1232,1196,0,0,0,0,0,0,0
1231,1197,0,0,0,0,0,0,0
1233,1195,0,0,0,0,0,0,0
1231,1197,0,0,0,0,0,0,0
1230,1195,0,0,0,0,0,0,0
1230,1195,0,0,0,0,0,0,0
1230,1197,0,0,0,0,0,0,0
1230,1196,0,0,0,0,0,0,0
1232,1194,0,0,0,0,0,0,0
1230,1197,0,0,0,0,0,0,0
1232,1197,0,0,0,0,0,0,0
1231,1196,0,0,0,0,0,0,0
1231,1194,0,0,0,0,0,0,0
1229,1194,0,0,0,0,0,0,0
1229,1195,0,0,0,0,0,0,0
1230,1195,0,0,0,0,0,0,0
1230,1196,0,0,0,0,0,0,0
1231,1196,0,0,0,0,0,0,0
1230,1197,0,0,0,0,0,0,0
1233,1196,0,0,0,0,0,0,0
1229,1195,0,0,0,0,0,0,0
1230,1196,0,0,0,0,0,0,0
1232,1195,0,0,0,0,0,0,0
1230,1196,0,0,0,0,0,0,0
1231,1196,0,0,0,0,0,0,0
1231,1196,0,0,0,0,0,0,0
1230,1197,0,0,0,0,0,0,0
1229,1193,0,0,0,0,0,0,0
1232,1195,0,0,0,0,0,0,0
1229,1195,0,0,0,0,0,0,0
1230,1195,0,0,0,0,0,0,0
1230,1195,0,0,0,0,0,0,0
1221,1194,0,0,0,0,0,0,0
1234,1197,0,0,0,0,0,0,0
1233,1196,0,0,0,0,0,0,0
1230,1195,0,0,0,0,0,0,0
1229,1195,0,0,0,0,0,0,0
1232,1196,0,0,0,0,0,0,0
1229,1195,0,0,0,0,0,0,0
1231,1196,0,0,0,0,0,0,0
1233,1196,0,0,0,0,0,0,0
1230,1196,0,0,0,0,0,0,0
1240,1193,0,0,0,0,0,0,0
1229,1195,0,0,0,0,0,0,0
1230,1196,0,0,0,0,0,0,0
1230,1195,0,0,0,0,0,0,0
1230,1194,0,0,0,0,0,0,0
1232,1192,0,0,0,0,0,0,0
1230,1195,0,0,0,0,0,0,0
1233,1195,0,0,0,0,0,0,0
1230,1196,0,0,0,0,0,0,0
1230,1196,0,0,0,0,0,0,0
1231,1195,0,0,0,0,0,0,0
1230,1196,0,0,0,0,0,0,0
1230,1195,0,0,0,0,0,0,0
1231,1195,0,0,0,0,0,0,0
1233,1194,0,0,0,0,0,0,0
1231,1194,0,0,0,0,0,0,0
1231,1196,0,0,0,0,0,0,0
1232,1194,0,0,0,0,0,0,0
1230,1203,0,0,0,0,0,0,0
1231,1195,0,0,0,0,0,0,0
1231,1195,0,0,0,0,0,0,0
1230,1196,0,0,0,0,0,0,0
1231,1193,0,0,0,0,0,0,0
1232,1195,0,0,0,0,0,0,0
1231,1197,0,0,0,0,0,0,0
1231,1195,0,0,0,0,0,0,0
1231,1195,0,0,0,0,0,0,0
1233,1195,0,0,0,0,0,0,0
1230,1194,0,0,0,0,0,0,0
1232,1196,0,0,0,0,0,0,0
1230,1193,0,0,0,0,0,0,0
1229,1196,0,0,0,0,0,0,0
1229,1195,0,0,0,0,0,0,0
1234,1197,0,0,0,0,0,0,0
1231,1196,0,0,0,0,0,0,0
1232,1197,0,0,0,0,0,0,0
1230,1193,0,0,0,0,0,0,0
1230,1194,0,0,0,0,0,0,0
1230,1195,0,0,0,0,0,0,0
1231,1197,0,0,0,0,0,0,0
1232,1195,0,0,0,0,0,0,0
1231,1195,0,0,0,0,0,0,0
1231,1195,0,0,0,0,0,0,0
1233,1196,0,0,0,0,0,0,0
1233,1195,0,0,0,0,0,0,0
1233,1195,0,0,0,0,0,0,0
1230,1196,0,0,0,0,0,0,0
1230,1196,0,0,0,0,0,0,0
1230,1196,0,0,0,0,0,0,0
1232,1197,0,0,0,0,0,0,0
1230,1195,0,0,0,0,0,0,0
1230,1204,0,0,0,0,0,0,0
1231,1195,0,0,0,0,0,0,0
1230,1194,0,0,0,0,0,0,0
1230,1195,0,0,0,0,0,0,0
1230,1196,0,0,0,0,0,0,0
1229,1196,0,0,0,0,0,0,0
1231,1194,0,0,0,0,0,0,0
1232,1196,0,0,0,0,0,0,0
1230,1195,0,0,0,0,0,0,0
1229,1196,0,0,0,0,0,0,0
1241,1194,0,0,0,0,0,0,0
1233,1196,0,0,0,0,0,0,0
1231,1195,0,0,0,0,0,0,0
1230,1195,0,0,0,0,0,0,0
1230,1195,0,0,0,0,0,0,0
1230,1194,0,0,0,0,0,0,0
1232,1199,0,0,0,0,0,0,0
1230,1195,0,0,0,0,0,0,0
1230,1195,0,0,0,0,0,0,0
1230,1196,0,0,0,0,0,0,0
1233,1196,0,0,0,0,0,0,0
1231,1194,0,0,0,0,0,0,0
1221,1196,0,0,0,0,0,0,0
1229,1195,0,0,0,0,0,0,0
1230,1196,0,0,0,0,0,0,0
1230,1205,0,0,0,0,0,0,0
1232,1195,0,0,0,0,0,0,0
1229,1195,0,0,0,0,0,0,0
1231,1194,0,0,0,0,0,0,0
1229,1193,0,0,0,0,0,0,0
1230,1194,0,0,0,0,0,0,0
1233,1197,0,0,0,0,0,0,0
1232,1199,0,0,0,0,0,0,0
1241,1195,0,0,0,0,0,0,0
1231,1195,0,0,0,0,0,0,0
1231,1199,0,0,0,0,0,0,0
1231,1194,0,0,0,0,0,0,0
1233,1194,0,0,0,0,0,0,0
1233,1195,0,0,0,0,0,0,0
1230,1196,0,0,0,0,0,0,0
1229,1196,0,0,0,0,0,0,0
1231,1195,0,0,0,0,0,0,0
1230,1195,0,0,0,0,0,0,0
1232,1196,0,0,0,0,0,0,0
1231,1193,0,0,0,0,0,0,0
1230,1195,0,0,0,0,0,0,0
1231,1195,0,0,0,0,0,0,0
1241,1194,0,0,0,0,0,0,0
1232,1197,0,0,0,0,0,0,0
1231,1196,0,0,0,0,0,0,0
1230,1197,0,0,0,0,0,0,0
1231,1194,0,0,0,0,0,0,0
1230,1195,0,0,0,0,0,0,0
1230,1197,0,0,0,0,0,0,0
1231,1196,0,0,0,0,0,0,0
1231,1195,0,0,0,0,0,0,0
1232,1196,0,0,0,0,0,0,0
1229,1196,0,0,0,0,0,0,0
1232,1196,0,0,0,0,0,0,0
1230,1196,0,0,0,0,0,0,0
1231,1193,0,0,0,0,0,0,0
1231,1196,0,0,0,0,0,0,0
1230,1193,0,0,0,0,0,0,0
1234,1197,0,0,0,0,0,0,0
1230,1195,0,0,0,0,0,0,0
1229,1194,0,0,0,0,0,0,0
1233,1197,0,0,0,0,0,0,0
1234,1196,0,0,0,0,0,0,0
1234,1195,0,0,0,0,0,0,0
1230,1192,0,0,0,0,0,0,0
1232,1196,0,0,0,0,0,0,0
1231,1196,0,0,0,0,0,0,0
1231,1196,0,0,0,0,0,0,0
1230,1192,0,0,0,0,0,0,0
1230,1196,0,0,0,0,0,0,0
1230,1195,0,0,0,0,0,0,0
1221,1195,0,0,0,0,0,0,0
1231,1197,0,0,0,0,0,0,0
1229,1192,0,0,0,0,0,0,0
1231,1196,0,0,0,0,0,0,0
1232,1196,0,0,0,0,0,0,0
1231,1196,0,0,0,0,0,0,0
1231,1196,0,0,0,0,0,0,0
1230,1195,0,0,0,0,0,0,0
1234,1196,0,0,0,0,0,0,0
1241,1195,0,0,0,0,0,0,0
1231,1196,0,0,0,0,0,0,0
1231,1197,0,0,0,0,0,0,0
1229,1196,0,0,0,0,0,0,0
1231,1193,0,0,0,0,0,0,0
1231,1197,0,0,0,0,0,0,0
1264,1231,0,0,0,0,0,0,0
1241,1205,0,0,0,0,0,0,0
1124,1102,0,0,0,0,0,0,0
773,787,0,0,0,0,0,0,0
512,501,0,0,0,0,0,0,0
1040,1041,0,0,0,0,0,0,0
1648,1825,0,0,0,0,0,0,0
940,972,0,0,0,0,0,0,0
631,580,0,0,0,0,0,0,0
978,909,0,0,0,0,0,0,0
1221,1162,0,0,0,0,0,0,0
1232,1170,0,0,0,0,0,0,0
1220,1195,0,0,0,0,0,0,0
1241,1207,0,0,0,0,0,0,0
1233,1205,0,0,0,0,0,0,0
1233,1197,0,0,0,0,0,0,0
1231,1199,0,0,0,0,0,0,0
1234,1196,0,0,0,0,0,0,0
1234,1195,0,0,0,0,0,0,0
1230,1197,0,0,0,0,0,0,0
1230,1194,0,0,0,0,0,0,0
1232,1195,0,0,0,0,0,0,0
1229,1195,0,0,0,0,0,0,0
1232,1193,0,0,0,0,0,0,0
1233,1196,0,0,0,0,0,0,0
1232,1195,0,0,0,0,0,0,0
1233,1194,0,0,0,0,0,0,0
1234,1195,0,0,0,0,0,0,0
1233,1194,0,0,0,0,0,0,0
1231,1196,0,0,0,0,0,0,0
1230,1197,0,0,0,0,0,0,0
1232,1195,0,0,0,0,0,0,0
1233,1195,0,0,0,0,0,0,0
1230,1196,0,0,0,0,0,0,0
1231,1194,0,0,0,0,0,0,0
1230,1196,0,0,0,0,0,0,0
1233,1193,0,0,0,0,0,0,0
1233,1193,0,0,0,0,0,0,0
1233,1195,0,0,0,0,0,0,0
1234,1195,0,0,0,0,0,0,0
1231,1195,0,0,0,0,0,0,0
1234,1194,0,0,0,0,0,0,0
1233,1193,0,0,0,0,0,0,0
1230,1195,0,0,0,0,0,0,0
1232,1194,0,0,0,0,0,0,0
1230,1195,0,0,0,0,0,0,0
1221,1197,0,0,0,0,0,0,0
1232,1196,0,0,0,0,0,0,0
1230,1197,0,0,0,0,0,0,0
1232,1195,0,0,0,0,0,0,0
1234,1195,0,0,0,0,0,0,0
1231,1195,0,0,0,0,0,0,0
1229,1196,0,0,0,0,0,0,0
1231,1195,0,0,0,0,0,0,0
1229,1196,0,0,0,0,0,0,0
1230,1195,0,0,0,0,0,0,0
1231,1194,0,0,0,0,0,0,0
1231,1193,0,0,0,0,0,0,0
1231,1196,0,0,0,0,0,0,0
1230,1196,0,0,0,0,0,0,0
1231,1195,0,0,0,0,0,0,0
1231,1196,0,0,0,0,0,0,0
1232,1192,0,0,0,0,0,0,0
1231,1195,0,0,0,0,0,0,0
1231,1195,0,0,0,0,0,0,0
1232,1193,0,0,0,0,0,0,0
1230,1197,0,0,0,0,0,0,0
1231,1197,0,0,0,0,0,0,0
1241,1195,0,0,0,0,0,0,0
1231,1195,0,0,0,0,0,0,0
1230,1196,0,0,0,0,0,0,0
1234,1195,0,0,0,0,0,0,0
1230,1196,0,0,0,0,0,0,0
1230,1196,0,0,0,0,0,0,0
1240,1196,0,0,0,0,0,0,0
1233,1195,0,0,0,0,0,0,0
1232,1195,0,0,0,0,0,0,0
1229,1196,0,0,0,0,0,0,0
1230,1196,0,0,0,0,0,0,0
1241,1194,0,0,0,0,0,0,0
1230,1196,0,0,0,0,0,0,0
1231,1196,0,0,0,0,0,0,0
1230,1195,0,0,0,0,0,0,0
1231,1195,0,0,0,0,0,0,0
1232,1196,0,0,0,0,0,0,0
1230,1194,0,0,0,0,0,0,0
1230,1196,0,0,0,0,0,0,0
1229,1197,0,0,0,0,0,0,0
1231,1195,0,0,0,0,0,0,0
1229,1196,0,0,0,0,0,0,0
1231,1196,0,0,0,0,0,0,0
1230,1195,0,0,0,0,0,0,0
1231,1195,0,0,0,0,0,0,0
1231,1195,0,0,0,0,0,0,0
1232,1196,0,0,0,0,0,0,0
1231,1194,0,0,0,0,0,0,0
1233,1195,0,0,0,0,0,0,0
1230,1196,0,0,0,0,0,0,0
1231,1195,0,0,0,0,0,0,0
1233,1197,0,0,0,0,0,0,0
1230,1195,0,0,0,0,0,0,0
1230,1204,0,0,0,0,0,0,0
1231,1196,0,0,0,0,0,0,0
1231,1197,0,0,0,0,0,0,0
1221,1193,0,0,0,0,0,0,0
1229,1195,0,0,0,0,0,0,0
1231,1196,0,0,0,0,0,0,0
1229,1194,0,0,0,0,0,0,0
1229,1196,0,0,0,0,0,0,0
1229,1195,0,0,0,0,0,0,0
1231,1196,0,0,0,0,0,0,0
1231,1195,0,0,0,0,0,0,0
1229,1195,0,0,0,0,0,0,0
1233,1194,0,0,0,0,0,0,0
1231,1195,0,0,0,0,0,0,0
1230,1196,0,0,0,0,0,0,0
1231,1197,0,0,0,0,0,0,0
1230,1196,0,0,0,0,0,0,0
1233,1194,0,0,0,0,0,0,0
1231,1195,0,0,0,0,0,0,0
1232,1194,0,0,0,0,0,0,0
1231,1194,0,0,0,0,0,0,0
1230,1196,0,0,0,0,0,0,0
1230,1196,0,0,0,0,0,0,0
1231,1193,0,0,0,0,0,0,0
1231,1199,0,0,0,0,0,0,0
1233,1193,0,0,0,0,0,0,0
1230,1196,0,0,0,0,0,0,0
1230,1196,0,0,0,0,0,0,0
1221,1196,0,0,0,0,0,0,0
1229,1195,0,0,0,0,0,0,0
1233,1196,0,0,0,0,0,0,0
1241,1196,0,0,0,0,0,0,0
1230,1197,0,0,0,0,0,0,0
1229,1195,0,0,0,0,0,0,0
1230,1196,0,0,0,0,0,0,0
1229,1195,0,0,0,0,0,0,0
1229,1196,0,0,0,0,0,0,0
1229,1195,0,0,0,0,0,0,0
1230,1196,0,0,0,0,0,0,0
1229,1197,0,0,0,0,0,0,0
1231,1195,0,0,0,0,0,0,0
1229,1193,0,0,0,0,0,0,0
1230,1196,0,0,0,0,0,0,0
1229,1195,0,0,0,0,0,0,0
1230,1197,0,0,0,0,0,0,0
1230,1194,0,0,0,0,0,0,0
1241,1195,0,0,0,0,0,0,0
1221,1195,0,0,0,0,0,0,0
1232,1195,0,0,0,0,0,0,0
1233,1195,0,0,0,0,0,0,0
1231,1194,0,0,0,0,0,0,0
1232,1195,0,0,0,0,0,0,0
1231,1195,0,0,0,0,0,0,0
1230,1196,0,0,0,0,0,0,0
1230,1197,0,0,0,0,0,0,0
1230,1197,0,0,0,0,0,0,0
1231,1195,0,0,0,0,0,0,0
1233,1195,0,0,0,0,0,0,0
1230,1197,0,0,0,0,0,0,0
1231,1195,0,0,0,0,0,0,0
1232,1196,0,0,0,0,0,0,0
1231,1192,0,0,0,0,0,0,0
1230,1193,0,0,0,0,0,0,0
1231,1194,0,0,0,0,0,0,0
1230,1196,0,0,0,0,0,0,0
1229,1197,0,0,0,0,0,0,0
1230,1196,0,0,0,0,0,0,0
1232,1193,0,0,0,0,0,0,0
1234,1195,0,0,0,0,0,0,0
1230,1195,0,0,0,0,0,0,0
1233,1193,0,0,0,0,0,0,0
1232,1194,0,0,0,0,0,0,0
1231,1194,0,0,0,0,0,0,0
1229,1195,0,0,0,0,0,0,0
1229,1196,0,0,0,0,0,0,0
1234,1194,0,0,0,0,0,0,0
1231,1195,0,0,0,0,0,0,0
1241,1194,0,0,0,0,0,0,0
1230,1193,0,0,0,0,0,0,0
1230,1193,0,0,0,0,0,0,0
1230,1195,0,0,0,0,0,0,0
1233,1193,0,0,0,0,0,0,0
1232,1194,0,0,0,0,0,0,0
1230,1195,0,0,0,0,0,0,0
1233,1196,0,0,0,0,0,0,0
1230,1192,0,0,0,0,0,0,0
1232,1196,0,0,0,0,0,0,0
1230,1196,0,0,0,0,0,0,0
1230,1196,0,0,0,0,0,0,0
1230,1196,0,0,0,0,0,0,0
1231,1194,0,0,0,0,0,0,0
1233,1195,0,0,0,0,0,0,0
1229,1196,0,0,0,0,0,0,0
1233,1186,0,0,0,0,0,0,0
1231,1195,0,0,0,0,0,0,0
1231,1194,0,0,0,0,0,0,0
1230,1193,0,0,0,0,0,0,0
1231,1192,0,0,0,0,0,0,0
1231,1196,0,0,0,0,0,0,0
1231,1196,0,0,0,0,0,0,0
1230,1197,0,0,0,0,0,0,0
1230,1196,0,0,0,0,0,0,0
1230,1195,0,0,0,0,0,0,0
1230,1195,0,0,0,0,0,0,0
1231,1195,0,0,0,0,0,0,0
1234,1194,0,0,0,0,0,0,0
1229,1196,0,0,0,0,0,0,0
1233,1195,0,0,0,0,0,0,0
1230,1196,0,0,0,0,0,0,0
1230,1196,0,0,0,0,0,0,0
1232,1193,0,0,0,0,0,0,0
1231,1193,0,0,0,0,0,0,0
1229,1197,0,0,0,0,0,0,0
1233,1195,0,0,0,0,0,0,0
1221,1197,0,0,0,0,0,0,0
1231,1196,0,0,0,0,0,0,0
1221,1196,0,0,0,0,0,0,0
1232,1195,0,0,0,0,0,0,0
1230,1196,0,0,0,0,0,0,0
1230,1196,0,0,0,0,0,0,0
1230,1195,0,0,0,0,0,0,0
1233,1193,0,0,0,0,0,0,0
1229,1197,0,0,0,0,0,0,0
1230,1193,0,0,0,0,0,0,0
1230,1205,0,0,0,0,0,0,0
1231,1196,0,0,0,0,0,0,0
1241,1187,0,0,0,0,0,0,0
1229,1195,0,0,0,0,0,0,0
1231,1196,0,0,0,0,0,0,0
1231,1194,0,0,0,0,0,0,0
1230,1197,0,0,0,0,0,0,0
1233,1193,0,0,0,0,0,0,0
1231,1194,0,0,0,0,0,0,0
1232,1193,0,0,0,0,0,0,0
1231,1194,0,0,0,0,0,0,0
1231,1196,0,0,0,0,0,0,0
1229,1195,0,0,0,0,0,0,0
1232,1195,0,0,0,0,0,0,0
1230,1196,0,0,0,0,0,0,0
1233,1195,0,0,0,0,0,0,0
1229,1197,0,0,0,0,0,0,0
1232,1194,0,0,0,0,0,0,0
1230,1195,0,0,0,0,0,0,0
1234,1195,0,0,0,0,0,0,0
1230,1195,0,0,0,0,0,0,0
1230,1195,0,0,0,0,0,0,0
1231,1195,0,0,0,0,0,0,0
1230,1196,0,0,0,0,0,0,0
1231,1196,0,0,0,0,0,0,0
1230,1196,0,0,0,0,0,0,0
1240,1194,0,0,0,0,0,0,0
1233,1194,0,0,0,0,0,0,0
1221,1195,0,0,0,0,0,0,0
1233,1195,0,0,0,0,0,0,0
1231,1193,0,0,0,0,0,0,0
1231,1194,0,0,0,0,0,0,0
1230,1195,0,0,0,0,0,0,0
1230,1197,0,0,0,0,0,0,0
1234,1195,0,0,0,0,0,0,0
1230,1193,0,0,0,0,0,0,0
1230,1193,0,0,0,0,0,0,0
1231,1196,0,0,0,0,0,0,0
1231,1194,0,0,0,0,0,0,0
1233,1196,0,0,0,0,0,0,0
1231,1192,0,0,0,0,0,0,0
1231,1195,0,0,0,0,0,0,0
1231,1197,0,0,0,0,0,0,0
1230,1195,0,0,0,0,0,0,0
1229,1194,0,0,0,0,0,0,0
1230,1193,0,0,0,0,0,0,0
1232,1195,0,0,0,0,0,0,0
1230,1195,0,0,0,0,0,0,0
1231,1196,0,0,0,0,0,0,0
1233,1196,0,0,0,0,0,0,0
1234,1197,0,0,0,0,0,0,0
1230,1196,0,0,0,0,0,0,0
1229,1193,0,0,0,0,0,0,0
1232,1195,0,0,0,0,0,0,0
1230,1196,0,0,0,0,0,0,0
1231,1195,0,0,0,0,0,0,0
1229,1195,0,0,0,0,0,0,0
1230,1205,0,0,0,0,0,0,0
1229,1193,0,0,0,0,0,0,0
1232,1195,0,0,0,0,0,0,0
1230,1196,0,0,0,0,0,0,0
1229,1195,0,0,0,0,0,0,0
1234,1194,0,0,0,0,0,0,0
1229,1196,0,0,0,0,0,0,0
1230,1195,0,0,0,0,0,0,0
1229,1197,0,0,0,0,0,0,0
1240,1195,0,0,0,0,0,0,0
1233,1195,0,0,0,0,0,0,0
1233,1195,0,0,0,0,0,0,0
1229,1195,0,0,0,0,0,0,0
1232,1195,0,0,0,0,0,0,0
1230,1196,0,0,0,0,0,0,0
1231,1195,0,0,0,0,0,0,0
1229,1195,0,0,0,0,0,0,0
1233,1195,0,0,0,0,0,0,0
1230,1197,0,0,0,0,0,0,0
1232,1195,0,0,0,0,0,0,0
1233,1193,0,0,0,0,0,0,0
1234,1195,0,0,0,0,0,0,0
1232,1196,0,0,0,0,0,0,0
1231,1196,0,0,0,0,0,0,0
1230,1196,0,0,0,0,0,0,0
1230,1195,0,0,0,0,0,0,0
1231,1195,0,0,0,0,0,0,0
1231,1195,0,0,0,0,0,0,0
1229,1196,0,0,0,0,0,0,0
1230,1195,0,0,0,0,0,0,0
1230,1195,0,0,0,0,0,0,0
1233,1196,0,0,0,0,0,0,0
1234,1195,0,0,0,0,0,0,0
1230,1197,0,0,0,0,0,0,0
1230,1195,0,0,0,0,0,0,0
1232,1195,0,0,0,0,0,0,0
1232,1194,0,0,0,0,0,0,0
1229,1197,0,0,0,0,0,0,0
1230,1196,0,0,0,0,0,0,0
1233,1195,0,0,0,0,0,0,0
1220,1195,0,0,0,0,0,0,0
1230,1195,0,0,0,0,0,0,0
1230,1196,0,0,0,0,0,0,0
1231,1197,0,0,0,0,0,0,0
1230,1196,0,0,0,0,0,0,0
1231,1195,0,0,0,0,0,0,0
1229,1195,0,0,0,0,0,0,0
1231,1194,0,0,0,0,0,0,0
1229,1195,0,0,0,0,0,0,0
1233,1196,0,0,0,0,0,0,0
1232,1195,0,0,0,0,0,0,0
1234,1196,0,0,0,0,0,0,0
1231,1194,0,0,0,0,0,0,0
1231,1196,0,0,0,0,0,0,0
1231,1196,0,0,0,0,0,0,0
1230,1196,0,0,0,0,0,0,0
1231,1195,0,0,0,0,0,0,0
1234,1196,0,0,0,0,0,0,0
1231,1195,0,0,0,0,0,0,0
1231,1193,0,0,0,0,0,0,0
1231,1196,0,0,0,0,0,0,0
1230,1196,0,0,0,0,0,0,0
1233,1196,0,0,0,0,0,0,0
1232,1197,0,0,0,0,0,0,0
1229,1195,0,0,0,0,0,0,0
1230,1196,0,0,0,0,0,0,0
1232,1197,0,0,0,0,0,0,0
1230,1196,0,0,0,0,0,0,0
1231,1194,0,0,0,0,0,0,0
1230,1197,0,0,0,0,0,0,0
1234,1197,0,0,0,0,0,0,0
1232,1196,0,0,0,0,0,0,0
1230,1194,0,0,0,0,0,0,0
1234,1195,0,0,0,0,0,0,0
1229,1197,0,0,0,0,0,0,0
1231,1196,0,0,0,0,0,0,0
1232,1195,0,0,0,0,0,0,0
1231,1194,0,0,0,0,0,0,0
1231,1196,0,0,0,0,0,0,0
1230,1194,0,0,0,0,0,0,0
1231,1196,0,0,0,0,0,0,0
1231,1194,0,0,0,0,0,0,0
1233,1195,0,0,0,0,0,0,0
1230,1197,0,0,0,0,0,0,0
1230,1197,0,0,0,0,0,0,0
1230,1195,0,0,0,0,0,0,0
1230,1197,0,0,0,0,0,0,0
1231,1194,0,0,0,0,0,0,0
1230,1195,0,0,0,0,0,0,0
1231,1196,0,0,0,0,0,0,0
1231,1192,0,0,0,0,0,0,0
1232,1195,0,0,0,0,0,0,0
1231,1196,0,0,0,0,0,0,0
1230,1196,0,0,0,0,0,0,0
1229,1196,0,0,0,0,0,0,0
1232,1197,0,0,0,0,0,0,0
1231,1196,0,0,0,0,0,0,0
1231,1193,0,0,0,0,0,0,0
1230,1196,0,0,0,0,0,0,0
1230,1195,0,0,0,0,0,0,0
1230,1196,0,0,0,0,0,0,0
1233,1195,0,0,0,0,0,0,0
1231,1195,0,0,0,0,0,0,0
1232,1195,0,0,0,0,0,0,0
1232,1196,0,0,0,0,0,0,0
1230,1194,0,0,0,0,0,0,0
1229,1197,0,0,0,0,0,0,0
1232,1194,0,0,0,0,0,0,0
1229,1197,0,0,0,0,0,0,0
1230,1196,0,0,0,0,0,0,0
1232,1196,0,0,0,0,0,0,0
1231,1196,0,0,0,0,0,0,0
1231,1195,0,0,0,0,0,0,0
1230,1194,0,0,0,0,0,0,0
1229,1193,0,0,0,0,0,0,0
1229,1195,0,0,0,0,0,0,0
1232,1195,0,0,0,0,0,0,0
1232,1194,0,0,0,0,0,0,0
1231,1196,0,0,0,0,0,0,0
1232,1195,0,0,0,0,0,0,0
1233,1194,0,0,0,0,0,0,0
1230,1195,0,0,0,0,0,0,0
1229,1195,0,0,0,0,0,0,0
1229,1197,0,0,0,0,0,0,0
1230,1196,0,0,0,0,0,0,0
1221,1195,0,0,0,0,0,0,0
1230,1197,0,0,0,0,0,0,0
1230,1196,0,0,0,0,0,0,0
1233,1195,0,0,0,0,0,0,0
1229,1194,0,0,0,0,0,0,0
1230,1194,0,0,0,0,0,0,0
1230,1196,0,0,0,0,0,0,0
1229,1197,0,0,0,0,0,0,0
1231,1195,0,0,0,0,0,0,0
1230,1196,0,0,0,0,0,0,0
1233,1195,0,0,0,0,0,0,0
1231,1195,0,0,0,0,0,0,0
1230,1197,0,0,0,0,0,0,0
1230,1195,0,0,0,0,0,0,0
1229,1195,0,0,0,0,0,0,0
1230,1195,0,0,0,0,0,0,0
1234,1197,0,0,0,0,0,0,0
1229,1197,0,0,0,0,0,0,0
1231,1195,0,0,0,0,0,0,0
1230,1195,0,0,0,0,0,0,0
1232,1193,0,0,0,0,0,0,0
1231,1193,0,0,0,0,0,0,0
1232,1196,0,0,0,0,0,0,0
1232,1195,0,0,0,0,0,0,0
1232,1196,0,0,0,0,0,0,0
1230,1196,0,0,0,0,0,0,0
1229,1197,0,0,0,0,0,0,0
1230,1195,0,0,0,0,0,0,0
1232,1195,0,0,0,0,0,0,0
1230,1197,0,0,0,0,0,0,0
1230,1195,0,0,0,0,0,0,0
1231,1196,0,0,0,0,0,0,0
1231,1192,0,0,0,0,0,0,0
1231,1195,0,0,0,0,0,0,0
1231,1195,0,0,0,0,0,0,0
1221,1194,0,0,0,0,0,0,0
1230,1196,0,0,0,0,0,0,0
1231,1195,0,0,0,0,0,0,0
1232,1195,0,0,0,0,0,0,0
1231,1195,0,0,0,0,0,0,0
1229,1194,0,0,0,0,0,0,0
1233,1196,0,0,0,0,0,0,0
1231,1195,0,0,0,0,0,0,0
1229,1195,0,0,0,0,0,0,0
1220,1197,0,0,0,0,0,0,0
1233,1196,0,0,0,0,0,0,0
1231,1195,0,0,0,0,0,0,0
1230,1196,0,0,0,0,0,0,0
1229,1192,0,0,0,0,0,0,0
1232,1196,0,0,0,0,0,0,0
1231,1194,0,0,0,0,0,0,0
1229,1194,0,0,0,0,0,0,0
1233,1195,0,0,0,0,0,0,0
1233,1195,0,0,0,0,0,0,0
1233,1195,0,0,0,0,0,0,0
1230,1194,0,0,0,0,0,0,0
1231,1195,0,0,0,0,0,0,0
1229,1196,0,0,0,0,0,0,0
1232,1195,0,0,0,0,0,0,0
1234,1195,0,0,0,0,0,0,0
1232,1194,0,0,0,0,0,0,0
1233,1195,0,0,0,0,0,0,0
1231,1195,0,0,0,0,0,0,0
1230,1195,0,0,0,0,0,0,0
1232,1192,0,0,0,0,0,0,0
1231,1193,0,0,0,0,0,0,0
1229,1195,0,0,0,0,0,0,0
1240,1195,0,0,0,0,0,0,0
1230,1195,0,0,0,0,0,0,0
1230,1194,0,0,0,0,0,0,0
1233,1193,0,0,0,0,0,0,0
1231,1195,0,0,0,0,0,0,0
1230,1196,0,0,0,0,0,0,0
1232,1193,0,0,0,0,0,0,0
1231,1196,0,0,0,0,0,0,0
1231,1194,0,0,0,0,0,0,0
1229,1196,0,0,0,0,0,0,0
1232,1196,0,0,0,0,0,0,0
1230,1196,0,0,0,0,0,0,0
1232,1194,0,0,0,0,0,0,0
1230,1196,0,0,0,0,0,0,0
1229,1194,0,0,0,0,0,0,0
1231,1196,0,0,0,0,0,0,0
1229,1196,0,0,0,0,0,0,0
1231,1195,0,0,0,0,0,0,0
1230,1195,0,0,0,0,0,0,0
1230,1196,0,0,0,0,0,0,0
1231,1196,0,0,0,0,0,0,0
1229,1193,0,0,0,0,0,0,0
1233,1194,0,0,0,0,0,0,0
1230,1193,0,0,0,0,0,0,0
1231,1195,0,0,0,0,0,0,0
1232,1197,0,0,0,0,0,0,0
1231,1196,0,0,0,0,0,0,0
1231,1199,0,0,0,0,0,0,0
1233,1194,0,0,0,0,0,0,0
1230,1194,0,0,0,0,0,0,0
1231,1196,0,0,0,0,0,0,0
1231,1193,0,0,0,0,0,0,0
1230,1195,0,0,0,0,0,0,0
1230,1196,0,0,0,0,0,0,0
1230,1196,0,0,0,0,0,0,0
1232,1193,0,0,0,0,0,0,0
1229,1196,0,0,0,0,0,0,0
1230,1193,0,0,0,0,0,0,0
1230,1195,0,0,0,0,0,0,0
1230,1197,0,0,0,0,0,0,0
1231,1197,0,0,0,0,0,0,0
1229,1197,0,0,0,0,0,0,0
1234,1195,0,0,0,0,0,0,0
1229,1194,0,0,0,0,0,0,0
1231,1195,0,0,0,0,0,0,0
1221,1196,0,0,0,0,0,0,0
1229,1195,0,0,0,0,0,0,0
1233,1193,0,0,0,0,0,0,0
1229,1193,0,0,0,0,0,0,0
1231,1196,0,0,0,0,0,0,0
1230,1195,0,0,0,0,0,0,0
1230,1196,0,0,0,0,0,0,0
1233,1194,0,0,0,0,0,0,0
1230,1197,0,0,0,0,0,0,0
1230,1196,0,0,0,0,0,0,0
1230,1196,0,0,0,0,0,0,0
1231,1197,0,0,0,0,0,0,0
1230,1196,0,0,0,0,0,0,0
1232,1196,0,0,0,0,0,0,0
1231,1195,0,0,0,0,0,0,0
1231,1195,0,0,0,0,0,0,0
1229,1194,0,0,0,0,0,0,0
1231,1196,0,0,0,0,0,0,0
1230,1195,0,0,0,0,0,0,0
1231,1196,0,0,0,0,0,0,0
1231,1196,0,0,0,0,0,0,0
1231,1197,0,0,0,0,0,0,0
1231,1194,0,0,0,0,0,0,0
1233,1194,0,0,0,0,0,0,0
1230,1195,0,0,0,0,0,0,0
1232,1196,0,0,0,0,0,0,0
1232,1194,0,0,0,0,0,0,0
1230,1196,0,0,0,0,0,0,0
1229,1196,0,0,0,0,0,0,0
1231,1195,0,0,0,0,0,0,0
1229,1196,0,0,0,0,0,0,0
1239,1195,0,0,0,0,0,0,0
1230,1195,0,0,0,0,0,0,0
1230,1195,0,0,0,0,0,0,0
1231,1194,0,0,0,0,0,0,0
1231,1195,0,0,0,0,0,0,0
1230,1195,0,0,0,0,0,0,0
1230,1196,0,0,0,0,0,0,0
1229,1196,0,0,0,0,0,0,0
1231,1195,0,0,0,0,0,0,0
1231,1196,0,0,0,0,0,0,0
1230,1196,0,0,0,0,0,0,0
1232,1195,0,0,0,0,0,0,0
1230,1195,0,0,0,0,0,0,0
1231,1196,0,0,0,0,0,0,0
1230,1197,0,0,0,0,0,0,0
1241,1194,0,0,0,0,0,0,0
1231,1195,0,0,0,0,0,0,0
1230,1196,0,0,0,0,0,0,0
1231,1193,0,0,0,0,0,0,0
1229,1196,0,0,0,0,0,0,0
1232,1195,0,0,0,0,0,0,0
1231,1195,0,0,0,0,0,0,0
1232,1193,0,0,0,0,0,0,0
1231,1195,0,0,0,0,0,0,0
1234,1195,0,0,0,0,0,0,0
1230,1196,0,0,0,0,0,0,0
1234,1193,0,0,0,0,0,0,0
1229,1196,0,0,0,0,0,0,0
1231,1196,0,0,0,0,0,0,0
1232,1194,0,0,0,0,0,0,0
1231,1195,0,0,0,0,0,0,0
1230,1195,0,0,0,0,0,0,0
1229,1196,0,0,0,0,0,0,0
1230,1196,0,0,0,0,0,0,0
1231,1195,0,0,0,0,0,0,0
1230,1197,0,0,0,0,0,0,0
1232,1195,0,0,0,0,0,0,0
1233,1195,0,0,0,0,0,0,0
1230,1195,0,0,0,0,0,0,0
1231,1197,0,0,0,0,0,0,0
1229,1195,0,0,0,0,0,0,0
1232,1196,0,0,0,0,0,0,0
1232,1194,0,0,0,0,0,0,0
1231,1194,0,0,0,0,0,0,0
1230,1192,0,0,0,0,0,0,0
1231,1194,0,0,0,0,0,0,0
1232,1196,0,0,0,0,0,0,0
1231,1195,0,0,0,0,0,0,0
1234,1195,0,0,0,0,0,0,0
1221,1196,0,0,0,0,0,0,0
1231,1196,0,0,0,0,0,0,0
1229,1193,0,0,0,0,0,0,0
1231,1192,0,0,0,0,0,0,0
1229,1197,0,0,0,0,0,0,0
1230,1194,0,0,0,0,0,0,0
1233,1195,0,0,0,0,0,0,0
1229,1194,0,0,0,0,0,0,0
1231,1197,0,0,0,0,0,0,0
1230,1196,0,0,0,0,0,0,0
1229,1197,0,0,0,0,0,0,0
1230,1196,0,0,0,0,0,0,0
1234,1195,0,0,0,0,0,0,0
1229,1195,0,0,0,0,0,0,0
1231,1195,0,0,0,0,0,0,0
1229,1194,0,0,0,0,0,0,0
1230,1195,0,0,0,0,0,0,0
1232,1196,0,0,0,0,0,0,0
1231,1194,0,0,0,0,0,0,0
1234,1194,0,0,0,0,0,0,0
1230,1193,0,0,0,0,0,0,0
1229,1196,0,0,0,0,0,0,0
1231,1192,0,0,0,0,0,0,0
1233,1194,0,0,0,0,0,0,0
1231,1196,0,0,0,0,0,0,0
1231,1196,0,0,0,0,0,0,0
1230,1194,0,0,0,0,0,0,0
1221,1196,0,0,0,0,0,0,0
1231,1196,0,0,0,0,0,0,0
1229,1195,0,0,0,0,0,0,0
1230,1195,0,0,0,0,0,0,0
1221,1194,0,0,0,0,0,0,0
1231,1204,0,0,0,0,0,0,0
1230,1195,0,0,0,0,0,0,0
1232,1196,0,0,0,0,0,0,0
1231,1193,0,0,0,0,0,0,0
1230,1194,0,0,0,0,0,0,0
1233,1195,0,0,0,0,0,0,0
1230,1195,0,0,0,0,0,0,0
1230,1196,0,0,0,0,0,0,0
1232,1197,0,0,0,0,0,0,0
1233,1196,0,0,0,0,0,0,0
1230,1196,0,0,0,0,0,0,0
1230,1196,0,0,0,0,0,0,0
1230,1196,0,0,0,0,0,0,0
1230,1194,0,0,0,0,0,0,0
1232,1197,0,0,0,0,0,0,0
1233,1197,0,0,0,0,0,0,0
1230,1195,0,0,0,0,0,0,0
1231,1196,0,0,0,0,0,0,0
1231,1197,0,0,0,0,0,0,0
1230,1196,0,0,0,0,0,0,0
1232,1193,0,0,0,0,0,0,0
1230,1193,0,0,0,0,0,0,0
1234,1205,0,0,0,0,0,0,0
1268,1241,0,0,0,0,0,0,0
1220,1192,0,0,0,0,0,0,0
981,990,0,0,0,0,0,0,0
609,635,0,0,0,0,0,0,0
606,584,0,0,0,0,0,0,0
1470,1479,0,0,0,0,0,0,0
1527,1584,0,0,0,0,0,0,0
634,656,0,0,0,0,0,0,0
725,679,0,0,0,0,0,0,0
1113,1074,0,0,0,0,0,0,0
1243,1206,0,0,0,0,0,0,0
1232,1172,0,0,0,0,0,0,0
1232,1136,0,0,0,0,0,0,0
1232,1195,0,0,0,0,0,0,0
1232,1196,0,0,0,0,0,0,0
1230,1195,0,0,0,0,0,0,0
1231,1197,0,0,0,0,0,0,0
1229,1204,0,0,0,0,0,0,0
1233,1196,0,0,0,0,0,0,0
1230,1195,0,0,0,0,0,0,0
1232,1196,0,0,0,0,0,0,0
1233,1195,0,0,0,0,0,0,0
1230,1194,0,0,0,0,0,0,0
1230,1194,0,0,0,0,0,0,0
1232,1195,0,0,0,0,0,0,0
1230,1187,0,0,0,0,0,0,0
1230,1196,0,0,0,0,0,0,0
1234,1196,0,0,0,0,0,0,0
1230,1195,0,0,0,0,0,0,0
1230,1194,0,0,0,0,0,0,0
1232,1196,0,0,0,0,0,0,0
1230,1196,0,0,0,0,0,0,0
1229,1193,0,0,0,0,0,0,0
1230,1193,0,0,0,0,0,0,0
1231,1193,0,0,0,0,0,0,0
1230,1197,0,0,0,0,0,0,0
1233,1196,0,0,0,0,0,0,0
1230,1195,0,0,0,0,0,0,0
1229,1194,0,0,0,0,0,0,0
1230,1193,0,0,0,0,0,0,0
1229,1192,0,0,0,0,0,0,0
1229,1195,0,0,0,0,0,0,0
1229,1195,0,0,0,0,0,0,0
1230,1195,0,0,0,0,0,0,0
1231,1195,0,0,0,0,0,0,0
1230,1196,0,0,0,0,0,0,0
1230,1196,0,0,0,0,0,0,0
1232,1195,0,0,0,0,0,0,0
1233,1193,0,0,0,0,0,0,0
1231,1192,0,0,0,0,0,0,0
1232,1194,0,0,0,0,0,0,0
1230,1195,0,0,0,0,0,0,0
1232,1195,0,0,0,0,0,0,0
1230,1195,0,0,0,0,0,0,0
1241,1195,0,0,0,0,0,0,0
1230,1196,0,0,0,0,0,0,0
1231,1195,0,0,0,0,0,0,0
1230,1196,0,0,0,0,0,0,0
1229,1195,0,0,0,0,0,0,0
1231,1196,0,0,0,0,0,0,0
1231,1195,0,0,0,0,0,0,0
1221,1197,0,0,0,0,0,0,0
1230,1196,0,0,0,0,0,0,0
1231,1195,0,0,0,0,0,0,0
1230,1195,0,0,0,0,0,0,0
1229,1195,0,0,0,0,0,0,0
1232,1195,0,0,0,0,0,0,0
1232,1194,0,0,0,0,0,0,0
1231,1195,0,0,0,0,0,0,0
1231,1196,0,0,0,0,0,0,0
1234,1195,0,0,0,0,0,0,0
1229,1197,0,0,0,0,0,0,0
1231,1195,0,0,0,0,0,0,0
1230,1197,0,0,0,0,0,0,0
1232,1194,0,0,0,0,0,0,0
1232,1193,0,0,0,0,0,0,0
1231,1195,0,0,0,0,0,0,0
1231,1194,0,0,0,0,0,0,0
1230,1197,0,0,0,0,0,0,0
1231,1195,0,0,0,0,0,0,0
1231,1194,0,0,0,0,0,0,0
1230,1193,0,0,0,0,0,0,0
1229,1196,0,0,0,0,0,0,0
1229,1197,0,0,0,0,0,0,0
1231,1193,0,0,0,0,0,0,0
1231,1195,0,0,0,0,0,0,0
1229,1196,0,0,0,0,0,0,0
1231,1197,0,0,0,0,0,0,0
1231,1195,0,0,0,0,0,0,0
1232,1195,0,0,0,0,0,0,0
1231,1194,0,0,0,0,0,0,0
1229,1194,0,0,0,0,0,0,0
1231,1196,0,0,0,0,0,0,0
1230,1194,0,0,0,0,0,0,0
1234,1196,0,0,0,0,0,0,0
1229,1195,0,0,0,0,0,0,0
1233,1194,0,0,0,0,0,0,0
1231,1196,0,0,0,0,0,0,0
1230,1194,0,0,0,0,0,0,0
1233,1195,0,0,0,0,0,0,0
1233,1195,0,0,0,0,0,0,0
1233,1196,0,0,0,0,0,0,0
1231,1196,0,0,0,0,0,0,0
1230,1197,0,0,0,0,0,0,0
1232,1196,0,0,0,0,0,0,0
1230,1197,0,0,0,0,0,0,0
1229,1195,0,0,0,0,0,0,0
1234,1196,0,0,0,0,0,0,0
1229,1195,0,0,0,0,0,0,0
1231,1194,0,0,0,0,0,0,0
1221,1194,0,0,0,0,0,0,0
1229,1194,0,0,0,0,0,0,0
1231,1195,0,0,0,0,0,0,0
1230,1195,0,0,0,0,0,0,0
1231,1195,0,0,0,0,0,0,0
1231,1194,0,0,0,0,0,0,0
1234,1195,0,0,0,0,0,0,0
1230,1196,0,0,0,0,0,0,0
1231,1196,0,0,0,0,0,0,0
1231,1194,0,0,0,0,0,0,0
1231,1197,0,0,0,0,0,0,0
1230,1195,0,0,0,0,0,0,0
1230,1197,0,0,0,0,0,0,0
1231,1195,0,0,0,0,0,0,0
1230,1193,0,0,0,0,0,0,0
1230,1195,0,0,0,0,0,0,0
1230,1195,0,0,0,0,0,0,0
1229,1196,0,0,0,0,0,0,0
1234,1195,0,0,0,0,0,0,0
1229,1196,0,0,0,0,0,0,0
1231,1195,0,0,0,0,0,0,0
1229,1196,0,0,0,0,0,0,0
1230,1193,0,0,0,0,0,0,0
1230,1196,0,0,0,0,0,0,0
1230,1195,0,0,0,0,0,0,0
1230,1196,0,0,0,0,0,0,0
1234,1197,0,0,0,0,0,0,0
1229,1196,0,0,0,0,0,0,0
1230,1195,0,0,0,0,0,0,0
1232,1195,0,0,0,0,0,0,0
1234,1194,0,0,0,0,0,0,0
1230,1194,0,0,0,0,0,0,0
1230,1196,0,0,0,0,0,0,0
1231,1195,0,0,0,0,0,0,0
1231,1193,0,0,0,0,0,0,0
1231,1196,0,0,0,0,0,0,0
1231,1196,0,0,0,0,0,0,0
1229,1195,0,0,0,0,0,0,0
1232,1194,0,0,0,0,0,0,0
1230,1193,0,0,0,0,0,0,0
1231,1196,0,0,0,0,0,0,0
1231,1196,0,0,0,0,0,0,0
1232,1196,0,0,0,0,0,0,0
1232,1197,0,0,0,0,0,0,0
1230,1195,0,0,0,0,0,0,0
1230,1197,0,0,0,0,0,0,0
1231,1195,0,0,0,0,0,0,0
1234,1196,0,0,0,0,0,0,0
1233,1187,0,0,0,0,0,0,0
1231,1205,0,0,0,0,0,0,0
1231,1194,0,0,0,0,0,0,0
1230,1197,0,0,0,0,0,0,0
1234,1196,0,0,0,0,0,0,0
1231,1196,0,0,0,0,0,0,0
1229,1193,0,0,0,0,0,0,0
1233,1196,0,0,0,0,0,0,0
1231,1197,0,0,0,0,0,0,0
1231,1195,0,0,0,0,0,0,0
1233,1195,0,0,0,0,0,0,0
1233,1194,0,0,0,0,0,0,0
1231,1197,0,0,0,0,0,0,0
1230,1196,0,0,0,0,0,0,0
1231,1194,0,0,0,0,0,0,0
1231,1196,0,0,0,0,0,0,0
1230,1195,0,0,0,0,0,0,0
1229,1195,0,0,0,0,0,0,0
1232,1195,0,0,0,0,0,0,0
1232,1195,0,0,0,0,0,0,0
1233,1195,0,0,0,0,0,0,0
1230,1196,0,0,0,0,0,0,0
1229,1194,0,0,0,0,0,0,0
1231,1195,0,0,0,0,0,0,0
1231,1196,0,0,0,0,0,0,0
1231,1195,0,0,0,0,0,0,0
1229,1197,0,0,0,0,0,0,0
1231,1197,0,0,0,0,0,0,0
1229,1196,0,0,0,0,0,0,0
1231,1196,0,0,0,0,0,0,0
1229,1196,0,0,0,0,0,0,0
1232,1194,0,0,0,0,0,0,0
1233,1196,0,0,0,0,0,0,0
1229,1193,0,0,0,0,0,0,0
1229,1195,0,0,0,0,0,0,0
1232,1196,0,0,0,0,0,0,0
1233,1197,0,0,0,0,0,0,0
1233,1195,0,0,0,0,0,0,0
1233,1196,0,0,0,0,0,0,0
1229,1196,0,0,0,0,0,0,0
1231,1193,0,0,0,0,0,0,0
1230,1196,0,0,0,0,0,0,0
1230,1193,0,0,0,0,0,0,0
1229,1196,0,0,0,0,0,0,0
1231,1196,0,0,0,0,0,0,0
1231,1195,0,0,0,0,0,0,0
1229,1196,0,0,0,0,0,0,0
1231,1195,0,0,0,0,0,0,0
1229,1193,0,0,0,0,0,0,0
1229,1194,0,0,0,0,0,0,0
1231,1193,0,0,0,0,0,0,0
1221,1195,0,0,0,0,0,0,0
1233,1196,0,0,0,0,0,0,0
1231,1196,0,0,0,0,0,0,0
1229,1196,0,0,0,0,0,0,0
1241,1195,0,0,0,0,0,0,0
1230,1194,0,0,0,0,0,0,0
1230,1193,0,0,0,0,0,0,0
1230,1194,0,0,0,0,0,0,0
1230,1194,0,0,0,0,0,0,0
1230,1196,0,0,0,0,0,0,0
1231,1197,0,0,0,0,0,0,0
1230,1195,0,0,0,0,0,0,0
1231,1197,0,0,0,0,0,0,0
1233,1195,0,0,0,0,0,0,0
1231,1193,0,0,0,0,0,0,0
1231,1195,0,0,0,0,0,0,0
1229,1195,0,0,0,0,0,0,0
1230,1196,0,0,0,0,0,0,0
1231,1197,0,0,0,0,0,0,0
1230,1196,0,0,0,0,0,0,0
1231,1196,0,0,0,0,0,0,0
1231,1196,0,0,0,0,0,0,0
1229,1196,0,0,0,0,0,0,0
1231,1194,0,0,0,0,0,0,0
1233,1195,0,0,0,0,0,0,0
1231,1195,0,0,0,0,0,0,0
1231,1196,0,0,0,0,0,0,0
1230,1196,0,0,0,0,0,0,0
1232,1196,0,0,0,0,0,0,0
1231,1193,0,0,0,0,0,0,0
1230,1195,0,0,0,0,0,0,0
1231,1197,0,0,0,0,0,0,0
1234,1196,0,0,0,0,0,0,0
1231,1195,0,0,0,0,0,0,0
1230,1196,0,0,0,0,0,0,0
1233,1195,0,0,0,0,0,0,0
1229,1196,0,0,0,0,0,0,0
1232,1196,0,0,0,0,0,0,0
1229,1193,0,0,0,0,0,0,0
1232,1195,0,0,0,0,0,0,0
1231,1195,0,0,0,0,0,0,0
1231,1196,0,0,0,0,0,0,0
1232,1195,0,0,0,0,0,0,0
1231,1196,0,0,0,0,0,0,0
1230,1195,0,0,0,0,0,0,0
1230,1193,0,0,0,0,0,0,0
1231,1196,0,0,0,0,0,0,0
1232,1196,0,0,0,0,0,0,0
1231,1196,0,0,0,0,0,0,0
1233,1194,0,0,0,0,0,0,0
1231,1195,0,0,0,0,0,0,0
1231,1196,0,0,0,0,0,0,0
1231,1197,0,0,0,0,0,0,0
1231,1196,0,0,0,0,0,0,0
1232,1196,0,0,0,0,0,0,0
1230,1196,0,0,0,0,0,0,0
1232,1195,0,0,0,0,0,0,0
1229,1193,0,0,0,0,0,0,0
1231,1195,0,0,0,0,0,0,0
1231,1194,0,0,0,0,0,0,0
1230,1194,0,0,0,0,0,0,0
1230,1195,0,0,0,0,0,0,0
1230,1194,0,0,0,0,0,0,0
1233,1197,0,0,0,0,0,0,0
1231,1196,0,0,0,0,0,0,0
1234,1196,0,0,0,0,0,0,0
1230,1193,0,0,0,0,0,0,0
1241,1196,0,0,0,0,0,0,0
1231,1196,0,0,0,0,0,0,0
1230,1196,0,0,0,0,0,0,0
1232,1196,0,0,0,0,0,0,0
1232,1197,0,0,0,0,0,0,0
1231,1196,0,0,0,0,0,0,0
1230,1195,0,0,0,0,0,0,0
1230,1196,0,0,0,0,0,0,0
1241,1196,0,0,0,0,0,0,0
1229,1195,0,0,0,0,0,0,0
1234,1195,0,0,0,0,0,0,0
1230,1196,0,0,0,0,0,0,0
1230,1195,0,0,0,0,0,0,0
1230,1197,0,0,0,0,0,0,0
1241,1195,0,0,0,0,0,0,0
1221,1195,0,0,0,0,0,0,0
1231,1196,0,0,0,0,0,0,0
1231,1197,0,0,0,0,0,0,0
1230,1196,0,0,0,0,0,0,0
1230,1196,0,0,0,0,0,0,0
1233,1195,0,0,0,0,0,0,0
1231,1195,0,0,0,0,0,0,0
1232,1195,0,0,0,0,0,0,0
1233,1197,0,0,0,0,0,0,0
1232,1196,0,0,0,0,0,0,0
1230,1196,0,0,0,0,0,0,0
1231,1196,0,0,0,0,0,0,0
1231,1194,0,0,0,0,0,0,0
1231,1196,0,0,0,0,0,0,0
1230,1195,0,0,0,0,0,0,0
1230,1194,0,0,0,0,0,0,0
1231,1196,0,0,0,0,0,0,0
1231,1196,0,0,0,0,0,0,0
1229,1193,0,0,0,0,0,0,0
1229,1196,0,0,0,0,0,0,0
1231,1197,0,0,0,0,0,0,0
1230,1197,0,0,0,0,0,0,0
1229,1195,0,0,0,0,0,0,0
1229,1195,0,0,0,0,0,0,0
1229,1194,0,0,0,0,0,0,0
1231,1196,0,0,0,0,0,0,0
1229,1194,0,0,0,0,0,0,0
1229,1195,0,0,0,0,0,0,0
1231,1193,0,0,0,0,0,0,0
1231,1197,0,0,0,0,0,0,0
1232,1195,0,0,0,0,0,0,0
1233,1195,0,0,0,0,0,0,0
1233,1196,0,0,0,0,0,0,0
1231,1195,0,0,0,0,0,0,0
1231,1196,0,0,0,0,0,0,0
1230,1195,0,0,0,0,0,0,0
1232,1196,0,0,0,0,0,0,0
1231,1197,0,0,0,0,0,0,0
1230,1195,0,0,0,0,0,0,0
1231,1197,0,0,0,0,0,0,0
1231,1197,0,0,0,0,0,0,0
1230,1195,0,0,0,0,0,0,0
1230,1195,0,0,0,0,0,0,0
1231,1194,0,0,0,0,0,0,0
1231,1195,0,0,0,0,0,0,0
1234,1196,0,0,0,0,0,0,0
1230,1196,0,0,0,0,0,0,0
1231,1196,0,0,0,0,0,0,0
1232,1196,0,0,0,0,0,0,0
1230,1193,0,0,0,0,0,0,0
1230,1196,0,0,0,0,0,0,0
1231,1193,0,0,0,0,0,0,0
1231,1197,0,0,0,0,0,0,0
1230,1196,0,0,0,0,0,0,0
1231,1195,0,0,0,0,0,0,0
1229,1196,0,0,0,0,0,0,0
1229,1196,0,0,0,0,0,0,0
1231,1193,0,0,0,0,0,0,0
1231,1194,0,0,0,0,0,0,0
1229,1195,0,0,0,0,0,0,0
1231,1196,0,0,0,0,0,0,0
1231,1194,0,0,0,0,0,0,0
1231,1194,0,0,0,0,0,0,0
1230,1196,0,0,0,0,0,0,0
1232,1196,0,0,0,0,0,0,0
1231,1196,0,0,0,0,0,0,0
1229,1193,0,0,0,0,0,0,0
1230,1192,0,0,0,0,0,0,0
1230,1196,0,0,0,0,0,0,0
1230,1197,0,0,0,0,0,0,0
1231,1193,0,0,0,0,0,0,0
1231,1197,0,0,0,0,0,0,0
1230,1194,0,0,0,0,0,0,0
1231,1195,0,0,0,0,0,0,0
1230,1193,0,0,0,0,0,0,0
1232,1196,0,0,0,0,0,0,0
1229,1195,0,0,0,0,0,0,0
1241,1194,0,0,0,0,0,0,0
1231,1197,0,0,0,0,0,0,0
1230,1197,0,0,0,0,0,0,0
1231,1197,0,0,0,0,0,0,0
1231,1195,0,0,0,0,0,0,0
1229,1194,0,0,0,0,0,0,0
1231,1194,0,0,0,0,0,0,0
1231,1194,0,0,0,0,0,0,0
1230,1196,0,0,0,0,0,0,0
1232,1197,0,0,0,0,0,0,0
1233,1195,0,0,0,0,0,0,0
1231,1195,0,0,0,0,0,0,0
1230,1195,0,0,0,0,0,0,0
1232,1193,0,0,0,0,0,0,0
1229,1194,0,0,0,0,0,0,0
1231,1195,0,0,0,0,0,0,0
1240,1195,0,0,0,0,0,0,0
1231,1193,0,0,0,0,0,0,0
1232,1195,0,0,0,0,0,0,0
1230,1204,0,0,0,0,0,0,0
1230,1196,0,0,0,0,0,0,0
1230,1195,0,0,0,0,0,0,0
1231,1194,0,0,0,0,0,0,0
1231,1194,0,0,0,0,0,0,0
1230,1196,0,0,0,0,0,0,0
1241,1195,0,0,0,0,0,0,0
1231,1197,0,0,0,0,0,0,0
1233,1195,0,0,0,0,0,0,0
1229,1197,0,0,0,0,0,0,0
1234,1195,0,0,0,0,0,0,0
1231,1196,0,0,0,0,0,0,0
1229,1196,0,0,0,0,0,0,0
1233,1194,0,0,0,0,0,0,0
1230,1196,0,0,0,0,0,0,0
1231,1196,0,0,0,0,0,0,0
1230,1197,0,0,0,0,0,0,0
1230,1195,0,0,0,0,0,0,0
1229,1196,0,0,0,0,0,0,0
1231,1193,0,0,0,0,0,0,0
1229,1195,0,0,0,0,0,0,0
1230,1195,0,0,0,0,0,0,0
1229,1204,0,0,0,0,0,0,0
1231,1196,0,0,0,0,0,0,0
1233,1194,0,0,0,0,0,0,0
1233,1195,0,0,0,0,0,0,0
1234,1197,0,0,0,0,0,0,0
1231,1196,0,0,0,0,0,0,0
1230,1195,0,0,0,0,0,0,0
1229,1195,0,0,0,0,0,0,0
1234,1194,0,0,0,0,0,0,0
1231,1194,0,0,0,0,0,0,0
1230,1195,0,0,0,0,0,0,0
1232,1195,0,0,0,0,0,0,0
1231,1193,0,0,0,0,0,0,0
1230,1197,0,0,0,0,0,0,0
1231,1195,0,0,0,0,0,0,0
1232,1195,0,0,0,0,0,0,0
1231,1195,0,0,0,0,0,0,0
1230,1196,0,0,0,0,0,0,0
1231,1195,0,0,0,0,0,0,0
1231,1195,0,0,0,0,0,0,0
1231,1193,0,0,0,0,0,0,0
1230,1195,0,0,0,0,0,0,0
1233,1195,0,0,0,0,0,0,0
1231,1194,0,0,0,0,0,0,0
1231,1193,0,0,0,0,0,0,0
1231,1195,0,0,0,0,0,0,0
1231,1196,0,0,0,0,0,0,0
1231,1194,0,0,0,0,0,0,0
1230,1197,0,0,0,0,0,0,0
1231,1194,0,0,0,0,0,0,0
1230,1195,0,0,0,0,0,0,0
1231,1193,0,0,0,0,0,0,0
1229,1196,0,0,0,0,0,0,0
1231,1195,0,0,0,0,0,0,0
1231,1194,0,0,0,0,0,0,0
1232,1196,0,0,0,0,0,0,0
1230,1196,0,0,0,0,0,0,0
1231,1199,0,0,0,0,0,0,0
1231,1196,0,0,0,0,0,0,0
1231,1195,0,0,0,0,0,0,0
1229,1196,0,0,0,0,0,0,0
1231,1196,0,0,0,0,0,0,0
1233,1194,0,0,0,0,0,0,0
1230,1196,0,0,0,0,0,0,0
1233,1195,0,0,0,0,0,0,0
1230,1193,0,0,0,0,0,0,0
1231,1194,0,0,0,0,0,0,0
1233,1193,0,0,0,0,0,0,0
1231,1193,0,0,0,0,0,0,0
1230,1192,0,0,0,0,0,0,0
1232,1195,0,0,0,0,0,0,0
1230,1195,0,0,0,0,0,0,0
1234,1195,0,0,0,0,0,0,0
1230,1193,0,0,0,0,0,0,0
1230,1195,0,0,0,0,0,0,0
1230,1196,0,0,0,0,0,0,0
1230,1194,0,0,0,0,0,0,0
1230,1194,0,0,0,0,0,0,0
1230,1197,0,0,0,0,0,0,0
1230,1196,0,0,0,0,0,0,0
1230,1195,0,0,0,0,0,0,0
1230,1196,0,0,0,0,0,0,0
1231,1194,0,0,0,0,0,0,0
1230,1195,0,0,0,0,0,0,0
1231,1195,0,0,0,0,0,0,0
1231,1196,0,0,0,0,0,0,0
1229,1195,0,0,0,0,0,0,0
1231,1196,0,0,0,0,0,0,0
1231,1193,0,0,0,0,0,0,0
1233,1196,0,0,0,0,0,0,0
1232,1195,0,0,0,0,0,0,0
1230,1195,0,0,0,0,0,0,0
1229,1195,0,0,0,0,0,0,0
1233,1195,0,0,0,0,0,0,0
1233,1195,0,0,0,0,0,0,0
1229,1193,0,0,0,0,0,0,0
1230,1195,0,0,0,0,0,0,0
1234,1195,0,0,0,0,0,0,0
1233,1195,0,0,0,0,0,0,0
1231,1195,0,0,0,0,0,0,0
1231,1194,0,0,0,0,0,0,0
1232,1196,0,0,0,0,0,0,0
1229,1195,0,0,0,0,0,0,0
1231,1196,0,0,0,0,0,0,0
1229,1194,0,0,0,0,0,0,0
1233,1195,0,0,0,0,0,0,0
1231,1196,0,0,0,0,0,0,0
1231,1195,0,0,0,0,0,0,0
1230,1193,0,0,0,0,0,0,0
1230,1194,0,0,0,0,0,0,0
1230,1196,0,0,0,0,0,0,0
1230,1196,0,0,0,0,0,0,0
1229,1196,0,0,0,0,0,0,0
1231,1197,0,0,0,0,0,0,0
1234,1193,0,0,0,0,0,0,0
1232,1193,0,0,0,0,0,0,0
1232,1194,0,0,0,0,0,0,0
1231,1195,0,0,0,0,0,0,0
1221,1195,0,0,0,0,0,0,0
1229,1195,0,0,0,0,0,0,0
1231,1195,0,0,0,0,0,0,0
1230,1194,0,0,0,0,0,0,0
1232,1194,0,0,0,0,0,0,0
1232,1196,0,0,0,0,0,0,0
1231,1193,0,0,0,0,0,0,0
1241,1196,0,0,0,0,0,0,0
1231,1194,0,0,0,0,0,0,0
1221,1195,0,0,0,0,0,0,0
1233,1194,0,0,0,0,0,0,0
1234,1196,0,0,0,0,0,0,0
1221,1195,0,0,0,0,0,0,0
1231,1196,0,0,0,0,0,0,0
1232,1196,0,0,0,0,0,0,0
1230,1196,0,0,0,0,0,0,0
1231,1193,0,0,0,0,0,0,0
1230,1197,0,0,0,0,0,0,0
1230,1195,0,0,0,0,0,0,0
1229,1197,0,0,0,0,0,0,0
1234,1195,0,0,0,0,0,0,0
1232,1194,0,0,0,0,0,0,0
1231,1205,0,0,0,0,0,0,0
1231,1193,0,0,0,0,0,0,0
1231,1193,0,0,0,0,0,0,0
1230,1196,0,0,0,0,0,0,0
1232,1197,0,0,0,0,0,0,0
1231,1194,0,0,0,0,0,0,0
1231,1195,0,0,0,0,0,0,0
1230,1196,0,0,0,0,0,0,0
1230,1195,0,0,0,0,0,0,0
1229,1196,0,0,0,0,0,0,0
1234,1196,0,0,0,0,0,0,0
1231,1193,0,0,0,0,0,0,0
1231,1195,0,0,0,0,0,0,0
1231,1195,0,0,0,0,0,0,0
1232,1197,0,0,0,0,0,0,0
1231,1194,0,0,0,0,0,0,0
1231,1197,0,0,0,0,0,0,0
1232,1195,0,0,0,0,0,0,0
1230,1195,0,0,0,0,0,0,0
1231,1193,0,0,0,0,0,0,0
1230,1196,0,0,0,0,0,0,0
1229,1196,0,0,0,0,0,0,0
1230,1196,0,0,0,0,0,0,0
1231,1196,0,0,0,0,0,0,0
1232,1197,0,0,0,0,0,0,0
1231,1196,0,0,0,0,0,0,0
1230,1195,0,0,0,0,0,0,0
1233,1195,0,0,0,0,0,0,0
1233,1195,0,0,0,0,0,0,0
1231,1194,0,0,0,0,0,0,0
1230,1195,0,0,0,0,0,0,0
1230,1195,0,0,0,0,0,0,0
1231,1195,0,0,0,0,0,0,0
1231,1195,0,0,0,0,0,0,0
1232,1195,0,0,0,0,0,0,0
1232,1195,0,0,0,0,0,0,0
1230,1195,0,0,0,0,0,0,0
1232,1196,0,0,0,0,0,0,0
1230,1197,0,0,0,0,0,0,0
1232,1194,0,0,0,0,0,0,0
1231,1195,0,0,0,0,0,0,0
1230,1195,0,0,0,0,0,0,0
1230,1197,0,0,0,0,0,0,0
1232,1194,0,0,0,0,0,0,0
1231,1192,0,0,0,0,0,0,0
1230,1195,0,0,0,0,0,0,0
1231,1196,0,0,0,0,0,0,0
1230,1195,0,0,0,0,0,0,0
1233,1195,0,0,0,0,0,0,0
1230,1193,0,0,0,0,0,0,0
1230,1196,0,0,0,0,0,0,0
1230,1194,0,0,0,0,0,0,0
1232,1195,0,0,0,0,0,0,0
1229,1195,0,0,0,0,0,0,0
1231,1195,0,0,0,0,0,0,0
1233,1195,0,0,0,0,0,0,0
1232,1194,0,0,0,0,0,0,0
1232,1194,0,0,0,0,0,0,0
1231,1195,0,0,0,0,0,0,0
1229,1194,0,0,0,0,0,0,0
1229,1193,0,0,0,0,0,0,0
1231,1195,0,0,0,0,0,0,0
1231,1195,0,0,0,0,0,0,0
1230,1193,0,0,0,0,0,0,0
1230,1193,0,0,0,0,0,0,0
1231,1194,0,0,0,0,0,0,0
1233,1192,0,0,0,0,0,0,0
1233,1197,0,0,0,0,0,0,0
1230,1197,0,0,0,0,0,0,0
1230,1195,0,0,0,0,0,0,0
1233,1195,0,0,0,0,0,0,0
1230,1195,0,0,0,0,0,0,0
1229,1195,0,0,0,0,0,0,0
1229,1195,0,0,0,0,0,0,0
1229,1197,0,0,0,0,0,0,0
1231,1197,0,0,0,0,0,0,0
1233,1197,0,0,0,0,0,0,0
1229,1193,0,0,0,0,0,0,0
1230,1197,0,0,0,0,0,0,0
1231,1195,0,0,0,0,0,0,0
1232,1196,0,0,0,0,0,0,0
1231,1197,0,0,0,0,0,0,0
1231,1194,0,0,0,0,0,0,0
1231,1193,0,0,0,0,0,0,0
1232,1194,0,0,0,0,0,0,0
1233,1193,0,0,0,0,0,0,0
1231,1195,0,0,0,0,0,0,0
1231,1195,0,0,0,0,0,0,0
1230,1195,0,0,0,0,0,0,0
1231,1197,0,0,0,0,0,0,0
1231,1193,0,0,0,0,0,0,0
1231,1196,0,0,0,0,0,0,0
1231,1196,0,0,0,0,0,0,0
1231,1195,0,0,0,0,0,0,0
1231,1193,0,0,0,0,0,0,0
1231,1195,0,0,0,0,0,0,0
1233,1197,0,0,0,0,0,0,0
1230,1196,0,0,0,0,0,0,0
1233,1196,0,0,0,0,0,0,0
1232,1197,0,0,0,0,0,0,0
1230,1195,0,0,0,0,0,0,0
1230,1196,0,0,0,0,0,0,0
1229,1194,0,0,0,0,0,0,0
1230,1193,0,0,0,0,0,0,0
1230,1193,0,0,0,0,0,0,0
1231,1193,0,0,0,0,0,0,0
1232,1196,0,0,0,0,0,0,0
1232,1195,0,0,0,0,0,0,0
1230,1192,0,0,0,0,0,0,0
1230,1196,0,0,0,0,0,0,0
1230,1196,0,0,0,0,0,0,0
1232,1193,0,0,0,0,0,0,0
1232,1194,0,0,0,0,0,0,0
1241,1196,0,0,0,0,0,0,0
1232,1196,0,0,0,0,0,0,0
1230,1194,0,0,0,0,0,0,0
1230,1196,0,0,0,0,0,0,0
1230,1195,0,0,0,0,0,0,0
1240,1196,0,0,0,0,0,0,0
1230,1194,0,0,0,0,0,0,0
1230,1196,0,0,0,0,0,0,0
1233,1196,0,0,0,0,0,0,0
1232,1196,0,0,0,0,0,0,0
1234,1197,0,0,0,0,0,0,0
1233,1194,0,0,0,0,0,0,0
1229,1195,0,0,0,0,0,0,0
1231,1205,0,0,0,0,0,0,0
1269,1241,0,0,0,0,0,0,0
1218,1186,0,0,0,0,0,0,0
971,991,0,0,0,0,0,0,0
606,640,0,0,0,0,0,0,0
632,586,0,0,0,0,0,0,0
1502,1482,0,0,0,0,0,0,0
1526,1539,0,0,0,0,0,0,0
629,653,0,0,0,0,0,0,0
718,694,0,0,0,0,0,0,0
1114,1077,0,0,0,0,0,0,0
1241,1207,0,0,0,0,0,0,0
1231,1195,0,0,0,0,0,0,0
1218,1192,0,0,0,0,0,0,0
1234,1196,0,0,0,0,0,0,0
1233,1196,0,0,0,0,0,0,0
1230,1197,0,0,0,0,0,0,0
1231,1193,0,0,0,0,0,0,0
1230,1195,0,0,0,0,0,0,0
1231,1195,0,0,0,0,0,0,0
1232,1195,0,0,0,0,0,0,0
1232,1197,0,0,0,0,0,0,0
1230,1196,0,0,0,0,0,0,0
1231,1195,0,0,0,0,0,0,0
1230,1192,0,0,0,0,0,0,0
1230,1195,0,0,0,0,0,0,0
1234,1195,0,0,0,0,0,0,0
1229,1196,0,0,0,0,0,0,0
1231,1195,0,0,0,0,0,0,0
1231,1196,0,0,0,0,0,0,0
1233,1195,0,0,0,0,0,0,0
1230,1197,0,0,0,0,0,0,0
1232,1195,0,0,0,0,0,0,0
1230,1194,0,0,0,0,0,0,0
1229,1193,0,0,0,0,0,0,0
1229,1194,0,0,0,0,0,0,0
1230,1194,0,0,0,0,0,0,0
1229,1194,0,0,0,0,0,0,0
1230,1192,0,0,0,0,0,0,0
1230,1195,0,0,0,0,0,0,0
1233,1195,0,0,0,0,0,0,0
1231,1196,0,0,0,0,0,0,0
1233,1195,0,0,0,0,0,0,0
1229,1195,0,0,0,0,0,0,0
1230,1196,0,0,0,0,0,0,0
1234,1196,0,0,0,0,0,0,0
1231,1197,0,0,0,0,0,0,0
1232,1195,0,0,0,0,0,0,0
1241,1197,0,0,0,0,0,0,0
1231,1197,0,0,0,0,0,0,0
1232,1194,0,0,0,0,0,0,0
1229,1197,0,0,0,0,0,0,0
1231,1197,0,0,0,0,0,0,0
1229,1195,0,0,0,0,0,0,0
1230,1194,0,0,0,0,0,0,0
1232,1196,0,0,0,0,0,0,0
1231,1194,0,0,0,0,0,0,0
1232,1193,0,0,0,0,0,0,0
1230,1196,0,0,0,0,0,0,0
1229,1193,0,0,0,0,0,0,0
1231,1195,0,0,0,0,0,0,0
1230,1193,0,0,0,0,0,0,0
1230,1195,0,0,0,0,0,0,0
1231,1194,0,0,0,0,0,0,0
1232,1196,0,0,0,0,0,0,0
1231,1195,0,0,0,0,0,0,0
1233,1195,0,0,0,0,0,0,0
1231,1187,0,0,0,0,0,0,0
1229,1193,0,0,0,0,0,0,0
1229,1194,0,0,0,0,0,0,0
1232,1195,0,0,0,0,0,0,0
1230,1194,0,0,0,0,0,0,0
1230,1196,0,0,0,0,0,0,0
1231,1197,0,0,0,0,0,0,0
1229,1193,0,0,0,0,0,0,0
1230,1195,0,0,0,0,0,0,0
1231,1195,0,0,0,0,0,0,0
1231,1195,0,0,0,0,0,0,0
1233,1194,0,0,0,0,0,0,0
1231,1193,0,0,0,0,0,0,0
1231,1195,0,0,0,0,0,0,0
1230,1196,0,0,0,0,0,0,0
1229,1196,0,0,0,0,0,0,0
1232,1197,0,0,0,0,0,0,0
1230,1194,0,0,0,0,0,0,0
1231,1195,0,0,0,0,0,0,0
1229,1195,0,0,0,0,0,0,0
1231,1196,0,0,0,0,0,0,0
1232,1196,0,0,0,0,0,0,0
1232,1194,0,0,0,0,0,0,0
1230,1196,0,0,0,0,0,0,0
1230,1194,0,0,0,0,0,0,0
1232,1196,0,0,0,0,0,0,0
1231,1195,0,0,0,0,0,0,0
1231,1195,0,0,0,0,0,0,0
1231,1196,0,0,0,0,0,0,0
1229,1194,0,0,0,0,0,0,0
1232,1193,0,0,0,0,0,0,0
1231,1196,0,0,0,0,0,0,0
1230,1195,0,0,0,0,0,0,0
1229,1195,0,0,0,0,0,0,0
1230,1195,0,0,0,0,0,0,0
1230,1196,0,0,0,0,0,0,0
1231,1197,0,0,0,0,0,0,0
1230,1196,0,0,0,0,0,0,0
1230,1195,0,0,0,0,0,0,0
1230,1195,0,0,0,0,0,0,0
1230,1195,0,0,0,0,0,0,0
1229,1197,0,0,0,0,0,0,0
1232,1195,0,0,0,0,0,0,0
1230,1195,0,0,0,0,0,0,0
1230,1196,0,0,0,0,0,0,0
1231,1194,0,0,0,0,0,0,0
1230,1197,0,0,0,0,0,0,0
1231,1197,0,0,0,0,0,0,0
1231,1195,0,0,0,0,0,0,0
1232,1195,0,0,0,0,0,0,0
1233,1195,0,0,0,0,0,0,0
1232,1195,0,0,0,0,0,0,0
1220,1197,0,0,0,0,0,0,0
1229,1196,0,0,0,0,0,0,0
1231,1197,0,0,0,0,0,0,0
1232,1192,0,0,0,0,0,0,0
1221,1196,0,0,0,0,0,0,0
1230,1195,0,0,0,0,0,0,0
1231,1197,0,0,0,0,0,0,0
1230,1195,0,0,0,0,0,0,0
1230,1195,0,0,0,0,0,0,0
1230,1196,0,0,0,0,0,0,0
1231,1196,0,0,0,0,0,0,0
1231,1197,0,0,0,0,0,0,0
1232,1197,0,0,0,0,0,0,0
1231,1196,0,0,0,0,0,0,0
1230,1196,0,0,0,0,0,0,0
1230,1195,0,0,0,0,0,0,0
1232,1196,0,0,0,0,0,0,0
1233,1194,0,0,0,0,0,0,0
1229,1196,0,0,0,0,0,0,0
1232,1195,0,0,0,0,0,0,0
1233,1195,0,0,0,0,0,0,0
1230,1196,0,0,0,0,0,0,0
1234,1195,0,0,0,0,0,0,0
1229,1196,0,0,0,0,0,0,0
1230,1195,0,0,0,0,0,0,0
1231,1197,0,0,0,0,0,0,0
1234,1196,0,0,0,0,0,0,0
1230,1197,0,0,0,0,0,0,0
1231,1195,0,0,0,0,0,0,0
1229,1195,0,0,0,0,0,0,0
1233,1195,0,0,0,0,0,0,0
1221,1196,0,0,0,0,0,0,0
1230,1195,0,0,0,0,0,0,0
1231,1194,0,0,0,0,0,0,0
1232,1193,0,0,0,0,0,0,0
1229,1196,0,0,0,0,0,0,0
1233,1195,0,0,0,0,0,0,0
1231,1195,0,0,0,0,0,0,0
1241,1195,0,0,0,0,0,0,0
1229,1195,0,0,0,0,0,0,0
1232,1196,0,0,0,0,0,0,0
1231,1197,0,0,0,0,0,0,0
1231,1193,0,0,0,0,0,0,0
1229,1196,0,0,0,0,0,0,0
1231,1194,0,0,0,0,0,0,0
1234,1193,0,0,0,0,0,0,0
1233,1196,0,0,0,0,0,0,0
1231,1197,0,0,0,0,0,0,0
1229,1196,0,0,0,0,0,0,0
1231,1195,0,0,0,0,0,0,0
1230,1195,0,0,0,0,0,0,0
1232,1195,0,0,0,0,0,0,0
1230,1196,0,0,0,0,0,0,0
1230,1195,0,0,0,0,0,0,0
1231,1193,0,0,0,0,0,0,0
1231,1195,0,0,0,0,0,0,0
1231,1196,0,0,0,0,0,0,0
1231,1195,0,0,0,0,0,0,0
1232,1195,0,0,0,0,0,0,0
1231,1194,0,0,0,0,0,0,0
1229,1196,0,0,0,0,0,0,0
1233,1196,0,0,0,0,0,0,0
1231,1196,0,0,0,0,0,0,0
1231,1194,0,0,0,0,0,0,0
1230,1196,0,0,0,0,0,0,0
1232,1193,0,0,0,0,0,0,0
1232,1193,0,0,0,0,0,0,0
1232,1193,0,0,0,0,0,0,0
1231,1195,0,0,0,0,0,0,0
1232,1196,0,0,0,0,0,0,0
1231,1197,0,0,0,0,0,0,0
1231,1195,0,0,0,0,0,0,0
1230,1197,0,0,0,0,0,0,0
1230,1195,0,0,0,0,0,0,0
1231,1197,0,0,0,0,0,0,0
1233,1196,0,0,0,0,0,0,0
1234,1195,0,0,0,0,0,0,0
1240,1194,0,0,0,0,0,0,0
1231,1197,0,0,0,0,0,0,0
1240,1192,0,0,0,0,0,0,0
1231,1194,0,0,0,0,0,0,0
1229,1196,0,0,0,0,0,0,0
1230,1194,0,0,0,0,0,0,0
1230,1197,0,0,0,0,0,0,0
1231,1196,0,0,0,0,0,0,0
1230,1197,0,0,0,0,0,0,0
1230,1196,0,0,0,0,0,0,0
1232,1194,0,0,0,0,0,0,0
1230,1195,0,0,0,0,0,0,0
1231,1194,0,0,0,0,0,0,0
1230,1194,0,0,0,0,0,0,0
1232,1194,0,0,0,0,0,0,0
1229,1196,0,0,0,0,0,0,0
1231,1195,0,0,0,0,0,0,0
1232,1196,0,0,0,0,0,0,0
1231,1196,0,0,0,0,0,0,0
1229,1197,0,0,0,0,0,0,0
1230,1195,0,0,0,0,0,0,0
1231,1197,0,0,0,0,0,0,0
1229,1194,0,0,0,0,0,0,0
1230,1194,0,0,0,0,0,0,0
1232,1196,0,0,0,0,0,0,0
1233,1195,0,0,0,0,0,0,0
1229,1196,0,0,0,0,0,0,0
1230,1196,0,0,0,0,0,0,0
1230,1193,0,0,0,0,0,0,0
1233,1194,0,0,0,0,0,0,0
1229,1196,0,0,0,0,0,0,0
1231,1195,0,0,0,0,0,0,0
1230,1195,0,0,0,0,0,0,0
1233,1195,0,0,0,0,0,0,0
1231,1195,0,0,0,0,0,0,0
1229,1195,0,0,0,0,0,0,0
1231,1195,0,0,0,0,0,0,0
1231,1197,0,0,0,0,0,0,0
1231,1195,0,0,0,0,0,0,0
1231,1196,0,0,0,0,0,0,0
1230,1196,0,0,0,0,0,0,0
1231,1196,0,0,0,0,0,0,0
1233,1196,0,0,0,0,0,0,0
1230,1195,0,0,0,0,0,0,0
1231,1195,0,0,0,0,0,0,0
1230,1196,0,0,0,0,0,0,0
1230,1196,0,0,0,0,0,0,0
1229,1194,0,0,0,0,0,0,0
1229,1195,0,0,0,0,0,0,0
1230,1195,0,0,0,0,0,0,0
1230,1194,0,0,0,0,0,0,0
1229,1197,0,0,0,0,0,0,0
1231,1197,0,0,0,0,0,0,0
1231,1196,0,0,0,0,0,0,0
1230,1195,0,0,0,0,0,0,0
1230,1196,0,0,0,0,0,0,0
1229,1197,0,0,0,0,0,0,0
1231,1196,0,0,0,0,0,0,0
1232,1196,0,0,0,0,0,0,0
1229,1194,0,0,0,0,0,0,0
1230,1196,0,0,0,0,0,0,0
1232,1195,0,0,0,0,0,0,0
1230,1197,0,0,0,0,0,0,0
1230,1194,0,0,0,0,0,0,0
1232,1196,0,0,0,0,0,0,0
1233,1196,0,0,0,0,0,0,0
1229,1196,0,0,0,0,0,0,0
1229,1193,0,0,0,0,0,0,0
1233,1197,0,0,0,0,0,0,0
1231,1197,0,0,0,0,0,0,0
1230,1197,0,0,0,0,0,0,0
1231,1195,0,0,0,0,0,0,0
1230,1195,0,0,0,0,0,0,0
1234,1195,0,0,0,0,0,0,0
1231,1193,0,0,0,0,0,0,0
1231,1196,0,0,0,0,0,0,0
1230,1195,0,0,0,0,0,0,0
1234,1194,0,0,0,0,0,0,0
1231,1194,0,0,0,0,0,0,0
1231,1196,0,0,0,0,0,0,0
1231,1196,0,0,0,0,0,0,0
1230,1196,0,0,0,0,0,0,0
1231,1195,0,0,0,0,0,0,0
1229,1196,0,0,0,0,0,0,0
1230,1197,0,0,0,0,0,0,0
1230,1195,0,0,0,0,0,0,0
1231,1196,0,0,0,0,0,0,0
1230,1195,0,0,0,0,0,0,0
1230,1196,0,0,0,0,0,0,0
1231,1194,0,0,0,0,0,0,0
1231,1194,0,0,0,0,0,0,0
1230,1195,0,0,0,0,0,0,0
1229,1196,0,0,0,0,0,0,0
1231,1195,0,0,0,0,0,0,0
1230,1196,0,0,0,0,0,0,0
1230,1197,0,0,0,0,0,0,0
1231,1193,0,0,0,0,0,0,0
1230,1196,0,0,0,0,0,0,0
1231,1194,0,0,0,0,0,0,0
1241,1196,0,0,0,0,0,0,0
1231,1197,0,0,0,0,0,0,0
1231,1197,0,0,0,0,0,0,0
1231,1196,0,0,0,0,0,0,0
1231,1195,0,0,0,0,0,0,0
1229,1195,0,0,0,0,0,0,0
1231,1195,0,0,0,0,0,0,0
1230,1195,0,0,0,0,0,0,0
1229,1195,0,0,0,0,0,0,0
1232,1196,0,0,0,0,0,0,0
1231,1195,0,0,0,0,0,0,0
1234,1195,0,0,0,0,0,0,0
1231,1195,0,0,0,0,0,0,0
1230,1195,0,0,0,0,0,0,0
1233,1196,0,0,0,0,0,0,0
1231,1196,0,0,0,0,0,0,0
1230,1194,0,0,0,0,0,0,0
1231,1196,0,0,0,0,0,0,0
1229,1194,0,0,0,0,0,0,0
1231,1197,0,0,0,0,0,0,0
1230,1196,0,0,0,0,0,0,0
1230,1197,0,0,0,0,0,0,0
1234,1193,0,0,0,0,0,0,0
1230,1195,0,0,0,0,0,0,0
1229,1195,0,0,0,0,0,0,0
1231,1196,0,0,0,0,0,0,0
1232,1196,0,0,0,0,0,0,0
1234,1196,0,0,0,0,0,0,0
1232,1196,0,0,0,0,0,0,0
1233,1195,0,0,0,0,0,0,0
1229,1196,0,0,0,0,0,0,0
1229,1196,0,0,0,0,0,0,0
1232,1195,0,0,0,0,0,0,0
1233,1194,0,0,0,0,0,0,0
1232,1196,0,0,0,0,0,0,0
1232,1194,0,0,0,0,0,0,0
1232,1195,0,0,0,0,0,0,0
1230,1196,0,0,0,0,0,0,0
1241,1194,0,0,0,0,0,0,0
1231,1197,0,0,0,0,0,0,0
1232,1195,0,0,0,0,0,0,0
1229,1195,0,0,0,0,0,0,0
1231,1197,0,0,0,0,0,0,0
1230,1197,0,0,0,0,0,0,0
1231,1195,0,0,0,0,0,0,0
1234,1197,0,0,0,0,0,0,0
1231,1195,0,0,0,0,0,0,0
1230,1196,0,0,0,0,0,0,0
1232,1195,0,0,0,0,0,0,0
1232,1197,0,0,0,0,0,0,0
1231,1195,0,0,0,0,0,0,0
1230,1193,0,0,0,0,0,0,0
1231,1194,0,0,0,0,0,0,0
1230,1193,0,0,0,0,0,0,0
1231,1196,0,0,0,0,0,0,0
1231,1195,0,0,0,0,0,0,0
1229,1195,0,0,0,0,0,0,0
1234,1195,0,0,0,0,0,0,0
1230,1193,0,0,0,0,0,0,0
1230,1193,0,0,0,0,0,0,0
1231,1197,0,0,0,0,0,0,0
1231,1195,0,0,0,0,0,0,0
1233,1195,0,0,0,0,0,0,0
1232,1196,0,0,0,0,0,0,0
1230,1193,0,0,0,0,0,0,0
1234,1196,0,0,0,0,0,0,0
1231,1195,0,0,0,0,0,0,0
1229,1194,0,0,0,0,0,0,0
1231,1193,0,0,0,0,0,0,0
1230,1196,0,0,0,0,0,0,0
1231,1195,0,0,0,0,0,0,0
1231,1195,0,0,0,0,0,0,0
1234,1196,0,0,0,0,0,0,0
1233,1196,0,0,0,0,0,0,0
1221,1194,0,0,0,0,0,0,0
1231,1195,0,0,0,0,0,0,0
1232,1195,0,0,0,0,0,0,0
1232,1197,0,0,0,0,0,0,0
1231,1196,0,0,0,0,0,0,0
1231,1196,0,0,0,0,0,0,0
1229,1195,0,0,0,0,0,0,0
1232,1195,0,0,0,0,0,0,0
1221,1193,0,0,0,0,0,0,0
1230,1194,0,0,0,0,0,0,0
1232,1197,0,0,0,0,0,0,0
1230,1196,0,0,0,0,0,0,0
1231,1197,0,0,0,0,0,0,0
1241,1195,0,0,0,0,0,0,0
1232,1195,0,0,0,0,0,0,0
1230,1196,0,0,0,0,0,0,0
1231,1193,0,0,0,0,0,0,0
1232,1195,0,0,0,0,0,0,0
1231,1196,0,0,0,0,0,0,0
1232,1197,0,0,0,0,0,0,0
1232,1194,0,0,0,0,0,0,0
1229,1197,0,0,0,0,0,0,0
1230,1196,0,0,0,0,0,0,0
1221,1196,0,0,0,0,0,0,0
1231,1196,0,0,0,0,0,0,0
1230,1196,0,0,0,0,0,0,0
1231,1196,0,0,0,0,0,0,0
1231,1195,0,0,0,0,0,0,0
1231,1194,0,0,0,0,0,0,0
1232,1196,0,0,0,0,0,0,0
1229,1195,0,0,0,0,0,0,0
1221,1196,0,0,0,0,0,0,0
1231,1196,0,0,0,0,0,0,0
1230,1195,0,0,0,0,0,0,0
1234,1194,0,0,0,0,0,0,0
1234,1195,0,0,0,0,0,0,0
1231,1194,0,0,0,0,0,0,0
1231,1196,0,0,0,0,0,0,0
1234,1196,0,0,0,0,0,0,0
1231,1196,0,0,0,0,0,0,0
1233,1194,0,0,0,0,0,0,0
1230,1195,0,0,0,0,0,0,0
1234,1193,0,0,0,0,0,0,0
1241,1195,0,0,0,0,0,0,0
1231,1195,0,0,0,0,0,0,0
1234,1195,0,0,0,0,0,0,0
1229,1195,0,0,0,0,0,0,0
1229,1196,0,0,0,0,0,0,0
1221,1192,0,0,0,0,0,0,0
1230,1195,0,0,0,0,0,0,0
1229,1196,0,0,0,0,0,0,0
1232,1196,0,0,0,0,0,0,0
1231,1195,0,0,0,0,0,0,0
1230,1194,0,0,0,0,0,0,0
1230,1196,0,0,0,0,0,0,0
1233,1195,0,0,0,0,0,0,0
1231,1195,0,0,0,0,0,0,0
1230,1195,0,0,0,0,0,0,0
1232,1195,0,0,0,0,0,0,0
1231,1196,0,0,0,0,0,0,0
1231,1195,0,0,0,0,0,0,0
1231,1195,0,0,0,0,0,0,0
1233,1195,0,0,0,0,0,0,0
1230,1196,0,0,0,0,0,0,0
1231,1196,0,0,0,0,0,0,0
1230,1195,0,0,0,0,0,0,0
1231,1195,0,0,0,0,0,0,0
1231,1194,0,0,0,0,0,0,0
1230,1197,0,0,0,0,0,0,0
1230,1196,0,0,0,0,0,0,0
1230,1195,0,0,0,0,0,0,0
1230,1196,0,0,0,0,0,0,0
1231,1197,0,0,0,0,0,0,0
1231,1194,0,0,0,0,0,0,0
1230,1195,0,0,0,0,0,0,0
1231,1194,0,0,0,0,0,0,0
1231,1195,0,0,0,0,0,0,0
1230,1193,0,0,0,0,0,0,0
1230,1195,0,0,0,0,0,0,0
1233,1196,0,0,0,0,0,0,0
1229,1195,0,0,0,0,0,0,0
1231,1196,0,0,0,0,0,0,0
1229,1195,0,0,0,0,0,0,0
1231,1196,0,0,0,0,0,0,0
1230,1195,0,0,0,0,0,0,0
1230,1196,0,0,0,0,0,0,0
1230,1197,0,0,0,0,0,0,0
1230,1196,0,0,0,0,0,0,0
1231,1195,0,0,0,0,0,0,0
1231,1197,0,0,0,0,0,0,0
1229,1195,0,0,0,0,0,0,0
1234,1195,0,0,0,0,0,0,0
1230,1196,0,0,0,0,0,0,0
1230,1196,0,0,0,0,0,0,0
1231,1196,0,0,0,0,0,0,0
1231,1195,0,0,0,0,0,0,0
1231,1195,0,0,0,0,0,0,0
1231,1195,0,0,0,0,0,0,0
1229,1195,0,0,0,0,0,0,0
1231,1196,0,0,0,0,0,0,0
1233,1196,0,0,0,0,0,0,0
1230,1196,0,0,0,0,0,0,0
1229,1195,0,0,0,0,0,0,0
1240,1195,0,0,0,0,0,0,0
1229,1194,0,0,0,0,0,0,0
1233,1195,0,0,0,0,0,0,0
1230,1192,0,0,0,0,0,0,0
1231,1195,0,0,0,0,0,0,0
1230,1196,0,0,0,0,0,0,0
1231,1194,0,0,0,0,0,0,0
1234,1196,0,0,0,0,0,0,0
1233,1195,0,0,0,0,0,0,0
1230,1196,0,0,0,0,0,0,0
1233,1193,0,0,0,0,0,0,0
1230,1196,0,0,0,0,0,0,0
1221,1196,0,0,0,0,0,0,0
1229,1195,0,0,0,0,0,0,0
1231,1193,0,0,0,0,0,0,0
1231,1195,0,0,0,0,0,0,0
1232,1195,0,0,0,0,0,0,0
1233,1196,0,0,0,0,0,0,0
1230,1197,0,0,0,0,0,0,0
1230,1195,0,0,0,0,0,0,0
1230,1196,0,0,0,0,0,0,0
1229,1194,0,0,0,0,0,0,0
1231,1196,0,0,0,0,0,0,0
1232,1187,0,0,0,0,0,0,0
1230,1195,0,0,0,0,0,0,0
1231,1196,0,0,0,0,0,0,0
1233,1195,0,0,0,0,0,0,0
1230,1197,0,0,0,0,0,0,0
1229,1196,0,0,0,0,0,0,0
1230,1194,0,0,0,0,0,0,0
1229,1192,0,0,0,0,0,0,0
1229,1196,0,0,0,0,0,0,0
1231,1195,0,0,0,0,0,0,0
1231,1196,0,0,0,0,0,0,0
1229,1195,0,0,0,0,0,0,0
1233,1194,0,0,0,0,0,0,0
1231,1194,0,0,0,0,0,0,0
1231,1195,0,0,0,0,0,0,0
1232,1195,0,0,0,0,0,0,0
1231,1194,0,0,0,0,0,0,0
1229,1196,0,0,0,0,0,0,0
1221,1196,0,0,0,0,0,0,0
1232,1194,0,0,0,0,0,0,0
1229,1195,0,0,0,0,0,0,0
1231,1195,0,0,0,0,0,0,0
1230,1195,0,0,0,0,0,0,0
1229,1196,0,0,0,0,0,0,0
1232,1193,0,0,0,0,0,0,0
1230,1196,0,0,0,0,0,0,0
1231,1195,0,0,0,0,0,0,0
1232,1193,0,0,0,0,0,0,0
1229,1195,0,0,0,0,0,0,0
1231,1196,0,0,0,0,0,0,0
1230,1195,0,0,0,0,0,0,0
1230,1194,0,0,0,0,0,0,0
1231,1196,0,0,0,0,0,0,0
1230,1196,0,0,0,0,0,0,0
1231,1193,0,0,0,0,0,0,0
1231,1196,0,0,0,0,0,0,0
1230,1197,0,0,0,0,0,0,0
1229,1197,0,0,0,0,0,0,0
1229,1195,0,0,0,0,0,0,0
1228,1196,0,0,0,0,0,0,0
1229,1197,0,0,0,0,0,0,0
1231,1195,0,0,0,0,0,0,0
1230,1196,0,0,0,0,0,0,0
1230,1196,0,0,0,0,0,0,0
1229,1195,0,0,0,0,0,0,0
1230,1195,0,0,0,0,0,0,0
1229,1194,0,0,0,0,0,0,0
1232,1195,0,0,0,0,0,0,0
1232,1195,0,0,0,0,0,0,0
1233,1196,0,0,0,0,0,0,0
1231,1196,0,0,0,0,0,0,0
1229,1196,0,0,0,0,0,0,0
1232,1195,0,0,0,0,0,0,0
1231,1196,0,0,0,0,0,0,0
1232,1194,0,0,0,0,0,0,0
1229,1193,0,0,0,0,0,0,0
1231,1195,0,0,0,0,0,0,0
1232,1196,0,0,0,0,0,0,0
1230,1197,0,0,0,0,0,0,0
1230,1195,0,0,0,0,0,0,0
1232,1194,0,0,0,0,0,0,0
1232,1196,0,0,0,0,0,0,0
1231,1195,0,0,0,0,0,0,0
1230,1196,0,0,0,0,0,0,0
1229,1196,0,0,0,0,0,0,0
1231,1193,0,0,0,0,0,0,0
1230,1194,0,0,0,0,0,0,0
1231,1196,0,0,0,0,0,0,0
1230,1195,0,0,0,0,0,0,0
1230,1194,0,0,0,0,0,0,0
1230,1196,0,0,0,0,0,0,0
1231,1197,0,0,0,0,0,0,0
1233,1195,0,0,0,0,0,0,0
1233,1196,0,0,0,0,0,0,0
1230,1196,0,0,0,0,0,0,0
1229,1194,0,0,0,0,0,0,0
1229,1197,0,0,0,0,0,0,0
1233,1196,0,0,0,0,0,0,0
1231,1197,0,0,0,0,0,0,0
1231,1193,0,0,0,0,0,0,0
1232,1195,0,0,0,0,0,0,0
1231,1196,0,0,0,0,0,0,0
1232,1195,0,0,0,0,0,0,0
1230,1195,0,0,0,0,0,0,0
1232,1195,0,0,0,0,0,0,0
1239,1195,0,0,0,0,0,0,0
1233,1194,0,0,0,0,0,0,0
1233,1193,0,0,0,0,0,0,0
1231,1195,0,0,0,0,0,0,0
1230,1194,0,0,0,0,0,0,0
1230,1194,0,0,0,0,0,0,0
1230,1192,0,0,0,0,0,0,0
1230,1195,0,0,0,0,0,0,0
1232,1196,0,0,0,0,0,0,0
1231,1195,0,0,0,0,0,0,0
1231,1195,0,0,0,0,0,0,0
1230,1197,0,0,0,0,0,0,0
1229,1195,0,0,0,0,0,0,0
1231,1195,0,0,0,0,0,0,0
1231,1195,0,0,0,0,0,0,0
1232,1195,0,0,0,0,0,0,0
1233,1195,0,0,0,0,0,0,0
1233,1195,0,0,0,0,0,0,0
1230,1195,0,0,0,0,0,0,0
1229,1195,0,0,0,0,0,0,0
1232,1196,0,0,0,0,0,0,0
1231,1195,0,0,0,0,0,0,0
1231,1196,0,0,0,0,0,0,0
1230,1194,0,0,0,0,0,0,0
1231,1197,0,0,0,0,0,0,0
1231,1195,0,0,0,0,0,0,0
1231,1196,0,0,0,0,0,0,0
1232,1196,0,0,0,0,0,0,0
1221,1196,0,0,0,0,0,0,0
1230,1195,0,0,0,0,0,0,0
1229,1194,0,0,0,0,0,0,0
1231,1195,0,0,0,0,0,0,0
1231,1196,0,0,0,0,0,0,0
1232,1195,0,0,0,0,0,0,0
1233,1196,0,0,0,0,0,0,0
1230,1194,0,0,0,0,0,0,0
1230,1194,0,0,0,0,0,0,0
1230,1193,0,0,0,0,0,0,0
1229,1195,0,0,0,0,0,0,0
1231,1194,0,0,0,0,0,0,0
1233,1197,0,0,0,0,0,0,0
1230,1197,0,0,0,0,0,0,0
1230,1196,0,0,0,0,0,0,0
1231,1193,0,0,0,0,0,0,0
1229,1196,0,0,0,0,0,0,0
1230,1196,0,0,0,0,0,0,0
1229,1195,0,0,0,0,0,0,0
1234,1194,0,0,0,0,0,0,0
1230,1195,0,0,0,0,0,0,0
1230,1196,0,0,0,0,0,0,0
1241,1197,0,0,0,0,0,0,0
1232,1194,0,0,0,0,0,0,0
1230,1196,0,0,0,0,0,0,0
1229,1196,0,0,0,0,0,0,0
1230,1196,0,0,0,0,0,0,0
1231,1193,0,0,0,0,0,0,0
1231,1196,0,0,0,0,0,0,0
1233,1195,0,0,0,0,0,0,0
1230,1195,0,0,0,0,0,0,0
1229,1195,0,0,0,0,0,0,0
1233,1196,0,0,0,0,0,0,0
1230,1195,0,0,0,0,0,0,0
1231,1194,0,0,0,0,0,0,0
1232,1196,0,0,0,0,0,0,0
1230,1193,0,0,0,0,0,0,0
1229,1193,0,0,0,0,0,0,0
1232,1196,0,0,0,0,0,0,0
1230,1195,0,0,0,0,0,0,0
1231,1197,0,0,0,0,0,0,0
1231,1196,0,0,0,0,0,0,0
1230,1196,0,0,0,0,0,0,0
1231,1195,0,0,0,0,0,0,0
1231,1193,0,0,0,0,0,0,0
1234,1196,0,0,0,0,0,0,0
1229,1196,0,0,0,0,0,0,0
1231,1195,0,0,0,0,0,0,0
1244,1208,0,0,0,0,0,0,0
1252,1216,0,0,0,0,0,0,0
1161,1147,0,0,0,0,0,0,0
849,873,0,0,0,0,0,0,0
533,558,0,0,0,0,0,0,0
861,808,0,0,0,0,0,0,0
1659,1707,0,0,0,0,0,0,0
1196,1179,0,0,0,0,0,0,0
584,572,0,0,0,0,0,0,0
870,834,0,0,0,0,0,0,0
1197,1157,0,0,0,0,0,0,0
1241,1163,0,0,0,0,0,0,0
1231,1149,0,0,0,0,0,0,0
1233,1196,0,0,0,0,0,0,0
1232,1204,0,0,0,0,0,0,0
1232,1204,0,0,0,0,0,0,0
1231,1197,0,0,0,0,0,0,0
1229,1196,0,0,0,0,0,0,0
1231,1194,0,0,0,0,0,0,0
1230,1193,0,0,0,0,0,0,0
1229,1196,0,0,0,0,0,0,0
1231,1196,0,0,0,0,0,0,0
1229,1192,0,0,0,0,0,0,0
1232,1194,0,0,0,0,0,0,0
1231,1194,0,0,0,0,0,0,0
1231,1194,0,0,0,0,0,0,0
1229,1195,0,0,0,0,0,0,0
1231,1196,0,0,0,0,0,0,0
1233,1196,0,0,0,0,0,0,0
1230,1195,0,0,0,0,0,0,0
1231,1195,0,0,0,0,0,0,0
1232,1196,0,0,0,0,0,0,0
1233,1196,0,0,0,0,0,0,0
1233,1196,0,0,0,0,0,0,0
1230,1196,0,0,0,0,0,0,0
1231,1196,0,0,0,0,0,0,0
1229,1196,0,0,0,0,0,0,0
1232,1195,0,0,0,0,0,0,0
1231,1196,0,0,0,0,0,0,0
1230,1196,0,0,0,0,0,0,0
1231,1197,0,0,0,0,0,0,0
1233,1196,0,0,0,0,0,0,0
1231,1197,0,0,0,0,0,0,0
1230,1195,0,0,0,0,0,0,0
1232,1195,0,0,0,0,0,0,0
1231,1194,0,0,0,0,0,0,0
1232,1195,0,0,0,0,0,0,0
1230,1196,0,0,0,0,0,0,0
1231,1196,0,0,0,0,0,0,0
1234,1193,0,0,0,0,0,0,0
1231,1196,0,0,0,0,0,0,0
1231,1194,0,0,0,0,0,0,0
1230,1196,0,0,0,0,0,0,0
1230,1194,0,0,0,0,0,0,0
1230,1195,0,0,0,0,0,0,0
1221,1196,0,0,0,0,0,0,0
1232,1196,0,0,0,0,0,0,0
1229,1197,0,0,0,0,0,0,0
1230,1194,0,0,0,0,0,0,0
1230,1195,0,0,0,0,0,0,0
1241,1195,0,0,0,0,0,0,0
1231,1194,0,0,0,0,0,0,0
1232,1196,0,0,0,0,0,0,0
1230,1194,0,0,0,0,0,0,0
1232,1196,0,0,0,0,0,0,0
1230,1195,0,0,0,0,0,0,0
1229,1196,0,0,0,0,0,0,0
1230,1193,0,0,0,0,0,0,0
1229,1194,0,0,0,0,0,0,0
1232,1195,0,0,0,0,0,0,0
1230,1196,0,0,0,0,0,0,0
1234,1195,0,0,0,0,0,0,0
1231,1195,0,0,0,0,0,0,0
1229,1194,0,0,0,0,0,0,0
1233,1196,0,0,0,0,0,0,0
1231,1197,0,0,0,0,0,0,0
1233,1196,0,0,0,0,0,0,0
1230,1194,0,0,0,0,0,0,0
1232,1197,0,0,0,0,0,0,0
1230,1195,0,0,0,0,0,0,0
1231,1195,0,0,0,0,0,0,0
1231,1196,0,0,0,0,0,0,0
1231,1195,0,0,0,0,0,0,0
1231,1197,0,0,0,0,0,0,0
1231,1194,0,0,0,0,0,0,0
1232,1195,0,0,0,0,0,0,0
1231,1196,0,0,0,0,0,0,0
1229,1195,0,0,0,0,0,0,0
1234,1193,0,0,0,0,0,0,0
1241,1196,0,0,0,0,0,0,0
1233,1194,0,0,0,0,0,0,0
1229,1196,0,0,0,0,0,0,0
1231,1196,0,0,0,0,0,0,0
1231,1194,0,0,0,0,0,0,0
1230,1196,0,0,0,0,0,0,0
1230,1186,0,0,0,0,0,0,0
1230,1197,0,0,0,0,0,0,0
1229,1197,0,0,0,0,0,0,0
1233,1195,0,0,0,0,0,0,0
1229,1196,0,0,0,0,0,0,0
1234,1193,0,0,0,0,0,0,0
1230,1195,0,0,0,0,0,0,0
1231,1194,0,0,0,0,0,0,0
1233,1195,0,0,0,0,0,0,0
1231,1195,0,0,0,0,0,0,0
1232,1195,0,0,0,0,0,0,0
1231,1195,0,0,0,0,0,0,0
1231,1195,0,0,0,0,0,0,0
1231,1196,0,0,0,0,0,0,0
1231,1197,0,0,0,0,0,0,0
1241,1192,0,0,0,0,0,0,0
1233,1193,0,0,0,0,0,0,0
1231,1194,0,0,0,0,0,0,0
1231,1194,0,0,0,0,0,0,0
1228,1199,0,0,0,0,0,0,0
1230,1197,0,0,0,0,0,0,0
1240,1195,0,0,0,0,0,0,0
1231,1194,0,0,0,0,0,0,0
1230,1196,0,0,0,0,0,0,0
1234,1195,0,0,0,0,0,0,0
1231,1194,0,0,0,0,0,0,0
1232,1194,0,0,0,0,0,0,0
1241,1194,0,0,0,0,0,0,0
1231,1196,0,0,0,0,0,0,0
1234,1193,0,0,0,0,0,0,0
1229,1196,0,0,0,0,0,0,0
1229,1197,0,0,0,0,0,0,0
1231,1195,0,0,0,0,0,0,0
1229,1196,0,0,0,0,0,0,0
1231,1195,0,0,0,0,0,0,0
1232,1194,0,0,0,0,0,0,0
1233,1194,0,0,0,0,0,0,0
1234,1196,0,0,0,0,0,0,0
1231,1197,0,0,0,0,0,0,0
1231,1197,0,0,0,0,0,0,0
1231,1196,0,0,0,0,0,0,0
1231,1194,0,0,0,0,0,0,0
1231,1196,0,0,0,0,0,0,0
1229,1197,0,0,0,0,0,0,0
1231,1195,0,0,0,0,0,0,0
1230,1204,0,0,0,0,0,0,0
1232,1196,0,0,0,0,0,0,0
1232,1195,0,0,0,0,0,0,0
1231,1197,0,0,0,0,0,0,0
1232,1195,0,0,0,0,0,0,0
1230,1197,0,0,0,0,0,0,0
1230,1195,0,0,0,0,0,0,0
1232,1197,0,0,0,0,0,0,0
1234,1196,0,0,0,0,0,0,0
1231,1195,0,0,0,0,0,0,0
1232,1195,0,0,0,0,0,0,0
1233,1196,0,0,0,0,0,0,0
1228,1196,0,0,0,0,0,0,0
1229,1196,0,0,0,0,0,0,0
1231,1196,0,0,0,0,0,0,0
1232,1195,0,0,0,0,0,0,0
1231,1196,0,0,0,0,0,0,0
1231,1195,0,0,0,0,0,0,0
1230,1197,0,0,0,0,0,0,0
1230,1195,0,0,0,0,0,0,0
1230,1193,0,0,0,0,0,0,0
1230,1195,0,0,0,0,0,0,0
1230,1195,0,0,0,0,0,0,0
1233,1195,0,0,0,0,0,0,0
1230,1197,0,0,0,0,0,0,0
1230,1197,0,0,0,0,0,0,0
1232,1196,0,0,0,0,0,0,0
1231,1196,0,0,0,0,0,0,0
1231,1196,0,0,0,0,0,0,0
1233,1195,0,0,0,0,0,0,0
1231,1194,0,0,0,0,0,0,0
1231,1196,0,0,0,0,0,0,0
1231,1195,0,0,0,0,0,0,0
1230,1196,0,0,0,0,0,0,0
1233,1196,0,0,0,0,0,0,0
1230,1197,0,0,0,0,0,0,0
1231,1195,0,0,0,0,0,0,0
1220,1196,0,0,0,0,0,0,0
1230,1196,0,0,0,0,0,0,0
1231,1195,0,0,0,0,0,0,0
1230,1196,0,0,0,0,0,0,0
1230,1194,0,0,0,0,0,0,0
1232,1195,0,0,0,0,0,0,0
1230,1197,0,0,0,0,0,0,0
1234,1197,0,0,0,0,0,0,0
1233,1195,0,0,0,0,0,0,0
1232,1195,0,0,0,0,0,0,0
1233,1195,0,0,0,0,0,0,0
1230,1194,0,0,0,0,0,0,0
1229,1197,0,0,0,0,0,0,0
1232,1196,0,0,0,0,0,0,0
1232,1194,0,0,0,0,0,0,0
1230,1196,0,0,0,0,0,0,0
1234,1194,0,0,0,0,0,0,0
1232,1193,0,0,0,0,0,0,0
1233,1195,0,0,0,0,0,0,0
1230,1193,0,0,0,0,0,0,0
1229,1195,0,0,0,0,0,0,0
1229,1195,0,0,0,0,0,0,0
1230,1195,0,0,0,0,0,0,0
1230,1194,0,0,0,0,0,0,0
1230,1196,0,0,0,0,0,0,0
1233,1193,0,0,0,0,0,0,0
1233,1193,0,0,0,0,0,0,0
1231,1196,0,0,0,0,0,0,0
1230,1195,0,0,0,0,0,0,0
1231,1196,0,0,0,0,0,0,0
1229,1195,0,0,0,0,0,0,0
1231,1196,0,0,0,0,0,0,0
1232,1195,0,0,0,0,0,0,0
1233,1195,0,0,0,0,0,0,0
1230,1195,0,0,0,0,0,0,0
1230,1196,0,0,0,0,0,0,0
1233,1194,0,0,0,0,0,0,0
1232,1197,0,0,0,0,0,0,0
1231,1196,0,0,0,0,0,0,0
1231,1196,0,0,0,0,0,0,0
1230,1195,0,0,0,0,0,0,0
1231,1193,0,0,0,0,0,0,0
1232,1194,0,0,0,0,0,0,0
1231,1196,0,0,0,0,0,0,0
1230,1197,0,0,0,0,0,0,0
1231,1196,0,0,0,0,0,0,0
1231,1196,0,0,0,0,0,0,0
1231,1196,0,0,0,0,0,0,0
1233,1195,0,0,0,0,0,0,0
1231,1194,0,0,0,0,0,0,0
1229,1195,0,0,0,0,0,0,0
1231,1193,0,0,0,0,0,0,0
1230,1196,0,0,0,0,0,0,0
1229,1196,0,0,0,0,0,0,0
1231,1196,0,0,0,0,0,0,0
1233,1196,0,0,0,0,0,0,0
1231,1196,0,0,0,0,0,0,0
1230,1195,0,0,0,0,0,0,0
1231,1195,0,0,0,0,0,0,0
1230,1194,0,0,0,0,0,0,0
1231,1195,0,0,0,0,0,0,0
1231,1193,0,0,0,0,0,0,0
1231,1193,0,0,0,0,0,0,0
1232,1195,0,0,0,0,0,0,0
1234,1195,0,0,0,0,0,0,0
1231,1197,0,0,0,0,0,0,0
1229,1195,0,0,0,0,0,0,0
1231,1194,0,0,0,0,0,0,0
1231,1192,0,0,0,0,0,0,0
1231,1195,0,0,0,0,0,0,0
1230,1195,0,0,0,0,0,0,0
1230,1196,0,0,0,0,0,0,0
1230,1199,0,0,0,0,0,0,0
1234,1196,0,0,0,0,0,0,0
1241,1197,0,0,0,0,0,0,0
1231,1195,0,0,0,0,0,0,0
1232,1196,0,0,0,0,0,0,0
1230,1197,0,0,0,0,0,0,0
1234,1196,0,0,0,0,0,0,0
1232,1195,0,0,0,0,0,0,0
1230,1195,0,0,0,0,0,0,0
1231,1196,0,0,0,0,0,0,0
1232,1193,0,0,0,0,0,0,0
1229,1193,0,0,0,0,0,0,0
1229,1194,0,0,0,0,0,0,0
1230,1196,0,0,0,0,0,0,0
1230,1195,0,0,0,0,0,0,0
1234,1196,0,0,0,0,0,0,0
1232,1197,0,0,0,0,0,0,0
1231,1196,0,0,0,0,0,0,0
1229,1196,0,0,0,0,0,0,0
1230,1199,0,0,0,0,0,0,0
1221,1193,0,0,0,0,0,0,0
1230,1195,0,0,0,0,0,0,0
1233,1196,0,0,0,0,0,0,0
1230,1196,0,0,0,0,0,0,0
1233,1196,0,0,0,0,0,0,0
1232,1195,0,0,0,0,0,0,0
1233,1195,0,0,0,0,0,0,0
1229,1195,0,0,0,0,0,0,0
1230,1196,0,0,0,0,0,0,0
1232,1196,0,0,0,0,0,0,0
1230,1195,0,0,0,0,0,0,0
1231,1197,0,0,0,0,0,0,0
1230,1195,0,0,0,0,0,0,0
1232,1195,0,0,0,0,0,0,0
1230,1195,0,0,0,0,0,0,0
1230,1196,0,0,0,0,0,0,0
1230,1196,0,0,0,0,0,0,0
1234,1196,0,0,0,0,0,0,0
1230,1197,0,0,0,0,0,0,0
1231,1196,0,0,0,0,0,0,0
1221,1196,0,0,0,0,0,0,0
1231,1196,0,0,0,0,0,0,0
1232,1196,0,0,0,0,0,0,0
1234,1195,0,0,0,0,0,0,0
1234,1195,0,0,0,0,0,0,0
1229,1194,0,0,0,0,0,0,0
1230,1196,0,0,0,0,0,0,0
1230,1195,0,0,0,0,0,0,0
1229,1195,0,0,0,0,0,0,0
1230,1196,0,0,0,0,0,0,0
1230,1196,0,0,0,0,0,0,0
1231,1196,0,0,0,0,0,0,0
1229,1196,0,0,0,0,0,0,0
1232,1196,0,0,0,0,0,0,0
1231,1184,0,0,0,0,0,0,0
1233,1195,0,0,0,0,0,0,0
1230,1195,0,0,0,0,0,0,0
1234,1199,0,0,0,0,0,0,0
1231,1196,0,0,0,0,0,0,0
1231,1194,0,0,0,0,0,0,0
1231,1195,0,0,0,0,0,0,0
1230,1195,0,0,0,0,0,0,0
1230,1195,0,0,0,0,0,0,0
1230,1195,0,0,0,0,0,0,0
1231,1195,0,0,0,0,0,0,0
1229,1196,0,0,0,0,0,0,0
1231,1195,0,0,0,0,0,0,0
1232,1194,0,0,0,0,0,0,0
1230,1196,0,0,0,0,0,0,0
1231,1195,0,0,0,0,0,0,0
1230,1195,0,0,0,0,0,0,0
1231,1196,0,0,0,0,0,0,0
1230,1195,0,0,0,0,0,0,0
1231,1194,0,0,0,0,0,0,0
1231,1195,0,0,0,0,0,0,0
1233,1196,0,0,0,0,0,0,0
1232,1195,0,0,0,0,0,0,0
1228,1197,0,0,0,0,0,0,0
1230,1195,0,0,0,0,0,0,0
1229,1195,0,0,0,0,0,0,0
1221,1193,0,0,0,0,0,0,0
1229,1194,0,0,0,0,0,0,0
1230,1195,0,0,0,0,0,0,0
1231,1195,0,0,0,0,0,0,0
1230,1195,0,0,0,0,0,0,0
1232,1192,0,0,0,0,0,0,0
1230,1196,0,0,0,0,0,0,0
1229,1194,0,0,0,0,0,0,0
1233,1195,0,0,0,0,0,0,0
1233,1195,0,0,0,0,0,0,0
1231,1197,0,0,0,0,0,0,0
1231,1196,0,0,0,0,0,0,0
1231,1196,0,0,0,0,0,0,0
1241,1195,0,0,0,0,0,0,0
1231,1197,0,0,0,0,0,0,0
1232,1195,0,0,0,0,0,0,0
1231,1196,0,0,0,0,0,0,0
1232,1195,0,0,0,0,0,0,0
1232,1196,0,0,0,0,0,0,0
1230,1195,0,0,0,0,0,0,0
1229,1196,0,0,0,0,0,0,0
1231,1195,0,0,0,0,0,0,0
1230,1195,0,0,0,0,0,0,0
1232,1193,0,0,0,0,0,0,0
1232,1193,0,0,0,0,0,0,0
1230,1196,0,0,0,0,0,0,0
1233,1195,0,0,0,0,0,0,0
1233,1195,0,0,0,0,0,0,0
1228,1193,0,0,0,0,0,0,0
1230,1196,0,0,0,0,0,0,0
1230,1195,0,0,0,0,0,0,0
1230,1196,0,0,0,0,0,0,0
1230,1193,0,0,0,0,0,0,0
1229,1195,0,0,0,0,0,0,0
1230,1196,0,0,0,0,0,0,0
1233,1197,0,0,0,0,0,0,0
1232,1195,0,0,0,0,0,0,0
1230,1196,0,0,0,0,0,0,0
1232,1196,0,0,0,0,0,0,0
1233,1196,0,0,0,0,0,0,0
1229,1196,0,0,0,0,0,0,0
1231,1194,0,0,0,0,0,0,0
1234,1195,0,0,0,0,0,0,0
1231,1197,0,0,0,0,0,0,0
1231,1196,0,0,0,0,0,0,0
1229,1196,0,0,0,0,0,0,0
1229,1196,0,0,0,0,0,0,0
1231,1195,0,0,0,0,0,0,0
1229,1193,0,0,0,0,0,0,0
1229,1195,0,0,0,0,0,0,0
1229,1192,0,0,0,0,0,0,0
1230,1196,0,0,0,0,0,0,0
1231,1193,0,0,0,0,0,0,0
1230,1194,0,0,0,0,0,0,0
1230,1197,0,0,0,0,0,0,0
1230,1196,0,0,0,0,0,0,0
1231,1194,0,0,0,0,0,0,0
1231,1195,0,0,0,0,0,0,0
1231,1194,0,0,0,0,0,0,0
1231,1196,0,0,0,0,0,0,0
1233,1197,0,0,0,0,0,0,0
1230,1194,0,0,0,0,0,0,0
1229,1196,0,0,0,0,0,0,0
1229,1197,0,0,0,0,0,0,0
1231,1197,0,0,0,0,0,0,0
1232,1195,0,0,0,0,0,0,0
1229,1196,0,0,0,0,0,0,0
1233,1195,0,0,0,0,0,0,0
1232,1196,0,0,0,0,0,0,0
1232,1195,0,0,0,0,0,0,0
1230,1196,0,0,0,0,0,0,0
1240,1196,0,0,0,0,0,0,0
1231,1195,0,0,0,0,0,0,0
1230,1196,0,0,0,0,0,0,0
1230,1195,0,0,0,0,0,0,0
1233,1196,0,0,0,0,0,0,0
1230,1197,0,0,0,0,0,0,0
1234,1195,0,0,0,0,0,0,0
1230,1197,0,0,0,0,0,0,0
1230,1196,0,0,0,0,0,0,0
1230,1195,0,0,0,0,0,0,0
1231,1194,0,0,0,0,0,0,0
1230,1194,0,0,0,0,0,0,0
1234,1195,0,0,0,0,0,0,0
1232,1196,0,0,0,0,0,0,0
1230,1197,0,0,0,0,0,0,0
1231,1194,0,0,0,0,0,0,0
1232,1195,0,0,0,0,0,0,0
1241,1197,0,0,0,0,0,0,0
1229,1195,0,0,0,0,0,0,0
1220,1195,0,0,0,0,0,0,0
1231,1195,0,0,0,0,0,0,0
1233,1195,0,0,0,0,0,0,0
1230,1195,0,0,0,0,0,0,0
1232,1196,0,0,0,0,0,0,0
1241,1196,0,0,0,0,0,0,0
1231,1196,0,0,0,0,0,0,0
1240,1194,0,0,0,0,0,0,0
1230,1195,0,0,0,0,0,0,0
1233,1195,0,0,0,0,0,0,0
1231,1196,0,0,0,0,0,0,0
1229,1195,0,0,0,0,0,0,0
1230,1196,0,0,0,0,0,0,0
1230,1195,0,0,0,0,0,0,0
1231,1195,0,0,0,0,0,0,0
1230,1194,0,0,0,0,0,0,0
1233,1196,0,0,0,0,0,0,0
1230,1195,0,0,0,0,0,0,0
1231,1196,0,0,0,0,0,0,0
1230,1196,0,0,0,0,0,0,0
1231,1196,0,0,0,0,0,0,0
1232,1195,0,0,0,0,0,0,0
1234,1195,0,0,0,0,0,0,0
1231,1199,0,0,0,0,0,0,0
1230,1195,0,0,0,0,0,0,0
1231,1196,0,0,0,0,0,0,0
1231,1192,0,0,0,0,0,0,0
1232,1196,0,0,0,0,0,0,0
1231,1194,0,0,0,0,0,0,0
1230,1197,0,0,0,0,0,0,0
1232,1196,0,0,0,0,0,0,0
1234,1195,0,0,0,0,0,0,0
1230,1196,0,0,0,0,0,0,0
1232,1193,0,0,0,0,0,0,0
1231,1196,0,0,0,0,0,0,0
1229,1196,0,0,0,0,0,0,0
1241,1193,0,0,0,0,0,0,0
1232,1195,0,0,0,0,0,0,0
1232,1196,0,0,0,0,0,0,0
1231,1194,0,0,0,0,0,0,0
1231,1195,0,0,0,0,0,0,0
1233,1195,0,0,0,0,0,0,0
1231,1195,0,0,0,0,0,0,0
1231,1194,0,0,0,0,0,0,0
1231,1196,0,0,0,0,0,0,0
1234,1196,0,0,0,0,0,0,0
1232,1197,0,0,0,0,0,0,0
1230,1197,0,0,0,0,0,0,0
1229,1194,0,0,0,0,0,0,0
1231,1196,0,0,0,0,0,0,0
1231,1192,0,0,0,0,0,0,0
1231,1195,0,0,0,0,0,0,0
1230,1196,0,0,0,0,0,0,0
1230,1195,0,0,0,0,0,0,0
1232,1196,0,0,0,0,0,0,0
1231,1197,0,0,0,0,0,0,0
1230,1204,0,0,0,0,0,0,0
1231,1196,0,0,0,0,0,0,0
1233,1196,0,0,0,0,0,0,0
1230,1192,0,0,0,0,0,0,0
1232,1195,0,0,0,0,0,0,0
1230,1193,0,0,0,0,0,0,0
1233,1196,0,0,0,0,0,0,0
1233,1195,0,0,0,0,0,0,0
1230,1194,0,0,0,0,0,0,0
1229,1196,0,0,0,0,0,0,0
1232,1193,0,0,0,0,0,0,0
1221,1195,0,0,0,0,0,0,0
1232,1196,0,0,0,0,0,0,0
1231,1196,0,0,0,0,0,0,0
1241,1195,0,0,0,0,0,0,0
1233,1197,0,0,0,0,0,0,0
1230,1196,0,0,0,0,0,0,0
1230,1195,0,0,0,0,0,0,0
1230,1196,0,0,0,0,0,0,0
1230,1196,0,0,0,0,0,0,0
1230,1193,0,0,0,0,0,0,0
1233,1194,0,0,0,0,0,0,0
1231,1195,0,0,0,0,0,0,0
1231,1195,0,0,0,0,0,0,0
1234,1196,0,0,0,0,0,0,0
1232,1195,0,0,0,0,0,0,0
1230,1195,0,0,0,0,0,0,0
1231,1196,0,0,0,0,0,0,0
1232,1196,0,0,0,0,0,0,0
1230,1196,0,0,0,0,0,0,0
1231,1197,0,0,0,0,0,0,0
1231,1197,0,0,0,0,0,0,0
1231,1195,0,0,0,0,0,0,0
1231,1193,0,0,0,0,0,0,0
1233,1197,0,0,0,0,0,0,0
1230,1195,0,0,0,0,0,0,0
1233,1195,0,0,0,0,0,0,0
1230,1197,0,0,0,0,0,0,0
1230,1195,0,0,0,0,0,0,0
1231,1197,0,0,0,0,0,0,0
1231,1195,0,0,0,0,0,0,0
1231,1196,0,0,0,0,0,0,0
1230,1196,0,0,0,0,0,0,0
1231,1196,0,0,0,0,0,0,0
1221,1195,0,0,0,0,0,0,0
1231,1195,0,0,0,0,0,0,0
1233,1195,0,0,0,0,0,0,0
1234,1196,0,0,0,0,0,0,0
1233,1195,0,0,0,0,0,0,0
1234,1195,0,0,0,0,0,0,0
1231,1194,0,0,0,0,0,0,0
1230,1196,0,0,0,0,0,0,0
1230,1196,0,0,0,0,0,0,0
1230,1195,0,0,0,0,0,0,0
1231,1196,0,0,0,0,0,0,0
1231,1196,0,0,0,0,0,0,0
1232,1193,0,0,0,0,0,0,0
1230,1194,0,0,0,0,0,0,0
1230,1195,0,0,0,0,0,0,0
1231,1196,0,0,0,0,0,0,0
1231,1195,0,0,0,0,0,0,0
1230,1195,0,0,0,0,0,0,0
1231,1195,0,0,0,0,0,0,0
1230,1194,0,0,0,0,0,0,0
1232,1195,0,0,0,0,0,0,0
1233,1197,0,0,0,0,0,0,0
1231,1196,0,0,0,0,0,0,0
1230,1195,0,0,0,0,0,0,0
1240,1196,0,0,0,0,0,0,0
1230,1196,0,0,0,0,0,0,0
1231,1196,0,0,0,0,0,0,0
1231,1196,0,0,0,0,0,0,0
1232,1195,0,0,0,0,0,0,0
1233,1194,0,0,0,0,0,0,0
1232,1195,0,0,0,0,0,0,0
1231,1194,0,0,0,0,0,0,0
1233,1194,0,0,0,0,0,0,0
1221,1195,0,0,0,0,0,0,0
1231,1194,0,0,0,0,0,0,0
1231,1194,0,0,0,0,0,0,0
1231,1196,0,0,0,0,0,0,0
1231,1194,0,0,0,0,0,0,0
1230,1195,0,0,0,0,0,0,0
1231,1196,0,0,0,0,0,0,0
1231,1195,0,0,0,0,0,0,0
1234,1194,0,0,0,0,0,0,0
1232,1196,0,0,0,0,0,0,0
1232,1197,0,0,0,0,0,0,0
1230,1195,0,0,0,0,0,0,0
1233,1197,0,0,0,0,0,0,0
1232,1195,0,0,0,0,0,0,0
1231,1204,0,0,0,0,0,0,0
1231,1195,0,0,0,0,0,0,0
1229,1196,0,0,0,0,0,0,0
1233,1195,0,0,0,0,0,0,0
1229,1195,0,0,0,0,0,0,0
1231,1196,0,0,0,0,0,0,0
1234,1195,0,0,0,0,0,0,0
1233,1196,0,0,0,0,0,0,0
1230,1196,0,0,0,0,0,0,0
1230,1194,0,0,0,0,0,0,0
1233,1197,0,0,0,0,0,0,0
1231,1195,0,0,0,0,0,0,0
1230,1196,0,0,0,0,0,0,0
1230,1196,0,0,0,0,0,0,0
1231,1195,0,0,0,0,0,0,0
1232,1195,0,0,0,0,0,0,0
1241,1196,0,0,0,0,0,0,0
1231,1195,0,0,0,0,0,0,0
1230,1196,0,0,0,0,0,0,0
1232,1194,0,0,0,0,0,0,0
1233,1194,0,0,0,0,0,0,0
1231,1195,0,0,0,0,0,0,0
1230,1196,0,0,0,0,0,0,0
1230,1196,0,0,0,0,0,0,0
1233,1196,0,0,0,0,0,0,0
1233,1195,0,0,0,0,0,0,0
1234,1194,0,0,0,0,0,0,0
1230,1196,0,0,0,0,0,0,0
1230,1196,0,0,0,0,0,0,0
1230,1196,0,0,0,0,0,0,0
1231,1197,0,0,0,0,0,0,0
1231,1195,0,0,0,0,0,0,0
1234,1196,0,0,0,0,0,0,0
1231,1196,0,0,0,0,0,0,0
1231,1195,0,0,0,0,0,0,0
1230,1196,0,0,0,0,0,0,0
1230,1195,0,0,0,0,0,0,0
1230,1195,0,0,0,0,0,0,0
1240,1196,0,0,0,0,0,0,0
1229,1196,0,0,0,0,0,0,0
1229,1197,0,0,0,0,0,0,0
1230,1196,0,0,0,0,0,0,0
1229,1197,0,0,0,0,0,0,0
1229,1195,0,0,0,0,0,0,0
1230,1193,0,0,0,0,0,0,0
1230,1195,0,0,0,0,0,0,0
1229,1196,0,0,0,0,0,0,0
1231,1196,0,0,0,0,0,0,0
1232,1195,0,0,0,0,0,0,0
1233,1196,0,0,0,0,0,0,0
1232,1197,0,0,0,0,0,0,0
1230,1195,0,0,0,0,0,0,0
1221,1196,0,0,0,0,0,0,0
1231,1196,0,0,0,0,0,0,0
1229,1197,0,0,0,0,0,0,0
1231,1195,0,0,0,0,0,0,0
1231,1195,0,0,0,0,0,0,0
1230,1195,0,0,0,0,0,0,0
1230,1194,0,0,0,0,0,0,0
1234,1195,0,0,0,0,0,0,0
1230,1196,0,0,0,0,0,0,0
1230,1197,0,0,0,0,0,0,0
1230,1196,0,0,0,0,0,0,0
1234,1197,0,0,0,0,0,0,0
1230,1195,0,0,0,0,0,0,0
1234,1195,0,0,0,0,0,0,0
1231,1196,0,0,0,0,0,0,0
1230,1194,0,0,0,0,0,0,0
1230,1196,0,0,0,0,0,0,0
1229,1195,0,0,0,0,0,0,0
1230,1194,0,0,0,0,0,0,0
1232,1195,0,0,0,0,0,0,0
1230,1195,0,0,0,0,0,0,0
1230,1196,0,0,0,0,0,0,0
1229,1193,0,0,0,0,0,0,0
1232,1194,0,0,0,0,0,0,0
1231,1196,0,0,0,0,0,0,0
1230,1195,0,0,0,0,0,0,0
1230,1195,0,0,0,0,0,0,0
1231,1197,0,0,0,0,0,0,0
1229,1195,0,0,0,0,0,0,0
1230,1195,0,0,0,0,0,0,0
1233,1194,0,0,0,0,0,0,0
1229,1194,0,0,0,0,0,0,0
1231,1204,0,0,0,0,0,0,0
1231,1195,0,0,0,0,0,0,0
1229,1196,0,0,0,0,0,0,0
1233,1194,0,0,0,0,0,0,0
1230,1204,0,0,0,0,0,0,0
1232,1197,0,0,0,0,0,0,0
1233,1196,0,0,0,0,0,0,0
1230,1195,0,0,0,0,0,0,0
1231,1194,0,0,0,0,0,0,0
1230,1195,0,0,0,0,0,0,0
1230,1196,0,0,0,0,0,0,0
1221,1194,0,0,0,0,0,0,0
1229,1193,0,0,0,0,0,0,0
1232,1197,0,0,0,0,0,0,0
1232,1195,0,0,0,0,0,0,0
1244,1209,0,0,0,0,0,0,0
1245,1208,0,0,0,0,0,0,0
1169,1144,0,0,0,0,0,0,0
845,871,0,0,0,0,0,0,0
525,559,0,0,0,0,0,0,0
882,832,0,0,0,0,0,0,0
1650,1707,0,0,0,0,0,0,0
1146,1125,0,0,0,0,0,0,0
604,586,0,0,0,0,0,0,0
886,845,0,0,0,0,0,0,0
1207,1126,0,0,0,0,0,0,0
1243,1157,0,0,0,0,0,0,0
1229,1196,0,0,0,0,0,0,0
1233,1206,0,0,0,0,0,0,0
1234,1205,0,0,0,0,0,0,0
1231,1204,0,0,0,0,0,0,0
1231,1196,0,0,0,0,0,0,0
1234,1196,0,0,0,0,0,0,0
1229,1196,0,0,0,0,0,0,0
1230,1196,0,0,0,0,0,0,0
1231,1196,0,0,0,0,0,0,0
1234,1196,0,0,0,0,0,0,0
1231,1197,0,0,0,0,0,0,0
1232,1195,0,0,0,0,0,0,0
1231,1194,0,0,0,0,0,0,0
1232,1195,0,0,0,0,0,0,0
1233,1195,0,0,0,0,0,0,0
1241,1196,0,0,0,0,0,0,0
1233,1197,0,0,0,0,0,0,0
1233,1196,0,0,0,0,0,0,0
1233,1195,0,0,0,0,0,0,0
1231,1193,0,0,0,0,0,0,0
1231,1195,0,0,0,0,0,0,0
1230,1193,0,0,0,0,0,0,0
1231,1195,0,0,0,0,0,0,0
1230,1193,0,0,0,0,0,0,0
1230,1193,0,0,0,0,0,0,0
1229,1197,0,0,0,0,0,0,0
1230,1197,0,0,0,0,0,0,0
1230,1196,0,0,0,0,0,0,0
1232,1195,0,0,0,0,0,0,0
1230,1195,0,0,0,0,0,0,0
1230,1195,0,0,0,0,0,0,0
1232,1199,0,0,0,0,0,0,0
1231,1196,0,0,0,0,0,0,0
1230,1196,0,0,0,0,0,0,0
1232,1196,0,0,0,0,0,0,0
1231,1196,0,0,0,0,0,0,0
1232,1197,0,0,0,0,0,0,0
1230,1195,0,0,0,0,0,0,0
1229,1197,0,0,0,0,0,0,0
1234,1196,0,0,0,0,0,0,0
1230,1196,0,0,0,0,0,0,0
1231,1195,0,0,0,0,0,0,0
1230,1193,0,0,0,0,0,0,0
1232,1194,0,0,0,0,0,0,0
1230,1195,0,0,0,0,0,0,0
1233,1197,0,0,0,0,0,0,0
1231,1197,0,0,0,0,0,0,0
1233,1195,0,0,0,0,0,0,0
1231,1195,0,0,0,0,0,0,0
1229,1196,0,0,0,0,0,0,0
1234,1195,0,0,0,0,0,0,0
1232,1195,0,0,0,0,0,0,0
1232,1195,0,0,0,0,0,0,0
1230,1193,0,0,0,0,0,0,0
1229,1197,0,0,0,0,0,0,0
1230,1196,0,0,0,0,0,0,0
1230,1196,0,0,0,0,0,0,0
1232,1195,0,0,0,0,0,0,0
1231,1195,0,0,0,0,0,0,0
1230,1194,0,0,0,0,0,0,0
1231,1197,0,0,0,0,0,0,0
1230,1196,0,0,0,0,0,0,0
1231,1196,0,0,0,0,0,0,0
1229,1196,0,0,0,0,0,0,0
1230,1195,0,0,0,0,0,0,0
1230,1195,0,0,0,0,0,0,0
1233,1195,0,0,0,0,0,0,0
1231,1197,0,0,0,0,0,0,0
1233,1195,0,0,0,0,0,0,0
1231,1196,0,0,0,0,0,0,0
1230,1195,0,0,0,0,0,0,0
1231,1204,0,0,0,0,0,0,0
1230,1196,0,0,0,0,0,0,0
1230,1195,0,0,0,0,0,0,0
1230,1195,0,0,0,0,0,0,0
1233,1193,0,0,0,0,0,0,0
1230,1196,0,0,0,0,0,0,0
1230,1193,0,0,0,0,0,0,0
1231,1196,0,0,0,0,0,0,0
1229,1194,0,0,0,0,0,0,0
1233,1195,0,0,0,0,0,0,0
1232,1194,0,0,0,0,0,0,0
1230,1196,0,0,0,0,0,0,0
1230,1195,0,0,0,0,0,0,0
1229,1194,0,0,0,0,0,0,0
1221,1193,0,0,0,0,0,0,0
1230,1195,0,0,0,0,0,0,0
1229,1196,0,0,0,0,0,0,0
1230,1195,0,0,0,0,0,0,0
1234,1197,0,0,0,0,0,0,0
1230,1196,0,0,0,0,0,0,0
1230,1196,0,0,0,0,0,0,0
1234,1195,0,0,0,0,0,0,0
1231,1197,0,0,0,0,0,0,0
1233,1195,0,0,0,0,0,0,0
1230,1196,0,0,0,0,0,0,0
1233,1195,0,0,0,0,0,0,0
1232,1204,0,0,0,0,0,0,0
1233,1195,0,0,0,0,0,0,0
1230,1195,0,0,0,0,0,0,0
1230,1193,0,0,0,0,0,0,0
1230,1195,0,0,0,0,0,0,0
1230,1194,0,0,0,0,0,0,0
1232,1195,0,0,0,0,0,0,0
1232,1196,0,0,0,0,0,0,0
1231,1194,0,0,0,0,0,0,0
1230,1196,0,0,0,0,0,0,0
1231,1194,0,0,0,0,0,0,0
1240,1197,0,0,0,0,0,0,0
1229,1195,0,0,0,0,0,0,0
1231,1196,0,0,0,0,0,0,0
1229,1196,0,0,0,0,0,0,0
1231,1195,0,0,0,0,0,0,0
1232,1196,0,0,0,0,0,0,0
1230,1193,0,0,0,0,0,0,0
1230,1195,0,0,0,0,0,0,0
1232,1193,0,0,0,0,0,0,0
1230,1194,0,0,0,0,0,0,0
1229,1195,0,0,0,0,0,0,0
1231,1195,0,0,0,0,0,0,0
1232,1193,0,0,0,0,0,0,0
1230,1196,0,0,0,0,0,0,0
1230,1196,0,0,0,0,0,0,0
1229,1195,0,0,0,0,0,0,0
1230,1196,0,0,0,0,0,0,0
1230,1195,0,0,0,0,0,0,0
1232,1196,0,0,0,0,0,0,0
1230,1196,0,0,0,0,0,0,0
1230,1195,0,0,0,0,0,0,0
1233,1195,0,0,0,0,0,0,0
1234,1196,0,0,0,0,0,0,0
1230,1194,0,0,0,0,0,0,0
1229,1195,0,0,0,0,0,0,0
1232,1196,0,0,0,0,0,0,0
1231,1196,0,0,0,0,0,0,0
1232,1195,0,0,0,0,0,0,0
1231,1195,0,0,0,0,0,0,0
1232,1195,0,0,0,0,0,0,0
1231,1195,0,0,0,0,0,0,0
1230,1196,0,0,0,0,0,0,0
1233,1194,0,0,0,0,0,0,0
1230,1195,0,0,0,0,0,0,0
1230,1196,0,0,0,0,0,0,0
1231,1192,0,0,0,0,0,0,0
1230,1197,0,0,0,0,0,0,0
1234,1196,0,0,0,0,0,0,0
1233,1196,0,0,0,0,0,0,0
1231,1195,0,0,0,0,0,0,0
1230,1194,0,0,0,0,0,0,0
1232,1193,0,0,0,0,0,0,0
1232,1197,0,0,0,0,0,0,0
1231,1196,0,0,0,0,0,0,0
1229,1195,0,0,0,0,0,0,0
1231,1194,0,0,0,0,0,0,0
1230,1194,0,0,0,0,0,0,0
1230,1195,0,0,0,0,0,0,0
1230,1195,0,0,0,0,0,0,0
1230,1197,0,0,0,0,0,0,0
1231,1195,0,0,0,0,0,0,0
1230,1196,0,0,0,0,0,0,0
1230,1196,0,0,0,0,0,0,0
1230,1195,0,0,0,0,0,0,0
1229,1195,0,0,0,0,0,0,0
1231,1196,0,0,0,0,0,0,0
1230,1194,0,0,0,0,0,0,0
1232,1195,0,0,0,0,0,0,0
1230,1196,0,0,0,0,0,0,0
1229,1195,0,0,0,0,0,0,0
1230,1196,0,0,0,0,0,0,0
1231,1195,0,0,0,0,0,0,0
1230,1195,0,0,0,0,0,0,0
1230,1195,0,0,0,0,0,0,0
1232,1197,0,0,0,0,0,0,0
1229,1195,0,0,0,0,0,0,0
1231,1195,0,0,0,0,0,0,0
1232,1193,0,0,0,0,0,0,0
1231,1196,0,0,0,0,0,0,0
1229,1194,0,0,0,0,0,0,0
1232,1195,0,0,0,0,0,0,0
1230,1195,0,0,0,0,0,0,0
1230,1196,0,0,0,0,0,0,0
1233,1196,0,0,0,0,0,0,0
1231,1197,0,0,0,0,0,0,0
1229,1195,0,0,0,0,0,0,0
1230,1194,0,0,0,0,0,0,0
1230,1196,0,0,0,0,0,0,0
1230,1194,0,0,0,0,0,0,0
1230,1194,0,0,0,0,0,0,0
1230,1194,0,0,0,0,0,0,0
1231,1196,0,0,0,0,0,0,0
1231,1197,0,0,0,0,0,0,0
1234,1196,0,0,0,0,0,0,0
1230,1195,0,0,0,0,0,0,0
1231,1196,0,0,0,0,0,0,0
1231,1196,0,0,0,0,0,0,0
1229,1195,0,0,0,0,0,0,0
1233,1196,0,0,0,0,0,0,0
1231,1196,0,0,0,0,0,0,0
1230,1194,0,0,0,0,0,0,0
1232,1195,0,0,0,0,0,0,0
1229,1193,0,0,0,0,0,0,0
1229,1196,0,0,0,0,0,0,0
1229,1193,0,0,0,0,0,0,0
1231,1196,0,0,0,0,0,0,0
1233,1194,0,0,0,0,0,0,0
1230,1195,0,0,0,0,0,0,0
1229,1195,0,0,0,0,0,0,0
1232,1197,0,0,0,0,0,0,0
1229,1194,0,0,0,0,0,0,0
1232,1196,0,0,0,0,0,0,0
1232,1193,0,0,0,0,0,0,0
1232,1196,0,0,0,0,0,0,0
1234,1196,0,0,0,0,0,0,0
1230,1194,0,0,0,0,0,0,0
1234,1196,0,0,0,0,0,0,0
1231,1196,0,0,0,0,0,0,0
1230,1195,0,0,0,0,0,0,0
1233,1197,0,0,0,0,0,0,0
1232,1197,0,0,0,0,0,0,0
1230,1193,0,0,0,0,0,0,0
1230,1195,0,0,0,0,0,0,0
1230,1195,0,0,0,0,0,0,0
1231,1197,0,0,0,0,0,0,0
1240,1197,0,0,0,0,0,0,0
1229,1195,0,0,0,0,0,0,0
1231,1186,0,0,0,0,0,0,0
1230,1195,0,0,0,0,0,0,0
1234,1195,0,0,0,0,0,0,0
1232,1195,0,0,0,0,0,0,0
1234,1197,0,0,0,0,0,0,0
1231,1195,0,0,0,0,0,0,0
1232,1195,0,0,0,0,0,0,0
1233,1196,0,0,0,0,0,0,0
1231,1195,0,0,0,0,0,0,0
1229,1193,0,0,0,0,0,0,0
1229,1195,0,0,0,0,0,0,0
1232,1193,0,0,0,0,0,0,0
1230,1195,0,0,0,0,0,0,0
1240,1197,0,0,0,0,0,0,0
1229,1194,0,0,0,0,0,0,0
1231,1196,0,0,0,0,0,0,0
1231,1195,0,0,0,0,0,0,0
1229,1195,0,0,0,0,0,0,0
1232,1196,0,0,0,0,0,0,0
1232,1193,0,0,0,0,0,0,0
1230,1196,0,0,0,0,0,0,0
1230,1196,0,0,0,0,0,0,0
1233,1196,0,0,0,0,0,0,0
1230,1193,0,0,0,0,0,0,0
1231,1195,0,0,0,0,0,0,0
1231,1196,0,0,0,0,0,0,0
1233,1195,0,0,0,0,0,0,0
1231,1193,0,0,0,0,0,0,0
1230,1194,0,0,0,0,0,0,0
1230,1197,0,0,0,0,0,0,0
1229,1187,0,0,0,0,0,0,0
1230,1196,0,0,0,0,0,0,0
1234,1195,0,0,0,0,0,0,0
1232,1195,0,0,0,0,0,0,0
1230,1196,0,0,0,0,0,0,0
1230,1196,0,0,0,0,0,0,0
1230,1195,0,0,0,0,0,0,0
1232,1195,0,0,0,0,0,0,0
1233,1197,0,0,0,0,0,0,0
1231,1195,0,0,0,0,0,0,0
1232,1195,0,0,0,0,0,0,0
1240,1196,0,0,0,0,0,0,0
1233,1197,0,0,0,0,0,0,0
1231,1196,0,0,0,0,0,0,0
1232,1196,0,0,0,0,0,0,0
1230,1195,0,0,0,0,0,0,0
1230,1195,0,0,0,0,0,0,0
1231,1195,0,0,0,0,0,0,0
1231,1195,0,0,0,0,0,0,0
1229,1193,0,0,0,0,0,0,0
1229,1196,0,0,0,0,0,0,0
1230,1196,0,0,0,0,0,0,0
1231,1195,0,0,0,0,0,0,0
1231,1197,0,0,0,0,0,0,0
1230,1195,0,0,0,0,0,0,0
1231,1194,0,0,0,0,0,0,0
1231,1196,0,0,0,0,0,0,0
1232,1195,0,0,0,0,0,0,0
1231,1195,0,0,0,0,0,0,0
1229,1196,0,0,0,0,0,0,0
1232,1196,0,0,0,0,0,0,0
1230,1197,0,0,0,0,0,0,0
1231,1195,0,0,0,0,0,0,0
1231,1195,0,0,0,0,0,0,0
1234,1197,0,0,0,0,0,0,0
1233,1196,0,0,0,0,0,0,0
1232,1196,0,0,0,0,0,0,0
1230,1195,0,0,0,0,0,0,0
1231,1197,0,0,0,0,0,0,0
1230,1196,0,0,0,0,0,0,0
1229,1196,0,0,0,0,0,0,0
1230,1195,0,0,0,0,0,0,0
1231,1196,0,0,0,0,0,0,0
1230,1195,0,0,0,0,0,0,0
1230,1197,0,0,0,0,0,0,0
1229,1194,0,0,0,0,0,0,0
1229,1196,0,0,0,0,0,0,0
1232,1196,0,0,0,0,0,0,0
1234,1193,0,0,0,0,0,0,0
1230,1196,0,0,0,0,0,0,0
1232,1193,0,0,0,0,0,0,0
1221,1195,0,0,0,0,0,0,0
1229,1195,0,0,0,0,0,0,0
1229,1196,0,0,0,0,0,0,0
1233,1194,0,0,0,0,0,0,0
1230,1193,0,0,0,0,0,0,0
1230,1199,0,0,0,0,0,0,0
1241,1194,0,0,0,0,0,0,0
1232,1194,0,0,0,0,0,0,0
1230,1195,0,0,0,0,0,0,0
1232,1194,0,0,0,0,0,0,0
1229,1194,0,0,0,0,0,0,0
1230,1196,0,0,0,0,0,0,0
1229,1195,0,0,0,0,0,0,0
1232,1195,0,0,0,0,0,0,0
1230,1195,0,0,0,0,0,0,0
1230,1195,0,0,0,0,0,0,0
1231,1196,0,0,0,0,0,0,0
1231,1195,0,0,0,0,0,0,0
1230,1195,0,0,0,0,0,0,0
1229,1194,0,0,0,0,0,0,0
1229,1196,0,0,0,0,0,0,0
1232,1195,0,0,0,0,0,0,0
1231,1196,0,0,0,0,0,0,0
1233,1195,0,0,0,0,0,0,0
1232,1195,0,0,0,0,0,0,0
1230,1195,0,0,0,0,0,0,0
1229,1195,0,0,0,0,0,0,0
1230,1195,0,0,0,0,0,0,0
1230,1195,0,0,0,0,0,0,0
1231,1195,0,0,0,0,0,0,0
1231,1193,0,0,0,0,0,0,0
1231,1196,0,0,0,0,0,0,0
1230,1196,0,0,0,0,0,0,0
1231,1195,0,0,0,0,0,0,0
1231,1195,0,0,0,0,0,0,0
1229,1195,0,0,0,0,0,0,0
1232,1195,0,0,0,0,0,0,0
1230,1194,0,0,0,0,0,0,0
1233,1195,0,0,0,0,0,0,0
1229,1195,0,0,0,0,0,0,0
1229,1195,0,0,0,0,0,0,0
1233,1195,0,0,0,0,0,0,0
1231,1195,0,0,0,0,0,0,0
1229,1195,0,0,0,0,0,0,0
1230,1196,0,0,0,0,0,0,0
1232,1195,0,0,0,0,0,0,0
1231,1195,0,0,0,0,0,0,0
1230,1196,0,0,0,0,0,0,0
1230,1196,0,0,0,0,0,0,0
1241,1195,0,0,0,0,0,0,0
1229,1197,0,0,0,0,0,0,0
1229,1196,0,0,0,0,0,0,0
1232,1195,0,0,0,0,0,0,0
1230,1195,0,0,0,0,0,0,0
1230,1196,0,0,0,0,0,0,0
1230,1196,0,0,0,0,0,0,0
1233,1195,0,0,0,0,0,0,0
1229,1193,0,0,0,0,0,0,0
1231,1196,0,0,0,0,0,0,0
1229,1193,0,0,0,0,0,0,0
1229,1194,0,0,0,0,0,0,0
1231,1195,0,0,0,0,0,0,0
1231,1193,0,0,0,0,0,0,0
1231,1194,0,0,0,0,0,0,0
1241,1195,0,0,0,0,0,0,0
1230,1196,0,0,0,0,0,0,0
1230,1195,0,0,0,0,0,0,0
1241,1195,0,0,0,0,0,0,0
1230,1196,0,0,0,0,0,0,0
1231,1196,0,0,0,0,0,0,0
1230,1193,0,0,0,0,0,0,0
1231,1197,0,0,0,0,0,0,0
1230,1193,0,0,0,0,0,0,0
1231,1195,0,0,0,0,0,0,0
1231,1197,0,0,0,0,0,0,0
1230,1195,0,0,0,0,0,0,0
1233,1196,0,0,0,0,0,0,0
1221,1192,0,0,0,0,0,0,0
1231,1195,0,0,0,0,0,0,0
1230,1195,0,0,0,0,0,0,0
1230,1193,0,0,0,0,0,0,0
1231,1197,0,0,0,0,0,0,0
1231,1195,0,0,0,0,0,0,0
1231,1196,0,0,0,0,0,0,0
1229,1194,0,0,0,0,0,0,0
1232,1195,0,0,0,0,0,0,0
1229,1194,0,0,0,0,0,0,0
1231,1195,0,0,0,0,0,0,0
1231,1197,0,0,0,0,0,0,0
1232,1196,0,0,0,0,0,0,0
1230,1196,0,0,0,0,0,0,0
1230,1195,0,0,0,0,0,0,0
1221,1195,0,0,0,0,0,0,0
1232,1195,0,0,0,0,0,0,0
1232,1193,0,0,0,0,0,0,0
1221,1195,0,0,0,0,0,0,0
1234,1193,0,0,0,0,0,0,0
1230,1197,0,0,0,0,0,0,0
1234,1195,0,0,0,0,0,0,0
1231,1196,0,0,0,0,0,0,0
1231,1195,0,0,0,0,0,0,0
1230,1193,0,0,0,0,0,0,0
1231,1196,0,0,0,0,0,0,0
1231,1196,0,0,0,0,0,0,0
1234,1197,0,0,0,0,0,0,0
1230,1193,0,0,0,0,0,0,0
1231,1194,0,0,0,0,0,0,0
1231,1194,0,0,0,0,0,0,0
1233,1197,0,0,0,0,0,0,0
1231,1195,0,0,0,0,0,0,0
1232,1195,0,0,0,0,0,0,0
1231,1196,0,0,0,0,0,0,0
1230,1192,0,0,0,0,0,0,0
1230,1196,0,0,0,0,0,0,0
1233,1196,0,0,0,0,0,0,0
1231,1193,0,0,0,0,0,0,0
1233,1193,0,0,0,0,0,0,0
1234,1194,0,0,0,0,0,0,0
1231,1195,0,0,0,0,0,0,0
1230,1195,0,0,0,0,0,0,0
1229,1196,0,0,0,0,0,0,0
1230,1194,0,0,0,0,0,0,0
1241,1195,0,0,0,0,0,0,0
1231,1197,0,0,0,0,0,0,0
1232,1195,0,0,0,0,0,0,0
1229,1196,0,0,0,0,0,0,0
1232,1196,0,0,0,0,0,0,0
1231,1195,0,0,0,0,0,0,0
1231,1193,0,0,0,0,0,0,0
1231,1192,0,0,0,0,0,0,0
1229,1196,0,0,0,0,0,0,0
1230,1196,0,0,0,0,0,0,0
1233,1194,0,0,0,0,0,0,0
1231,1195,0,0,0,0,0,0,0
1233,1195,0,0,0,0,0,0,0
1231,1192,0,0,0,0,0,0,0
1231,1195,0,0,0,0,0,0,0
1232,1195,0,0,0,0,0,0,0
1231,1195,0,0,0,0,0,0,0
1231,1196,0,0,0,0,0,0,0
1232,1195,0,0,0,0,0,0,0
1230,1197,0,0,0,0,0,0,0
1231,1197,0,0,0,0,0,0,0
1230,1195,0,0,0,0,0,0,0
1230,1195,0,0,0,0,0,0,0
1241,1193,0,0,0,0,0,0,0
1230,1194,0,0,0,0,0,0,0
1233,1195,0,0,0,0,0,0,0
1230,1195,0,0,0,0,0,0,0
1234,1194,0,0,0,0,0,0,0
1231,1195,0,0,0,0,0,0,0
1230,1195,0,0,0,0,0,0,0
1230,1196,0,0,0,0,0,0,0
1230,1196,0,0,0,0,0,0,0
1231,1195,0,0,0,0,0,0,0
1230,1196,0,0,0,0,0,0,0
1230,1196,0,0,0,0,0,0,0
1231,1195,0,0,0,0,0,0,0
1234,1184,0,0,0,0,0,0,0
1230,1196,0,0,0,0,0,0,0
1230,1196,0,0,0,0,0,0,0
1230,1196,0,0,0,0,0,0,0
1230,1197,0,0,0,0,0,0,0
1230,1196,0,0,0,0,0,0,0
1233,1195,0,0,0,0,0,0,0
1230,1204,0,0,0,0,0,0,0
1234,1195,0,0,0,0,0,0,0
1231,1195,0,0,0,0,0,0,0
1230,1195,0,0,0,0,0,0,0
1231,1195,0,0,0,0,0,0,0
1228,1197,0,0,0,0,0,0,0
1233,1196,0,0,0,0,0,0,0
1232,1196,0,0,0,0,0,0,0
1232,1192,0,0,0,0,0,0,0
1232,1195,0,0,0,0,0,0,0
1231,1194,0,0,0,0,0,0,0
1231,1195,0,0,0,0,0,0,0
1231,1195,0,0,0,0,0,0,0
1230,1196,0,0,0,0,0,0,0
1229,1197,0,0,0,0,0,0,0
1231,1197,0,0,0,0,0,0,0
1232,1196,0,0,0,0,0,0,0
1230,1194,0,0,0,0,0,0,0
1230,1194,0,0,0,0,0,0,0
1230,1195,0,0,0,0,0,0,0
1232,1196,0,0,0,0,0,0,0
1229,1195,0,0,0,0,0,0,0
1229,1195,0,0,0,0,0,0,0
1232,1196,0,0,0,0,0,0,0
1231,1195,0,0,0,0,0,0,0
1231,1197,0,0,0,0,0,0,0
1231,1194,0,0,0,0,0,0,0
1232,1192,0,0,0,0,0,0,0
1230,1195,0,0,0,0,0,0,0
1231,1194,0,0,0,0,0,0,0
1232,1193,0,0,0,0,0,0,0
1231,1197,0,0,0,0,0,0,0
1231,1195,0,0,0,0,0,0,0
1231,1196,0,0,0,0,0,0,0
1230,1197,0,0,0,0,0,0,0
1233,1194,0,0,0,0,0,0,0
1234,1194,0,0,0,0,0,0,0
1232,1192,0,0,0,0,0,0,0
1231,1195,0,0,0,0,0,0,0
1230,1196,0,0,0,0,0,0,0
1231,1197,0,0,0,0,0,0,0
1230,1204,0,0,0,0,0,0,0
1230,1196,0,0,0,0,0,0,0
1231,1196,0,0,0,0,0,0,0
1230,1196,0,0,0,0,0,0,0
1229,1196,0,0,0,0,0,0,0
1229,1196,0,0,0,0,0,0,0
1231,1195,0,0,0,0,0,0,0
1232,1195,0,0,0,0,0,0,0
1233,1196,0,0,0,0,0,0,0
1230,1195,0,0,0,0,0,0,0
1228,1195,0,0,0,0,0,0,0
1231,1195,0,0,0,0,0,0,0
1221,1195,0,0,0,0,0,0,0
1230,1195,0,0,0,0,0,0,0
1230,1196,0,0,0,0,0,0,0
1233,1194,0,0,0,0,0,0,0
1233,1193,0,0,0,0,0,0,0
1231,1197,0,0,0,0,0,0,0
1229,1196,0,0,0,0,0,0,0
1229,1196,0,0,0,0,0,0,0
1230,1194,0,0,0,0,0,0,0
1230,1196,0,0,0,0,0,0,0
1231,1194,0,0,0,0,0,0,0
1229,1196,0,0,0,0,0,0,0
1232,1195,0,0,0,0,0,0,0
1230,1194,0,0,0,0,0,0,0
1233,1196,0,0,0,0,0,0,0
1233,1196,0,0,0,0,0,0,0
1233,1195,0,0,0,0,0,0,0
1231,1194,0,0,0,0,0,0,0
1232,1194,0,0,0,0,0,0,0
1231,1193,0,0,0,0,0,0,0
1231,1197,0,0,0,0,0,0,0
1231,1195,0,0,0,0,0,0,0
1241,1194,0,0,0,0,0,0,0
1229,1196,0,0,0,0,0,0,0
1234,1195,0,0,0,0,0,0,0
1232,1196,0,0,0,0,0,0,0
1230,1192,0,0,0,0,0,0,0
1233,1194,0,0,0,0,0,0,0
1232,1194,0,0,0,0,0,0,0
1230,1195,0,0,0,0,0,0,0
1230,1195,0,0,0,0,0,0,0
1231,1195,0,0,0,0,0,0,0
1229,1196,0,0,0,0,0,0,0
1233,1195,0,0,0,0,0,0,0
1233,1193,0,0,0,0,0,0,0
1229,1195,0,0,0,0,0,0,0
1230,1197,0,0,0,0,0,0,0
1230,1197,0,0,0,0,0,0,0
1234,1195,0,0,0,0,0,0,0
1231,1195,0,0,0,0,0,0,0
1229,1197,0,0,0,0,0,0,0
1230,1196,0,0,0,0,0,0,0
1231,1192,0,0,0,0,0,0,0
1231,1194,0,0,0,0,0,0,0
1232,1195,0,0,0,0,0,0,0
1232,1195,0,0,0,0,0,0,0
1231,1195,0,0,0,0,0,0,0
1230,1196,0,0,0,0,0,0,0
1232,1197,0,0,0,0,0,0,0
1229,1195,0,0,0,0,0,0,0
1233,1194,0,0,0,0,0,0,0
1231,1197,0,0,0,0,0,0,0
1230,1194,0,0,0,0,0,0,0
1231,1196,0,0,0,0,0,0,0
1232,1194,0,0,0,0,0,0,0
1230,1196,0,0,0,0,0,0,0
1231,1195,0,0,0,0,0,0,0
1231,1193,0,0,0,0,0,0,0
1229,1196,0,0,0,0,0,0,0
1230,1195,0,0,0,0,0,0,0
1230,1197,0,0,0,0,0,0,0
1230,1195,0,0,0,0,0,0,0
1229,1195,0,0,0,0,0,0,0
1233,1193,0,0,0,0,0,0,0
1231,1197,0,0,0,0,0,0,0
1230,1197,0,0,0,0,0,0,0
1229,1195,0,0,0,0,0,0,0
1230,1195,0,0,0,0,0,0,0
1232,1195,0,0,0,0,0,0,0
1230,1194,0,0,0,0,0,0,0
1232,1195,0,0,0,0,0,0,0
1231,1197,0,0,0,0,0,0,0
1230,1196,0,0,0,0,0,0,0
1231,1194,0,0,0,0,0,0,0
1231,1193,0,0,0,0,0,0,0
1231,1196,0,0,0,0,0,0,0
1220,1195,0,0,0,0,0,0,0
1232,1195,0,0,0,0,0,0,0
1229,1197,0,0,0,0,0,0,0
1231,1195,0,0,0,0,0,0,0
1233,1195,0,0,0,0,0,0,0
1233,1195,0,0,0,0,0,0,0
1230,1196,0,0,0,0,0,0,0
1229,1193,0,0,0,0,0,0,0
1230,1196,0,0,0,0,0,0,0
1232,1196,0,0,0,0,0,0,0
1231,1195,0,0,0,0,0,0,0
1230,1195,0,0,0,0,0,0,0
1230,1196,0,0,0,0,0,0,0
1229,1196,0,0,0,0,0,0,0
1232,1196,0,0,0,0,0,0,0
1230,1196,0,0,0,0,0,0,0
1231,1197,0,0,0,0,0,0,0
1221,1196,0,0,0,0,0,0,0
1234,1195,0,0,0,0,0,0,0
1232,1195,0,0,0,0,0,0,0
1232,1194,0,0,0,0,0,0,0
1232,1196,0,0,0,0,0,0,0
1233,1195,0,0,0,0,0,0,0
1231,1195,0,0,0,0,0,0,0
1231,1195,0,0,0,0,0,0,0
1221,1194,0,0,0,0,0,0,0
1229,1193,0,0,0,0,0,0,0
1231,1196,0,0,0,0,0,0,0
1231,1197,0,0,0,0,0,0,0
1230,1196,0,0,0,0,0,0,0
1233,1196,0,0,0,0,0,0,0
1231,1195,0,0,0,0,0,0,0
1231,1196,0,0,0,0,0,0,0
1231,1194,0,0,0,0,0,0,0
1230,1195,0,0,0,0,0,0,0
1231,1196,0,0,0,0,0,0,0
1229,1196,0,0,0,0,0,0,0
1232,1196,0,0,0,0,0,0,0
1230,1195,0,0,0,0,0,0,0
1231,1194,0,0,0,0,0,0,0
1232,1196,0,0,0,0,0,0,0
1230,1194,0,0,0,0,0,0,0
1231,1196,0,0,0,0,0,0,0
1231,1197,0,0,0,0,0,0,0
1230,1195,0,0,0,0,0,0,0
1230,1195,0,0,0,0,0,0,0
1232,1195,0,0,0,0,0,0,0
1230,1193,0,0,0,0,0,0,0
1230,1197,0,0,0,0,0,0,0
1257,1218,0,0,0,0,0,0,0
1241,1207,0,0,0,0,0,0,0
1161,1136,0,0,0,0,0,0,0
839,859,0,0,0,0,0,0,0
535,548,0,0,0,0,0,0,0
895,861,0,0,0,0,0,0,0
1633,1732,0,0,0,0,0,0,0
1108,1108,0,0,0,0,0,0,0
607,586,0,0,0,0,0,0,0
898,858,0,0,0,0,0,0,0
1208,1147,0,0,0,0,0,0,0
1241,1160,0,0,0,0,0,0,0
1229,1184,0,0,0,0,0,0,0
1234,1204,0,0,0,0,0,0,0
1232,1205,0,0,0,0,0,0,0
1230,1199,0,0,0,0,0,0,0
1231,1195,0,0,0,0,0,0,0
1234,1194,0,0,0,0,0,0,0
1229,1196,0,0,0,0,0,0,0
1231,1195,0,0,0,0,0,0,0
1231,1197,0,0,0,0,0,0,0
1231,1196,0,0,0,0,0,0,0
1233,1197,0,0,0,0,0,0,0
1233,1196,0,0,0,0,0,0,0
1230,1196,0,0,0,0,0,0,0
1231,1194,0,0,0,0,0,0,0
1229,1193,0,0,0,0,0,0,0
1231,1195,0,0,0,0,0,0,0
1231,1193,0,0,0,0,0,0,0
1230,1197,0,0,0,0,0,0,0
1230,1195,0,0,0,0,0,0,0
1221,1196,0,0,0,0,0,0,0
1233,1195,0,0,0,0,0,0,0
1233,1195,0,0,0,0,0,0,0
1221,1195,0,0,0,0,0,0,0
1229,1194,0,0,0,0,0,0,0
1232,1197,0,0,0,0,0,0,0
1229,1195,0,0,0,0,0,0,0
1233,1196,0,0,0,0,0,0,0
1229,1195,0,0,0,0,0,0,0
1230,1197,0,0,0,0,0,0,0
1229,1195,0,0,0,0,0,0,0
1230,1196,0,0,0,0,0,0,0
1231,1193,0,0,0,0,0,0,0
1230,1195,0,0,0,0,0,0,0
1231,1196,0,0,0,0,0,0,0
1229,1197,0,0,0,0,0,0,0
1230,1195,0,0,0,0,0,0,0
1230,1195,0,0,0,0,0,0,0
1230,1196,0,0,0,0,0,0,0
1231,1193,0,0,0,0,0,0,0
1231,1193,0,0,0,0,0,0,0
1229,1194,0,0,0,0,0,0,0
1232,1204,0,0,0,0,0,0,0
1231,1195,0,0,0,0,0,0,0
1231,1203,0,0,0,0,0,0,0
1233,1194,0,0,0,0,0,0,0
1229,1196,0,0,0,0,0,0,0
1232,1195,0,0,0,0,0,0,0
1230,1193,0,0,0,0,0,0,0
1230,1195,0,0,0,0,0,0,0
1240,1196,0,0,0,0,0,0,0
1233,1195,0,0,0,0,0,0,0
1232,1197,0,0,0,0,0,0,0
1233,1195,0,0,0,0,0,0,0
1233,1196,0,0,0,0,0,0,0
1221,1197,0,0,0,0,0,0,0
1233,1196,0,0,0,0,0,0,0
1231,1194,0,0,0,0,0,0,0
1230,1194,0,0,0,0,0,0,0
1230,1187,0,0,0,0,0,0,0
1232,1196,0,0,0,0,0,0,0
1230,1196,0,0,0,0,0,0,0
1229,1197,0,0,0,0,0,0,0
1232,1195,0,0,0,0,0,0,0
1230,1195,0,0,0,0,0,0,0
1232,1204,0,0,0,0,0,0,0
1229,1195,0,0,0,0,0,0,0
1231,1195,0,0,0,0,0,0,0
1232,1196,0,0,0,0,0,0,0
1230,1195,0,0,0,0,0,0,0
1231,1195,0,0,0,0,0,0,0
1230,1195,0,0,0,0,0,0,0
1231,1194,0,0,0,0,0,0,0
1231,1196,0,0,0,0,0,0,0
1231,1195,0,0,0,0,0,0,0
1232,1195,0,0,0,0,0,0,0
1232,1195,0,0,0,0,0,0,0
1229,1194,0,0,0,0,0,0,0
1230,1196,0,0,0,0,0,0,0
1229,1196,0,0,0,0,0,0,0
1230,1196,0,0,0,0,0,0,0
1230,1194,0,0,0,0,0,0,0
1231,1192,0,0,0,0,0,0,0
1231,1195,0,0,0,0,0,0,0
1230,1193,0,0,0,0,0,0,0
1230,1196,0,0,0,0,0,0,0
1230,1195,0,0,0,0,0,0,0
1231,1196,0,0,0,0,0,0,0
1229,1195,0,0,0,0,0,0,0
1231,1194,0,0,0,0,0,0,0
1229,1192,0,0,0,0,0,0,0
1231,1193,0,0,0,0,0,0,0
1229,1195,0,0,0,0,0,0,0
1230,1195,0,0,0,0,0,0,0
1230,1195,0,0,0,0,0,0,0
1234,1195,0,0,0,0,0,0,0
1230,1196,0,0,0,0,0,0,0
1231,1193,0,0,0,0,0,0,0
1230,1193,0,0,0,0,0,0,0
1231,1193,0,0,0,0,0,0,0
1230,1197,0,0,0,0,0,0,0
1231,1195,0,0,0,0,0,0,0
1230,1195,0,0,0,0,0,0,0
1231,1197,0,0,0,0,0,0,0
1230,1195,0,0,0,0,0,0,0
1229,1194,0,0,0,0,0,0,0
1231,1193,0,0,0,0,0,0,0
1232,1195,0,0,0,0,0,0,0
1231,1204,0,0,0,0,0,0,0
1233,1195,0,0,0,0,0,0,0
1234,1195,0,0,0,0,0,0,0
1230,1194,0,0,0,0,0,0,0
1231,1196,0,0,0,0,0,0,0
1229,1195,0,0,0,0,0,0,0
1230,1186,0,0,0,0,0,0,0
1232,1195,0,0,0,0,0,0,0
1229,1193,0,0,0,0,0,0,0
1233,1195,0,0,0,0,0,0,0
1229,1193,0,0,0,0,0,0,0
1231,1196,0,0,0,0,0,0,0
1231,1196,0,0,0,0,0,0,0
1231,1195,0,0,0,0,0,0,0
1229,1196,0,0,0,0,0,0,0
1232,1194,0,0,0,0,0,0,0
1230,1195,0,0,0,0,0,0,0
1230,1196,0,0,0,0,0,0,0
1231,1194,0,0,0,0,0,0,0
1232,1195,0,0,0,0,0,0,0
1231,1195,0,0,0,0,0,0,0
1233,1193,0,0,0,0,0,0,0
1231,1196,0,0,0,0,0,0,0
1230,1193,0,0,0,0,0,0,0
1229,1196,0,0,0,0,0,0,0
1230,1195,0,0,0,0,0,0,0
1232,1194,0,0,0,0,0,0,0
1241,1196,0,0,0,0,0,0,0
1234,1196,0,0,0,0,0,0,0
1241,1197,0,0,0,0,0,0,0
1231,1196,0,0,0,0,0,0,0
1232,1195,0,0,0,0,0,0,0
1229,1196,0,0,0,0,0,0,0
1231,1196,0,0,0,0,0,0,0
1230,1194,0,0,0,0,0,0,0
1232,1196,0,0,0,0,0,0,0
1229,1196,0,0,0,0,0,0,0
1232,1195,0,0,0,0,0,0,0
1229,1196,0,0,0,0,0,0,0
1230,1193,0,0,0,0,0,0,0
1230,1195,0,0,0,0,0,0,0
1233,1195,0,0,0,0,0,0,0
1232,1195,0,0,0,0,0,0,0
1233,1197,0,0,0,0,0,0,0
1231,1193,0,0,0,0,0,0,0
1234,1193,0,0,0,0,0,0,0
1229,1194,0,0,0,0,0,0,0
1234,1196,0,0,0,0,0,0,0
1231,1196,0,0,0,0,0,0,0
1231,1196,0,0,0,0,0,0,0
1232,1197,0,0,0,0,0,0,0
1231,1194,0,0,0,0,0,0,0
1233,1195,0,0,0,0,0,0,0
1232,1196,0,0,0,0,0,0,0
1232,1194,0,0,0,0,0,0,0
1230,1194,0,0,0,0,0,0,0
1231,1196,0,0,0,0,0,0,0
1230,1193,0,0,0,0,0,0,0
1231,1196,0,0,0,0,0,0,0
1232,1194,0,0,0,0,0,0,0
1231,1196,0,0,0,0,0,0,0
1231,1197,0,0,0,0,0,0,0
1234,1194,0,0,0,0,0,0,0
1230,1195,0,0,0,0,0,0,0
1232,1196,0,0,0,0,0,0,0
1229,1195,0,0,0,0,0,0,0
1232,1196,0,0,0,0,0,0,0
1231,1195,0,0,0,0,0,0,0
1241,1195,0,0,0,0,0,0,0
1232,1196,0,0,0,0,0,0,0
1231,1196,0,0,0,0,0,0,0
1229,1194,0,0,0,0,0,0,0
1231,1192,0,0,0,0,0,0,0
1230,1195,0,0,0,0,0,0,0
1232,1196,0,0,0,0,0,0,0
1233,1194,0,0,0,0,0,0,0
1231,1195,0,0,0,0,0,0,0
1231,1195,0,0,0,0,0,0,0
1230,1196,0,0,0,0,0,0,0
1233,1195,0,0,0,0,0,0,0
1231,1193,0,0,0,0,0,0,0
1221,1195,0,0,0,0,0,0,0
1230,1195,0,0,0,0,0,0,0
1230,1196,0,0,0,0,0,0,0
1232,1195,0,0,0,0,0,0,0
1231,1196,0,0,0,0,0,0,0
1231,1196,0,0,0,0,0,0,0
1230,1197,0,0,0,0,0,0,0
1230,1195,0,0,0,0,0,0,0
1230,1196,0,0,0,0,0,0,0
1234,1194,0,0,0,0,0,0,0
1230,1197,0,0,0,0,0,0,0
1232,1195,0,0,0,0,0,0,0
1234,1195,0,0,0,0,0,0,0
1232,1196,0,0,0,0,0,0,0
1230,1195,0,0,0,0,0,0,0
1231,1193,0,0,0,0,0,0,0
1232,1195,0,0,0,0,0,0,0
1232,1195,0,0,0,0,0,0,0
1231,1196,0,0,0,0,0,0,0
1233,1195,0,0,0,0,0,0,0
1230,1194,0,0,0,0,0,0,0
1230,1194,0,0,0,0,0,0,0
1232,1195,0,0,0,0,0,0,0
1231,1195,0,0,0,0,0,0,0
1221,1194,0,0,0,0,0,0,0
1231,1197,0,0,0,0,0,0,0
1230,1197,0,0,0,0,0,0,0
1231,1194,0,0,0,0,0,0,0
1230,1196,0,0,0,0,0,0,0
1233,1196,0,0,0,0,0,0,0
1234,1197,0,0,0,0,0,0,0
1229,1195,0,0,0,0,0,0,0
1231,1195,0,0,0,0,0,0,0
1230,1195,0,0,0,0,0,0,0
1230,1195,0,0,0,0,0,0,0
1233,1196,0,0,0,0,0,0,0
1230,1196,0,0,0,0,0,0,0
1233,1194,0,0,0,0,0,0,0
1230,1193,0,0,0,0,0,0,0
1230,1194,0,0,0,0,0,0,0
1229,1196,0,0,0,0,0,0,0
1231,1195,0,0,0,0,0,0,0
1229,1196,0,0,0,0,0,0,0
1230,1195,0,0,0,0,0,0,0
1231,1195,0,0,0,0,0,0,0
1232,1195,0,0,0,0,0,0,0
1230,1195,0,0,0,0,0,0,0
1233,1196,0,0,0,0,0,0,0
1230,1192,0,0,0,0,0,0,0
1231,1195,0,0,0,0,0,0,0
1230,1196,0,0,0,0,0,0,0
1229,1197,0,0,0,0,0,0,0
1231,1197,0,0,0,0,0,0,0
1231,1195,0,0,0,0,0,0,0
1231,1195,0,0,0,0,0,0,0
1233,1195,0,0,0,0,0,0,0
1230,1195,0,0,0,0,0,0,0
1229,1195,0,0,0,0,0,0,0
1229,1195,0,0,0,0,0,0,0
1234,1195,0,0,0,0,0,0,0
1230,1195,0,0,0,0,0,0,0
1229,1195,0,0,0,0,0,0,0
1231,1195,0,0,0,0,0,0,0
1232,1195,0,0,0,0,0,0,0
1230,1194,0,0,0,0,0,0,0
1232,1196,0,0,0,0,0,0,0
1229,1195,0,0,0,0,0,0,0
1231,1193,0,0,0,0,0,0,0
1231,1196,0,0,0,0,0,0,0
1221,1197,0,0,0,0,0,0,0
1230,1196,0,0,0,0,0,0,0
1232,1195,0,0,0,0,0,0,0
1231,1197,0,0,0,0,0,0,0
1230,1195,0,0,0,0,0,0,0
1231,1197,0,0,0,0,0,0,0
1232,1195,0,0,0,0,0,0,0
1230,1195,0,0,0,0,0,0,0
1232,1195,0,0,0,0,0,0,0
1231,1195,0,0,0,0,0,0,0
1234,1196,0,0,0,0,0,0,0
1233,1196,0,0,0,0,0,0,0
1231,1195,0,0,0,0,0,0,0
1232,1194,0,0,0,0,0,0,0
1230,1194,0,0,0,0,0,0,0
1229,1193,0,0,0,0,0,0,0
1229,1194,0,0,0,0,0,0,0
1231,1197,0,0,0,0,0,0,0
1233,1195,0,0,0,0,0,0,0
1231,1197,0,0,0,0,0,0,0
1231,1197,0,0,0,0,0,0,0
1232,1195,0,0,0,0,0,0,0
1234,1195,0,0,0,0,0,0,0
1230,1195,0,0,0,0,0,0,0
1234,1195,0,0,0,0,0,0,0
1234,1195,0,0,0,0,0,0,0
1230,1196,0,0,0,0,0,0,0
1233,1195,0,0,0,0,0,0,0
1231,1195,0,0,0,0,0,0,0
1233,1197,0,0,0,0,0,0,0
1230,1195,0,0,0,0,0,0,0
1230,1196,0,0,0,0,0,0,0
1221,1194,0,0,0,0,0,0,0
1230,1194,0,0,0,0,0,0,0
1231,1196,0,0,0,0,0,0,0
1229,1194,0,0,0,0,0,0,0
1230,1196,0,0,0,0,0,0,0
1234,1197,0,0,0,0,0,0,0
1230,1195,0,0,0,0,0,0,0
1230,1193,0,0,0,0,0,0,0
1229,1192,0,0,0,0,0,0,0
1230,1195,0,0,0,0,0,0,0
1230,1196,0,0,0,0,0,0,0
1231,1196,0,0,0,0,0,0,0
1230,1197,0,0,0,0,0,0,0
1230,1196,0,0,0,0,0,0,0
1233,1196,0,0,0,0,0,0,0
1230,1196,0,0,0,0,0,0,0
1234,1195,0,0,0,0,0,0,0
1221,1196,0,0,0,0,0,0,0
1230,1195,0,0,0,0,0,0,0
1231,1196,0,0,0,0,0,0,0
1232,1195,0,0,0,0,0,0,0
1230,1196,0,0,0,0,0,0,0
1231,1195,0,0,0,0,0,0,0
1231,1187,0,0,0,0,0,0,0
1230,1194,0,0,0,0,0,0,0
1221,1195,0,0,0,0,0,0,0
1229,1196,0,0,0,0,0,0,0
1230,1195,0,0,0,0,0,0,0
1231,1196,0,0,0,0,0,0,0
1230,1193,0,0,0,0,0,0,0
1231,1196,0,0,0,0,0,0,0
1230,1192,0,0,0,0,0,0,0
1231,1196,0,0,0,0,0,0,0
1230,1194,0,0,0,0,0,0,0
1230,1195,0,0,0,0,0,0,0
1231,1196,0,0,0,0,0,0,0
1230,1197,0,0,0,0,0,0,0
1229,1195,0,0,0,0,0,0,0
1231,1193,0,0,0,0,0,0,0
1230,1196,0,0,0,0,0,0,0
1231,1192,0,0,0,0,0,0,0
1230,1194,0,0,0,0,0,0,0
1221,1196,0,0,0,0,0,0,0
1229,1197,0,0,0,0,0,0,0
1230,1195,0,0,0,0,0,0,0
1231,1196,0,0,0,0,0,0,0
1229,1195,0,0,0,0,0,0,0
1231,1195,0,0,0,0,0,0,0
1234,1194,0,0,0,0,0,0,0
1231,1193,0,0,0,0,0,0,0
1234,1196,0,0,0,0,0,0,0
1221,1196,0,0,0,0,0,0,0
1233,1193,0,0,0,0,0,0,0
1233,1194,0,0,0,0,0,0,0
1231,1197,0,0,0,0,0,0,0
1230,1194,0,0,0,0,0,0,0
1231,1194,0,0,0,0,0,0,0
1231,1196,0,0,0,0,0,0,0
1229,1195,0,0,0,0,0,0,0
1231,1195,0,0,0,0,0,0,0
1231,1196,0,0,0,0,0,0,0
1233,1194,0,0,0,0,0,0,0
1230,1196,0,0,0,0,0,0,0
1231,1196,0,0,0,0,0,0,0
1229,1193,0,0,0,0,0,0,0
1230,1195,0,0,0,0,0,0,0
1221,1193,0,0,0,0,0,0,0
1229,1193,0,0,0,0,0,0,0
1231,1196,0,0,0,0,0,0,0
1232,1195,0,0,0,0,0,0,0
1231,1197,0,0,0,0,0,0,0
1231,1199,0,0,0,0,0,0,0
1231,1197,0,0,0,0,0,0,0
1231,1193,0,0,0,0,0,0,0
1229,1195,0,0,0,0,0,0,0
1229,1194,0,0,0,0,0,0,0
1229,1194,0,0,0,0,0,0,0
1233,1195,0,0,0,0,0,0,0
1231,1197,0,0,0,0,0,0,0
1230,1195,0,0,0,0,0,0,0
1229,1197,0,0,0,0,0,0,0
1231,1193,0,0,0,0,0,0,0
1231,1193,0,0,0,0,0,0,0
1231,1195,0,0,0,0,0,0,0
1232,1193,0,0,0,0,0,0,0
1230,1196,0,0,0,0,0,0,0
1230,1196,0,0,0,0,0,0,0
1231,1196,0,0,0,0,0,0,0
1230,1195,0,0,0,0,0,0,0
1232,1194,0,0,0,0,0,0,0
1229,1196,0,0,0,0,0,0,0
1231,1194,0,0,0,0,0,0,0
1231,1192,0,0,0,0,0,0,0
1231,1196,0,0,0,0,0,0,0
1233,1196,0,0,0,0,0,0,0
1231,1196,0,0,0,0,0,0,0
1231,1194,0,0,0,0,0,0,0
1233,1196,0,0,0,0,0,0,0
1229,1195,0,0,0,0,0,0,0
1230,1193,0,0,0,0,0,0,0
1229,1194,0,0,0,0,0,0,0
1230,1196,0,0,0,0,0,0,0
1231,1195,0,0,0,0,0,0,0
1233,1197,0,0,0,0,0,0,0
1232,1194,0,0,0,0,0,0,0
1233,1197,0,0,0,0,0,0,0
1232,1195,0,0,0,0,0,0,0
1230,1194,0,0,0,0,0,0,0
1231,1197,0,0,0,0,0,0,0
1233,1197,0,0,0,0,0,0,0
1231,1196,0,0,0,0,0,0,0
1230,1195,0,0,0,0,0,0,0
1231,1196,0,0,0,0,0,0,0
1232,1195,0,0,0,0,0,0,0
1231,1195,0,0,0,0,0,0,0
1231,1195,0,0,0,0,0,0,0
1233,1196,0,0,0,0,0,0,0
1231,1196,0,0,0,0,0,0,0
1232,1195,0,0,0,0,0,0,0
1231,1196,0,0,0,0,0,0,0
1231,1194,0,0,0,0,0,0,0
1231,1195,0,0,0,0,0,0,0
1231,1195,0,0,0,0,0,0,0
1229,1192,0,0,0,0,0,0,0
1233,1196,0,0,0,0,0,0,0
1229,1194,0,0,0,0,0,0,0
1231,1196,0,0,0,0,0,0,0
1230,1196,0,0,0,0,0,0,0
1231,1195,0,0,0,0,0,0,0
1241,1195,0,0,0,0,0,0,0
1232,1195,0,0,0,0,0,0,0
1231,1193,0,0,0,0,0,0,0
1228,1197,0,0,0,0,0,0,0
1231,1195,0,0,0,0,0,0,0
1230,1195,0,0,0,0,0,0,0
1232,1194,0,0,0,0,0,0,0
1231,1196,0,0,0,0,0,0,0
1231,1193,0,0,0,0,0,0,0
1231,1195,0,0,0,0,0,0,0
1229,1194,0,0,0,0,0,0,0
1230,1193,0,0,0,0,0,0,0
1231,1195,0,0,0,0,0,0,0
1231,1195,0,0,0,0,0,0,0
1230,1195,0,0,0,0,0,0,0
1230,1195,0,0,0,0,0,0,0
1230,1196,0,0,0,0,0,0,0
1230,1194,0,0,0,0,0,0,0
1232,1195,0,0,0,0,0,0,0
1230,1196,0,0,0,0,0,0,0
1231,1193,0,0,0,0,0,0,0
1231,1194,0,0,0,0,0,0,0
1231,1194,0,0,0,0,0,0,0
1230,1195,0,0,0,0,0,0,0
1232,1195,0,0,0,0,0,0,0
1233,1196,0,0,0,0,0,0,0
1232,1196,0,0,0,0,0,0,0
1229,1195,0,0,0,0,0,0,0
1230,1195,0,0,0,0,0,0,0
1229,1196,0,0,0,0,0,0,0
1231,1193,0,0,0,0,0,0,0
1231,1196,0,0,0,0,0,0,0
1232,1197,0,0,0,0,0,0,0
1230,1196,0,0,0,0,0,0,0
1230,1196,0,0,0,0,0,0,0
1231,1196,0,0,0,0,0,0,0
1231,1195,0,0,0,0,0,0,0
1232,1193,0,0,0,0,0,0,0
1229,1193,0,0,0,0,0,0,0
1230,1197,0,0,0,0,0,0,0
1230,1193,0,0,0,0,0,0,0
1230,1195,0,0,0,0,0,0,0
1232,1196,0,0,0,0,0,0,0
1230,1195,0,0,0,0,0,0,0
1230,1195,0,0,0,0,0,0,0
1231,1196,0,0,0,0,0,0,0
1232,1195,0,0,0,0,0,0,0
1229,1196,0,0,0,0,0,0,0
1229,1196,0,0,0,0,0,0,0
1221,1194,0,0,0,0,0,0,0
1231,1195,0,0,0,0,0,0,0
1233,1197,0,0,0,0,0,0,0
1232,1195,0,0,0,0,0,0,0
1231,1194,0,0,0,0,0,0,0
1231,1195,0,0,0,0,0,0,0
1232,1196,0,0,0,0,0,0,0
1232,1195,0,0,0,0,0,0,0
1232,1195,0,0,0,0,0,0,0
1230,1195,0,0,0,0,0,0,0
1232,1193,0,0,0,0,0,0,0
1233,1196,0,0,0,0,0,0,0
1230,1194,0,0,0,0,0,0,0
1230,1196,0,0,0,0,0,0,0
1232,1197,0,0,0,0,0,0,0
1232,1195,0,0,0,0,0,0,0
1229,1204,0,0,0,0,0,0,0
1231,1195,0,0,0,0,0,0,0
1230,1195,0,0,0,0,0,0,0
1231,1193,0,0,0,0,0,0,0
1229,1196,0,0,0,0,0,0,0
1229,1192,0,0,0,0,0,0,0
1231,1194,0,0,0,0,0,0,0
1230,1195,0,0,0,0,0,0,0
1231,1196,0,0,0,0,0,0,0
1230,1195,0,0,0,0,0,0,0
1231,1197,0,0,0,0,0,0,0
1231,1204,0,0,0,0,0,0,0
1232,1195,0,0,0,0,0,0,0
1231,1196,0,0,0,0,0,0,0
1231,1196,0,0,0,0,0,0,0
1229,1195,0,0,0,0,0,0,0
1230,1194,0,0,0,0,0,0,0
1231,1196,0,0,0,0,0,0,0
1234,1196,0,0,0,0,0,0,0
1229,1196,0,0,0,0,0,0,0
1230,1195,0,0,0,0,0,0,0
1229,1195,0,0,0,0,0,0,0
1229,1195,0,0,0,0,0,0,0
1229,1196,0,0,0,0,0,0,0
1229,1196,0,0,0,0,0,0,0
1231,1195,0,0,0,0,0,0,0
1230,1196,0,0,0,0,0,0,0
1233,1195,0,0,0,0,0,0,0
1230,1195,0,0,0,0,0,0,0
1229,1194,0,0,0,0,0,0,0
1230,1195,0,0,0,0,0,0,0
1231,1193,0,0,0,0,0,0,0
1232,1195,0,0,0,0,0,0,0
1233,1195,0,0,0,0,0,0,0
1231,1196,0,0,0,0,0,0,0
1231,1195,0,0,0,0,0,0,0
1232,1195,0,0,0,0,0,0,0
1229,1196,0,0,0,0,0,0,0
1229,1195,0,0,0,0,0,0,0
1230,1196,0,0,0,0,0,0,0
1231,1195,0,0,0,0,0,0,0
1231,1196,0,0,0,0,0,0,0
1229,1193,0,0,0,0,0,0,0
1230,1196,0,0,0,0,0,0,0
1230,1196,0,0,0,0,0,0,0
1230,1195,0,0,0,0,0,0,0
1230,1195,0,0,0,0,0,0,0
1232,1193,0,0,0,0,0,0,0
1231,1187,0,0,0,0,0,0,0
1230,1196,0,0,0,0,0,0,0
1233,1195,0,0,0,0,0,0,0
1232,1195,0,0,0,0,0,0,0
1230,1196,0,0,0,0,0,0,0
1231,1194,0,0,0,0,0,0,0
1231,1197,0,0,0,0,0,0,0
1231,1194,0,0,0,0,0,0,0
1231,1194,0,0,0,0,0,0,0
1229,1195,0,0,0,0,0,0,0
1230,1197,0,0,0,0,0,0,0
1232,1195,0,0,0,0,0,0,0
1231,1196,0,0,0,0,0,0,0
1231,1196,0,0,0,0,0,0,0
1231,1194,0,0,0,0,0,0,0
1230,1197,0,0,0,0,0,0,0
1231,1195,0,0,0,0,0,0,0
1233,1194,0,0,0,0,0,0,0
1231,1197,0,0,0,0,0,0,0
1232,1195,0,0,0,0,0,0,0
1229,1196,0,0,0,0,0,0,0
1232,1194,0,0,0,0,0,0,0
1230,1195,0,0,0,0,0,0,0
1230,1193,0,0,0,0,0,0,0
1229,1196,0,0,0,0,0,0,0
1229,1195,0,0,0,0,0,0,0
1232,1194,0,0,0,0,0,0,0
1233,1197,0,0,0,0,0,0,0
1230,1196,0,0,0,0,0,0,0
1231,1196,0,0,0,0,0,0,0
1230,1196,0,0,0,0,0,0,0
1231,1197,0,0,0,0,0,0,0
1231,1196,0,0,0,0,0,0,0
1230,1194,0,0,0,0,0,0,0
1231,1194,0,0,0,0,0,0,0
1231,1196,0,0,0,0,0,0,0
1232,1196,0,0,0,0,0,0,0
1232,1194,0,0,0,0,0,0,0
1229,1193,0,0,0,0,0,0,0
1230,1194,0,0,0,0,0,0,0
1232,1195,0,0,0,0,0,0,0
1231,1197,0,0,0,0,0,0,0
1231,1196,0,0,0,0,0,0,0
1230,1195,0,0,0,0,0,0,0
1230,1196,0,0,0,0,0,0,0
1230,1193,0,0,0,0,0,0,0
1230,1196,0,0,0,0,0,0,0
1230,1194,0,0,0,0,0,0,0
1230,1196,0,0,0,0,0,0,0
1229,1192,0,0,0,0,0,0,0
1231,1196,0,0,0,0,0,0,0
1232,1196,0,0,0,0,0,0,0
1233,1196,0,0,0,0,0,0,0
1232,1193,0,0,0,0,0,0,0
1232,1196,0,0,0,0,0,0,0
1234,1194,0,0,0,0,0,0,0
1231,1195,0,0,0,0,0,0,0
1234,1196,0,0,0,0,0,0,0
1230,1194,0,0,0,0,0,0,0
1231,1196,0,0,0,0,0,0,0
1230,1193,0,0,0,0,0,0,0
1232,1195,0,0,0,0,0,0,0
1234,1195,0,0,0,0,0,0,0
1231,1194,0,0,0,0,0,0,0
1229,1194,0,0,0,0,0,0,0
1231,1196,0,0,0,0,0,0,0
1231,1197,0,0,0,0,0,0,0
1229,1196,0,0,0,0,0,0,0
1230,1196,0,0,0,0,0,0,0
1231,1195,0,0,0,0,0,0,0
1230,1193,0,0,0,0,0,0,0
1231,1196,0,0,0,0,0,0,0
1233,1195,0,0,0,0,0,0,0
1230,1196,0,0,0,0,0,0,0
1231,1193,0,0,0,0,0,0,0
1231,1194,0,0,0,0,0,0,0
1231,1195,0,0,0,0,0,0,0
1234,1197,0,0,0,0,0,0,0
1232,1193,0,0,0,0,0,0,0
1230,1196,0,0,0,0,0,0,0
1230,1195,0,0,0,0,0,0,0
1229,1196,0,0,0,0,0,0,0
1232,1195,0,0,0,0,0,0,0
1231,1195,0,0,0,0,0,0,0
1231,1196,0,0,0,0,0,0,0
1230,1193,0,0,0,0,0,0,0
1231,1196,0,0,0,0,0,0,0
1231,1195,0,0,0,0,0,0,0
1230,1195,0,0,0,0,0,0,0
1230,1194,0,0,0,0,0,0,0
1230,1197,0,0,0,0,0,0,0
1231,1194,0,0,0,0,0,0,0
1231,1193,0,0,0,0,0,0,0
1231,1194,0,0,0,0,0,0,0
1231,1195,0,0,0,0,0,0,0
1230,1196,0,0,0,0,0,0,0
1233,1196,0,0,0,0,0,0,0
1232,1195,0,0,0,0,0,0,0
1230,1193,0,0,0,0,0,0,0
1230,1195,0,0,0,0,0,0,0
1229,1196,0,0,0,0,0,0,0
1231,1197,0,0,0,0,0,0,0
1241,1196,0,0,0,0,0,0,0
1230,1197,0,0,0,0,0,0,0
1234,1197,0,0,0,0,0,0,0
1230,1197,0,0,0,0,0,0,0
1229,1195,0,0,0,0,0,0,0
1232,1197,0,0,0,0,0,0,0
1231,1196,0,0,0,0,0,0,0
1233,1195,0,0,0,0,0,0,0
1232,1195,0,0,0,0,0,0,0
1231,1196,0,0,0,0,0,0,0
1231,1194,0,0,0,0,0,0,0
1230,1194,0,0,0,0,0,0,0
1230,1196,0,0,0,0,0,0,0
1232,1196,0,0,0,0,0,0,0
1230,1195,0,0,0,0,0,0,0
1231,1196,0,0,0,0,0,0,0
1230,1196,0,0,0,0,0,0,0
1229,1197,0,0,0,0,0,0,0
1264,1229,0,0,0,0,0,0,0
1243,1204,0,0,0,0,0,0,0
1125,1121,0,0,0,0,0,0,0
788,809,0,0,0,0,0,0,0
510,519,0,0,0,0,0,0,0
1028,992,0,0,0,0,0,0,0
1662,1776,0,0,0,0,0,0,0
967,981,0,0,0,0,0,0,0
623,584,0,0,0,0,0,0,0
957,910,0,0,0,0,0,0,0
1230,1184,0,0,0,0,0,0,0
1241,1173,0,0,0,0,0,0,0
1229,1136,0,0,0,0,0,0,0
1234,1205,0,0,0,0,0,0,0
1234,1197,0,0,0,0,0,0,0
1232,1196,0,0,0,0,0,0,0
1231,1196,0,0,0,0,0,0,0
1241,1195,0,0,0,0,0,0,0
1231,1194,0,0,0,0,0,0,0
1230,1196,0,0,0,0,0,0,0
1230,1194,0,0,0,0,0,0,0
1229,1196,0,0,0,0,0,0,0
1230,1196,0,0,0,0,0,0,0
1231,1195,0,0,0,0,0,0,0
1231,1196,0,0,0,0,0,0,0
1229,1195,0,0,0,0,0,0,0
1233,1195,0,0,0,0,0,0,0
1231,1196,0,0,0,0,0,0,0
1232,1192,0,0,0,0,0,0,0
1232,1196,0,0,0,0,0,0,0
1229,1196,0,0,0,0,0,0,0
1232,1196,0,0,0,0,0,0,0
1229,1194,0,0,0,0,0,0,0
1232,1204,0,0,0,0,0,0,0
1230,1197,0,0,0,0,0,0,0
1231,1193,0,0,0,0,0,0,0
1230,1195,0,0,0,0,0,0,0
1230,1196,0,0,0,0,0,0,0
1230,1195,0,0,0,0,0,0,0
1230,1197,0,0,0,0,0,0,0
1231,1195,0,0,0,0,0,0,0
1232,1196,0,0,0,0,0,0,0
1234,1195,0,0,0,0,0,0,0
1230,1196,0,0,0,0,0,0,0
1230,1195,0,0,0,0,0,0,0
1230,1194,0,0,0,0,0,0,0
1230,1193,0,0,0,0,0,0,0
1232,1196,0,0,0,0,0,0,0
1231,1196,0,0,0,0,0,0,0
1230,1195,0,0,0,0,0,0,0
1230,1196,0,0,0,0,0,0,0
1234,1194,0,0,0,0,0,0,0
1230,1195,0,0,0,0,0,0,0
1231,1196,0,0,0,0,0,0,0
1231,1193,0,0,0,0,0,0,0
1229,1194,0,0,0,0,0,0,0
1231,1195,0,0,0,0,0,0,0
1231,1194,0,0,0,0,0,0,0
1229,1195,0,0,0,0,0,0,0
1230,1196,0,0,0,0,0,0,0
1229,1194,0,0,0,0,0,0,0
1233,1197,0,0,0,0,0,0,0
1231,1196,0,0,0,0,0,0,0
1231,1193,0,0,0,0,0,0,0
1231,1196,0,0,0,0,0,0,0
1231,1195,0,0,0,0,0,0,0
1232,1197,0,0,0,0,0,0,0
1231,1195,0,0,0,0,0,0,0
1231,1195,0,0,0,0,0,0,0
1230,1196,0,0,0,0,0,0,0
1230,1195,0,0,0,0,0,0,0
1231,1187,0,0,0,0,0,0,0
1232,1196,0,0,0,0,0,0,0
1230,1196,0,0,0,0,0,0,0
1229,1195,0,0,0,0,0,0,0
1233,1196,0,0,0,0,0,0,0
1230,1197,0,0,0,0,0,0,0
1240,1195,0,0,0,0,0,0,0
1231,1194,0,0,0,0,0,0,0
1232,1195,0,0,0,0,0,0,0
1230,1193,0,0,0,0,0,0,0
1229,1196,0,0,0,0,0,0,0
1231,1196,0,0,0,0,0,0,0
1232,1196,0,0,0,0,0,0,0
1231,1195,0,0,0,0,0,0,0
1231,1196,0,0,0,0,0,0,0
1231,1196,0,0,0,0,0,0,0
1232,1195,0,0,0,0,0,0,0
1230,1197,0,0,0,0,0,0,0
1231,1195,0,0,0,0,0,0,0
1232,1196,0,0,0,0,0,0,0
1231,1195,0,0,0,0,0,0,0
1231,1197,0,0,0,0,0,0,0
1230,1195,0,0,0,0,0,0,0
1230,1197,0,0,0,0,0,0,0
1230,1195,0,0,0,0,0,0,0
1232,1196,0,0,0,0,0,0,0
1231,1195,0,0,0,0,0,0,0
1232,1195,0,0,0,0,0,0,0
1230,1196,0,0,0,0,0,0,0
1231,1194,0,0,0,0,0,0,0
1231,1193,0,0,0,0,0,0,0
1231,1194,0,0,0,0,0,0,0
1231,1195,0,0,0,0,0,0,0
1220,1196,0,0,0,0,0,0,0
1230,1195,0,0,0,0,0,0,0
1233,1195,0,0,0,0,0,0,0
1233,1196,0,0,0,0,0,0,0
1231,1196,0,0,0,0,0,0,0
1232,1193,0,0,0,0,0,0,0
1232,1196,0,0,0,0,0,0,0
1231,1194,0,0,0,0,0,0,0
1233,1194,0,0,0,0,0,0,0
1231,1195,0,0,0,0,0,0,0
1233,1196,0,0,0,0,0,0,0
1232,1197,0,0,0,0,0,0,0
1230,1196,0,0,0,0,0,0,0
1230,1194,0,0,0,0,0,0,0
1231,1196,0,0,0,0,0,0,0
1232,1195,0,0,0,0,0,0,0
1230,1193,0,0,0,0,0,0,0
1229,1193,0,0,0,0,0,0,0
1231,1197,0,0,0,0,0,0,0
1230,1195,0,0,0,0,0,0,0
1232,1196,0,0,0,0,0,0,0
1229,1195,0,0,0,0,0,0,0
1230,1195,0,0,0,0,0,0,0
1230,1197,0,0,0,0,0,0,0
1230,1193,0,0,0,0,0,0,0
1230,1196,0,0,0,0,0,0,0
1232,1195,0,0,0,0,0,0,0
1231,1195,0,0,0,0,0,0,0
1230,1195,0,0,0,0,0,0,0
1229,1197,0,0,0,0,0,0,0
1231,1195,0,0,0,0,0,0,0
1230,1197,0,0,0,0,0,0,0
1231,1195,0,0,0,0,0,0,0
1231,1196,0,0,0,0,0,0,0
1229,1195,0,0,0,0,0,0,0
1231,1195,0,0,0,0,0,0,0
1231,1196,0,0,0,0,0,0,0
1233,1196,0,0,0,0,0,0,0
1231,1197,0,0,0,0,0,0,0
1230,1196,0,0,0,0,0,0,0
1229,1196,0,0,0,0,0,0,0
1230,1196,0,0,0,0,0,0,0
1230,1196,0,0,0,0,0,0,0
1230,1195,0,0,0,0,0,0,0
1231,1196,0,0,0,0,0,0,0
1231,1195,0,0,0,0,0,0,0
1232,1193,0,0,0,0,0,0,0
1231,1194,0,0,0,0,0,0,0
1233,1196,0,0,0,0,0,0,0
1221,1195,0,0,0,0,0,0,0
1231,1195,0,0,0,0,0,0,0
1230,1196,0,0,0,0,0,0,0
1231,1196,0,0,0,0,0,0,0
1230,1196,0,0,0,0,0,0,0
1230,1196,0,0,0,0,0,0,0
1231,1196,0,0,0,0,0,0,0
1231,1195,0,0,0,0,0,0,0
1232,1192,0,0,0,0,0,0,0
1234,1196,0,0,0,0,0,0,0
1231,1195,0,0,0,0,0,0,0
1231,1194,0,0,0,0,0,0,0
1230,1196,0,0,0,0,0,0,0
1230,1194,0,0,0,0,0,0,0
1230,1196,0,0,0,0,0,0,0
1229,1196,0,0,0,0,0,0,0
1233,1197,0,0,0,0,0,0,0
1230,1195,0,0,0,0,0,0,0
1229,1194,0,0,0,0,0,0,0
1233,1196,0,0,0,0,0,0,0
1231,1196,0,0,0,0,0,0,0
1232,1193,0,0,0,0,0,0,0
1233,1195,0,0,0,0,0,0,0
1232,1196,0,0,0,0,0,0,0
1229,1197,0,0,0,0,0,0,0
1230,1193,0,0,0,0,0,0,0
1230,1194,0,0,0,0,0,0,0
1231,1193,0,0,0,0,0,0,0
1231,1195,0,0,0,0,0,0,0
1232,1196,0,0,0,0,0,0,0
1232,1196,0,0,0,0,0,0,0
1230,1196,0,0,0,0,0,0,0
1231,1197,0,0,0,0,0,0,0
1231,1194,0,0,0,0,0,0,0
1230,1195,0,0,0,0,0,0,0
1231,1196,0,0,0,0,0,0,0
1229,1195,0,0,0,0,0,0,0
1230,1197,0,0,0,0,0,0,0
1231,1195,0,0,0,0,0,0,0
1230,1195,0,0,0,0,0,0,0
1229,1196,0,0,0,0,0,0,0
1240,1194,0,0,0,0,0,0,0
1230,1194,0,0,0,0,0,0,0
1230,1196,0,0,0,0,0,0,0
1229,1197,0,0,0,0,0,0,0
1231,1194,0,0,0,0,0,0,0
1229,1196,0,0,0,0,0,0,0
1230,1197,0,0,0,0,0,0,0
1230,1194,0,0,0,0,0,0,0
1233,1193,0,0,0,0,0,0,0
1233,1196,0,0,0,0,0,0,0
1230,1195,0,0,0,0,0,0,0
1230,1197,0,0,0,0,0,0,0
1231,1195,0,0,0,0,0,0,0
1230,1197,0,0,0,0,0,0,0
1231,1195,0,0,0,0,0,0,0
1231,1196,0,0,0,0,0,0,0
1231,1197,0,0,0,0,0,0,0
1231,1196,0,0,0,0,0,0,0
1229,1196,0,0,0,0,0,0,0
1221,1196,0,0,0,0,0,0,0
1230,1195,0,0,0,0,0,0,0
1231,1197,0,0,0,0,0,0,0
1230,1196,0,0,0,0,0,0,0
1231,1196,0,0,0,0,0,0,0
1230,1193,0,0,0,0,0,0,0
1241,1193,0,0,0,0,0,0,0
1229,1195,0,0,0,0,0,0,0
1229,1194,0,0,0,0,0,0,0
1231,1196,0,0,0,0,0,0,0
1231,1196,0,0,0,0,0,0,0
1233,1194,0,0,0,0,0,0,0
1232,1194,0,0,0,0,0,0,0
1233,1193,0,0,0,0,0,0,0
1230,1193,0,0,0,0,0,0,0
1231,1195,0,0,0,0,0,0,0
1232,1196,0,0,0,0,0,0,0
1229,1196,0,0,0,0,0,0,0
1234,1196,0,0,0,0,0,0,0
1230,1195,0,0,0,0,0,0,0
1229,1196,0,0,0,0,0,0,0
1232,1197,0,0,0,0,0,0,0
1230,1195,0,0,0,0,0,0,0
1231,1195,0,0,0,0,0,0,0
1232,1195,0,0,0,0,0,0,0
1230,1195,0,0,0,0,0,0,0
1230,1195,0,0,0,0,0,0,0
1231,1197,0,0,0,0,0,0,0
1230,1197,0,0,0,0,0,0,0
1230,1196,0,0,0,0,0,0,0
1232,1195,0,0,0,0,0,0,0
1230,1194,0,0,0,0,0,0,0
1230,1184,0,0,0,0,0,0,0
1229,1196,0,0,0,0,0,0,0
1230,1196,0,0,0,0,0,0,0
1230,1196,0,0,0,0,0,0,0
1231,1196,0,0,0,0,0,0,0
1231,1196,0,0,0,0,0,0,0
1232,1195,0,0,0,0,0,0,0
1230,1195,0,0,0,0,0,0,0
1232,1194,0,0,0,0,0,0,0
1233,1193,0,0,0,0,0,0,0
1229,1196,0,0,0,0,0,0,0
1231,1196,0,0,0,0,0,0,0
1230,1196,0,0,0,0,0,0,0
1229,1196,0,0,0,0,0,0,0
1230,1194,0,0,0,0,0,0,0
1231,1193,0,0,0,0,0,0,0
1230,1196,0,0,0,0,0,0,0
1230,1196,0,0,0,0,0,0,0
1231,1194,0,0,0,0,0,0,0
1234,1195,0,0,0,0,0,0,0
1230,1195,0,0,0,0,0,0,0
1233,1196,0,0,0,0,0,0,0
1230,1195,0,0,0,0,0,0,0
1230,1195,0,0,0,0,0,0,0
1230,1193,0,0,0,0,0,0,0
1231,1196,0,0,0,0,0,0,0
1230,1194,0,0,0,0,0,0,0
1233,1196,0,0,0,0,0,0,0
1234,1196,0,0,0,0,0,0,0
1232,1194,0,0,0,0,0,0,0
1233,1195,0,0,0,0,0,0,0
1232,1195,0,0,0,0,0,0,0
1229,1196,0,0,0,0,0,0,0
1233,1193,0,0,0,0,0,0,0
1231,1194,0,0,0,0,0,0,0
1220,1194,0,0,0,0,0,0,0
1232,1195,0,0,0,0,0,0,0
1233,1199,0,0,0,0,0,0,0
1234,1194,0,0,0,0,0,0,0
1230,1196,0,0,0,0,0,0,0
1234,1199,0,0,0,0,0,0,0
1231,1195,0,0,0,0,0,0,0
1230,1196,0,0,0,0,0,0,0
1229,1195,0,0,0,0,0,0,0
1231,1187,0,0,0,0,0,0,0
1231,1195,0,0,0,0,0,0,0
1232,1195,0,0,0,0,0,0,0
1229,1197,0,0,0,0,0,0,0
1231,1195,0,0,0,0,0,0,0
1233,1195,0,0,0,0,0,0,0
1233,1195,0,0,0,0,0,0,0
1232,1196,0,0,0,0,0,0,0
1230,1195,0,0,0,0,0,0,0
1229,1196,0,0,0,0,0,0,0
1230,1193,0,0,0,0,0,0,0
1229,1196,0,0,0,0,0,0,0
1230,1197,0,0,0,0,0,0,0
1231,1196,0,0,0,0,0,0,0
1231,1186,0,0,0,0,0,0,0
1231,1195,0,0,0,0,0,0,0
1231,1194,0,0,0,0,0,0,0
1231,1196,0,0,0,0,0,0,0
1232,1195,0,0,0,0,0,0,0
1229,1196,0,0,0,0,0,0,0
1231,1196,0,0,0,0,0,0,0
1231,1194,0,0,0,0,0,0,0
1232,1193,0,0,0,0,0,0,0
1230,1196,0,0,0,0,0,0,0
1229,1194,0,0,0,0,0,0,0
1234,1195,0,0,0,0,0,0,0
1234,1195,0,0,0,0,0,0,0
1230,1195,0,0,0,0,0,0,0
1232,1194,0,0,0,0,0,0,0
1231,1196,0,0,0,0,0,0,0
1230,1195,0,0,0,0,0,0,0
1231,1195,0,0,0,0,0,0,0
1229,1196,0,0,0,0,0,0,0
1231,1196,0,0,0,0,0,0,0
1230,1195,0,0,0,0,0,0,0
1233,1195,0,0,0,0,0,0,0
1233,1195,0,0,0,0,0,0,0
1230,1197,0,0,0,0,0,0,0
1230,1196,0,0,0,0,0,0,0
1221,1196,0,0,0,0,0,0,0
1229,1195,0,0,0,0,0,0,0
1233,1194,0,0,0,0,0,0,0
1231,1196,0,0,0,0,0,0,0
1230,1197,0,0,0,0,0,0,0
1230,1197,0,0,0,0,0,0,0
1230,1197,0,0,0,0,0,0,0
1230,1197,0,0,0,0,0,0,0
1231,1195,0,0,0,0,0,0,0
1232,1194,0,0,0,0,0,0,0
1230,1196,0,0,0,0,0,0,0
1231,1195,0,0,0,0,0,0,0
1232,1196,0,0,0,0,0,0,0
1229,1197,0,0,0,0,0,0,0
1230,1196,0,0,0,0,0,0,0
1230,1197,0,0,0,0,0,0,0
1231,1194,0,0,0,0,0,0,0
1241,1195,0,0,0,0,0,0,0
1233,1194,0,0,0,0,0,0,0
1232,1195,0,0,0,0,0,0,0
1232,1195,0,0,0,0,0,0,0
1230,1196,0,0,0,0,0,0,0
1230,1197,0,0,0,0,0,0,0
1231,1195,0,0,0,0,0,0,0
1233,1193,0,0,0,0,0,0,0
1229,1195,0,0,0,0,0,0,0
1230,1194,0,0,0,0,0,0,0
1230,1194,0,0,0,0,0,0,0
1231,1197,0,0,0,0,0,0,0
1230,1196,0,0,0,0,0,0,0
1231,1196,0,0,0,0,0,0,0
1230,1197,0,0,0,0,0,0,0
1234,1195,0,0,0,0,0,0,0
1233,1196,0,0,0,0,0,0,0
1231,1193,0,0,0,0,0,0,0
1231,1195,0,0,0,0,0,0,0
1231,1193,0,0,0,0,0,0,0
1230,1187,0,0,0,0,0,0,0
1234,1195,0,0,0,0,0,0,0
1232,1196,0,0,0,0,0,0,0
1229,1194,0,0,0,0,0,0,0
1230,1196,0,0,0,0,0,0,0
1230,1197,0,0,0,0,0,0,0
1231,1195,0,0,0,0,0,0,0
1232,1196,0,0,0,0,0,0,0
1241,1195,0,0,0,0,0,0,0
1230,1197,0,0,0,0,0,0,0
1233,1195,0,0,0,0,0,0,0
1229,1194,0,0,0,0,0,0,0
1229,1193,0,0,0,0,0,0,0
1233,1196,0,0,0,0,0,0,0
1230,1193,0,0,0,0,0,0,0
1234,1194,0,0,0,0,0,0,0
1231,1195,0,0,0,0,0,0,0
1233,1196,0,0,0,0,0,0,0
1232,1196,0,0,0,0,0,0,0
1230,1196,0,0,0,0,0,0,0
1221,1196,0,0,0,0,0,0,0
1232,1195,0,0,0,0,0,0,0
1231,1193,0,0,0,0,0,0,0
1229,1195,0,0,0,0,0,0,0
1231,1196,0,0,0,0,0,0,0
1231,1195,0,0,0,0,0,0,0
1230,1196,0,0,0,0,0,0,0
1231,1195,0,0,0,0,0,0,0
1230,1196,0,0,0,0,0,0,0
1231,1196,0,0,0,0,0,0,0
1230,1193,0,0,0,0,0,0,0
1232,1196,0,0,0,0,0,0,0
1230,1196,0,0,0,0,0,0,0
1234,1195,0,0,0,0,0,0,0
1231,1197,0,0,0,0,0,0,0
1233,1196,0,0,0,0,0,0,0
1231,1195,0,0,0,0,0,0,0
1229,1197,0,0,0,0,0,0,0
1230,1196,0,0,0,0,0,0,0
1231,1195,0,0,0,0,0,0,0
1234,1194,0,0,0,0,0,0,0
1230,1196,0,0,0,0,0,0,0
1230,1195,0,0,0,0,0,0,0
1232,1195,0,0,0,0,0,0,0
1232,1197,0,0,0,0,0,0,0
1231,1194,0,0,0,0,0,0,0
1228,1195,0,0,0,0,0,0,0
1231,1196,0,0,0,0,0,0,0
1232,1197,0,0,0,0,0,0,0
1229,1195,0,0,0,0,0,0,0
1230,1195,0,0,0,0,0,0,0
1231,1195,0,0,0,0,0,0,0
1233,1195,0,0,0,0,0,0,0
1229,1195,0,0,0,0,0,0,0
1229,1194,0,0,0,0,0,0,0
1231,1195,0,0,0,0,0,0,0
1230,1196,0,0,0,0,0,0,0
1230,1196,0,0,0,0,0,0,0
1233,1193,0,0,0,0,0,0,0
1231,1194,0,0,0,0,0,0,0
1230,1195,0,0,0,0,0,0,0
1231,1195,0,0,0,0,0,0,0
1230,1195,0,0,0,0,0,0,0
1232,1193,0,0,0,0,0,0,0
1229,1195,0,0,0,0,0,0,0
1230,1193,0,0,0,0,0,0,0
1231,1196,0,0,0,0,0,0,0
1233,1195,0,0,0,0,0,0,0
1229,1196,0,0,0,0,0,0,0
1230,1195,0,0,0,0,0,0,0
1230,1195,0,0,0,0,0,0,0
1230,1195,0,0,0,0,0,0,0
1230,1195,0,0,0,0,0,0,0
1232,1194,0,0,0,0,0,0,0
1232,1196,0,0,0,0,0,0,0
1232,1197,0,0,0,0,0,0,0
1229,1194,0,0,0,0,0,0,0
1231,1197,0,0,0,0,0,0,0
1232,1196,0,0,0,0,0,0,0
1230,1195,0,0,0,0,0,0,0
1229,1195,0,0,0,0,0,0,0
1230,1196,0,0,0,0,0,0,0
1229,1196,0,0,0,0,0,0,0
1231,1195,0,0,0,0,0,0,0
1230,1196,0,0,0,0,0,0,0
1231,1197,0,0,0,0,0,0,0
1229,1195,0,0,0,0,0,0,0
1229,1196,0,0,0,0,0,0,0
1229,1195,0,0,0,0,0,0,0
1229,1193,0,0,0,0,0,0,0
1231,1195,0,0,0,0,0,0,0
1230,1195,0,0,0,0,0,0,0
1233,1194,0,0,0,0,0,0,0
1231,1195,0,0,0,0,0,0,0
1230,1195,0,0,0,0,0,0,0
1230,1194,0,0,0,0,0,0,0
1230,1195,0,0,0,0,0,0,0
1230,1195,0,0,0,0,0,0,0
1231,1196,0,0,0,0,0,0,0
1231,1194,0,0,0,0,0,0,0
1230,1195,0,0,0,0,0,0,0
1231,1195,0,0,0,0,0,0,0
1230,1197,0,0,0,0,0,0,0
1232,1195,0,0,0,0,0,0,0
1231,1194,0,0,0,0,0,0,0
1230,1196,0,0,0,0,0,0,0
1230,1195,0,0,0,0,0,0,0
1231,1195,0,0,0,0,0,0,0
1233,1195,0,0,0,0,0,0,0
1231,1195,0,0,0,0,0,0,0
1233,1193,0,0,0,0,0,0,0
1230,1193,0,0,0,0,0,0,0
1230,1193,0,0,0,0,0,0,0
1230,1196,0,0,0,0,0,0,0
1230,1194,0,0,0,0,0,0,0
1231,1195,0,0,0,0,0,0,0
1231,1194,0,0,0,0,0,0,0
1231,1195,0,0,0,0,0,0,0
1233,1196,0,0,0,0,0,0,0
1229,1194,0,0,0,0,0,0,0
1229,1195,0,0,0,0,0,0,0
1233,1195,0,0,0,0,0,0,0
1231,1194,0,0,0,0,0,0,0
1231,1197,0,0,0,0,0,0,0
1233,1193,0,0,0,0,0,0,0
1231,1195,0,0,0,0,0,0,0
1232,1196,0,0,0,0,0,0,0
1231,1195,0,0,0,0,0,0,0
1231,1194,0,0,0,0,0,0,0
1231,1195,0,0,0,0,0,0,0
1230,1196,0,0,0,0,0,0,0
1230,1196,0,0,0,0,0,0,0
1232,1197,0,0,0,0,0,0,0
1221,1196,0,0,0,0,0,0,0
1231,1195,0,0,0,0,0,0,0
1232,1194,0,0,0,0,0,0,0
1241,1196,0,0,0,0,0,0,0
1231,1195,0,0,0,0,0,0,0
1232,1196,0,0,0,0,0,0,0
1229,1196,0,0,0,0,0,0,0
1230,1196,0,0,0,0,0,0,0
1230,1196,0,0,0,0,0,0,0
1231,1196,0,0,0,0,0,0,0
1230,1196,0,0,0,0,0,0,0
1232,1194,0,0,0,0,0,0,0
1233,1195,0,0,0,0,0,0,0
1230,1195,0,0,0,0,0,0,0
1234,1197,0,0,0,0,0,0,0
1233,1194,0,0,0,0,0,0,0
1231,1195,0,0,0,0,0,0,0
1231,1195,0,0,0,0,0,0,0
1230,1195,0,0,0,0,0,0,0
1232,1196,0,0,0,0,0,0,0
1232,1195,0,0,0,0,0,0,0
1232,1193,0,0,0,0,0,0,0
1231,1196,0,0,0,0,0,0,0
1231,1193,0,0,0,0,0,0,0
1229,1196,0,0,0,0,0,0,0
1230,1195,0,0,0,0,0,0,0
1231,1196,0,0,0,0,0,0,0
1241,1194,0,0,0,0,0,0,0
1232,1196,0,0,0,0,0,0,0
1230,1196,0,0,0,0,0,0,0
1232,1193,0,0,0,0,0,0,0
1231,1196,0,0,0,0,0,0,0
1230,1195,0,0,0,0,0,0,0
1232,1195,0,0,0,0,0,0,0
1231,1196,0,0,0,0,0,0,0
1230,1196,0,0,0,0,0,0,0
1229,1194,0,0,0,0,0,0,0
1231,1195,0,0,0,0,0,0,0
1232,1195,0,0,0,0,0,0,0
1229,1193,0,0,0,0,0,0,0
1230,1195,0,0,0,0,0,0,0
1232,1192,0,0,0,0,0,0,0
1232,1194,0,0,0,0,0,0,0
1231,1195,0,0,0,0,0,0,0
1229,1196,0,0,0,0,0,0,0
1230,1195,0,0,0,0,0,0,0
1232,1193,0,0,0,0,0,0,0
1231,1195,0,0,0,0,0,0,0
1230,1194,0,0,0,0,0,0,0
1230,1196,0,0,0,0,0,0,0
1230,1196,0,0,0,0,0,0,0
1230,1196,0,0,0,0,0,0,0
1230,1196,0,0,0,0,0,0,0
1230,1193,0,0,0,0,0,0,0
1229,1196,0,0,0,0,0,0,0
1230,1192,0,0,0,0,0,0,0
1229,1197,0,0,0,0,0,0,0
1229,1197,0,0,0,0,0,0,0
1231,1195,0,0,0,0,0,0,0
1231,1196,0,0,0,0,0,0,0
1230,1196,0,0,0,0,0,0,0
1231,1197,0,0,0,0,0,0,0
1229,1195,0,0,0,0,0,0,0
1230,1196,0,0,0,0,0,0,0
1230,1197,0,0,0,0,0,0,0
1233,1195,0,0,0,0,0,0,0
1233,1195,0,0,0,0,0,0,0
1234,1194,0,0,0,0,0,0,0
1231,1196,0,0,0,0,0,0,0
1232,1195,0,0,0,0,0,0,0
1229,1196,0,0,0,0,0,0,0
1231,1193,0,0,0,0,0,0,0
1231,1194,0,0,0,0,0,0,0
1230,1196,0,0,0,0,0,0,0
1230,1194,0,0,0,0,0,0,0
1231,1196,0,0,0,0,0,0,0
1231,1196,0,0,0,0,0,0,0
1231,1195,0,0,0,0,0,0,0
1233,1195,0,0,0,0,0,0,0
1230,1192,0,0,0,0,0,0,0
1230,1194,0,0,0,0,0,0,0
1231,1196,0,0,0,0,0,0,0
1230,1196,0,0,0,0,0,0,0
1232,1195,0,0,0,0,0,0,0
1230,1196,0,0,0,0,0,0,0
1231,1194,0,0,0,0,0,0,0
1231,1193,0,0,0,0,0,0,0
1231,1194,0,0,0,0,0,0,0
1230,1194,0,0,0,0,0,0,0
1229,1195,0,0,0,0,0,0,0
1230,1195,0,0,0,0,0,0,0
1229,1196,0,0,0,0,0,0,0
1232,1196,0,0,0,0,0,0,0
1229,1196,0,0,0,0,0,0,0
1233,1196,0,0,0,0,0,0,0
1229,1194,0,0,0,0,0,0,0
1233,1196,0,0,0,0,0,0,0
1231,1195,0,0,0,0,0,0,0
1230,1194,0,0,0,0,0,0,0
1232,1196,0,0,0,0,0,0,0
1232,1195,0,0,0,0,0,0,0
1231,1195,0,0,0,0,0,0,0
1230,1197,0,0,0,0,0,0,0
1231,1194,0,0,0,0,0,0,0
1231,1193,0,0,0,0,0,0,0
1233,1193,0,0,0,0,0,0,0
1231,1194,0,0,0,0,0,0,0
1229,1197,0,0,0,0,0,0,0
1233,1194,0,0,0,0,0,0,0
1231,1197,0,0,0,0,0,0,0
1231,1194,0,0,0,0,0,0,0
1231,1196,0,0,0,0,0,0,0
1230,1195,0,0,0,0,0,0,0
1230,1196,0,0,0,0,0,0,0
1233,1192,0,0,0,0,0,0,0
1233,1195,0,0,0,0,0,0,0
1233,1195,0,0,0,0,0,0,0
1233,1195,0,0,0,0,0,0,0
1229,1195,0,0,0,0,0,0,0
1230,1196,0,0,0,0,0,0,0
1230,1196,0,0,0,0,0,0,0
1232,1193,0,0,0,0,0,0,0
1230,1196,0,0,0,0,0,0,0
1229,1197,0,0,0,0,0,0,0
1240,1195,0,0,0,0,0,0,0
1231,1192,0,0,0,0,0,0,0
1230,1196,0,0,0,0,0,0,0
1230,1196,0,0,0,0,0,0,0
1229,1195,0,0,0,0,0,0,0
1231,1196,0,0,0,0,0,0,0
1230,1195,0,0,0,0,0,0,0
1231,1195,0,0,0,0,0,0,0
1231,1195,0,0,0,0,0,0,0
1241,1195,0,0,0,0,0,0,0
1231,1195,0,0,0,0,0,0,0
1230,1196,0,0,0,0,0,0,0
1230,1196,0,0,0,0,0,0,0
1230,1195,0,0,0,0,0,0,0
1232,1194,0,0,0,0,0,0,0
1229,1197,0,0,0,0,0,0,0
1231,1195,0,0,0,0,0,0,0
1230,1196,0,0,0,0,0,0,0
1234,1194,0,0,0,0,0,0,0
1233,1195,0,0,0,0,0,0,0
1229,1195,0,0,0,0,0,0,0
1233,1196,0,0,0,0,0,0,0
1230,1193,0,0,0,0,0,0,0
1230,1193,0,0,0,0,0,0,0
1234,1193,0,0,0,0,0,0,0
1232,1196,0,0,0,0,0,0,0
1231,1196,0,0,0,0,0,0,0
1231,1195,0,0,0,0,0,0,0
1231,1193,0,0,0,0,0,0,0
1231,1194,0,0,0,0,0,0,0
1229,1204,0,0,0,0,0,0,0
1229,1197,0,0,0,0,0,0,0
1230,1196,0,0,0,0,0,0,0
1232,1195,0,0,0,0,0,0,0
1233,1196,0,0,0,0,0,0,0
1232,1193,0,0,0,0,0,0,0
1229,1196,0,0,0,0,0,0,0
1234,1195,0,0,0,0,0,0,0
1230,1193,0,0,0,0,0,0,0
1233,1195,0,0,0,0,0,0,0
1230,1204,0,0,0,0,0,0,0
1269,1229,0,0,0,0,0,0,0
1241,1206,0,0,0,0,0,0,0
1136,1112,0,0,0,0,0,0,0
789,809,0,0,0,0,0,0,0
521,524,0,0,0,0,0,0,0
1013,991,0,0,0,0,0,0,0
1651,1776,0,0,0,0,0,0,0
978,990,0,0,0,0,0,0,0
628,586,0,0,0,0,0,0,0
956,917,0,0,0,0,0,0,0
1231,1174,0,0,0,0,0,0,0
1244,1160,0,0,0,0,0,0,0
1230,1150,0,0,0,0,0,0,0
1233,1207,0,0,0,0,0,0,0
1232,1196,0,0,0,0,0,0,0
1230,1197,0,0,0,0,0,0,0
1241,1196,0,0,0,0,0,0,0
1228,1196,0,0,0,0,0,0,0
1230,1195,0,0,0,0,0,0,0
1231,1195,0,0,0,0,0,0,0
1230,1196,0,0,0,0,0,0,0
1229,1195,0,0,0,0,0,0,0
1231,1193,0,0,0,0,0,0,0
1232,1195,0,0,0,0,0,0,0
1231,1194,0,0,0,0,0,0,0
1234,1196,0,0,0,0,0,0,0
1231,1195,0,0,0,0,0,0,0
1232,1195,0,0,0,0,0,0,0
1231,1196,0,0,0,0,0,0,0
1229,1196,0,0,0,0,0,0,0
1230,1196,0,0,0,0,0,0,0
1231,1196,0,0,0,0,0,0,0
1231,1196,0,0,0,0,0,0,0
1229,1195,0,0,0,0,0,0,0
1231,1197,0,0,0,0,0,0,0
1230,1195,0,0,0,0,0,0,0
1241,1196,0,0,0,0,0,0,0
1230,1196,0,0,0,0,0,0,0
1230,1195,0,0,0,0,0,0,0
1230,1194,0,0,0,0,0,0,0
1232,1194,0,0,0,0,0,0,0
1230,1196,0,0,0,0,0,0,0
1230,1196,0,0,0,0,0,0,0
1231,1195,0,0,0,0,0,0,0
1230,1196,0,0,0,0,0,0,0
1230,1204,0,0,0,0,0,0,0
1231,1196,0,0,0,0,0,0,0
1233,1194,0,0,0,0,0,0,0
1228,1192,0,0,0,0,0,0,0
1231,1193,0,0,0,0,0,0,0
1231,1196,0,0,0,0,0,0,0
1229,1194,0,0,0,0,0,0,0
1231,1197,0,0,0,0,0,0,0
1230,1194,0,0,0,0,0,0,0
1229,1195,0,0,0,0,0,0,0
1229,1194,0,0,0,0,0,0,0
1230,1195,0,0,0,0,0,0,0
1229,1193,0,0,0,0,0,0,0
1229,1194,0,0,0,0,0,0,0
1230,1195,0,0,0,0,0,0,0
1234,1196,0,0,0,0,0,0,0
1231,1195,0,0,0,0,0,0,0
1234,1196,0,0,0,0,0,0,0
1231,1195,0,0,0,0,0,0,0
1229,1195,0,0,0,0,0,0,0
1231,1195,0,0,0,0,0,0,0
1232,1195,0,0,0,0,0,0,0
1233,1196,0,0,0,0,0,0,0
1229,1195,0,0,0,0,0,0,0
1230,1194,0,0,0,0,0,0,0
1230,1196,0,0,0,0,0,0,0
1229,1195,0,0,0,0,0,0,0
1231,1195,0,0,0,0,0,0,0
1233,1193,0,0,0,0,0,0,0
1232,1193,0,0,0,0,0,0,0
1229,1196,0,0,0,0,0,0,0
1230,1197,0,0,0,0,0,0,0
1231,1195,0,0,0,0,0,0,0
1232,1195,0,0,0,0,0,0,0
1231,1195,0,0,0,0,0,0,0
1231,1196,0,0,0,0,0,0,0
1232,1195,0,0,0,0,0,0,0
1229,1196,0,0,0,0,0,0,0
1230,1196,0,0,0,0,0,0,0
1233,1196,0,0,0,0,0,0,0
1231,1194,0,0,0,0,0,0,0
1231,1197,0,0,0,0,0,0,0
1232,1195,0,0,0,0,0,0,0
1229,1195,0,0,0,0,0,0,0
1233,1195,0,0,0,0,0,0,0
1229,1196,0,0,0,0,0,0,0
1232,1197,0,0,0,0,0,0,0
1231,1196,0,0,0,0,0,0,0
1234,1195,0,0,0,0,0,0,0
1230,1195,0,0,0,0,0,0,0
1232,1197,0,0,0,0,0,0,0
1231,1195,0,0,0,0,0,0,0
1229,1196,0,0,0,0,0,0,0
1230,1195,0,0,0,0,0,0,0
1232,1197,0,0,0,0,0,0,0
1230,1194,0,0,0,0,0,0,0
1234,1196,0,0,0,0,0,0,0
1232,1205,0,0,0,0,0,0,0
1231,1196,0,0,0,0,0,0,0
1232,1195,0,0,0,0,0,0,0
1234,1195,0,0,0,0,0,0,0
1231,1197,0,0,0,0,0,0,0
1231,1196,0,0,0,0,0,0,0
1230,1195,0,0,0,0,0,0,0
1230,1195,0,0,0,0,0,0,0
1231,1196,0,0,0,0,0,0,0
1230,1196,0,0,0,0,0,0,0
1231,1195,0,0,0,0,0,0,0
1233,1196,0,0,0,0,0,0,0
1231,1197,0,0,0,0,0,0,0
1230,1196,0,0,0,0,0,0,0
1231,1196,0,0,0,0,0,0,0
1232,1196,0,0,0,0,0,0,0
1233,1196,0,0,0,0,0,0,0
1230,1195,0,0,0,0,0,0,0
1231,1195,0,0,0,0,0,0,0
1231,1194,0,0,0,0,0,0,0
1229,1195,0,0,0,0,0,0,0
1221,1195,0,0,0,0,0,0,0
1231,1195,0,0,0,0,0,0,0
1233,1193,0,0,0,0,0,0,0
1231,1197,0,0,0,0,0,0,0
1234,1195,0,0,0,0,0,0,0
1231,1197,0,0,0,0,0,0,0
1230,1196,0,0,0,0,0,0,0
1231,1195,0,0,0,0,0,0,0
1231,1194,0,0,0,0,0,0,0
1231,1195,0,0,0,0,0,0,0
1232,1194,0,0,0,0,0,0,0
1230,1195,0,0,0,0,0,0,0
1232,1197,0,0,0,0,0,0,0
1231,1195,0,0,0,0,0,0,0
1229,1196,0,0,0,0,0,0,0
1232,1195,0,0,0,0,0,0,0
1230,1194,0,0,0,0,0,0,0
1229,1194,0,0,0,0,0,0,0
1232,1196,0,0,0,0,0,0,0
1231,1197,0,0,0,0,0,0,0
1232,1196,0,0,0,0,0,0,0
1233,1195,0,0,0,0,0,0,0
1230,1195,0,0,0,0,0,0,0
1231,1195,0,0,0,0,0,0,0
1229,1195,0,0,0,0,0,0,0
1229,1195,0,0,0,0,0,0,0
1232,1194,0,0,0,0,0,0,0
1232,1195,0,0,0,0,0,0,0
1231,1196,0,0,0,0,0,0,0
1233,1193,0,0,0,0,0,0,0
1232,1197,0,0,0,0,0,0,0
1230,1194,0,0,0,0,0,0,0
1230,1194,0,0,0,0,0,0,0
1233,1196,0,0,0,0,0,0,0
1230,1192,0,0,0,0,0,0,0
1229,1193,0,0,0,0,0,0,0
1229,1196,0,0,0,0,0,0,0
1231,1195,0,0,0,0,0,0,0
1230,1194,0,0,0,0,0,0,0
1231,1195,0,0,0,0,0,0,0
1229,1195,0,0,0,0,0,0,0
1231,1195,0,0,0,0,0,0,0
1230,1195,0,0,0,0,0,0,0
1231,1194,0,0,0,0,0,0,0
1231,1195,0,0,0,0,0,0,0
1230,1195,0,0,0,0,0,0,0
1230,1194,0,0,0,0,0,0,0
1232,1196,0,0,0,0,0,0,0
1232,1196,0,0,0,0,0,0,0
1231,1193,0,0,0,0,0,0,0
1231,1192,0,0,0,0,0,0,0
1231,1195,0,0,0,0,0,0,0
1229,1193,0,0,0,0,0,0,0
1231,1193,0,0,0,0,0,0,0
1231,1194,0,0,0,0,0,0,0
1230,1193,0,0,0,0,0,0,0
1230,1193,0,0,0,0,0,0,0
1230,1193,0,0,0,0,0,0,0
1232,1194,0,0,0,0,0,0,0
1232,1196,0,0,0,0,0,0,0
1232,1194,0,0,0,0,0,0,0
1231,1195,0,0,0,0,0,0,0
1231,1195,0,0,0,0,0,0,0
1230,1196,0,0,0,0,0,0,0
1231,1196,0,0,0,0,0,0,0
1230,1194,0,0,0,0,0,0,0
1233,1196,0,0,0,0,0,0,0
1232,1196,0,0,0,0,0,0,0
1233,1195,0,0,0,0,0,0,0
1231,1195,0,0,0,0,0,0,0
1232,1194,0,0,0,0,0,0,0
1231,1193,0,0,0,0,0,0,0
1230,1196,0,0,0,0,0,0,0
1232,1195,0,0,0,0,0,0,0
1231,1195,0,0,0,0,0,0,0
1230,1195,0,0,0,0,0,0,0
1229,1195,0,0,0,0,0,0,0
1231,1194,0,0,0,0,0,0,0
1229,1194,0,0,0,0,0,0,0
1230,1196,0,0,0,0,0,0,0
1231,1195,0,0,0,0,0,0,0
1240,1196,0,0,0,0,0,0,0
1229,1195,0,0,0,0,0,0,0
1229,1196,0,0,0,0,0,0,0
1229,1196,0,0,0,0,0,0,0
1230,1195,0,0,0,0,0,0,0
1230,1195,0,0,0,0,0,0,0
1231,1195,0,0,0,0,0,0,0
1229,1196,0,0,0,0,0,0,0
1231,1197,0,0,0,0,0,0,0
1232,1196,0,0,0,0,0,0,0
1221,1194,0,0,0,0,0,0,0
1229,1196,0,0,0,0,0,0,0
1230,1195,0,0,0,0,0,0,0
1230,1197,0,0,0,0,0,0,0
1232,1196,0,0,0,0,0,0,0
1231,1195,0,0,0,0,0,0,0
1229,1196,0,0,0,0,0,0,0
1230,1196,0,0,0,0,0,0,0
1232,1195,0,0,0,0,0,0,0
1230,1195,0,0,0,0,0,0,0
1232,1195,0,0,0,0,0,0,0
1230,1195,0,0,0,0,0,0,0
1230,1193,0,0,0,0,0,0,0
1232,1196,0,0,0,0,0,0,0
1229,1195,0,0,0,0,0,0,0
1230,1194,0,0,0,0,0,0,0
1230,1195,0,0,0,0,0,0,0
1229,1195,0,0,0,0,0,0,0
1229,1196,0,0,0,0,0,0,0
1232,1196,0,0,0,0,0,0,0
1230,1197,0,0,0,0,0,0,0
1229,1195,0,0,0,0,0,0,0
1231,1195,0,0,0,0,0,0,0
1234,1197,0,0,0,0,0,0,0
1231,1196,0,0,0,0,0,0,0
1229,1195,0,0,0,0,0,0,0
1230,1194,0,0,0,0,0,0,0
1230,1195,0,0,0,0,0,0,0
1230,1196,0,0,0,0,0,0,0
1231,1195,0,0,0,0,0,0,0
1232,1193,0,0,0,0,0,0,0
1229,1195,0,0,0,0,0,0,0
1231,1193,0,0,0,0,0,0,0
1230,1196,0,0,0,0,0,0,0
1230,1194,0,0,0,0,0,0,0
1231,1196,0,0,0,0,0,0,0
1229,1193,0,0,0,0,0,0,0
1230,1197,0,0,0,0,0,0,0
1231,1194,0,0,0,0,0,0,0
1230,1195,0,0,0,0,0,0,0
1231,1195,0,0,0,0,0,0,0
1231,1195,0,0,0,0,0,0,0
1221,1195,0,0,0,0,0,0,0
1221,1195,0,0,0,0,0,0,0
1230,1195,0,0,0,0,0,0,0
1232,1196,0,0,0,0,0,0,0
1232,1196,0,0,0,0,0,0,0
1231,1195,0,0,0,0,0,0,0
1229,1196,0,0,0,0,0,0,0
1230,1195,0,0,0,0,0,0,0
1231,1195,0,0,0,0,0,0,0
1232,1195,0,0,0,0,0,0,0
1230,1195,0,0,0,0,0,0,0
1232,1195,0,0,0,0,0,0,0
1232,1195,0,0,0,0,0,0,0
1234,1196,0,0,0,0,0,0,0
1230,1195,0,0,0,0,0,0,0
1230,1194,0,0,0,0,0,0,0
1230,1193,0,0,0,0,0,0,0
1231,1194,0,0,0,0,0,0,0
1231,1194,0,0,0,0,0,0,0
1229,1195,0,0,0,0,0,0,0
1231,1194,0,0,0,0,0,0,0
1230,1195,0,0,0,0,0,0,0
1229,1194,0,0,0,0,0,0,0
1232,1194,0,0,0,0,0,0,0
1232,1195,0,0,0,0,0,0,0
1229,1194,0,0,0,0,0,0,0
1232,1196,0,0,0,0,0,0,0
1231,1196,0,0,0,0,0,0,0
1231,1196,0,0,0,0,0,0,0
1229,1195,0,0,0,0,0,0,0
1232,1196,0,0,0,0,0,0,0
1230,1192,0,0,0,0,0,0,0
1231,1195,0,0,0,0,0,0,0
1230,1196,0,0,0,0,0,0,0
1230,1193,0,0,0,0,0,0,0
1221,1195,0,0,0,0,0,0,0
1231,1196,0,0,0,0,0,0,0
1232,1199,0,0,0,0,0,0,0
1230,1196,0,0,0,0,0,0,0
1231,1195,0,0,0,0,0,0,0
1231,1196,0,0,0,0,0,0,0
1234,1196,0,0,0,0,0,0,0
1230,1195,0,0,0,0,0,0,0
1230,1194,0,0,0,0,0,0,0
1231,1195,0,0,0,0,0,0,0
1229,1194,0,0,0,0,0,0,0
1234,1195,0,0,0,0,0,0,0
1232,1196,0,0,0,0,0,0,0
1233,1196,0,0,0,0,0,0,0
1231,1194,0,0,0,0,0,0,0
1221,1196,0,0,0,0,0,0,0
1229,1193,0,0,0,0,0,0,0
1232,1195,0,0,0,0,0,0,0
1232,1196,0,0,0,0,0,0,0
1230,1195,0,0,0,0,0,0,0
1231,1196,0,0,0,0,0,0,0
1232,1195,0,0,0,0,0,0,0
1229,1195,0,0,0,0,0,0,0
1231,1195,0,0,0,0,0,0,0
1229,1195,0,0,0,0,0,0,0
1231,1196,0,0,0,0,0,0,0
1230,1195,0,0,0,0,0,0,0
1230,1196,0,0,0,0,0,0,0
1231,1196,0,0,0,0,0,0,0
1229,1195,0,0,0,0,0,0,0
1229,1196,0,0,0,0,0,0,0
1232,1195,0,0,0,0,0,0,0
1231,1195,0,0,0,0,0,0,0
1229,1196,0,0,0,0,0,0,0
1230,1195,0,0,0,0,0,0,0
1233,1195,0,0,0,0,0,0,0
1233,1196,0,0,0,0,0,0,0
1230,1197,0,0,0,0,0,0,0
1230,1194,0,0,0,0,0,0,0
1229,1193,0,0,0,0,0,0,0
1231,1195,0,0,0,0,0,0,0
1230,1196,0,0,0,0,0,0,0
1231,1196,0,0,0,0,0,0,0
1241,1197,0,0,0,0,0,0,0
1232,1196,0,0,0,0,0,0,0
1230,1196,0,0,0,0,0,0,0
1232,1196,0,0,0,0,0,0,0
1230,1194,0,0,0,0,0,0,0
1230,1196,0,0,0,0,0,0,0
1229,1196,0,0,0,0,0,0,0
1231,1196,0,0,0,0,0,0,0
1231,1197,0,0,0,0,0,0,0
1232,1193,0,0,0,0,0,0,0
1230,1194,0,0,0,0,0,0,0
1231,1196,0,0,0,0,0,0,0
1233,1196,0,0,0,0,0,0,0
1229,1196,0,0,0,0,0,0,0
1231,1195,0,0,0,0,0,0,0
1234,1193,0,0,0,0,0,0,0
1232,1197,0,0,0,0,0,0,0
1230,1195,0,0,0,0,0,0,0
1230,1193,0,0,0,0,0,0,0
1230,1194,0,0,0,0,0,0,0
1221,1195,0,0,0,0,0,0,0
1231,1195,0,0,0,0,0,0,0
1231,1193,0,0,0,0,0,0,0
1232,1192,0,0,0,0,0,0,0
1230,1204,0,0,0,0,0,0,0
1229,1195,0,0,0,0,0,0,0
1229,1196,0,0,0,0,0,0,0
1230,1197,0,0,0,0,0,0,0
1229,1195,0,0,0,0,0,0,0
1221,1196,0,0,0,0,0,0,0
1230,1196,0,0,0,0,0,0,0
1232,1195,0,0,0,0,0,0,0
1230,1195,0,0,0,0,0,0,0
1229,1196,0,0,0,0,0,0,0
1231,1197,0,0,0,0,0,0,0
1229,1196,0,0,0,0,0,0,0
1231,1196,0,0,0,0,0,0,0
1230,1196,0,0,0,0,0,0,0
1231,1196,0,0,0,0,0,0,0
1231,1195,0,0,0,0,0,0,0
1233,1194,0,0,0,0,0,0,0
1233,1196,0,0,0,0,0,0,0
1230,1196,0,0,0,0,0,0,0
1230,1196,0,0,0,0,0,0,0
1232,1194,0,0,0,0,0,0,0
1231,1194,0,0,0,0,0,0,0
1230,1196,0,0,0,0,0,0,0
1228,1195,0,0,0,0,0,0,0
1231,1194,0,0,0,0,0,0,0
1231,1195,0,0,0,0,0,0,0
1230,1195,0,0,0,0,0,0,0
1231,1196,0,0,0,0,0,0,0
1231,1196,0,0,0,0,0,0,0
1230,1194,0,0,0,0,0,0,0
1231,1195,0,0,0,0,0,0,0
1221,1196,0,0,0,0,0,0,0
1231,1193,0,0,0,0,0,0,0
1230,1195,0,0,0,0,0,0,0
1230,1196,0,0,0,0,0,0,0
1230,1195,0,0,0,0,0,0,0
1241,1195,0,0,0,0,0,0,0
1234,1195,0,0,0,0,0,0,0
1231,1193,0,0,0,0,0,0,0
1220,1193,0,0,0,0,0,0,0
1231,1196,0,0,0,0,0,0,0
1229,1193,0,0,0,0,0,0,0
1232,1195,0,0,0,0,0,0,0
1231,1197,0,0,0,0,0,0,0
1233,1195,0,0,0,0,0,0,0
1231,1194,0,0,0,0,0,0,0
1231,1196,0,0,0,0,0,0,0
1230,1195,0,0,0,0,0,0,0
1231,1195,0,0,0,0,0,0,0
1231,1195,0,0,0,0,0,0,0
1231,1196,0,0,0,0,0,0,0
1232,1195,0,0,0,0,0,0,0
1233,1195,0,0,0,0,0,0,0
1231,1196,0,0,0,0,0,0,0
1230,1195,0,0,0,0,0,0,0
1231,1194,0,0,0,0,0,0,0
1230,1195,0,0,0,0,0,0,0
1230,1195,0,0,0,0,0,0,0
1229,1197,0,0,0,0,0,0,0
1230,1194,0,0,0,0,0,0,0
1229,1196,0,0,0,0,0,0,0
1229,1196,0,0,0,0,0,0,0
1232,1196,0,0,0,0,0,0,0
1229,1195,0,0,0,0,0,0,0
1232,1187,0,0,0,0,0,0,0
1231,1196,0,0,0,0,0,0,0
1230,1193,0,0,0,0,0,0,0
1228,1195,0,0,0,0,0,0,0
1231,1196,0,0,0,0,0,0,0
1231,1196,0,0,0,0,0,0,0
1230,1196,0,0,0,0,0,0,0
1234,1195,0,0,0,0,0,0,0
1231,1194,0,0,0,0,0,0,0
1230,1195,0,0,0,0,0,0,0
1231,1195,0,0,0,0,0,0,0
1231,1197,0,0,0,0,0,0,0
1231,1195,0,0,0,0,0,0,0
1230,1195,0,0,0,0,0,0,0
1233,1192,0,0,0,0,0,0,0
1231,1204,0,0,0,0,0,0,0
1232,1196,0,0,0,0,0,0,0
1230,1195,0,0,0,0,0,0,0
1232,1194,0,0,0,0,0,0,0
1230,1195,0,0,0,0,0,0,0
1231,1197,0,0,0,0,0,0,0
1233,1197,0,0,0,0,0,0,0
1234,1195,0,0,0,0,0,0,0
1233,1193,0,0,0,0,0,0,0
1229,1195,0,0,0,0,0,0,0
1232,1195,0,0,0,0,0,0,0
1230,1195,0,0,0,0,0,0,0
1230,1193,0,0,0,0,0,0,0
1230,1196,0,0,0,0,0,0,0
1232,1195,0,0,0,0,0,0,0
1229,1195,0,0,0,0,0,0,0
1232,1195,0,0,0,0,0,0,0
1229,1195,0,0,0,0,0,0,0
1231,1195,0,0,0,0,0,0,0
1231,1196,0,0,0,0,0,0,0
1231,1194,0,0,0,0,0,0,0
1231,1194,0,0,0,0,0,0,0
1233,1196,0,0,0,0,0,0,0
1229,1196,0,0,0,0,0,0,0
1229,1196,0,0,0,0,0,0,0
1230,1194,0,0,0,0,0,0,0
1230,1196,0,0,0,0,0,0,0
1230,1197,0,0,0,0,0,0,0
1229,1196,0,0,0,0,0,0,0
1231,1194,0,0,0,0,0,0,0
1232,1196,0,0,0,0,0,0,0
1232,1196,0,0,0,0,0,0,0
1234,1196,0,0,0,0,0,0,0
1232,1196,0,0,0,0,0,0,0
1232,1196,0,0,0,0,0,0,0
1231,1195,0,0,0,0,0,0,0
1232,1195,0,0,0,0,0,0,0
1232,1195,0,0,0,0,0,0,0
1231,1195,0,0,0,0,0,0,0
1229,1196,0,0,0,0,0,0,0
1230,1195,0,0,0,0,0,0,0
1230,1195,0,0,0,0,0,0,0
1230,1196,0,0,0,0,0,0,0
1230,1196,0,0,0,0,0,0,0
1232,1193,0,0,0,0,0,0,0
1234,1195,0,0,0,0,0,0,0
1231,1196,0,0,0,0,0,0,0
1232,1194,0,0,0,0,0,0,0
1231,1196,0,0,0,0,0,0,0
1231,1195,0,0,0,0,0,0,0
1230,1196,0,0,0,0,0,0,0
1229,1196,0,0,0,0,0,0,0
1234,1196,0,0,0,0,0,0,0
1221,1187,0,0,0,0,0,0,0
1232,1193,0,0,0,0,0,0,0
1230,1196,0,0,0,0,0,0,0
1231,1195,0,0,0,0,0,0,0
1234,1195,0,0,0,0,0,0,0
1231,1195,0,0,0,0,0,0,0
1229,1195,0,0,0,0,0,0,0
1231,1194,0,0,0,0,0,0,0
1232,1195,0,0,0,0,0,0,0
1229,1196,0,0,0,0,0,0,0
1230,1196,0,0,0,0,0,0,0
1231,1195,0,0,0,0,0,0,0
1231,1197,0,0,0,0,0,0,0
1234,1195,0,0,0,0,0,0,0
1230,1196,0,0,0,0,0,0,0
1231,1195,0,0,0,0,0,0,0
1230,1192,0,0,0,0,0,0,0
1231,1193,0,0,0,0,0,0,0
1234,1196,0,0,0,0,0,0,0
1231,1195,0,0,0,0,0,0,0
1234,1196,0,0,0,0,0,0,0
1230,1197,0,0,0,0,0,0,0
1231,1195,0,0,0,0,0,0,0
1232,1196,0,0,0,0,0,0,0
1229,1194,0,0,0,0,0,0,0
1230,1194,0,0,0,0,0,0,0
1229,1196,0,0,0,0,0,0,0
1230,1196,0,0,0,0,0,0,0
1231,1194,0,0,0,0,0,0,0
1231,1195,0,0,0,0,0,0,0
1230,1195,0,0,0,0,0,0,0
1230,1195,0,0,0,0,0,0,0
1230,1196,0,0,0,0,0,0,0
1229,1195,0,0,0,0,0,0,0
1231,1195,0,0,0,0,0,0,0
1230,1196,0,0,0,0,0,0,0
1231,1194,0,0,0,0,0,0,0
1230,1197,0,0,0,0,0,0,0
1231,1194,0,0,0,0,0,0,0
1231,1194,0,0,0,0,0,0,0
1230,1193,0,0,0,0,0,0,0
1241,1194,0,0,0,0,0,0,0
1230,1196,0,0,0,0,0,0,0
1231,1196,0,0,0,0,0,0,0
1232,1195,0,0,0,0,0,0,0
1231,1196,0,0,0,0,0,0,0
1230,1197,0,0,0,0,0,0,0
1231,1194,0,0,0,0,0,0,0
1230,1196,0,0,0,0,0,0,0
1232,1194,0,0,0,0,0,0,0
1229,1196,0,0,0,0,0,0,0
1229,1196,0,0,0,0,0,0,0
1231,1197,0,0,0,0,0,0,0
1230,1197,0,0,0,0,0,0,0
1233,1196,0,0,0,0,0,0,0
1230,1197,0,0,0,0,0,0,0
1231,1196,0,0,0,0,0,0,0
1232,1194,0,0,0,0,0,0,0
1230,1193,0,0,0,0,0,0,0
1230,1197,0,0,0,0,0,0,0
1229,1196,0,0,0,0,0,0,0
1230,1196,0,0,0,0,0,0,0
1232,1195,0,0,0,0,0,0,0
1231,1195,0,0,0,0,0,0,0
1230,1196,0,0,0,0,0,0,0
1232,1195,0,0,0,0,0,0,0
1231,1193,0,0,0,0,0,0,0
1230,1197,0,0,0,0,0,0,0
1232,1195,0,0,0,0,0,0,0
1233,1195,0,0,0,0,0,0,0
1233,1192,0,0,0,0,0,0,0
1230,1195,0,0,0,0,0,0,0
1229,1195,0,0,0,0,0,0,0
1240,1197,0,0,0,0,0,0,0
1231,1194,0,0,0,0,0,0,0
1231,1195,0,0,0,0,0,0,0
1230,1195,0,0,0,0,0,0,0
1232,1196,0,0,0,0,0,0,0
1230,1196,0,0,0,0,0,0,0
1231,1196,0,0,0,0,0,0,0
1221,1196,0,0,0,0,0,0,0
1231,1194,0,0,0,0,0,0,0
1231,1195,0,0,0,0,0,0,0
1231,1196,0,0,0,0,0,0,0
1230,1196,0,0,0,0,0,0,0
1232,1195,0,0,0,0,0,0,0
1233,1195,0,0,0,0,0,0,0
1231,1196,0,0,0,0,0,0,0
1232,1193,0,0,0,0,0,0,0
1231,1195,0,0,0,0,0,0,0
1230,1196,0,0,0,0,0,0,0
1231,1195,0,0,0,0,0,0,0
1230,1196,0,0,0,0,0,0,0
1232,1187,0,0,0,0,0,0,0
1233,1195,0,0,0,0,0,0,0
1230,1195,0,0,0,0,0,0,0
1231,1196,0,0,0,0,0,0,0
1229,1195,0,0,0,0,0,0,0
1231,1194,0,0,0,0,0,0,0
1229,1196,0,0,0,0,0,0,0
1230,1195,0,0,0,0,0,0,0
1233,1195,0,0,0,0,0,0,0
1231,1197,0,0,0,0,0,0,0
1230,1195,0,0,0,0,0,0,0
1232,1197,0,0,0,0,0,0,0
1229,1196,0,0,0,0,0,0,0
1231,1194,0,0,0,0,0,0,0
1230,1194,0,0,0,0,0,0,0
1232,1197,0,0,0,0,0,0,0
1233,1195,0,0,0,0,0,0,0
1241,1193,0,0,0,0,0,0,0
1233,1199,0,0,0,0,0,0,0
1230,1196,0,0,0,0,0,0,0
1231,1196,0,0,0,0,0,0,0
1230,1194,0,0,0,0,0,0,0
1231,1194,0,0,0,0,0,0,0
1231,1193,0,0,0,0,0,0,0
1229,1195,0,0,0,0,0,0,0
1232,1195,0,0,0,0,0,0,0
1230,1196,0,0,0,0,0,0,0
1230,1195,0,0,0,0,0,0,0
1233,1196,0,0,0,0,0,0,0
1231,1196,0,0,0,0,0,0,0
1231,1195,0,0,0,0,0,0,0
1232,1196,0,0,0,0,0,0,0
1233,1196,0,0,0,0,0,0,0
1234,1195,0,0,0,0,0,0,0
1231,1194,0,0,0,0,0,0,0
1232,1197,0,0,0,0,0,0,0
1231,1195,0,0,0,0,0,0,0
1231,1196,0,0,0,0,0,0,0
1230,1194,0,0,0,0,0,0,0
1231,1193,0,0,0,0,0,0,0
1229,1192,0,0,0,0,0,0,0
1241,1195,0,0,0,0,0,0,0
1231,1196,0,0,0,0,0,0,0
1231,1196,0,0,0,0,0,0,0
1231,1195,0,0,0,0,0,0,0
1229,1195,0,0,0,0,0,0,0
1231,1195,0,0,0,0,0,0,0
1231,1193,0,0,0,0,0,0,0
1232,1194,0,0,0,0,0,0,0
1230,1196,0,0,0,0,0,0,0
1230,1196,0,0,0,0,0,0,0
1230,1196,0,0,0,0,0,0,0
1233,1195,0,0,0,0,0,0,0
1230,1195,0,0,0,0,0,0,0
1231,1196,0,0,0,0,0,0,0
1229,1195,0,0,0,0,0,0,0
1232,1195,0,0,0,0,0,0,0
1229,1195,0,0,0,0,0,0,0
1230,1195,0,0,0,0,0,0,0
1229,1195,0,0,0,0,0,0,0
1234,1195,0,0,0,0,0,0,0
1234,1196,0,0,0,0,0,0,0
1233,1195,0,0,0,0,0,0,0
1229,1196,0,0,0,0,0,0,0
1232,1196,0,0,0,0,0,0,0
1231,1196,0,0,0,0,0,0,0
1229,1196,0,0,0,0,0,0,0
1230,1197,0,0,0,0,0,0,0
1232,1195,0,0,0,0,0,0,0
1230,1194,0,0,0,0,0,0,0
1230,1196,0,0,0,0,0,0,0
1230,1196,0,0,0,0,0,0,0
1231,1196,0,0,0,0,0,0,0
1232,1195,0,0,0,0,0,0,0
1231,1204,0,0,0,0,0,0,0
1231,1195,0,0,0,0,0,0,0
1232,1195,0,0,0,0,0,0,0
1233,1194,0,0,0,0,0,0,0
1241,1194,0,0,0,0,0,0,0
1230,1197,0,0,0,0,0,0,0
1231,1196,0,0,0,0,0,0,0
1242,1208,0,0,0,0,0,0,0
1252,1216,0,0,0,0,0,0,0
1204,1170,0,0,0,0,0,0,0
933,941,0,0,0,0,0,0,0
586,597,0,0,0,0,0,0,0
716,689,0,0,0,0,0,0,0
1539,1646,0,0,0,0,0,0,0
1347,1386,0,0,0,0,0,0,0
607,616,0,0,0,0,0,0,0
812,753,0,0,0,0,0,0,0
1171,1121,0,0,0,0,0,0,0
1243,1182,0,0,0,0,0,0,0
1241,1149,0,0,0,0,0,0,0
1229,1174,0,0,0,0,0,0,0
1232,1205,0,0,0,0,0,0,0
1234,1197,0,0,0,0,0,0,0
1234,1197,0,0,0,0,0,0,0
1231,1196,0,0,0,0,0,0,0
1230,1196,0,0,0,0,0,0,0
1232,1195,0,0,0,0,0,0,0
1231,1193,0,0,0,0,0,0,0
1234,1195,0,0,0,0,0,0,0
1231,1196,0,0,0,0,0,0,0
1231,1196,0,0,0,0,0,0,0
1230,1195,0,0,0,0,0,0,0
1231,1194,0,0,0,0,0,0,0
1231,1195,0,0,0,0,0,0,0
1230,1195,0,0,0,0,0,0,0
1230,1197,0,0,0,0,0,0,0
1232,1195,0,0,0,0,0,0,0
1233,1193,0,0,0,0,0,0,0
1229,1197,0,0,0,0,0,0,0
1231,1195,0,0,0,0,0,0,0
1229,1195,0,0,0,0,0,0,0
1230,1197,0,0,0,0,0,0,0
1230,1195,0,0,0,0,0,0,0
1231,1195,0,0,0,0,0,0,0
1231,1195,0,0,0,0,0,0,0
1230,1197,0,0,0,0,0,0,0
1231,1195,0,0,0,0,0,0,0
1229,1195,0,0,0,0,0,0,0
1231,1195,0,0,0,0,0,0,0
1229,1196,0,0,0,0,0,0,0
1221,1195,0,0,0,0,0,0,0
1231,1195,0,0,0,0,0,0,0
1231,1195,0,0,0,0,0,0,0
1241,1195,0,0,0,0,0,0,0
1233,1196,0,0,0,0,0,0,0
1229,1195,0,0,0,0,0,0,0
1230,1192,0,0,0,0,0,0,0
1231,1194,0,0,0,0,0,0,0
1229,1194,0,0,0,0,0,0,0
1234,1196,0,0,0,0,0,0,0
1232,1195,0,0,0,0,0,0,0
1233,1196,0,0,0,0,0,0,0
1231,1195,0,0,0,0,0,0,0
1231,1193,0,0,0,0,0,0,0
1231,1195,0,0,0,0,0,0,0
1233,1195,0,0,0,0,0,0,0
1230,1194,0,0,0,0,0,0,0
1231,1195,0,0,0,0,0,0,0
1232,1194,0,0,0,0,0,0,0
1234,1193,0,0,0,0,0,0,0
1230,1195,0,0,0,0,0,0,0
1232,1195,0,0,0,0,0,0,0
1231,1192,0,0,0,0,0,0,0
1230,1195,0,0,0,0,0,0,0
1231,1196,0,0,0,0,0,0,0
1229,1195,0,0,0,0,0,0,0
1231,1194,0,0,0,0,0,0,0
1234,1195,0,0,0,0,0,0,0
1230,1195,0,0,0,0,0,0,0
1232,1197,0,0,0,0,0,0,0
1229,1194,0,0,0,0,0,0,0
1240,1195,0,0,0,0,0,0,0
1230,1195,0,0,0,0,0,0,0
1229,1192,0,0,0,0,0,0,0
1230,1195,0,0,0,0,0,0,0
1232,1195,0,0,0,0,0,0,0
1232,1196,0,0,0,0,0,0,0
1229,1196,0,0,0,0,0,0,0
1241,1195,0,0,0,0,0,0,0
1229,1195,0,0,0,0,0,0,0
1230,1195,0,0,0,0,0,0,0
1230,1197,0,0,0,0,0,0,0
1241,1195,0,0,0,0,0,0,0
1231,1196,0,0,0,0,0,0,0
1231,1195,0,0,0,0,0,0,0
1230,1197,0,0,0,0,0,0,0
1232,1197,0,0,0,0,0,0,0
1231,1194,0,0,0,0,0,0,0
1230,1193,0,0,0,0,0,0,0
1230,1196,0,0,0,0,0,0,0
1230,1195,0,0,0,0,0,0,0
1230,1196,0,0,0,0,0,0,0
1231,1197,0,0,0,0,0,0,0
1231,1195,0,0,0,0,0,0,0
1232,1196,0,0,0,0,0,0,0
1231,1194,0,0,0,0,0,0,0
1229,1196,0,0,0,0,0,0,0
1231,1195,0,0,0,0,0,0,0
1230,1194,0,0,0,0,0,0,0
1230,1194,0,0,0,0,0,0,0
1232,1195,0,0,0,0,0,0,0
1231,1196,0,0,0,0,0,0,0
1231,1196,0,0,0,0,0,0,0
1232,1196,0,0,0,0,0,0,0
1231,1196,0,0,0,0,0,0,0
1231,1196,0,0,0,0,0,0,0
1231,1195,0,0,0,0,0,0,0
1230,1195,0,0,0,0,0,0,0
1233,1194,0,0,0,0,0,0,0
1229,1196,0,0,0,0,0,0,0
1233,1196,0,0,0,0,0,0,0
1232,1194,0,0,0,0,0,0,0
1231,1195,0,0,0,0,0,0,0
1231,1194,0,0,0,0,0,0,0
1231,1192,0,0,0,0,0,0,0
1230,1194,0,0,0,0,0,0,0
1231,1196,0,0,0,0,0,0,0
1231,1196,0,0,0,0,0,0,0
1231,1196,0,0,0,0,0,0,0
1230,1194,0,0,0,0,0,0,0
1233,1194,0,0,0,0,0,0,0
1230,1195,0,0,0,0,0,0,0
1230,1195,0,0,0,0,0,0,0
1230,1194,0,0,0,0,0,0,0
1232,1197,0,0,0,0,0,0,0
1230,1196,0,0,0,0,0,0,0
1233,1195,0,0,0,0,0,0,0
1229,1194,0,0,0,0,0,0,0
1229,1196,0,0,0,0,0,0,0
1231,1195,0,0,0,0,0,0,0
1233,1195,0,0,0,0,0,0,0
1229,1195,0,0,0,0,0,0,0
1231,1196,0,0,0,0,0,0,0
1230,1197,0,0,0,0,0,0,0
1229,1195,0,0,0,0,0,0,0
1230,1195,0,0,0,0,0,0,0
1233,1196,0,0,0,0,0,0,0
1233,1193,0,0,0,0,0,0,0
1229,1195,0,0,0,0,0,0,0
1229,1195,0,0,0,0,0,0,0
1232,1195,0,0,0,0,0,0,0
1231,1196,0,0,0,0,0,0,0
1230,1196,0,0,0,0,0,0,0
1229,1197,0,0,0,0,0,0,0
1230,1196,0,0,0,0,0,0,0
1233,1196,0,0,0,0,0,0,0
1229,1186,0,0,0,0,0,0,0
1229,1194,0,0,0,0,0,0,0
1230,1194,0,0,0,0,0,0,0
1230,1195,0,0,0,0,0,0,0
1229,1195,0,0,0,0,0,0,0
1233,1194,0,0,0,0,0,0,0
1232,1195,0,0,0,0,0,0,0
1229,1195,0,0,0,0,0,0,0
1232,1192,0,0,0,0,0,0,0
1229,1186,0,0,0,0,0,0,0
1231,1195,0,0,0,0,0,0,0
1232,1195,0,0,0,0,0,0,0
1230,1195,0,0,0,0,0,0,0
1230,1197,0,0,0,0,0,0,0
1229,1195,0,0,0,0,0,0,0
1221,1196,0,0,0,0,0,0,0
1231,1196,0,0,0,0,0,0,0
1230,1193,0,0,0,0,0,0,0
1232,1195,0,0,0,0,0,0,0
1231,1195,0,0,0,0,0,0,0
1230,1196,0,0,0,0,0,0,0
1231,1197,0,0,0,0,0,0,0
1231,1195,0,0,0,0,0,0,0
1231,1193,0,0,0,0,0,0,0
1231,1195,0,0,0,0,0,0,0
1229,1195,0,0,0,0,0,0,0
1231,1196,0,0,0,0,0,0,0
1230,1195,0,0,0,0,0,0,0
1231,1195,0,0,0,0,0,0,0
1240,1193,0,0,0,0,0,0,0
1231,1194,0,0,0,0,0,0,0
1230,1196,0,0,0,0,0,0,0
1231,1196,0,0,0,0,0,0,0
1231,1194,0,0,0,0,0,0,0
1229,1195,0,0,0,0,0,0,0
1230,1196,0,0,0,0,0,0,0
1231,1195,0,0,0,0,0,0,0
1233,1194,0,0,0,0,0,0,0
1221,1197,0,0,0,0,0,0,0
1231,1195,0,0,0,0,0,0,0
1221,1196,0,0,0,0,0,0,0
1231,1196,0,0,0,0,0,0,0
1228,1195,0,0,0,0,0,0,0
1230,1195,0,0,0,0,0,0,0
1232,1196,0,0,0,0,0,0,0
1230,1195,0,0,0,0,0,0,0
1230,1196,0,0,0,0,0,0,0
1231,1193,0,0,0,0,0,0,0
1231,1195,0,0,0,0,0,0,0
1230,1195,0,0,0,0,0,0,0
1231,1186,0,0,0,0,0,0,0
1231,1196,0,0,0,0,0,0,0
1232,1194,0,0,0,0,0,0,0
1230,1195,0,0,0,0,0,0,0
1231,1195,0,0,0,0,0,0,0
1231,1194,0,0,0,0,0,0,0
1230,1196,0,0,0,0,0,0,0
1231,1195,0,0,0,0,0,0,0
1230,1196,0,0,0,0,0,0,0
1231,1195,0,0,0,0,0,0,0
1231,1196,0,0,0,0,0,0,0
1233,1195,0,0,0,0,0,0,0
1229,1196,0,0,0,0,0,0,0
1231,1194,0,0,0,0,0,0,0
1232,1194,0,0,0,0,0,0,0
1231,1195,0,0,0,0,0,0,0
1231,1195,0,0,0,0,0,0,0
1231,1195,0,0,0,0,0,0,0
1231,1195,0,0,0,0,0,0,0
1231,1195,0,0,0,0,0,0,0
1233,1194,0,0,0,0,0,0,0
1234,1195,0,0,0,0,0,0,0
1231,1194,0,0,0,0,0,0,0
1230,1195,0,0,0,0,0,0,0
1231,1193,0,0,0,0,0,0,0
1230,1196,0,0,0,0,0,0,0
1232,1195,0,0,0,0,0,0,0
1232,1192,0,0,0,0,0,0,0
1232,1195,0,0,0,0,0,0,0
1230,1197,0,0,0,0,0,0,0
1229,1195,0,0,0,0,0,0,0
1229,1194,0,0,0,0,0,0,0
1231,1195,0,0,0,0,0,0,0
1230,1195,0,0,0,0,0,0,0
1229,1196,0,0,0,0,0,0,0
1231,1196,0,0,0,0,0,0,0
1231,1196,0,0,0,0,0,0,0
1229,1197,0,0,0,0,0,0,0
1233,1195,0,0,0,0,0,0,0
1230,1194,0,0,0,0,0,0,0
1229,1193,0,0,0,0,0,0,0
1231,1193,0,0,0,0,0,0,0
1229,1196,0,0,0,0,0,0,0
1233,1196,0,0,0,0,0,0,0
1232,1196,0,0,0,0,0,0,0
1231,1196,0,0,0,0,0,0,0
1230,1195,0,0,0,0,0,0,0
1232,1196,0,0,0,0,0,0,0
1229,1196,0,0,0,0,0,0,0
1229,1194,0,0,0,0,0,0,0
1229,1195,0,0,0,0,0,0,0
1230,1195,0,0,0,0,0,0,0
1230,1195,0,0,0,0,0,0,0
1231,1196,0,0,0,0,0,0,0
1231,1195,0,0,0,0,0,0,0
1229,1196,0,0,0,0,0,0,0
1230,1195,0,0,0,0,0,0,0
1231,1194,0,0,0,0,0,0,0
1231,1195,0,0,0,0,0,0,0
1230,1195,0,0,0,0,0,0,0
1230,1193,0,0,0,0,0,0,0
1230,1196,0,0,0,0,0,0,0
1231,1194,0,0,0,0,0,0,0
1231,1194,0,0,0,0,0,0,0
1231,1196,0,0,0,0,0,0,0
1230,1195,0,0,0,0,0,0,0
1230,1195,0,0,0,0,0,0,0
1232,1196,0,0,0,0,0,0,0
1231,1196,0,0,0,0,0,0,0
1232,1194,0,0,0,0,0,0,0
1230,1195,0,0,0,0,0,0,0
1234,1195,0,0,0,0,0,0,0
1231,1196,0,0,0,0,0,0,0
1232,1196,0,0,0,0,0,0,0
1230,1197,0,0,0,0,0,0,0
1230,1194,0,0,0,0,0,0,0
1230,1196,0,0,0,0,0,0,0
1230,1194,0,0,0,0,0,0,0
1233,1196,0,0,0,0,0,0,0
1230,1194,0,0,0,0,0,0,0
1233,1196,0,0,0,0,0,0,0
1230,1195,0,0,0,0,0,0,0
1232,1194,0,0,0,0,0,0,0
1232,1195,0,0,0,0,0,0,0
1232,1194,0,0,0,0,0,0,0
1231,1194,0,0,0,0,0,0,0
1232,1195,0,0,0,0,0,0,0
1231,1197,0,0,0,0,0,0,0
1231,1196,0,0,0,0,0,0,0
1231,1193,0,0,0,0,0,0,0
1230,1196,0,0,0,0,0,0,0
1229,1195,0,0,0,0,0,0,0
1229,1196,0,0,0,0,0,0,0
1231,1194,0,0,0,0,0,0,0
1230,1194,0,0,0,0,0,0,0
1230,1197,0,0,0,0,0,0,0
1230,1204,0,0,0,0,0,0,0
1231,1196,0,0,0,0,0,0,0
1231,1194,0,0,0,0,0,0,0
1230,1195,0,0,0,0,0,0,0
1231,1195,0,0,0,0,0,0,0
1230,1195,0,0,0,0,0,0,0
1230,1195,0,0,0,0,0,0,0
1233,1196,0,0,0,0,0,0,0
1234,1195,0,0,0,0,0,0,0
1232,1196,0,0,0,0,0,0,0
1230,1196,0,0,0,0,0,0,0
1230,1196,0,0,0,0,0,0,0
1228,1194,0,0,0,0,0,0,0
1232,1195,0,0,0,0,0,0,0
1229,1196,0,0,0,0,0,0,0
1230,1196,0,0,0,0,0,0,0
1231,1192,0,0,0,0,0,0,0
1231,1195,0,0,0,0,0,0,0
1230,1195,0,0,0,0,0,0,0
1230,1197,0,0,0,0,0,0,0
1231,1195,0,0,0,0,0,0,0
1233,1195,0,0,0,0,0,0,0
1230,1187,0,0,0,0,0,0,0
1229,1194,0,0,0,0,0,0,0
1241,1195,0,0,0,0,0,0,0
1229,1196,0,0,0,0,0,0,0
1230,1196,0,0,0,0,0,0,0
1241,1196,0,0,0,0,0,0,0
1230,1197,0,0,0,0,0,0,0
1234,1195,0,0,0,0,0,0,0
1232,1195,0,0,0,0,0,0,0
1232,1197,0,0,0,0,0,0,0
1231,1195,0,0,0,0,0,0,0
1232,1196,0,0,0,0,0,0,0
1231,1195,0,0,0,0,0,0,0
1229,1197,0,0,0,0,0,0,0
1231,1194,0,0,0,0,0,0,0
1229,1195,0,0,0,0,0,0,0
1230,1196,0,0,0,0,0,0,0
1229,1194,0,0,0,0,0,0,0
1230,1196,0,0,0,0,0,0,0
1231,1196,0,0,0,0,0,0,0
1229,1196,0,0,0,0,0,0,0
1232,1196,0,0,0,0,0,0,0
1234,1195,0,0,0,0,0,0,0
1229,1193,0,0,0,0,0,0,0
1231,1194,0,0,0,0,0,0,0
1233,1195,0,0,0,0,0,0,0
1233,1195,0,0,0,0,0,0,0
1231,1196,0,0,0,0,0,0,0
1231,1195,0,0,0,0,0,0,0
1240,1194,0,0,0,0,0,0,0
1229,1195,0,0,0,0,0,0,0
1230,1195,0,0,0,0,0,0,0
1231,1194,0,0,0,0,0,0,0
1231,1193,0,0,0,0,0,0,0
1232,1193,0,0,0,0,0,0,0
1230,1195,0,0,0,0,0,0,0
1230,1196,0,0,0,0,0,0,0
1230,1197,0,0,0,0,0,0,0
1229,1196,0,0,0,0,0,0,0
1230,1195,0,0,0,0,0,0,0
1230,1195,0,0,0,0,0,0,0
1229,1195,0,0,0,0,0,0,0
1229,1194,0,0,0,0,0,0,0
1230,1194,0,0,0,0,0,0,0
1231,1196,0,0,0,0,0,0,0
1231,1195,0,0,0,0,0,0,0
1233,1193,0,0,0,0,0,0,0
1229,1196,0,0,0,0,0,0,0
1233,1195,0,0,0,0,0,0,0
1230,1195,0,0,0,0,0,0,0
1231,1196,0,0,0,0,0,0,0
1232,1195,0,0,0,0,0,0,0
1229,1196,0,0,0,0,0,0,0
1230,1196,0,0,0,0,0,0,0
1231,1196,0,0,0,0,0,0,0
1231,1195,0,0,0,0,0,0,0
1229,1196,0,0,0,0,0,0,0
1230,1192,0,0,0,0,0,0,0
1230,1194,0,0,0,0,0,0,0
1229,1196,0,0,0,0,0,0,0
1231,1195,0,0,0,0,0,0,0
1229,1197,0,0,0,0,0,0,0
1229,1195,0,0,0,0,0,0,0
1232,1195,0,0,0,0,0,0,0
1231,1195,0,0,0,0,0,0,0
1230,1194,0,0,0,0,0,0,0
1231,1194,0,0,0,0,0,0,0
1229,1197,0,0,0,0,0,0,0
1229,1195,0,0,0,0,0,0,0
1229,1195,0,0,0,0,0,0,0
1230,1193,0,0,0,0,0,0,0
1230,1196,0,0,0,0,0,0,0
1229,1196,0,0,0,0,0,0,0
1230,1196,0,0,0,0,0,0,0
1229,1193,0,0,0,0,0,0,0
1232,1195,0,0,0,0,0,0,0
1229,1184,0,0,0,0,0,0,0
1233,1196,0,0,0,0,0,0,0
1231,1197,0,0,0,0,0,0,0
1234,1195,0,0,0,0,0,0,0
1231,1195,0,0,0,0,0,0,0
1230,1194,0,0,0,0,0,0,0
1229,1195,0,0,0,0,0,0,0
1229,1195,0,0,0,0,0,0,0
1230,1195,0,0,0,0,0,0,0
1230,1194,0,0,0,0,0,0,0
1229,1196,0,0,0,0,0,0,0
1229,1196,0,0,0,0,0,0,0
1230,1196,0,0,0,0,0,0,0
1230,1196,0,0,0,0,0,0,0
1231,1195,0,0,0,0,0,0,0
1231,1196,0,0,0,0,0,0,0
1234,1196,0,0,0,0,0,0,0
1231,1195,0,0,0,0,0,0,0
1232,1196,0,0,0,0,0,0,0
1231,1195,0,0,0,0,0,0,0
1231,1193,0,0,0,0,0,0,0
1232,1197,0,0,0,0,0,0,0
1230,1195,0,0,0,0,0,0,0
1230,1196,0,0,0,0,0,0,0
1229,1195,0,0,0,0,0,0,0
1232,1193,0,0,0,0,0,0,0
1234,1195,0,0,0,0,0,0,0
1231,1194,0,0,0,0,0,0,0
1230,1196,0,0,0,0,0,0,0
1233,1195,0,0,0,0,0,0,0
1232,1196,0,0,0,0,0,0,0
1229,1195,0,0,0,0,0,0,0
1230,1195,0,0,0,0,0,0,0
1231,1193,0,0,0,0,0,0,0
1231,1197,0,0,0,0,0,0,0
1241,1195,0,0,0,0,0,0,0
1234,1195,0,0,0,0,0,0,0
1234,1196,0,0,0,0,0,0,0
1233,1195,0,0,0,0,0,0,0
1233,1195,0,0,0,0,0,0,0
1231,1195,0,0,0,0,0,0,0
1231,1197,0,0,0,0,0,0,0
1230,1195,0,0,0,0,0,0,0
1229,1197,0,0,0,0,0,0,0
1231,1194,0,0,0,0,0,0,0
1232,1196,0,0,0,0,0,0,0
1231,1195,0,0,0,0,0,0,0
1233,1196,0,0,0,0,0,0,0
1231,1193,0,0,0,0,0,0,0
1231,1195,0,0,0,0,0,0,0
1229,1196,0,0,0,0,0,0,0
1232,1196,0,0,0,0,0,0,0
1229,1197,0,0,0,0,0,0,0
1230,1195,0,0,0,0,0,0,0
1230,1194,0,0,0,0,0,0,0
1230,1195,0,0,0,0,0,0,0
1234,1204,0,0,0,0,0,0,0
1234,1194,0,0,0,0,0,0,0
1230,1194,0,0,0,0,0,0,0
1230,1193,0,0,0,0,0,0,0
1233,1197,0,0,0,0,0,0,0
1234,1197,0,0,0,0,0,0,0
1229,1194,0,0,0,0,0,0,0
1231,1195,0,0,0,0,0,0,0
1231,1195,0,0,0,0,0,0,0
1231,1196,0,0,0,0,0,0,0
1233,1196,0,0,0,0,0,0,0
1231,1195,0,0,0,0,0,0,0
1229,1195,0,0,0,0,0,0,0
1231,1197,0,0,0,0,0,0,0
1231,1195,0,0,0,0,0,0,0
1232,1195,0,0,0,0,0,0,0
1230,1196,0,0,0,0,0,0,0
1231,1195,0,0,0,0,0,0,0
1229,1195,0,0,0,0,0,0,0
1231,1196,0,0,0,0,0,0,0
1229,1194,0,0,0,0,0,0,0
1234,1196,0,0,0,0,0,0,0
1229,1196,0,0,0,0,0,0,0
1229,1195,0,0,0,0,0,0,0
1230,1197,0,0,0,0,0,0,0
1231,1194,0,0,0,0,0,0,0
1230,1196,0,0,0,0,0,0,0
1233,1197,0,0,0,0,0,0,0
1231,1197,0,0,0,0,0,0,0
1232,1195,0,0,0,0,0,0,0
1230,1197,0,0,0,0,0,0,0
1231,1195,0,0,0,0,0,0,0
1229,1196,0,0,0,0,0,0,0
1233,1195,0,0,0,0,0,0,0
1233,1195,0,0,0,0,0,0,0
1231,1195,0,0,0,0,0,0,0
1232,1193,0,0,0,0,0,0,0
1232,1195,0,0,0,0,0,0,0
1232,1195,0,0,0,0,0,0,0
1231,1196,0,0,0,0,0,0,0
1230,1196,0,0,0,0,0,0,0
1231,1193,0,0,0,0,0,0,0
1231,1193,0,0,0,0,0,0,0
1231,1193,0,0,0,0,0,0,0
1232,1196,0,0,0,0,0,0,0
1232,1193,0,0,0,0,0,0,0
1241,1195,0,0,0,0,0,0,0
1230,1195,0,0,0,0,0,0,0
1229,1195,0,0,0,0,0,0,0
1229,1196,0,0,0,0,0,0,0
1231,1195,0,0,0,0,0,0,0
1230,1195,0,0,0,0,0,0,0
1232,1194,0,0,0,0,0,0,0
1232,1196,0,0,0,0,0,0,0
1231,1194,0,0,0,0,0,0,0
1230,1195,0,0,0,0,0,0,0
1231,1195,0,0,0,0,0,0,0
1233,1196,0,0,0,0,0,0,0
1229,1193,0,0,0,0,0,0,0
1229,1196,0,0,0,0,0,0,0
1229,1194,0,0,0,0,0,0,0
1232,1196,0,0,0,0,0,0,0
1230,1195,0,0,0,0,0,0,0
1231,1195,0,0,0,0,0,0,0
1231,1195,0,0,0,0,0,0,0
1231,1196,0,0,0,0,0,0,0
1229,1195,0,0,0,0,0,0,0
1229,1194,0,0,0,0,0,0,0
1230,1193,0,0,0,0,0,0,0
1232,1196,0,0,0,0,0,0,0
1233,1197,0,0,0,0,0,0,0
1231,1194,0,0,0,0,0,0,0
1230,1196,0,0,0,0,0,0,0
1234,1195,0,0,0,0,0,0,0
1230,1195,0,0,0,0,0,0,0
1230,1194,0,0,0,0,0,0,0
1232,1194,0,0,0,0,0,0,0
1231,1196,0,0,0,0,0,0,0
1232,1196,0,0,0,0,0,0,0
1234,1196,0,0,0,0,0,0,0
1232,1195,0,0,0,0,0,0,0
1231,1196,0,0,0,0,0,0,0
1230,1195,0,0,0,0,0,0,0
1231,1195,0,0,0,0,0,0,0
1231,1195,0,0,0,0,0,0,0
1229,1195,0,0,0,0,0,0,0
1231,1197,0,0,0,0,0,0,0
1230,1195,0,0,0,0,0,0,0
1229,1196,0,0,0,0,0,0,0
1232,1195,0,0,0,0,0,0,0
1229,1195,0,0,0,0,0,0,0
1229,1195,0,0,0,0,0,0,0
1231,1194,0,0,0,0,0,0,0
1231,1195,0,0,0,0,0,0,0
1230,1194,0,0,0,0,0,0,0
1231,1196,0,0,0,0,0,0,0
1232,1196,0,0,0,0,0,0,0
1230,1196,0,0,0,0,0,0,0
1230,1194,0,0,0,0,0,0,0
1230,1196,0,0,0,0,0,0,0
1230,1196,0,0,0,0,0,0,0
1231,1195,0,0,0,0,0,0,0
1221,1196,0,0,0,0,0,0,0
1233,1197,0,0,0,0,0,0,0
1229,1197,0,0,0,0,0,0,0
1229,1197,0,0,0,0,0,0,0
1231,1204,0,0,0,0,0,0,0
1230,1196,0,0,0,0,0,0,0
1231,1196,0,0,0,0,0,0,0
1230,1193,0,0,0,0,0,0,0
1233,1196,0,0,0,0,0,0,0
1230,1196,0,0,0,0,0,0,0
1230,1195,0,0,0,0,0,0,0
1230,1194,0,0,0,0,0,0,0
1231,1193,0,0,0,0,0,0,0
1231,1195,0,0,0,0,0,0,0
1229,1196,0,0,0,0,0,0,0
1229,1197,0,0,0,0,0,0,0
1231,1195,0,0,0,0,0,0,0
1241,1193,0,0,0,0,0,0,0
1232,1195,0,0,0,0,0,0,0
1233,1195,0,0,0,0,0,0,0
1231,1195,0,0,0,0,0,0,0
1231,1204,0,0,0,0,0,0,0
1230,1196,0,0,0,0,0,0,0
1231,1195,0,0,0,0,0,0,0
1230,1194,0,0,0,0,0,0,0
1229,1193,0,0,0,0,0,0,0
1231,1195,0,0,0,0,0,0,0
1229,1194,0,0,0,0,0,0,0
1230,1197,0,0,0,0,0,0,0
1230,1193,0,0,0,0,0,0,0
1230,1193,0,0,0,0,0,0,0
1229,1195,0,0,0,0,0,0,0
1230,1195,0,0,0,0,0,0,0
1234,1196,0,0,0,0,0,0,0
1232,1195,0,0,0,0,0,0,0
1234,1195,0,0,0,0,0,0,0
1230,1195,0,0,0,0,0,0,0
1231,1194,0,0,0,0,0,0,0
1231,1193,0,0,0,0,0,0,0
1231,1195,0,0,0,0,0,0,0
1231,1195,0,0,0,0,0,0,0
1230,1196,0,0,0,0,0,0,0
1231,1196,0,0,0,0,0,0,0
1229,1195,0,0,0,0,0,0,0
1230,1196,0,0,0,0,0,0,0
1230,1196,0,0,0,0,0,0,0
1231,1196,0,0,0,0,0,0,0
1230,1195,0,0,0,0,0,0,0
1229,1195,0,0,0,0,0,0,0
1232,1195,0,0,0,0,0,0,0
1232,1196,0,0,0,0,0,0,0
1229,1195,0,0,0,0,0,0,0
1231,1196,0,0,0,0,0,0,0
1233,1194,0,0,0,0,0,0,0
1230,1196,0,0,0,0,0,0,0
1233,1197,0,0,0,0,0,0,0
1232,1193,0,0,0,0,0,0,0
1231,1196,0,0,0,0,0,0,0
1229,1193,0,0,0,0,0,0,0
1228,1195,0,0,0,0,0,0,0
1221,1195,0,0,0,0,0,0,0
1230,1196,0,0,0,0,0,0,0
1232,1196,0,0,0,0,0,0,0
1230,1195,0,0,0,0,0,0,0
1231,1196,0,0,0,0,0,0,0
1231,1196,0,0,0,0,0,0,0
1230,1195,0,0,0,0,0,0,0
1230,1195,0,0,0,0,0,0,0
1232,1195,0,0,0,0,0,0,0
1230,1197,0,0,0,0,0,0,0
1229,1195,0,0,0,0,0,0,0
1233,1195,0,0,0,0,0,0,0
1231,1194,0,0,0,0,0,0,0
1233,1192,0,0,0,0,0,0,0
1231,1193,0,0,0,0,0,0,0
1230,1195,0,0,0,0,0,0,0
1230,1196,0,0,0,0,0,0,0
1231,1196,0,0,0,0,0,0,0
1229,1196,0,0,0,0,0,0,0
1233,1195,0,0,0,0,0,0,0
1230,1194,0,0,0,0,0,0,0
1231,1196,0,0,0,0,0,0,0
1230,1194,0,0,0,0,0,0,0
1230,1195,0,0,0,0,0,0,0
1231,1194,0,0,0,0,0,0,0
1232,1195,0,0,0,0,0,0,0
1231,1196,0,0,0,0,0,0,0
1230,1195,0,0,0,0,0,0,0
1230,1195,0,0,0,0,0,0,0
1229,1195,0,0,0,0,0,0,0
1231,1195,0,0,0,0,0,0,0
1232,1196,0,0,0,0,0,0,0
1231,1194,0,0,0,0,0,0,0
1232,1196,0,0,0,0,0,0,0
1231,1197,0,0,0,0,0,0,0
1231,1194,0,0,0,0,0,0,0
1232,1195,0,0,0,0,0,0,0
1232,1195,0,0,0,0,0,0,0
1231,1195,0,0,0,0,0,0,0
1229,1196,0,0,0,0,0,0,0
1233,1195,0,0,0,0,0,0,0
1230,1196,0,0,0,0,0,0,0
1230,1195,0,0,0,0,0,0,0
1231,1194,0,0,0,0,0,0,0
1229,1196,0,0,0,0,0,0,0
1233,1195,0,0,0,0,0,0,0
1231,1195,0,0,0,0,0,0,0
1232,1195,0,0,0,0,0,0,0
1233,1196,0,0,0,0,0,0,0
1232,1197,0,0,0,0,0,0,0
1230,1194,0,0,0,0,0,0,0
1241,1197,0,0,0,0,0,0,0
1231,1193,0,0,0,0,0,0,0
1242,1208,0,0,0,0,0,0,0
1243,1208,0,0,0,0,0,0,0
1196,1169,0,0,0,0,0,0,0
940,946,0,0,0,0,0,0,0
583,608,0,0,0,0,0,0,0
715,677,0,0,0,0,0,0,0
1552,1626,0,0,0,0,0,0,0
1347,1361,0,0,0,0,0,0,0
623,632,0,0,0,0,0,0,0
810,763,0,0,0,0,0,0,0
1161,1102,0,0,0,0,0,0,0
1245,1161,0,0,0,0,0,0,0
1232,1182,0,0,0,0,0,0,0
1233,1197,0,0,0,0,0,0,0
1231,1205,0,0,0,0,0,0,0
1232,1197,0,0,0,0,0,0,0
1232,1195,0,0,0,0,0,0,0
1229,1195,0,0,0,0,0,0,0
1231,1196,0,0,0,0,0,0,0
1232,1195,0,0,0,0,0,0,0
1231,1196,0,0,0,0,0,0,0
1231,1196,0,0,0,0,0,0,0
1230,1194,0,0,0,0,0,0,0
1221,1196,0,0,0,0,0,0,0
1230,1197,0,0,0,0,0,0,0
1233,1195,0,0,0,0,0,0,0
1230,1195,0,0,0,0,0,0,0
1231,1197,0,0,0,0,0,0,0
1230,1193,0,0,0,0,0,0,0
1232,1194,0,0,0,0,0,0,0
1230,1196,0,0,0,0,0,0,0
1231,1196,0,0,0,0,0,0,0
1229,1196,0,0,0,0,0,0,0
1234,1196,0,0,0,0,0,0,0
1230,1196,0,0,0,0,0,0,0
1231,1196,0,0,0,0,0,0,0
1233,1196,0,0,0,0,0,0,0
1230,1197,0,0,0,0,0,0,0
1232,1197,0,0,0,0,0,0,0
1231,1194,0,0,0,0,0,0,0
1231,1195,0,0,0,0,0,0,0
1231,1196,0,0,0,0,0,0,0
1231,1195,0,0,0,0,0,0,0
1231,1195,0,0,0,0,0,0,0
1234,1195,0,0,0,0,0,0,0
1231,1194,0,0,0,0,0,0,0
1231,1195,0,0,0,0,0,0,0
1229,1195,0,0,0,0,0,0,0
1231,1197,0,0,0,0,0,0,0
1231,1195,0,0,0,0,0,0,0
1230,1196,0,0,0,0,0,0,0
1229,1196,0,0,0,0,0,0,0
1231,1196,0,0,0,0,0,0,0
1231,1196,0,0,0,0,0,0,0
1230,1196,0,0,0,0,0,0,0
1230,1196,0,0,0,0,0,0,0
1231,1197,0,0,0,0,0,0,0
1233,1197,0,0,0,0,0,0,0
1230,1196,0,0,0,0,0,0,0
1234,1195,0,0,0,0,0,0,0
1231,1195,0,0,0,0,0,0,0
1231,1195,0,0,0,0,0,0,0
1230,1197,0,0,0,0,0,0,0
1232,1196,0,0,0,0,0,0,0
1231,1196,0,0,0,0,0,0,0
1231,1196,0,0,0,0,0,0,0
1231,1194,0,0,0,0,0,0,0
1230,1197,0,0,0,0,0,0,0
1231,1193,0,0,0,0,0,0,0
1230,1195,0,0,0,0,0,0,0
1231,1197,0,0,0,0,0,0,0
1231,1193,0,0,0,0,0,0,0
1231,1196,0,0,0,0,0,0,0
1233,1196,0,0,0,0,0,0,0
1232,1196,0,0,0,0,0,0,0
1232,1196,0,0,0,0,0,0,0
1229,1193,0,0,0,0,0,0,0
1231,1197,0,0,0,0,0,0,0
1230,1196,0,0,0,0,0,0,0
1231,1193,0,0,0,0,0,0,0
1231,1195,0,0,0,0,0,0,0
1230,1193,0,0,0,0,0,0,0
1234,1195,0,0,0,0,0,0,0
1233,1195,0,0,0,0,0,0,0
1230,1195,0,0,0,0,0,0,0
1231,1196,0,0,0,0,0,0,0
1232,1196,0,0,0,0,0,0,0
1221,1195,0,0,0,0,0,0,0
1230,1195,0,0,0,0,0,0,0
1231,1196,0,0,0,0,0,0,0
1231,1197,0,0,0,0,0,0,0
1230,1196,0,0,0,0,0,0,0
1230,1197,0,0,0,0,0,0,0
1230,1197,0,0,0,0,0,0,0
1231,1192,0,0,0,0,0,0,0
1230,1193,0,0,0,0,0,0,0
1230,1195,0,0,0,0,0,0,0
1231,1194,0,0,0,0,0,0,0
1231,1195,0,0,0,0,0,0,0
1231,1197,0,0,0,0,0,0,0
1221,1195,0,0,0,0,0,0,0
1231,1196,0,0,0,0,0,0,0
1230,1193,0,0,0,0,0,0,0
1230,1197,0,0,0,0,0,0,0
1232,1197,0,0,0,0,0,0,0
1231,1195,0,0,0,0,0,0,0
1231,1196,0,0,0,0,0,0,0
1231,1195,0,0,0,0,0,0,0
1230,1195,0,0,0,0,0,0,0
1229,1195,0,0,0,0,0,0,0
1231,1195,0,0,0,0,0,0,0
1232,1196,0,0,0,0,0,0,0
1229,1195,0,0,0,0,0,0,0
1230,1194,0,0,0,0,0,0,0
1233,1196,0,0,0,0,0,0,0
1234,1195,0,0,0,0,0,0,0
1230,1196,0,0,0,0,0,0,0
1229,1193,0,0,0,0,0,0,0
1229,1194,0,0,0,0,0,0,0
1229,1193,0,0,0,0,0,0,0
1233,1197,0,0,0,0,0,0,0
1230,1196,0,0,0,0,0,0,0
1229,1195,0,0,0,0,0,0,0
1232,1195,0,0,0,0,0,0,0
1231,1195,0,0,0,0,0,0,0
1231,1196,0,0,0,0,0,0,0
1231,1194,0,0,0,0,0,0,0
1230,1196,0,0,0,0,0,0,0
1234,1195,0,0,0,0,0,0,0
1229,1194,0,0,0,0,0,0,0
1230,1195,0,0,0,0,0,0,0
1231,1195,0,0,0,0,0,0,0
1231,1195,0,0,0,0,0,0,0
1231,1196,0,0,0,0,0,0,0
1230,1195,0,0,0,0,0,0,0
1231,1195,0,0,0,0,0,0,0
1231,1196,0,0,0,0,0,0,0
1231,1195,0,0,0,0,0,0,0
1232,1193,0,0,0,0,0,0,0
1231,1194,0,0,0,0,0,0,0
1241,1196,0,0,0,0,0,0,0
1231,1195,0,0,0,0,0,0,0
1230,1193,0,0,0,0,0,0,0
1220,1195,0,0,0,0,0,0,0
1230,1193,0,0,0,0,0,0,0
1230,1195,0,0,0,0,0,0,0
1231,1194,0,0,0,0,0,0,0
1233,1196,0,0,0,0,0,0,0
1241,1195,0,0,0,0,0,0,0
1233,1195,0,0,0,0,0,0,0
1232,1196,0,0,0,0,0,0,0
1230,1193,0,0,0,0,0,0,0
1230,1195,0,0,0,0,0,0,0
1230,1194,0,0,0,0,0,0,0
1232,1193,0,0,0,0,0,0,0
1231,1196,0,0,0,0,0,0,0
1231,1196,0,0,0,0,0,0,0
1230,1195,0,0,0,0,0,0,0
1230,1196,0,0,0,0,0,0,0
1228,1193,0,0,0,0,0,0,0
1230,1194,0,0,0,0,0,0,0
1221,1195,0,0,0,0,0,0,0
1221,1195,0,0,0,0,0,0,0
1231,1186,0,0,0,0,0,0,0
1232,1195,0,0,0,0,0,0,0
1234,1195,0,0,0,0,0,0,0
1233,1195,0,0,0,0,0,0,0
1230,1196,0,0,0,0,0,0,0
1231,1187,0,0,0,0,0,0,0
1230,1194,0,0,0,0,0,0,0
1230,1193,0,0,0,0,0,0,0
1231,1196,0,0,0,0,0,0,0
1230,1195,0,0,0,0,0,0,0
1230,1195,0,0,0,0,0,0,0
1230,1197,0,0,0,0,0,0,0
1233,1194,0,0,0,0,0,0,0
1229,1194,0,0,0,0,0,0,0
1229,1196,0,0,0,0,0,0,0
1231,1195,0,0,0,0,0,0,0
1232,1194,0,0,0,0,0,0,0
1232,1197,0,0,0,0,0,0,0
1231,1193,0,0,0,0,0,0,0
1230,1196,0,0,0,0,0,0,0
1233,1196,0,0,0,0,0,0,0
1230,1196,0,0,0,0,0,0,0
1232,1195,0,0,0,0,0,0,0
1231,1195,0,0,0,0,0,0,0
1232,1196,0,0,0,0,0,0,0
1231,1197,0,0,0,0,0,0,0
1221,1196,0,0,0,0,0,0,0
1229,1194,0,0,0,0,0,0,0
1229,1194,0,0,0,0,0,0,0
1230,1195,0,0,0,0,0,0,0
1233,1196,0,0,0,0,0,0,0
1231,1195,0,0,0,0,0,0,0
1229,1193,0,0,0,0,0,0,0
1231,1196,0,0,0,0,0,0,0
1230,1195,0,0,0,0,0,0,0
1230,1196,0,0,0,0,0,0,0
1240,1195,0,0,0,0,0,0,0
1230,1195,0,0,0,0,0,0,0
1230,1195,0,0,0,0,0,0,0
1231,1196,0,0,0,0,0,0,0
1229,1192,0,0,0,0,0,0,0
1229,1194,0,0,0,0,0,0,0
1231,1197,0,0,0,0,0,0,0
1232,1194,0,0,0,0,0,0,0
1230,1194,0,0,0,0,0,0,0
1230,1195,0,0,0,0,0,0,0
1230,1195,0,0,0,0,0,0,0
1230,1187,0,0,0,0,0,0,0
1230,1196,0,0,0,0,0,0,0
1229,1195,0,0,0,0,0,0,0
1233,1196,0,0,0,0,0,0,0
1234,1193,0,0,0,0,0,0,0
1230,1197,0,0,0,0,0,0,0
1231,1197,0,0,0,0,0,0,0
1230,1195,0,0,0,0,0,0,0
1231,1197,0,0,0,0,0,0,0
1232,1193,0,0,0,0,0,0,0
1231,1193,0,0,0,0,0,0,0
1229,1194,0,0,0,0,0,0,0
1234,1193,0,0,0,0,0,0,0
1230,1194,0,0,0,0,0,0,0
1230,1197,0,0,0,0,0,0,0
1230,1196,0,0,0,0,0,0,0
1229,1192,0,0,0,0,0,0,0
1232,1195,0,0,0,0,0,0,0
1231,1196,0,0,0,0,0,0,0
1229,1196,0,0,0,0,0,0,0
1230,1194,0,0,0,0,0,0,0
1241,1197,0,0,0,0,0,0,0
1231,1194,0,0,0,0,0,0,0
1232,1193,0,0,0,0,0,0,0
1228,1192,0,0,0,0,0,0,0
1230,1195,0,0,0,0,0,0,0
1230,1195,0,0,0,0,0,0,0
1233,1195,0,0,0,0,0,0,0
1230,1194,0,0,0,0,0,0,0
1233,1195,0,0,0,0,0,0,0
1230,1196,0,0,0,0,0,0,0
1229,1196,0,0,0,0,0,0,0
1231,1195,0,0,0,0,0,0,0
1230,1197,0,0,0,0,0,0,0
1234,1196,0,0,0,0,0,0,0
1231,1196,0,0,0,0,0,0,0
1230,1195,0,0,0,0,0,0,0
1229,1196,0,0,0,0,0,0,0
1231,1196,0,0,0,0,0,0,0
1233,1195,0,0,0,0,0,0,0
1229,1196,0,0,0,0,0,0,0
1231,1196,0,0,0,0,0,0,0
1232,1195,0,0,0,0,0,0,0
1230,1195,0,0,0,0,0,0,0
1239,1193,0,0,0,0,0,0,0
1233,1194,0,0,0,0,0,0,0
1232,1196,0,0,0,0,0,0,0
1233,1196,0,0,0,0,0,0,0
1229,1196,0,0,0,0,0,0,0
1230,1195,0,0,0,0,0,0,0
1234,1195,0,0,0,0,0,0,0
1231,1193,0,0,0,0,0,0,0
1232,1197,0,0,0,0,0,0,0
1230,1197,0,0,0,0,0,0,0
1231,1197,0,0,0,0,0,0,0
1231,1194,0,0,0,0,0,0,0
1221,1196,0,0,0,0,0,0,0
1231,1194,0,0,0,0,0,0,0
1229,1196,0,0,0,0,0,0,0
1233,1195,0,0,0,0,0,0,0
1230,1196,0,0,0,0,0,0,0
1231,1194,0,0,0,0,0,0,0
1233,1196,0,0,0,0,0,0,0
1231,1195,0,0,0,0,0,0,0
1231,1193,0,0,0,0,0,0,0
1231,1197,0,0,0,0,0,0,0
1229,1195,0,0,0,0,0,0,0
1231,1194,0,0,0,0,0,0,0
1231,1197,0,0,0,0,0,0,0
1233,1197,0,0,0,0,0,0,0
1231,1195,0,0,0,0,0,0,0
1232,1197,0,0,0,0,0,0,0
1229,1196,0,0,0,0,0,0,0
1234,1192,0,0,0,0,0,0,0
1231,1193,0,0,0,0,0,0,0
1233,1195,0,0,0,0,0,0,0
1229,1195,0,0,0,0,0,0,0
1221,1197,0,0,0,0,0,0,0
1232,1196,0,0,0,0,0,0,0
1229,1195,0,0,0,0,0,0,0
1241,1196,0,0,0,0,0,0,0
1234,1197,0,0,0,0,0,0,0
1233,1193,0,0,0,0,0,0,0
1231,1193,0,0,0,0,0,0,0
1229,1193,0,0,0,0,0,0,0
1233,1194,0,0,0,0,0,0,0
1232,1195,0,0,0,0,0,0,0
1232,1196,0,0,0,0,0,0,0
1234,1196,0,0,0,0,0,0,0
1231,1195,0,0,0,0,0,0,0
1232,1197,0,0,0,0,0,0,0
1229,1197,0,0,0,0,0,0,0
1233,1194,0,0,0,0,0,0,0
1234,1204,0,0,0,0,0,0,0
1231,1195,0,0,0,0,0,0,0
1231,1195,0,0,0,0,0,0,0
1230,1197,0,0,0,0,0,0,0
1230,1194,0,0,0,0,0,0,0
1232,1195,0,0,0,0,0,0,0
1231,1197,0,0,0,0,0,0,0
1229,1196,0,0,0,0,0,0,0
1234,1194,0,0,0,0,0,0,0
1231,1196,0,0,0,0,0,0,0
1232,1195,0,0,0,0,0,0,0
1232,1196,0,0,0,0,0,0,0
1230,1196,0,0,0,0,0,0,0
1230,1196,0,0,0,0,0,0,0
1231,1193,0,0,0,0,0,0,0
1229,1195,0,0,0,0,0,0,0
1232,1195,0,0,0,0,0,0,0
1221,1187,0,0,0,0,0,0,0
1234,1197,0,0,0,0,0,0,0
1231,1197,0,0,0,0,0,0,0
1230,1195,0,0,0,0,0,0,0
1221,1196,0,0,0,0,0,0,0
1232,1195,0,0,0,0,0,0,0
1229,1197,0,0,0,0,0,0,0
1230,1194,0,0,0,0,0,0,0
1231,1195,0,0,0,0,0,0,0
1229,1196,0,0,0,0,0,0,0
1230,1196,0,0,0,0,0,0,0
1233,1196,0,0,0,0,0,0,0
1230,1194,0,0,0,0,0,0,0
1233,1196,0,0,0,0,0,0,0
1231,1193,0,0,0,0,0,0,0
1231,1195,0,0,0,0,0,0,0
1231,1195,0,0,0,0,0,0,0
1230,1195,0,0,0,0,0,0,0
1232,1194,0,0,0,0,0,0,0
1230,1196,0,0,0,0,0,0,0
1230,1195,0,0,0,0,0,0,0
1231,1193,0,0,0,0,0,0,0
1234,1197,0,0,0,0,0,0,0
1233,1197,0,0,0,0,0,0,0
1234,1193,0,0,0,0,0,0,0
1231,1195,0,0,0,0,0,0,0
1233,1195,0,0,0,0,0,0,0
1230,1196,0,0,0,0,0,0,0
1231,1192,0,0,0,0,0,0,0
1230,1196,0,0,0,0,0,0,0
1221,1193,0,0,0,0,0,0,0
1232,1195,0,0,0,0,0,0,0
1232,1193,0,0,0,0,0,0,0
1230,1195,0,0,0,0,0,0,0
1232,1195,0,0,0,0,0,0,0
1230,1194,0,0,0,0,0,0,0
1234,1196,0,0,0,0,0,0,0
1231,1197,0,0,0,0,0,0,0
1230,1196,0,0,0,0,0,0,0
1229,1194,0,0,0,0,0,0,0
1230,1196,0,0,0,0,0,0,0
1220,1194,0,0,0,0,0,0,0
1231,1195,0,0,0,0,0,0,0
1231,1194,0,0,0,0,0,0,0
1233,1196,0,0,0,0,0,0,0
1233,1195,0,0,0,0,0,0,0
1230,1195,0,0,0,0,0,0,0
1231,1197,0,0,0,0,0,0,0
1229,1196,0,0,0,0,0,0,0
1231,1196,0,0,0,0,0,0,0
1239,1195,0,0,0,0,0,0,0
1231,1195,0,0,0,0,0,0,0
1230,1195,0,0,0,0,0,0,0
1231,1199,0,0,0,0,0,0,0
1231,1193,0,0,0,0,0,0,0
1241,1193,0,0,0,0,0,0,0
1230,1195,0,0,0,0,0,0,0
1230,1194,0,0,0,0,0,0,0
1233,1195,0,0,0,0,0,0,0
1230,1196,0,0,0,0,0,0,0
1230,1195,0,0,0,0,0,0,0
1230,1194,0,0,0,0,0,0,0
1231,1194,0,0,0,0,0,0,0
1231,1196,0,0,0,0,0,0,0
1229,1193,0,0,0,0,0,0,0
1221,1196,0,0,0,0,0,0,0
1232,1194,0,0,0,0,0,0,0
1232,1195,0,0,0,0,0,0,0
1230,1196,0,0,0,0,0,0,0
1230,1205,0,0,0,0,0,0,0
1232,1194,0,0,0,0,0,0,0
1231,1195,0,0,0,0,0,0,0
1229,1195,0,0,0,0,0,0,0
1231,1195,0,0,0,0,0,0,0
1231,1194,0,0,0,0,0,0,0
1231,1196,0,0,0,0,0,0,0
1231,1195,0,0,0,0,0,0,0
1230,1196,0,0,0,0,0,0,0
1231,1195,0,0,0,0,0,0,0
1229,1195,0,0,0,0,0,0,0
1229,1197,0,0,0,0,0,0,0
1221,1195,0,0,0,0,0,0,0
1230,1195,0,0,0,0,0,0,0
1229,1196,0,0,0,0,0,0,0
1233,1196,0,0,0,0,0,0,0
1230,1197,0,0,0,0,0,0,0
1241,1195,0,0,0,0,0,0,0
1221,1196,0,0,0,0,0,0,0
1230,1192,0,0,0,0,0,0,0
1229,1195,0,0,0,0,0,0,0
1232,1193,0,0,0,0,0,0,0
1231,1195,0,0,0,0,0,0,0
1230,1195,0,0,0,0,0,0,0
1232,1195,0,0,0,0,0,0,0
1240,1195,0,0,0,0,0,0,0
1234,1195,0,0,0,0,0,0,0
1229,1196,0,0,0,0,0,0,0
1230,1194,0,0,0,0,0,0,0
1231,1192,0,0,0,0,0,0,0
1231,1193,0,0,0,0,0,0,0
1230,1192,0,0,0,0,0,0,0
1231,1193,0,0,0,0,0,0,0
1232,1195,0,0,0,0,0,0,0
1240,1195,0,0,0,0,0,0,0
1229,1196,0,0,0,0,0,0,0
1221,1195,0,0,0,0,0,0,0
1230,1196,0,0,0,0,0,0,0
1230,1184,0,0,0,0,0,0,0
1234,1196,0,0,0,0,0,0,0
1240,1196,0,0,0,0,0,0,0
1231,1196,0,0,0,0,0,0,0
1230,1195,0,0,0,0,0,0,0
1233,1196,0,0,0,0,0,0,0
1229,1193,0,0,0,0,0,0,0
1232,1196,0,0,0,0,0,0,0
1230,1196,0,0,0,0,0,0,0
1234,1196,0,0,0,0,0,0,0
1231,1196,0,0,0,0,0,0,0
1230,1194,0,0,0,0,0,0,0
1231,1197,0,0,0,0,0,0,0
1230,1196,0,0,0,0,0,0,0
1234,1193,0,0,0,0,0,0,0
1229,1195,0,0,0,0,0,0,0
1233,1195,0,0,0,0,0,0,0
1230,1194,0,0,0,0,0,0,0
1232,1196,0,0,0,0,0,0,0
1231,1204,0,0,0,0,0,0,0
1230,1197,0,0,0,0,0,0,0
1231,1193,0,0,0,0,0,0,0
1230,1194,0,0,0,0,0,0,0
1230,1197,0,0,0,0,0,0,0
1232,1193,0,0,0,0,0,0,0
1231,1194,0,0,0,0,0,0,0
1231,1196,0,0,0,0,0,0,0
1230,1195,0,0,0,0,0,0,0
1231,1195,0,0,0,0,0,0,0
1233,1196,0,0,0,0,0,0,0
1231,1195,0,0,0,0,0,0,0
1230,1195,0,0,0,0,0,0,0
1233,1196,0,0,0,0,0,0,0
1230,1196,0,0,0,0,0,0,0
1233,1196,0,0,0,0,0,0,0
1230,1195,0,0,0,0,0,0,0
1231,1197,0,0,0,0,0,0,0
1231,1197,0,0,0,0,0,0,0
1232,1196,0,0,0,0,0,0,0
1232,1195,0,0,0,0,0,0,0
1229,1195,0,0,0,0,0,0,0
1229,1194,0,0,0,0,0,0,0
1229,1192,0,0,0,0,0,0,0
1231,1194,0,0,0,0,0,0,0
1234,1197,0,0,0,0,0,0,0
1229,1195,0,0,0,0,0,0,0
1233,1197,0,0,0,0,0,0,0
1229,1192,0,0,0,0,0,0,0
1229,1195,0,0,0,0,0,0,0
1229,1193,0,0,0,0,0,0,0
1232,1196,0,0,0,0,0,0,0
1221,1194,0,0,0,0,0,0,0
1230,1195,0,0,0,0,0,0,0
1231,1196,0,0,0,0,0,0,0
1230,1196,0,0,0,0,0,0,0
1230,1195,0,0,0,0,0,0,0
1221,1195,0,0,0,0,0,0,0
1231,1196,0,0,0,0,0,0,0
1232,1195,0,0,0,0,0,0,0
1229,1194,0,0,0,0,0,0,0
1233,1196,0,0,0,0,0,0,0
1230,1193,0,0,0,0,0,0,0
1230,1195,0,0,0,0,0,0,0
1229,1195,0,0,0,0,0,0,0
1231,1196,0,0,0,0,0,0,0
1232,1196,0,0,0,0,0,0,0
1232,1196,0,0,0,0,0,0,0
1229,1194,0,0,0,0,0,0,0
1230,1194,0,0,0,0,0,0,0
1231,1195,0,0,0,0,0,0,0
1231,1194,0,0,0,0,0,0,0
1229,1196,0,0,0,0,0,0,0
1231,1195,0,0,0,0,0,0,0
1231,1193,0,0,0,0,0,0,0
1230,1196,0,0,0,0,0,0,0
1231,1193,0,0,0,0,0,0,0
1230,1194,0,0,0,0,0,0,0
1232,1197,0,0,0,0,0,0,0
1231,1195,0,0,0,0,0,0,0
1233,1197,0,0,0,0,0,0,0
1230,1187,0,0,0,0,0,0,0
1231,1195,0,0,0,0,0,0,0
1231,1196,0,0,0,0,0,0,0
1231,1196,0,0,0,0,0,0,0
1230,1194,0,0,0,0,0,0,0
1231,1196,0,0,0,0,0,0,0
1229,1195,0,0,0,0,0,0,0
1231,1196,0,0,0,0,0,0,0
1230,1196,0,0,0,0,0,0,0
1231,1195,0,0,0,0,0,0,0
1231,1195,0,0,0,0,0,0,0
1231,1194,0,0,0,0,0,0,0
1229,1197,0,0,0,0,0,0,0
1231,1196,0,0,0,0,0,0,0
1229,1194,0,0,0,0,0,0,0
1232,1196,0,0,0,0,0,0,0
1233,1193,0,0,0,0,0,0,0
1230,1196,0,0,0,0,0,0,0
1233,1194,0,0,0,0,0,0,0
1231,1195,0,0,0,0,0,0,0
1231,1193,0,0,0,0,0,0,0
1230,1196,0,0,0,0,0,0,0
1234,1196,0,0,0,0,0,0,0
1230,1197,0,0,0,0,0,0,0
1232,1195,0,0,0,0,0,0,0
1233,1195,0,0,0,0,0,0,0
1230,1195,0,0,0,0,0,0,0
1230,1195,0,0,0,0,0,0,0
1221,1196,0,0,0,0,0,0,0
1231,1195,0,0,0,0,0,0,0
1231,1195,0,0,0,0,0,0,0
1231,1197,0,0,0,0,0,0,0
1230,1197,0,0,0,0,0,0,0
1231,1196,0,0,0,0,0,0,0
1221,1196,0,0,0,0,0,0,0
1230,1195,0,0,0,0,0,0,0
1230,1195,0,0,0,0,0,0,0
1230,1195,0,0,0,0,0,0,0
1221,1196,0,0,0,0,0,0,0
1231,1194,0,0,0,0,0,0,0
1230,1196,0,0,0,0,0,0,0
1231,1195,0,0,0,0,0,0,0
1230,1195,0,0,0,0,0,0,0
1231,1194,0,0,0,0,0,0,0
1230,1193,0,0,0,0,0,0,0
1230,1192,0,0,0,0,0,0,0
1232,1194,0,0,0,0,0,0,0
1221,1196,0,0,0,0,0,0,0
1241,1196,0,0,0,0,0,0,0
1230,1197,0,0,0,0,0,0,0
1230,1195,0,0,0,0,0,0,0
1232,1192,0,0,0,0,0,0,0
1233,1194,0,0,0,0,0,0,0
1230,1196,0,0,0,0,0,0,0
1230,1196,0,0,0,0,0,0,0
1232,1194,0,0,0,0,0,0,0
1230,1197,0,0,0,0,0,0,0
1230,1197,0,0,0,0,0,0,0
1231,1195,0,0,0,0,0,0,0
1233,1197,0,0,0,0,0,0,0
1228,1196,0,0,0,0,0,0,0
1230,1196,0,0,0,0,0,0,0
1241,1195,0,0,0,0,0,0,0
1231,1196,0,0,0,0,0,0,0
1232,1194,0,0,0,0,0,0,0
1231,1195,0,0,0,0,0,0,0
1230,1196,0,0,0,0,0,0,0
1232,1193,0,0,0,0,0,0,0
1230,1195,0,0,0,0,0,0,0
1230,1196,0,0,0,0,0,0,0
1232,1193,0,0,0,0,0,0,0
1232,1193,0,0,0,0,0,0,0
1229,1193,0,0,0,0,0,0,0
1240,1192,0,0,0,0,0,0,0
1231,1195,0,0,0,0,0,0,0
1231,1196,0,0,0,0,0,0,0
1232,1195,0,0,0,0,0,0,0
1220,1196,0,0,0,0,0,0,0
1230,1195,0,0,0,0,0,0,0
1232,1196,0,0,0,0,0,0,0
1232,1194,0,0,0,0,0,0,0
1231,1195,0,0,0,0,0,0,0
1221,1196,0,0,0,0,0,0,0
1233,1195,0,0,0,0,0,0,0
1230,1195,0,0,0,0,0,0,0
1230,1193,0,0,0,0,0,0,0
1230,1194,0,0,0,0,0,0,0
1231,1194,0,0,0,0,0,0,0
1230,1194,0,0,0,0,0,0,0
1233,1196,0,0,0,0,0,0,0
1230,1194,0,0,0,0,0,0,0
1231,1196,0,0,0,0,0,0,0
1230,1196,0,0,0,0,0,0,0
1231,1196,0,0,0,0,0,0,0
1232,1194,0,0,0,0,0,0,0
1232,1196,0,0,0,0,0,0,0
1232,1195,0,0,0,0,0,0,0
1232,1193,0,0,0,0,0,0,0
1233,1196,0,0,0,0,0,0,0
1232,1196,0,0,0,0,0,0,0
1229,1196,0,0,0,0,0,0,0
1241,1193,0,0,0,0,0,0,0
1230,1196,0,0,0,0,0,0,0
1233,1193,0,0,0,0,0,0,0
1229,1196,0,0,0,0,0,0,0
1231,1195,0,0,0,0,0,0,0
1229,1196,0,0,0,0,0,0,0
1231,1194,0,0,0,0,0,0,0
1233,1194,0,0,0,0,0,0,0
1230,1196,0,0,0,0,0,0,0
1232,1186,0,0,0,0,0,0,0
1231,1194,0,0,0,0,0,0,0
1231,1192,0,0,0,0,0,0,0
1230,1196,0,0,0,0,0,0,0
1229,1195,0,0,0,0,0,0,0
1234,1196,0,0,0,0,0,0,0
1230,1196,0,0,0,0,0,0,0
1229,1192,0,0,0,0,0,0,0
1232,1195,0,0,0,0,0,0,0
1231,1193,0,0,0,0,0,0,0
1233,1194,0,0,0,0,0,0,0
1229,1197,0,0,0,0,0,0,0
1232,1194,0,0,0,0,0,0,0
1233,1196,0,0,0,0,0,0,0
1230,1196,0,0,0,0,0,0,0
1232,1195,0,0,0,0,0,0,0
1232,1195,0,0,0,0,0,0,0
1229,1193,0,0,0,0,0,0,0
1231,1195,0,0,0,0,0,0,0
1229,1196,0,0,0,0,0,0,0
1231,1197,0,0,0,0,0,0,0
1230,1197,0,0,0,0,0,0,0
1230,1197,0,0,0,0,0,0,0
1232,1195,0,0,0,0,0,0,0
1240,1193,0,0,0,0,0,0,0
1230,1192,0,0,0,0,0,0,0
1232,1194,0,0,0,0,0,0,0
1230,1195,0,0,0,0,0,0,0
1230,1193,0,0,0,0,0,0,0
1233,1196,0,0,0,0,0,0,0
1230,1196,0,0,0,0,0,0,0
1230,1195,0,0,0,0,0,0,0
1234,1195,0,0,0,0,0,0,0
1231,1195,0,0,0,0,0,0,0
1230,1195,0,0,0,0,0,0,0
1230,1196,0,0,0,0,0,0,0
1230,1195,0,0,0,0,0,0,0
1229,1195,0,0,0,0,0,0,0
1231,1193,0,0,0,0,0,0,0
1234,1194,0,0,0,0,0,0,0
1230,1196,0,0,0,0,0,0,0
1234,1195,0,0,0,0,0,0,0
1229,1197,0,0,0,0,0,0,0
1241,1195,0,0,0,0,0,0,0
1232,1195,0,0,0,0,0,0,0
1233,1194,0,0,0,0,0,0,0
1231,1196,0,0,0,0,0,0,0
1232,1194,0,0,0,0,0,0,0
1241,1207,0,0,0,0,0,0,0
1252,1217,0,0,0,0,0,0,0
1207,1183,0,0,0,0,0,0,0
977,980,0,0,0,0,0,0,0
607,645,0,0,0,0,0,0,0
652,620,0,0,0,0,0,0,0
1507,1517,0,0,0,0,0,0,0
1435,1458,0,0,0,0,0,0,0
646,676,0,0,0,0,0,0,0
755,728,0,0,0,0,0,0,0
1136,1077,0,0,0,0,0,0,0
1245,1174,0,0,0,0,0,0,0
1234,1192,0,0,0,0,0,0,0
1230,1196,0,0,0,0,0,0,0
1241,1205,0,0,0,0,0,0,0
1232,1197,0,0,0,0,0,0,0
1233,1197,0,0,0,0,0,0,0
1231,1195,0,0,0,0,0,0,0
1230,1195,0,0,0,0,0,0,0
1233,1194,0,0,0,0,0,0,0
1220,1196,0,0,0,0,0,0,0
1221,1195,0,0,0,0,0,0,0
1232,1194,0,0,0,0,0,0,0
1230,1195,0,0,0,0,0,0,0
1231,1195,0,0,0,0,0,0,0
1231,1196,0,0,0,0,0,0,0
1231,1195,0,0,0,0,0,0,0
1230,1193,0,0,0,0,0,0,0
1230,1194,0,0,0,0,0,0,0
1234,1195,0,0,0,0,0,0,0
1231,1196,0,0,0,0,0,0,0
1229,1197,0,0,0,0,0,0,0
1231,1194,0,0,0,0,0,0,0
1232,1197,0,0,0,0,0,0,0
1232,1196,0,0,0,0,0,0,0
1229,1193,0,0,0,0,0,0,0
1230,1196,0,0,0,0,0,0,0
1230,1194,0,0,0,0,0,0,0
1231,1193,0,0,0,0,0,0,0
1233,1197,0,0,0,0,0,0,0
1233,1193,0,0,0,0,0,0,0
1232,1196,0,0,0,0,0,0,0
1229,1193,0,0,0,0,0,0,0
1233,1193,0,0,0,0,0,0,0
1220,1196,0,0,0,0,0,0,0
1231,1195,0,0,0,0,0,0,0
1232,1195,0,0,0,0,0,0,0
1229,1195,0,0,0,0,0,0,0
1231,1197,0,0,0,0,0,0,0
1230,1204,0,0,0,0,0,0,0
1230,1196,0,0,0,0,0,0,0
1230,1196,0,0,0,0,0,0,0
1229,1195,0,0,0,0,0,0,0
1230,1193,0,0,0,0,0,0,0
1229,1194,0,0,0,0,0,0,0
1230,1196,0,0,0,0,0,0,0
1231,1196,0,0,0,0,0,0,0
1231,1193,0,0,0,0,0,0,0
1230,1195,0,0,0,0,0,0,0
1233,1193,0,0,0,0,0,0,0
1231,1195,0,0,0,0,0,0,0
1221,1195,0,0,0,0,0,0,0
1232,1195,0,0,0,0,0,0,0
1232,1193,0,0,0,0,0,0,0
1229,1196,0,0,0,0,0,0,0
1234,1195,0,0,0,0,0,0,0
1232,1195,0,0,0,0,0,0,0
1231,1193,0,0,0,0,0,0,0
1220,1195,0,0,0,0,0,0,0
1233,1193,0,0,0,0,0,0,0
1231,1193,0,0,0,0,0,0,0
1231,1196,0,0,0,0,0,0,0
1232,1196,0,0,0,0,0,0,0
1234,1196,0,0,0,0,0,0,0
1230,1194,0,0,0,0,0,0,0
1231,1196,0,0,0,0,0,0,0
1230,1196,0,0,0,0,0,0,0
1230,1197,0,0,0,0,0,0,0
1230,1195,0,0,0,0,0,0,0
1233,1192,0,0,0,0,0,0,0
1230,1195,0,0,0,0,0,0,0
1231,1197,0,0,0,0,0,0,0
1234,1194,0,0,0,0,0,0,0
1234,1194,0,0,0,0,0,0,0
1231,1196,0,0,0,0,0,0,0
1231,1193,0,0,0,0,0,0,0
1229,1193,0,0,0,0,0,0,0
1221,1195,0,0,0,0,0,0,0
1231,1195,0,0,0,0,0,0,0
1231,1194,0,0,0,0,0,0,0
1230,1196,0,0,0,0,0,0,0
1233,1195,0,0,0,0,0,0,0
1231,1195,0,0,0,0,0,0,0
1228,1195,0,0,0,0,0,0,0
1232,1194,0,0,0,0,0,0,0
1229,1196,0,0,0,0,0,0,0
1231,1194,0,0,0,0,0,0,0
1229,1194,0,0,0,0,0,0,0
1232,1196,0,0,0,0,0,0,0
1233,1196,0,0,0,0,0,0,0
1232,1194,0,0,0,0,0,0,0
1232,1192,0,0,0,0,0,0,0
1229,1196,0,0,0,0,0,0,0
1234,1196,0,0,0,0,0,0,0
1231,1194,0,0,0,0,0,0,0
1229,1195,0,0,0,0,0,0,0
1231,1195,0,0,0,0,0,0,0
1233,1195,0,0,0,0,0,0,0
1230,1196,0,0,0,0,0,0,0
1231,1195,0,0,0,0,0,0,0
1230,1193,0,0,0,0,0,0,0
1230,1196,0,0,0,0,0,0,0
1231,1195,0,0,0,0,0,0,0
1229,1195,0,0,0,0,0,0,0
1229,1195,0,0,0,0,0,0,0
1231,1195,0,0,0,0,0,0,0
1232,1195,0,0,0,0,0,0,0
1230,1195,0,0,0,0,0,0,0
1229,1196,0,0,0,0,0,0,0
1229,1196,0,0,0,0,0,0,0
1241,1197,0,0,0,0,0,0,0
1229,1196,0,0,0,0,0,0,0
1229,1195,0,0,0,0,0,0,0
1232,1196,0,0,0,0,0,0,0
1231,1195,0,0,0,0,0,0,0
1230,1195,0,0,0,0,0,0,0
1240,1193,0,0,0,0,0,0,0
1229,1194,0,0,0,0,0,0,0
1231,1193,0,0,0,0,0,0,0
1230,1194,0,0,0,0,0,0,0
1233,1194,0,0,0,0,0,0,0
1229,1196,0,0,0,0,0,0,0
1231,1196,0,0,0,0,0,0,0
1229,1196,0,0,0,0,0,0,0
1231,1195,0,0,0,0,0,0,0
1230,1196,0,0,0,0,0,0,0
1229,1196,0,0,0,0,0,0,0
1232,1195,0,0,0,0,0,0,0
1234,1199,0,0,0,0,0,0,0
1229,1194,0,0,0,0,0,0,0
1233,1195,0,0,0,0,0,0,0
1231,1204,0,0,0,0,0,0,0
1232,1193,0,0,0,0,0,0,0
1230,1196,0,0,0,0,0,0,0
1233,1196,0,0,0,0,0,0,0
1234,1196,0,0,0,0,0,0,0
1233,1196,0,0,0,0,0,0,0
1229,1195,0,0,0,0,0,0,0
1233,1192,0,0,0,0,0,0,0
1231,1195,0,0,0,0,0,0,0
1230,1194,0,0,0,0,0,0,0
1230,1193,0,0,0,0,0,0,0
1221,1193,0,0,0,0,0,0,0
1230,1195,0,0,0,0,0,0,0
1230,1193,0,0,0,0,0,0,0
1231,1196,0,0,0,0,0,0,0
1231,1195,0,0,0,0,0,0,0
1232,1197,0,0,0,0,0,0,0
1231,1195,0,0,0,0,0,0,0
1231,1194,0,0,0,0,0,0,0
1234,1196,0,0,0,0,0,0,0
1221,1195,0,0,0,0,0,0,0
1231,1193,0,0,0,0,0,0,0
1230,1196,0,0,0,0,0,0,0
1230,1193,0,0,0,0,0,0,0
1221,1195,0,0,0,0,0,0,0
1231,1196,0,0,0,0,0,0,0
1229,1196,0,0,0,0,0,0,0
1230,1192,0,0,0,0,0,0,0
1231,1194,0,0,0,0,0,0,0
1221,1195,0,0,0,0,0,0,0
1230,1195,0,0,0,0,0,0,0
1233,1196,0,0,0,0,0,0,0
1230,1196,0,0,0,0,0,0,0
1231,1192,0,0,0,0,0,0,0
1232,1196,0,0,0,0,0,0,0
1231,1193,0,0,0,0,0,0,0
1229,1195,0,0,0,0,0,0,0
1229,1193,0,0,0,0,0,0,0
1231,1195,0,0,0,0,0,0,0
1230,1195,0,0,0,0,0,0,0
1234,1195,0,0,0,0,0,0,0
1240,1195,0,0,0,0,0,0,0
1229,1195,0,0,0,0,0,0,0
1230,1196,0,0,0,0,0,0,0
1221,1195,0,0,0,0,0,0,0
1230,1196,0,0,0,0,0,0,0
1232,1195,0,0,0,0,0,0,0
1220,1197,0,0,0,0,0,0,0
1231,1199,0,0,0,0,0,0,0
1233,1196,0,0,0,0,0,0,0
1229,1197,0,0,0,0,0,0,0
1231,1196,0,0,0,0,0,0,0
1229,1195,0,0,0,0,0,0,0
1229,1196,0,0,0,0,0,0,0
1230,1196,0,0,0,0,0,0,0
1230,1196,0,0,0,0,0,0,0
1231,1194,0,0,0,0,0,0,0
1233,1193,0,0,0,0,0,0,0
1231,1195,0,0,0,0,0,0,0
1230,1196,0,0,0,0,0,0,0
1231,1196,0,0,0,0,0,0,0
1229,1195,0,0,0,0,0,0,0
1230,1196,0,0,0,0,0,0,0
1233,1194,0,0,0,0,0,0,0
1231,1196,0,0,0,0,0,0,0
1230,1193,0,0,0,0,0,0,0
1231,1193,0,0,0,0,0,0,0
1231,1196,0,0,0,0,0,0,0
1231,1197,0,0,0,0,0,0,0
1233,1196,0,0,0,0,0,0,0
1229,1195,0,0,0,0,0,0,0
1231,1193,0,0,0,0,0,0,0
1233,1193,0,0,0,0,0,0,0
1233,1196,0,0,0,0,0,0,0
1234,1196,0,0,0,0,0,0,0
1233,1187,0,0,0,0,0,0,0
1231,1195,0,0,0,0,0,0,0
1230,1195,0,0,0,0,0,0,0
1229,1195,0,0,0,0,0,0,0
1229,1196,0,0,0,0,0,0,0
1231,1184,0,0,0,0,0,0,0
1230,1195,0,0,0,0,0,0,0
1230,1196,0,0,0,0,0,0,0
1234,1195,0,0,0,0,0,0,0
1231,1193,0,0,0,0,0,0,0
1230,1194,0,0,0,0,0,0,0
1221,1195,0,0,0,0,0,0,0
1231,1193,0,0,0,0,0,0,0
1230,1195,0,0,0,0,0,0,0
1234,1195,0,0,0,0,0,0,0
1232,1193,0,0,0,0,0,0,0
1229,1195,0,0,0,0,0,0,0
1229,1194,0,0,0,0,0,0,0
1241,1194,0,0,0,0,0,0,0
1231,1193,0,0,0,0,0,0,0
1234,1194,0,0,0,0,0,0,0
1231,1194,0,0,0,0,0,0,0
1229,1195,0,0,0,0,0,0,0
1230,1195,0,0,0,0,0,0,0
1230,1197,0,0,0,0,0,0,0
1241,1193,0,0,0,0,0,0,0
1231,1194,0,0,0,0,0,0,0
1229,1197,0,0,0,0,0,0,0
1231,1194,0,0,0,0,0,0,0
1231,1193,0,0,0,0,0,0,0
1231,1196,0,0,0,0,0,0,0
1231,1194,0,0,0,0,0,0,0
1230,1197,0,0,0,0,0,0,0
1231,1197,0,0,0,0,0,0,0
1233,1196,0,0,0,0,0,0,0
1232,1194,0,0,0,0,0,0,0
1230,1195,0,0,0,0,0,0,0
1229,1195,0,0,0,0,0,0,0
1232,1195,0,0,0,0,0,0,0
1220,1194,0,0,0,0,0,0,0
1231,1196,0,0,0,0,0,0,0
1230,1196,0,0,0,0,0,0,0
1230,1194,0,0,0,0,0,0,0
1230,1195,0,0,0,0,0,0,0
1232,1195,0,0,0,0,0,0,0
1231,1195,0,0,0,0,0,0,0
1229,1187,0,0,0,0,0,0,0
1230,1195,0,0,0,0,0,0,0
1230,1195,0,0,0,0,0,0,0
1230,1197,0,0,0,0,0,0,0
1230,1194,0,0,0,0,0,0,0
1234,1195,0,0,0,0,0,0,0
1231,1194,0,0,0,0,0,0,0
1231,1197,0,0,0,0,0,0,0
1229,1196,0,0,0,0,0,0,0
1230,1194,0,0,0,0,0,0,0
1232,1195,0,0,0,0,0,0,0
1234,1196,0,0,0,0,0,0,0
1229,1196,0,0,0,0,0,0,0
1230,1194,0,0,0,0,0,0,0
1231,1195,0,0,0,0,0,0,0
1230,1194,0,0,0,0,0,0,0
1232,1196,0,0,0,0,0,0,0
1232,1193,0,0,0,0,0,0,0
1231,1195,0,0,0,0,0,0,0
1231,1197,0,0,0,0,0,0,0
1229,1196,0,0,0,0,0,0,0
1232,1195,0,0,0,0,0,0,0
1234,1192,0,0,0,0,0,0,0
1229,1195,0,0,0,0,0,0,0
1232,1196,0,0,0,0,0,0,0
1233,1192,0,0,0,0,0,0,0
1234,1195,0,0,0,0,0,0,0
1229,1197,0,0,0,0,0,0,0
1231,1194,0,0,0,0,0,0,0
1233,1195,0,0,0,0,0,0,0
1234,1204,0,0,0,0,0,0,0
1231,1195,0,0,0,0,0,0,0
1231,1195,0,0,0,0,0,0,0
1229,1195,0,0,0,0,0,0,0
1241,1195,0,0,0,0,0,0,0
1229,1196,0,0,0,0,0,0,0
1231,1196,0,0,0,0,0,0,0
1220,1193,0,0,0,0,0,0,0
1231,1196,0,0,0,0,0,0,0
1229,1196,0,0,0,0,0,0,0
1220,1196,0,0,0,0,0,0,0
1232,1193,0,0,0,0,0,0,0
1233,1196,0,0,0,0,0,0,0
1231,1195,0,0,0,0,0,0,0
1230,1195,0,0,0,0,0,0,0
1231,1196,0,0,0,0,0,0,0
1230,1193,0,0,0,0,0,0,0
1229,1197,0,0,0,0,0,0,0
1230,1196,0,0,0,0,0,0,0
1231,1195,0,0,0,0,0,0,0
1231,1193,0,0,0,0,0,0,0
1230,1195,0,0,0,0,0,0,0
1231,1194,0,0,0,0,0,0,0
1231,1197,0,0,0,0,0,0,0
1231,1193,0,0,0,0,0,0,0
1231,1193,0,0,0,0,0,0,0
1233,1194,0,0,0,0,0,0,0
1230,1195,0,0,0,0,0,0,0
1229,1194,0,0,0,0,0,0,0
1230,1195,0,0,0,0,0,0,0
1231,1196,0,0,0,0,0,0,0
1241,1193,0,0,0,0,0,0,0
1231,1196,0,0,0,0,0,0,0
1231,1184,0,0,0,0,0,0,0
1230,1195,0,0,0,0,0,0,0
1231,1195,0,0,0,0,0,0,0
1229,1196,0,0,0,0,0,0,0
1232,1194,0,0,0,0,0,0,0
1230,1196,0,0,0,0,0,0,0
1221,1195,0,0,0,0,0,0,0
1231,1194,0,0,0,0,0,0,0
1231,1194,0,0,0,0,0,0,0
1231,1196,0,0,0,0,0,0,0
1231,1195,0,0,0,0,0,0,0
1229,1196,0,0,0,0,0,0,0
1234,1195,0,0,0,0,0,0,0
1231,1197,0,0,0,0,0,0,0
1230,1195,0,0,0,0,0,0,0
1232,1195,0,0,0,0,0,0,0
1233,1195,0,0,0,0,0,0,0
1231,1193,0,0,0,0,0,0,0
1230,1194,0,0,0,0,0,0,0
1230,1193,0,0,0,0,0,0,0
1230,1193,0,0,0,0,0,0,0
1230,1195,0,0,0,0,0,0,0
1231,1196,0,0,0,0,0,0,0
1231,1193,0,0,0,0,0,0,0
1230,1195,0,0,0,0,0,0,0
1231,1196,0,0,0,0,0,0,0
1230,1195,0,0,0,0,0,0,0
1230,1194,0,0,0,0,0,0,0
1232,1194,0,0,0,0,0,0,0
1229,1196,0,0,0,0,0,0,0
1231,1195,0,0,0,0,0,0,0
1231,1195,0,0,0,0,0,0,0
1231,1195,0,0,0,0,0,0,0
1230,1187,0,0,0,0,0,0,0
1231,1195,0,0,0,0,0,0,0
1230,1195,0,0,0,0,0,0,0
1229,1195,0,0,0,0,0,0,0
1231,1195,0,0,0,0,0,0,0
1230,1196,0,0,0,0,0,0,0
1232,1193,0,0,0,0,0,0,0
1231,1195,0,0,0,0,0,0,0
1229,1195,0,0,0,0,0,0,0
1229,1194,0,0,0,0,0,0,0
1221,1196,0,0,0,0,0,0,0
1231,1196,0,0,0,0,0,0,0
1232,1194,0,0,0,0,0,0,0
1231,1195,0,0,0,0,0,0,0
1232,1196,0,0,0,0,0,0,0
1232,1196,0,0,0,0,0,0,0
1233,1194,0,0,0,0,0,0,0
1231,1194,0,0,0,0,0,0,0
1233,1197,0,0,0,0,0,0,0
1231,1195,0,0,0,0,0,0,0
1233,1195,0,0,0,0,0,0,0
1229,1192,0,0,0,0,0,0,0
1234,1195,0,0,0,0,0,0,0
1231,1196,0,0,0,0,0,0,0
1232,1195,0,0,0,0,0,0,0
1231,1195,0,0,0,0,0,0,0
1220,1194,0,0,0,0,0,0,0
1221,1195,0,0,0,0,0,0,0
1230,1194,0,0,0,0,0,0,0
1231,1194,0,0,0,0,0,0,0
1233,1197,0,0,0,0,0,0,0
1241,1196,0,0,0,0,0,0,0
1231,1195,0,0,0,0,0,0,0
1231,1194,0,0,0,0,0,0,0
1232,1195,0,0,0,0,0,0,0
1232,1196,0,0,0,0,0,0,0
1229,1194,0,0,0,0,0,0,0
1230,1193,0,0,0,0,0,0,0
1230,1196,0,0,0,0,0,0,0
1234,1196,0,0,0,0,0,0,0
1230,1197,0,0,0,0,0,0,0
1230,1197,0,0,0,0,0,0,0
1230,1196,0,0,0,0,0,0,0
1229,1193,0,0,0,0,0,0,0
1229,1194,0,0,0,0,0,0,0
1230,1195,0,0,0,0,0,0,0
1231,1192,0,0,0,0,0,0,0
1230,1197,0,0,0,0,0,0,0
1230,1197,0,0,0,0,0,0,0
1232,1194,0,0,0,0,0,0,0
1231,1196,0,0,0,0,0,0,0
1231,1196,0,0,0,0,0,0,0
1233,1195,0,0,0,0,0,0,0
1220,1193,0,0,0,0,0,0,0
1231,1195,0,0,0,0,0,0,0
1231,1194,0,0,0,0,0,0,0
1230,1196,0,0,0,0,0,0,0
1232,1193,0,0,0,0,0,0,0
1232,1195,0,0,0,0,0,0,0
1234,1196,0,0,0,0,0,0,0
1221,1193,0,0,0,0,0,0,0
1231,1195,0,0,0,0,0,0,0
1230,1195,0,0,0,0,0,0,0
1241,1196,0,0,0,0,0,0,0
1232,1195,0,0,0,0,0,0,0
1231,1194,0,0,0,0,0,0,0
1231,1195,0,0,0,0,0,0,0
1232,1197,0,0,0,0,0,0,0
1221,1194,0,0,0,0,0,0,0
1221,1196,0,0,0,0,0,0,0
1232,1196,0,0,0,0,0,0,0
1231,1194,0,0,0,0,0,0,0
1231,1196,0,0,0,0,0,0,0
1233,1196,0,0,0,0,0,0,0
1241,1194,0,0,0,0,0,0,0
1229,1196,0,0,0,0,0,0,0
1229,1195,0,0,0,0,0,0,0
1230,1194,0,0,0,0,0,0,0
1221,1195,0,0,0,0,0,0,0
1228,1194,0,0,0,0,0,0,0
1232,1195,0,0,0,0,0,0,0
1233,1195,0,0,0,0,0,0,0
1231,1194,0,0,0,0,0,0,0
1229,1195,0,0,0,0,0,0,0
1230,1195,0,0,0,0,0,0,0
1230,1193,0,0,0,0,0,0,0
1231,1187,0,0,0,0,0,0,0
1231,1196,0,0,0,0,0,0,0
1231,1194,0,0,0,0,0,0,0
1230,1196,0,0,0,0,0,0,0
1229,1196,0,0,0,0,0,0,0
1230,1196,0,0,0,0,0,0,0
1231,1196,0,0,0,0,0,0,0
1229,1195,0,0,0,0,0,0,0
1219,1187,0,0,0,0,0,0,0
1232,1194,0,0,0,0,0,0,0
1230,1196,0,0,0,0,0,0,0
1230,1197,0,0,0,0,0,0,0
1230,1195,0,0,0,0,0,0,0
1233,1199,0,0,0,0,0,0,0
1230,1194,0,0,0,0,0,0,0
1229,1196,0,0,0,0,0,0,0
1230,1196,0,0,0,0,0,0,0
1229,1196,0,0,0,0,0,0,0
1230,1193,0,0,0,0,0,0,0
1232,1193,0,0,0,0,0,0,0
1229,1195,0,0,0,0,0,0,0
1234,1196,0,0,0,0,0,0,0
1230,1195,0,0,0,0,0,0,0
1232,1197,0,0,0,0,0,0,0
1231,1195,0,0,0,0,0,0,0
1232,1196,0,0,0,0,0,0,0
1230,1195,0,0,0,0,0,0,0
1221,1196,0,0,0,0,0,0,0
1231,1195,0,0,0,0,0,0,0
1230,1195,0,0,0,0,0,0,0
1230,1194,0,0,0,0,0,0,0
1229,1194,0,0,0,0,0,0,0
1232,1196,0,0,0,0,0,0,0
1232,1196,0,0,0,0,0,0,0
1230,1195,0,0,0,0,0,0,0
1230,1193,0,0,0,0,0,0,0
1233,1195,0,0,0,0,0,0,0
1231,1196,0,0,0,0,0,0,0
1230,1193,0,0,0,0,0,0,0
1231,1197,0,0,0,0,0,0,0
1232,1196,0,0,0,0,0,0,0
1230,1193,0,0,0,0,0,0,0
1231,1196,0,0,0,0,0,0,0
1232,1193,0,0,0,0,0,0,0
1229,1194,0,0,0,0,0,0,0
1233,1196,0,0,0,0,0,0,0
1232,1195,0,0,0,0,0,0,0
1229,1196,0,0,0,0,0,0,0
1230,1194,0,0,0,0,0,0,0
1220,1194,0,0,0,0,0,0,0
1232,1194,0,0,0,0,0,0,0
1231,1196,0,0,0,0,0,0,0
1230,1194,0,0,0,0,0,0,0
1230,1197,0,0,0,0,0,0,0
1230,1186,0,0,0,0,0,0,0
1230,1193,0,0,0,0,0,0,0
1231,1196,0,0,0,0,0,0,0
1231,1194,0,0,0,0,0,0,0
1230,1187,0,0,0,0,0,0,0
1232,1195,0,0,0,0,0,0,0
1231,1196,0,0,0,0,0,0,0
1232,1195,0,0,0,0,0,0,0
1231,1196,0,0,0,0,0,0,0
1231,1195,0,0,0,0,0,0,0
1230,1196,0,0,0,0,0,0,0
1231,1197,0,0,0,0,0,0,0
1229,1196,0,0,0,0,0,0,0
1220,1194,0,0,0,0,0,0,0
1231,1197,0,0,0,0,0,0,0
1230,1196,0,0,0,0,0,0,0
1231,1196,0,0,0,0,0,0,0
1231,1197,0,0,0,0,0,0,0
1232,1194,0,0,0,0,0,0,0
1230,1195,0,0,0,0,0,0,0
1231,1187,0,0,0,0,0,0,0
1231,1193,0,0,0,0,0,0,0
1230,1194,0,0,0,0,0,0,0
1231,1195,0,0,0,0,0,0,0
1232,1193,0,0,0,0,0,0,0
1231,1195,0,0,0,0,0,0,0
1229,1195,0,0,0,0,0,0,0
1230,1195,0,0,0,0,0,0,0
1229,1195,0,0,0,0,0,0,0
1230,1195,0,0,0,0,0,0,0
1231,1195,0,0,0,0,0,0,0
1232,1195,0,0,0,0,0,0,0
1233,1195,0,0,0,0,0,0,0
1233,1196,0,0,0,0,0,0,0
1230,1195,0,0,0,0,0,0,0
1230,1195,0,0,0,0,0,0,0
1231,1192,0,0,0,0,0,0,0
1231,1195,0,0,0,0,0,0,0
1232,1196,0,0,0,0,0,0,0
1231,1194,0,0,0,0,0,0,0
1230,1196,0,0,0,0,0,0,0
1231,1195,0,0,0,0,0,0,0
1231,1196,0,0,0,0,0,0,0
1232,1195,0,0,0,0,0,0,0
1231,1193,0,0,0,0,0,0,0
1230,1192,0,0,0,0,0,0,0
1220,1194,0,0,0,0,0,0,0
1231,1193,0,0,0,0,0,0,0
1233,1197,0,0,0,0,0,0,0
1230,1195,0,0,0,0,0,0,0
1230,1195,0,0,0,0,0,0,0
1230,1196,0,0,0,0,0,0,0
1230,1196,0,0,0,0,0,0,0
1231,1195,0,0,0,0,0,0,0
1229,1192,0,0,0,0,0,0,0
1228,1196,0,0,0,0,0,0,0
1234,1195,0,0,0,0,0,0,0
1230,1194,0,0,0,0,0,0,0
1229,1195,0,0,0,0,0,0,0
1231,1196,0,0,0,0,0,0,0
1230,1196,0,0,0,0,0,0,0
1229,1196,0,0,0,0,0,0,0
1232,1196,0,0,0,0,0,0,0
1230,1192,0,0,0,0,0,0,0
1229,1194,0,0,0,0,0,0,0
1231,1195,0,0,0,0,0,0,0
1234,1194,0,0,0,0,0,0,0
1229,1193,0,0,0,0,0,0,0
1229,1197,0,0,0,0,0,0,0
1220,1195,0,0,0,0,0,0,0
1231,1193,0,0,0,0,0,0,0
1229,1195,0,0,0,0,0,0,0
1229,1195,0,0,0,0,0,0,0
1230,1195,0,0,0,0,0,0,0
1232,1196,0,0,0,0,0,0,0
1232,1192,0,0,0,0,0,0,0
1232,1197,0,0,0,0,0,0,0
1229,1196,0,0,0,0,0,0,0
1231,1196,0,0,0,0,0,0,0
1233,1194,0,0,0,0,0,0,0
1230,1196,0,0,0,0,0,0,0
1229,1195,0,0,0,0,0,0,0
1230,1193,0,0,0,0,0,0,0
1233,1196,0,0,0,0,0,0,0
1230,1196,0,0,0,0,0,0,0
1231,1194,0,0,0,0,0,0,0
1230,1196,0,0,0,0,0,0,0
1221,1196,0,0,0,0,0,0,0
1230,1197,0,0,0,0,0,0,0
1232,1197,0,0,0,0,0,0,0
1232,1195,0,0,0,0,0,0,0
1232,1194,0,0,0,0,0,0,0
1230,1195,0,0,0,0,0,0,0
1232,1192,0,0,0,0,0,0,0
1233,1195,0,0,0,0,0,0,0
1228,1195,0,0,0,0,0,0,0
1231,1194,0,0,0,0,0,0,0
1230,1196,0,0,0,0,0,0,0
1231,1195,0,0,0,0,0,0,0
1232,1196,0,0,0,0,0,0,0
1230,1196,0,0,0,0,0,0,0
1231,1197,0,0,0,0,0,0,0
1231,1192,0,0,0,0,0,0,0
1229,1194,0,0,0,0,0,0,0
1220,1195,0,0,0,0,0,0,0
1231,1193,0,0,0,0,0,0,0
1230,1196,0,0,0,0,0,0,0
1231,1195,0,0,0,0,0,0,0
1230,1194,0,0,0,0,0,0,0
1230,1193,0,0,0,0,0,0,0
1231,1194,0,0,0,0,0,0,0
1232,1195,0,0,0,0,0,0,0
1231,1195,0,0,0,0,0,0,0
1229,1196,0,0,0,0,0,0,0
1232,1195,0,0,0,0,0,0,0
1233,1195,0,0,0,0,0,0,0
1233,1194,0,0,0,0,0,0,0
1231,1195,0,0,0,0,0,0,0
1234,1196,0,0,0,0,0,0,0
1231,1192,0,0,0,0,0,0,0
1231,1196,0,0,0,0,0,0,0
1230,1195,0,0,0,0,0,0,0
1230,1196,0,0,0,0,0,0,0
1230,1196,0,0,0,0,0,0,0
1233,1193,0,0,0,0,0,0,0
1232,1196,0,0,0,0,0,0,0
1229,1195,0,0,0,0,0,0,0
1233,1192,0,0,0,0,0,0,0
1231,1192,0,0,0,0,0,0,0
1234,1195,0,0,0,0,0,0,0
1232,1194,0,0,0,0,0,0,0
1230,1196,0,0,0,0,0,0,0
1232,1193,0,0,0,0,0,0,0
1230,1197,0,0,0,0,0,0,0
1230,1196,0,0,0,0,0,0,0
1229,1195,0,0,0,0,0,0,0
1233,1194,0,0,0,0,0,0,0
1229,1196,0,0,0,0,0,0,0
1230,1196,0,0,0,0,0,0,0
1231,1195,0,0,0,0,0,0,0
1229,1196,0,0,0,0,0,0,0
1230,1195,0,0,0,0,0,0,0
1232,1193,0,0,0,0,0,0,0
1234,1195,0,0,0,0,0,0,0
1229,1194,0,0,0,0,0,0,0
1229,1195,0,0,0,0,0,0,0
1231,1196,0,0,0,0,0,0,0
1229,1195,0,0,0,0,0,0,0
1231,1193,0,0,0,0,0,0,0
1231,1195,0,0,0,0,0,0,0
1230,1196,0,0,0,0,0,0,0
1241,1196,0,0,0,0,0,0,0
1241,1196,0,0,0,0,0,0,0
1232,1184,0,0,0,0,0,0,0
1232,1197,0,0,0,0,0,0,0
1230,1193,0,0,0,0,0,0,0
1232,1196,0,0,0,0,0,0,0
1230,1195,0,0,0,0,0,0,0
1233,1196,0,0,0,0,0,0,0
1233,1193,0,0,0,0,0,0,0
1230,1196,0,0,0,0,0,0,0
1231,1196,0,0,0,0,0,0,0
1231,1193,0,0,0,0,0,0,0
1231,1195,0,0,0,0,0,0,0
1233,1195,0,0,0,0,0,0,0
1268,1229,0,0,0,0,0,0,0
1241,1207,0,0,0,0,0,0,0
1169,1149,0,0,0,0,0,0,0
858,882,0,0,0,0,0,0,0
537,559,0,0,0,0,0,0,0
871,822,0,0,0,0,0,0,0
1633,1706,0,0,0,0,0,0,0
1136,1135,0,0,0,0,0,0,0
619,604,0,0,0,0,0,0,0
886,839,0,0,0,0,0,0,0
1207,1113,0,0,0,0,0,0,0
1252,1161,0,0,0,0,0,0,0
1230,1196,0,0,0,0,0,0,0
1233,1197,0,0,0,0,0,0,0
1230,1196,0,0,0,0,0,0,0
1241,1195,0,0,0,0,0,0,0
1241,1196,0,0,0,0,0,0,0
1229,1196,0,0,0,0,0,0,0
1230,1195,0,0,0,0,0,0,0
1231,1196,0,0,0,0,0,0,0
1233,1195,0,0,0,0,0,0,0
1229,1195,0,0,0,0,0,0,0
1231,1197,0,0,0,0,0,0,0
1234,1192,0,0,0,0,0,0,0
1231,1197,0,0,0,0,0,0,0
1230,1194,0,0,0,0,0,0,0
1231,1194,0,0,0,0,0,0,0
1233,1195,0,0,0,0,0,0,0
1229,1195,0,0,0,0,0,0,0
1229,1195,0,0,0,0,0,0,0
1233,1195,0,0,0,0,0,0,0
1231,1193,0,0,0,0,0,0,0
1230,1193,0,0,0,0,0,0,0
1231,1204,0,0,0,0,0,0,0
1233,1194,0,0,0,0,0,0,0
1231,1196,0,0,0,0,0,0,0
1232,1195,0,0,0,0,0,0,0
1232,1195,0,0,0,0,0,0,0
1219,1196,0,0,0,0,0,0,0
1231,1196,0,0,0,0,0,0,0
1230,1195,0,0,0,0,0,0,0
1230,1196,0,0,0,0,0,0,0
1234,1194,0,0,0,0,0,0,0
1233,1193,0,0,0,0,0,0,0
1231,1195,0,0,0,0,0,0,0
1234,1194,0,0,0,0,0,0,0
1231,1195,0,0,0,0,0,0,0
1229,1194,0,0,0,0,0,0,0
1233,1192,0,0,0,0,0,0,0
1231,1196,0,0,0,0,0,0,0
1230,1195,0,0,0,0,0,0,0
1232,1193,0,0,0,0,0,0,0
1230,1195,0,0,0,0,0,0,0
1233,1194,0,0,0,0,0,0,0
1232,1195,0,0,0,0,0,0,0
1230,1196,0,0,0,0,0,0,0
1230,1197,0,0,0,0,0,0,0
1229,1204,0,0,0,0,0,0,0
1229,1196,0,0,0,0,0,0,0
1233,1195,0,0,0,0,0,0,0
1231,1197,0,0,0,0,0,0,0
1230,1195,0,0,0,0,0,0,0
1229,1197,0,0,0,0,0,0,0
1232,1196,0,0,0,0,0,0,0
1221,1195,0,0,0,0,0,0,0
1230,1195,0,0,0,0,0,0,0
1230,1196,0,0,0,0,0,0,0
1232,1204,0,0,0,0,0,0,0
1231,1196,0,0,0,0,0,0,0
1233,1195,0,0,0,0,0,0,0
1230,1195,0,0,0,0,0,0,0
1230,1194,0,0,0,0,0,0,0
1230,1195,0,0,0,0,0,0,0
1232,1194,0,0,0,0,0,0,0
1221,1196,0,0,0,0,0,0,0
1231,1194,0,0,0,0,0,0,0
1233,1194,0,0,0,0,0,0,0
1240,1195,0,0,0,0,0,0,0
1231,1196,0,0,0,0,0,0,0
1231,1186,0,0,0,0,0,0,0
1231,1195,0,0,0,0,0,0,0
1234,1194,0,0,0,0,0,0,0
1241,1196,0,0,0,0,0,0,0
1232,1197,0,0,0,0,0,0,0
1231,1195,0,0,0,0,0,0,0
1230,1196,0,0,0,0,0,0,0
1241,1196,0,0,0,0,0,0,0
1230,1196,0,0,0,0,0,0,0
1230,1197,0,0,0,0,0,0,0
1229,1194,0,0,0,0,0,0,0
1230,1196,0,0,0,0,0,0,0
1230,1195,0,0,0,0,0,0,0
1231,1196,0,0,0,0,0,0,0
1230,1193,0,0,0,0,0,0,0
1231,1196,0,0,0,0,0,0,0
1230,1193,0,0,0,0,0,0,0
1229,1194,0,0,0,0,0,0,0
1232,1196,0,0,0,0,0,0,0
1231,1195,0,0,0,0,0,0,0
1233,1195,0,0,0,0,0,0,0
1229,1194,0,0,0,0,0,0,0
1233,1196,0,0,0,0,0,0,0
1221,1196,0,0,0,0,0,0,0
1232,1197,0,0,0,0,0,0,0
1231,1194,0,0,0,0,0,0,0
1229,1194,0,0,0,0,0,0,0
1233,1195,0,0,0,0,0,0,0
1234,1195,0,0,0,0,0,0,0
1229,1195,0,0,0,0,0,0,0
1232,1195,0,0,0,0,0,0,0
1232,1193,0,0,0,0,0,0,0
1232,1194,0,0,0,0,0,0,0
1230,1194,0,0,0,0,0,0,0
1221,1195,0,0,0,0,0,0,0
1230,1193,0,0,0,0,0,0,0
1233,1196,0,0,0,0,0,0,0
1230,1196,0,0,0,0,0,0,0
1229,1197,0,0,0,0,0,0,0
1231,1195,0,0,0,0,0,0,0
1229,1197,0,0,0,0,0,0,0
1229,1196,0,0,0,0,0,0,0
1230,1195,0,0,0,0,0,0,0
1233,1196,0,0,0,0,0,0,0
1229,1197,0,0,0,0,0,0,0
1230,1197,0,0,0,0,0,0,0
1234,1196,0,0,0,0,0,0,0
1229,1195,0,0,0,0,0,0,0
1231,1196,0,0,0,0,0,0,0
1230,1195,0,0,0,0,0,0,0
1230,1195,0,0,0,0,0,0,0
1232,1195,0,0,0,0,0,0,0
1229,1192,0,0,0,0,0,0,0
1229,1194,0,0,0,0,0,0,0
1230,1195,0,0,0,0,0,0,0
1233,1193,0,0,0,0,0,0,0
1232,1194,0,0,0,0,0,0,0
1229,1196,0,0,0,0,0,0,0
1232,1196,0,0,0,0,0,0,0
1232,1196,0,0,0,0,0,0,0
1231,1196,0,0,0,0,0,0,0
1230,1196,0,0,0,0,0,0,0
1231,1194,0,0,0,0,0,0,0
1230,1193,0,0,0,0,0,0,0
1233,1195,0,0,0,0,0,0,0
1233,1195,0,0,0,0,0,0,0
1229,1193,0,0,0,0,0,0,0
1231,1194,0,0,0,0,0,0,0
1241,1195,0,0,0,0,0,0,0
1221,1194,0,0,0,0,0,0,0
1230,1195,0,0,0,0,0,0,0
1232,1196,0,0,0,0,0,0,0
1241,1196,0,0,0,0,0,0,0
1230,1195,0,0,0,0,0,0,0
1230,1195,0,0,0,0,0,0,0
1230,1196,0,0,0,0,0,0,0
1230,1197,0,0,0,0,0,0,0
1231,1196,0,0,0,0,0,0,0
1229,1195,0,0,0,0,0,0,0
1232,1194,0,0,0,0,0,0,0
1230,1196,0,0,0,0,0,0,0
1220,1197,0,0,0,0,0,0,0
1230,1197,0,0,0,0,0,0,0
1240,1195,0,0,0,0,0,0,0
1232,1195,0,0,0,0,0,0,0
1229,1193,0,0,0,0,0,0,0
1220,1195,0,0,0,0,0,0,0
1232,1196,0,0,0,0,0,0,0
1233,1196,0,0,0,0,0,0,0
1229,1195,0,0,0,0,0,0,0
1230,1194,0,0,0,0,0,0,0
1233,1194,0,0,0,0,0,0,0
1231,1196,0,0,0,0,0,0,0
1230,1196,0,0,0,0,0,0,0
1230,1196,0,0,0,0,0,0,0
1231,1196,0,0,0,0,0,0,0
1232,1195,0,0,0,0,0,0,0
1230,1193,0,0,0,0,0,0,0
1232,1195,0,0,0,0,0,0,0
1231,1195,0,0,0,0,0,0,0
1231,1196,0,0,0,0,0,0,0
1231,1195,0,0,0,0,0,0,0
1230,1195,0,0,0,0,0,0,0
1231,1194,0,0,0,0,0,0,0
1234,1196,0,0,0,0,0,0,0
1229,1195,0,0,0,0,0,0,0
1233,1195,0,0,0,0,0,0,0
1230,1194,0,0,0,0,0,0,0
1229,1197,0,0,0,0,0,0,0
1230,1194,0,0,0,0,0,0,0
1229,1195,0,0,0,0,0,0,0
1231,1194,0,0,0,0,0,0,0
1229,1196,0,0,0,0,0,0,0
1231,1194,0,0,0,0,0,0,0
1233,1196,0,0,0,0,0,0,0
1231,1196,0,0,0,0,0,0,0
1232,1195,0,0,0,0,0,0,0
1233,1196,0,0,0,0,0,0,0
1231,1193,0,0,0,0,0,0,0
1229,1197,0,0,0,0,0,0,0
1232,1196,0,0,0,0,0,0,0
1230,1197,0,0,0,0,0,0,0
1234,1196,0,0,0,0,0,0,0
1230,1196,0,0,0,0,0,0,0
1231,1196,0,0,0,0,0,0,0
1230,1193,0,0,0,0,0,0,0
1229,1195,0,0,0,0,0,0,0
1233,1195,0,0,0,0,0,0,0
1230,1196,0,0,0,0,0,0,0
1229,1196,0,0,0,0,0,0,0
1231,1195,0,0,0,0,0,0,0
1233,1195,0,0,0,0,0,0,0
1230,1193,0,0,0,0,0,0,0
1229,1193,0,0,0,0,0,0,0
1220,1195,0,0,0,0,0,0,0
1232,1195,0,0,0,0,0,0,0
1232,1195,0,0,0,0,0,0,0
1229,1196,0,0,0,0,0,0,0
1233,1193,0,0,0,0,0,0,0
1231,1195,0,0,0,0,0,0,0
1230,1197,0,0,0,0,0,0,0
1229,1193,0,0,0,0,0,0,0
1230,1195,0,0,0,0,0,0,0
1230,1194,0,0,0,0,0,0,0
1230,1195,0,0,0,0,0,0,0
1230,1187,0,0,0,0,0,0,0
1229,1197,0,0,0,0,0,0,0
1229,1197,0,0,0,0,0,0,0
1233,1195,0,0,0,0,0,0,0
1233,1196,0,0,0,0,0,0,0
1230,1192,0,0,0,0,0,0,0
1230,1195,0,0,0,0,0,0,0
1229,1196,0,0,0,0,0,0,0
1232,1197,0,0,0,0,0,0,0
1230,1195,0,0,0,0,0,0,0
1234,1195,0,0,0,0,0,0,0
1229,1196,0,0,0,0,0,0,0
1230,1194,0,0,0,0,0,0,0
1230,1196,0,0,0,0,0,0,0
1230,1195,0,0,0,0,0,0,0
1230,1195,0,0,0,0,0,0,0
1231,1195,0,0,0,0,0,0,0
1231,1195,0,0,0,0,0,0,0
1232,1195,0,0,0,0,0,0,0
1233,1195,0,0,0,0,0,0,0
1229,1197,0,0,0,0,0,0,0
1229,1194,0,0,0,0,0,0,0
1221,1195,0,0,0,0,0,0,0
1230,1195,0,0,0,0,0,0,0
1229,1194,0,0,0,0,0,0,0
1230,1195,0,0,0,0,0,0,0
1233,1196,0,0,0,0,0,0,0
1234,1195,0,0,0,0,0,0,0
1231,1195,0,0,0,0,0,0,0
1231,1195,0,0,0,0,0,0,0
1230,1195,0,0,0,0,0,0,0
1230,1193,0,0,0,0,0,0,0
1230,1193,0,0,0,0,0,0,0
1230,1197,0,0,0,0,0,0,0
1232,1196,0,0,0,0,0,0,0
1231,1194,0,0,0,0,0,0,0
1230,1197,0,0,0,0,0,0,0
1241,1195,0,0,0,0,0,0,0
1232,1193,0,0,0,0,0,0,0
1230,1196,0,0,0,0,0,0,0
1231,1193,0,0,0,0,0,0,0
1231,1195,0,0,0,0,0,0,0
1229,1187,0,0,0,0,0,0,0
1221,1196,0,0,0,0,0,0,0
1234,1196,0,0,0,0,0,0,0
1231,1194,0,0,0,0,0,0,0
1231,1195,0,0,0,0,0,0,0
1241,1194,0,0,0,0,0,0,0
1230,1194,0,0,0,0,0,0,0
1231,1195,0,0,0,0,0,0,0
1231,1193,0,0,0,0,0,0,0
1229,1195,0,0,0,0,0,0,0
1220,1197,0,0,0,0,0,0,0
1229,1195,0,0,0,0,0,0,0
1231,1195,0,0,0,0,0,0,0
1231,1193,0,0,0,0,0,0,0
1230,1196,0,0,0,0,0,0,0
1231,1196,0,0,0,0,0,0,0
1231,1195,0,0,0,0,0,0,0
1230,1192,0,0,0,0,0,0,0
1231,1196,0,0,0,0,0,0,0
1231,1193,0,0,0,0,0,0,0
1232,1197,0,0,0,0,0,0,0
1231,1195,0,0,0,0,0,0,0
1231,1194,0,0,0,0,0,0,0
1229,1196,0,0,0,0,0,0,0
1232,1196,0,0,0,0,0,0,0
1230,1195,0,0,0,0,0,0,0
1229,1196,0,0,0,0,0,0,0
1232,1194,0,0,0,0,0,0,0
1230,1196,0,0,0,0,0,0,0
1232,1197,0,0,0,0,0,0,0
1233,1196,0,0,0,0,0,0,0
1230,1196,0,0,0,0,0,0,0
1233,1195,0,0,0,0,0,0,0
1231,1195,0,0,0,0,0,0,0
1230,1195,0,0,0,0,0,0,0
1231,1196,0,0,0,0,0,0,0
1229,1196,0,0,0,0,0,0,0
1233,1197,0,0,0,0,0,0,0
1229,1194,0,0,0,0,0,0,0
1230,1197,0,0,0,0,0,0,0
1231,1194,0,0,0,0,0,0,0
1230,1196,0,0,0,0,0,0,0
1230,1195,0,0,0,0,0,0,0
1234,1197,0,0,0,0,0,0,0
1231,1196,0,0,0,0,0,0,0
1231,1195,0,0,0,0,0,0,0
1241,1197,0,0,0,0,0,0,0
1221,1187,0,0,0,0,0,0,0
1229,1195,0,0,0,0,0,0,0
1233,1196,0,0,0,0,0,0,0
1230,1196,0,0,0,0,0,0,0
1231,1196,0,0,0,0,0,0,0
1229,1197,0,0,0,0,0,0,0
1230,1196,0,0,0,0,0,0,0
1231,1193,0,0,0,0,0,0,0
1231,1195,0,0,0,0,0,0,0
1230,1193,0,0,0,0,0,0,0
1234,1196,0,0,0,0,0,0,0
1221,1196,0,0,0,0,0,0,0
1231,1195,0,0,0,0,0,0,0
1241,1195,0,0,0,0,0,0,0
1241,1195,0,0,0,0,0,0,0
1234,1195,0,0,0,0,0,0,0
1233,1195,0,0,0,0,0,0,0
1231,1196,0,0,0,0,0,0,0
1230,1194,0,0,0,0,0,0,0
1234,1195,0,0,0,0,0,0,0
1231,1199,0,0,0,0,0,0,0
1230,1195,0,0,0,0,0,0,0
1232,1195,0,0,0,0,0,0,0
1233,1194,0,0,0,0,0,0,0
1230,1195,0,0,0,0,0,0,0
1234,1192,0,0,0,0,0,0,0
1229,1193,0,0,0,0,0,0,0
1229,1196,0,0,0,0,0,0,0
1221,1196,0,0,0,0,0,0,0
1229,1197,0,0,0,0,0,0,0
1221,1196,0,0,0,0,0,0,0
1234,1195,0,0,0,0,0,0,0
1233,1194,0,0,0,0,0,0,0
1241,1194,0,0,0,0,0,0,0
1231,1195,0,0,0,0,0,0,0
1229,1196,0,0,0,0,0,0,0
1229,1197,0,0,0,0,0,0,0
1230,1196,0,0,0,0,0,0,0
1240,1193,0,0,0,0,0,0,0
1233,1195,0,0,0,0,0,0,0
1230,1194,0,0,0,0,0,0,0
1232,1195,0,0,0,0,0,0,0
1230,1195,0,0,0,0,0,0,0
1231,1196,0,0,0,0,0,0,0
1229,1196,0,0,0,0,0,0,0
1230,1195,0,0,0,0,0,0,0
1229,1194,0,0,0,0,0,0,0
1230,1196,0,0,0,0,0,0,0
1230,1195,0,0,0,0,0,0,0
1230,1195,0,0,0,0,0,0,0
1229,1195,0,0,0,0,0,0,0
1231,1196,0,0,0,0,0,0,0
1231,1195,0,0,0,0,0,0,0
1231,1195,0,0,0,0,0,0,0
1231,1195,0,0,0,0,0,0,0
1230,1195,0,0,0,0,0,0,0
1231,1192,0,0,0,0,0,0,0
1231,1194,0,0,0,0,0,0,0
1230,1194,0,0,0,0,0,0,0
1231,1196,0,0,0,0,0,0,0
1229,1195,0,0,0,0,0,0,0
1230,1196,0,0,0,0,0,0,0
1233,1195,0,0,0,0,0,0,0
1233,1195,0,0,0,0,0,0,0
1230,1197,0,0,0,0,0,0,0
1233,1194,0,0,0,0,0,0,0
1229,1196,0,0,0,0,0,0,0
1231,1192,0,0,0,0,0,0,0
1231,1197,0,0,0,0,0,0,0
1231,1194,0,0,0,0,0,0,0
1230,1196,0,0,0,0,0,0,0
1232,1196,0,0,0,0,0,0,0
1233,1195,0,0,0,0,0,0,0
1229,1196,0,0,0,0,0,0,0
1230,1196,0,0,0,0,0,0,0
1231,1196,0,0,0,0,0,0,0
1231,1195,0,0,0,0,0,0,0
1230,1195,0,0,0,0,0,0,0
1230,1195,0,0,0,0,0,0,0
1231,1195,0,0,0,0,0,0,0
1230,1196,0,0,0,0,0,0,0
1231,1196,0,0,0,0,0,0,0
1231,1192,0,0,0,0,0,0,0
1230,1196,0,0,0,0,0,0,0
1220,1195,0,0,0,0,0,0,0
1232,1195,0,0,0,0,0,0,0
1233,1194,0,0,0,0,0,0,0
1233,1195,0,0,0,0,0,0,0
1230,1197,0,0,0,0,0,0,0
1241,1196,0,0,0,0,0,0,0
1229,1197,0,0,0,0,0,0,0
1230,1195,0,0,0,0,0,0,0
1229,1196,0,0,0,0,0,0,0
1232,1194,0,0,0,0,0,0,0
1233,1196,0,0,0,0,0,0,0
1230,1194,0,0,0,0,0,0,0
1231,1195,0,0,0,0,0,0,0
1230,1195,0,0,0,0,0,0,0
1234,1195,0,0,0,0,0,0,0
1221,1196,0,0,0,0,0,0,0
1230,1196,0,0,0,0,0,0,0
1233,1195,0,0,0,0,0,0,0
1230,1197,0,0,0,0,0,0,0
1230,1195,0,0,0,0,0,0,0
1232,1195,0,0,0,0,0,0,0
1234,1195,0,0,0,0,0,0,0
1230,1196,0,0,0,0,0,0,0
1229,1195,0,0,0,0,0,0,0
1232,1195,0,0,0,0,0,0,0
1231,1196,0,0,0,0,0,0,0
1232,1193,0,0,0,0,0,0,0
1231,1194,0,0,0,0,0,0,0
1231,1194,0,0,0,0,0,0,0
1233,1196,0,0,0,0,0,0,0
1229,1195,0,0,0,0,0,0,0
1234,1196,0,0,0,0,0,0,0
1230,1195,0,0,0,0,0,0,0
1221,1195,0,0,0,0,0,0,0
1228,1195,0,0,0,0,0,0,0
1233,1196,0,0,0,0,0,0,0
1232,1195,0,0,0,0,0,0,0
1230,1196,0,0,0,0,0,0,0
1232,1196,0,0,0,0,0,0,0
1230,1194,0,0,0,0,0,0,0
1233,1195,0,0,0,0,0,0,0
1229,1195,0,0,0,0,0,0,0
1229,1193,0,0,0,0,0,0,0
1230,1195,0,0,0,0,0,0,0
1231,1195,0,0,0,0,0,0,0
1229,1195,0,0,0,0,0,0,0
1230,1195,0,0,0,0,0,0,0
1234,1197,0,0,0,0,0,0,0
1232,1196,0,0,0,0,0,0,0
1229,1195,0,0,0,0,0,0,0
1230,1194,0,0,0,0,0,0,0
1241,1194,0,0,0,0,0,0,0
1230,1195,0,0,0,0,0,0,0
1230,1196,0,0,0,0,0,0,0
1231,1194,0,0,0,0,0,0,0
1230,1197,0,0,0,0,0,0,0
1231,1194,0,0,0,0,0,0,0
1233,1195,0,0,0,0,0,0,0
1231,1196,0,0,0,0,0,0,0
1230,1194,0,0,0,0,0,0,0
1230,1194,0,0,0,0,0,0,0
1229,1197,0,0,0,0,0,0,0
1230,1196,0,0,0,0,0,0,0
1233,1193,0,0,0,0,0,0,0
1232,1197,0,0,0,0,0,0,0
1229,1196,0,0,0,0,0,0,0
1231,1195,0,0,0,0,0,0,0
1229,1195,0,0,0,0,0,0,0
1233,1194,0,0,0,0,0,0,0
1230,1195,0,0,0,0,0,0,0
1234,1194,0,0,0,0,0,0,0
1231,1196,0,0,0,0,0,0,0
1231,1195,0,0,0,0,0,0,0
1234,1197,0,0,0,0,0,0,0
1230,1196,0,0,0,0,0,0,0
1233,1196,0,0,0,0,0,0,0
1232,1196,0,0,0,0,0,0,0
1231,1195,0,0,0,0,0,0,0
1231,1196,0,0,0,0,0,0,0
1230,1196,0,0,0,0,0,0,0
1234,1196,0,0,0,0,0,0,0
1234,1193,0,0,0,0,0,0,0
1234,1194,0,0,0,0,0,0,0
1229,1194,0,0,0,0,0,0,0
1229,1195,0,0,0,0,0,0,0
1229,1194,0,0,0,0,0,0,0
1230,1196,0,0,0,0,0,0,0
1233,1196,0,0,0,0,0,0,0
1231,1197,0,0,0,0,0,0,0
1231,1196,0,0,0,0,0,0,0
1231,1195,0,0,0,0,0,0,0
1231,1184,0,0,0,0,0,0,0
1229,1196,0,0,0,0,0,0,0
1231,1193,0,0,0,0,0,0,0
1231,1196,0,0,0,0,0,0,0
1230,1196,0,0,0,0,0,0,0
1230,1195,0,0,0,0,0,0,0
1230,1195,0,0,0,0,0,0,0
1233,1194,0,0,0,0,0,0,0
1231,1195,0,0,0,0,0,0,0
1232,1193,0,0,0,0,0,0,0
1233,1193,0,0,0,0,0,0,0
1230,1195,0,0,0,0,0,0,0
1233,1197,0,0,0,0,0,0,0
1221,1195,0,0,0,0,0,0,0
1229,1196,0,0,0,0,0,0,0
1231,1195,0,0,0,0,0,0,0
1232,1193,0,0,0,0,0,0,0
1230,1193,0,0,0,0,0,0,0
1234,1194,0,0,0,0,0,0,0
1232,1196,0,0,0,0,0,0,0
1231,1193,0,0,0,0,0,0,0
1233,1196,0,0,0,0,0,0,0
1232,1194,0,0,0,0,0,0,0
1231,1195,0,0,0,0,0,0,0
1230,1194,0,0,0,0,0,0,0
1231,1195,0,0,0,0,0,0,0
1230,1197,0,0,0,0,0,0,0
1231,1187,0,0,0,0,0,0,0
1233,1195,0,0,0,0,0,0,0
1232,1195,0,0,0,0,0,0,0
1230,1197,0,0,0,0,0,0,0
1231,1194,0,0,0,0,0,0,0
1233,1195,0,0,0,0,0,0,0
1230,1195,0,0,0,0,0,0,0
1231,1195,0,0,0,0,0,0,0
1233,1194,0,0,0,0,0,0,0
1231,1192,0,0,0,0,0,0,0
1233,1195,0,0,0,0,0,0,0
1233,1195,0,0,0,0,0,0,0
1229,1192,0,0,0,0,0,0,0
1230,1197,0,0,0,0,0,0,0
1231,1196,0,0,0,0,0,0,0
1230,1196,0,0,0,0,0,0,0
1231,1196,0,0,0,0,0,0,0
1231,1197,0,0,0,0,0,0,0
1231,1194,0,0,0,0,0,0,0
1230,1193,0,0,0,0,0,0,0
1233,1195,0,0,0,0,0,0,0
1230,1197,0,0,0,0,0,0,0
1230,1196,0,0,0,0,0,0,0
1229,1195,0,0,0,0,0,0,0
1229,1196,0,0,0,0,0,0,0
1231,1196,0,0,0,0,0,0,0
1230,1196,0,0,0,0,0,0,0
1231,1195,0,0,0,0,0,0,0
1229,1197,0,0,0,0,0,0,0
1233,1195,0,0,0,0,0,0,0
1231,1193,0,0,0,0,0,0,0
1231,1196,0,0,0,0,0,0,0
1231,1194,0,0,0,0,0,0,0
1229,1196,0,0,0,0,0,0,0
1231,1196,0,0,0,0,0,0,0
1231,1194,0,0,0,0,0,0,0
1231,1193,0,0,0,0,0,0,0
1231,1194,0,0,0,0,0,0,0
1232,1196,0,0,0,0,0,0,0
1221,1195,0,0,0,0,0,0,0
1230,1196,0,0,0,0,0,0,0
1232,1194,0,0,0,0,0,0,0
1231,1192,0,0,0,0,0,0,0
1231,1195,0,0,0,0,0,0,0
1230,1197,0,0,0,0,0,0,0
1231,1195,0,0,0,0,0,0,0
1229,1195,0,0,0,0,0,0,0
1231,1195,0,0,0,0,0,0,0
1230,1195,0,0,0,0,0,0,0
1230,1195,0,0,0,0,0,0,0
1234,1194,0,0,0,0,0,0,0
1232,1196,0,0,0,0,0,0,0
1229,1197,0,0,0,0,0,0,0
1234,1195,0,0,0,0,0,0,0
1229,1197,0,0,0,0,0,0,0
1232,1192,0,0,0,0,0,0,0
1231,1193,0,0,0,0,0,0,0
1229,1196,0,0,0,0,0,0,0
1230,1196,0,0,0,0,0,0,0
1231,1196,0,0,0,0,0,0,0
1232,1197,0,0,0,0,0,0,0
1229,1196,0,0,0,0,0,0,0
1241,1194,0,0,0,0,0,0,0
1229,1196,0,0,0,0,0,0,0
1230,1195,0,0,0,0,0,0,0
1230,1195,0,0,0,0,0,0,0
1231,1193,0,0,0,0,0,0,0
1230,1195,0,0,0,0,0,0,0
1232,1195,0,0,0,0,0,0,0
1232,1194,0,0,0,0,0,0,0
1233,1195,0,0,0,0,0,0,0
1230,1195,0,0,0,0,0,0,0
1230,1195,0,0,0,0,0,0,0
1229,1194,0,0,0,0,0,0,0
1231,1196,0,0,0,0,0,0,0
1229,1197,0,0,0,0,0,0,0
1221,1197,0,0,0,0,0,0,0
1231,1195,0,0,0,0,0,0,0
1230,1195,0,0,0,0,0,0,0
1230,1195,0,0,0,0,0,0,0
1231,1193,0,0,0,0,0,0,0
1220,1195,0,0,0,0,0,0,0
1229,1196,0,0,0,0,0,0,0
1232,1192,0,0,0,0,0,0,0
1229,1194,0,0,0,0,0,0,0
1230,1196,0,0,0,0,0,0,0
1231,1195,0,0,0,0,0,0,0
1220,1195,0,0,0,0,0,0,0
1231,1194,0,0,0,0,0,0,0
1229,1194,0,0,0,0,0,0,0
1230,1195,0,0,0,0,0,0,0
1233,1195,0,0,0,0,0,0,0
1233,1196,0,0,0,0,0,0,0
1230,1197,0,0,0,0,0,0,0
1230,1194,0,0,0,0,0,0,0
1230,1197,0,0,0,0,0,0,0
1230,1197,0,0,0,0,0,0,0
1229,1195,0,0,0,0,0,0,0
1231,1193,0,0,0,0,0,0,0
1229,1196,0,0,0,0,0,0,0
1230,1193,0,0,0,0,0,0,0
1231,1195,0,0,0,0,0,0,0
1230,1195,0,0,0,0,0,0,0
1230,1196,0,0,0,0,0,0,0
1233,1195,0,0,0,0,0,0,0
1231,1193,0,0,0,0,0,0,0
1230,1195,0,0,0,0,0,0,0
1230,1195,0,0,0,0,0,0,0
1229,1196,0,0,0,0,0,0,0
1229,1196,0,0,0,0,0,0,0
1232,1195,0,0,0,0,0,0,0
1234,1195,0,0,0,0,0,0,0
1230,1195,0,0,0,0,0,0,0
1228,1196,0,0,0,0,0,0,0
1231,1193,0,0,0,0,0,0,0
1233,1194,0,0,0,0,0,0,0
1234,1194,0,0,0,0,0,0,0
1231,1196,0,0,0,0,0,0,0
1231,1196,0,0,0,0,0,0,0
1230,1197,0,0,0,0,0,0,0
1229,1193,0,0,0,0,0,0,0
1230,1195,0,0,0,0,0,0,0
1230,1194,0,0,0,0,0,0,0
1230,1196,0,0,0,0,0,0,0
1231,1192,0,0,0,0,0,0,0
1230,1195,0,0,0,0,0,0,0
1230,1196,0,0,0,0,0,0,0
1230,1195,0,0,0,0,0,0,0
1240,1193,0,0,0,0,0,0,0
1230,1193,0,0,0,0,0,0,0
1229,1197,0,0,0,0,0,0,0
1229,1196,0,0,0,0,0,0,0
1230,1193,0,0,0,0,0,0,0
1231,1195,0,0,0,0,0,0,0
1229,1197,0,0,0,0,0,0,0
1231,1195,0,0,0,0,0,0,0
1230,1195,0,0,0,0,0,0,0
1231,1197,0,0,0,0,0,0,0
1229,1194,0,0,0,0,0,0,0
1229,1195,0,0,0,0,0,0,0
1231,1196,0,0,0,0,0,0,0
1231,1196,0,0,0,0,0,0,0
1233,1195,0,0,0,0,0,0,0
1231,1195,0,0,0,0,0,0,0
1232,1196,0,0,0,0,0,0,0
1230,1197,0,0,0,0,0,0,0
1233,1194,0,0,0,0,0,0,0
1229,1196,0,0,0,0,0,0,0
1230,1195,0,0,0,0,0,0,0
1232,1196,0,0,0,0,0,0,0
1256,1229,0,0,0,0,0,0,0
1241,1207,0,0,0,0,0,0,0
1162,1144,0,0,0,0,0,0,0
858,881,0,0,0,0,0,0,0
537,561,0,0,0,0,0,0,0
862,815,0,0,0,0,0,0,0
1621,1714,0,0,0,0,0,0,0
1136,1134,0,0,0,0,0,0,0
619,596,0,0,0,0,0,0,0
887,845,0,0,0,0,0,0,0
1207,1146,0,0,0,0,0,0,0
1241,1169,0,0,0,0,0,0,0
1229,1180,0,0,0,0,0,0,0
1231,1205,0,0,0,0,0,0,0
1231,1197,0,0,0,0,0,0,0
1230,1197,0,0,0,0,0,0,0
1234,1193,0,0,0,0,0,0,0
1232,1195,0,0,0,0,0,0,0
1233,1195,0,0,0,0,0,0,0
1231,1196,0,0,0,0,0,0,0
1230,1194,0,0,0,0,0,0,0
1231,1196,0,0,0,0,0,0,0
1230,1196,0,0,0,0,0,0,0
1232,1195,0,0,0,0,0,0,0
1230,1194,0,0,0,0,0,0,0
1231,1195,0,0,0,0,0,0,0
1232,1195,0,0,0,0,0,0,0
1230,1204,0,0,0,0,0,0,0
1229,1195,0,0,0,0,0,0,0
1230,1197,0,0,0,0,0,0,0
1229,1196,0,0,0,0,0,0,0
1231,1194,0,0,0,0,0,0,0
1229,1193,0,0,0,0,0,0,0
1233,1195,0,0,0,0,0,0,0
1230,1197,0,0,0,0,0,0,0
1232,1194,0,0,0,0,0,0,0
1234,1194,0,0,0,0,0,0,0
1230,1193,0,0,0,0,0,0,0
1230,1194,0,0,0,0,0,0,0
1230,1193,0,0,0,0,0,0,0
1231,1192,0,0,0,0,0,0,0
1229,1196,0,0,0,0,0,0,0
1231,1194,0,0,0,0,0,0,0
1230,1196,0,0,0,0,0,0,0
1229,1196,0,0,0,0,0,0,0
1234,1195,0,0,0,0,0,0,0
1230,1197,0,0,0,0,0,0,0
1231,1196,0,0,0,0,0,0,0
1232,1193,0,0,0,0,0,0,0
1230,1196,0,0,0,0,0,0,0
1232,1193,0,0,0,0,0,0,0
1230,1196,0,0,0,0,0,0,0
1233,1193,0,0,0,0,0,0,0
1231,1192,0,0,0,0,0,0,0
1233,1196,0,0,0,0,0,0,0
1231,1195,0,0,0,0,0,0,0
1229,1197,0,0,0,0,0,0,0
1229,1196,0,0,0,0,0,0,0
1229,1196,0,0,0,0,0,0,0
1234,1194,0,0,0,0,0,0,0
1230,1197,0,0,0,0,0,0,0
1231,1194,0,0,0,0,0,0,0
1230,1197,0,0,0,0,0,0,0
1231,1195,0,0,0,0,0,0,0
1230,1196,0,0,0,0,0,0,0
1230,1195,0,0,0,0,0,0,0
1232,1195,0,0,0,0,0,0,0
1231,1192,0,0,0,0,0,0,0
1231,1196,0,0,0,0,0,0,0
1233,1195,0,0,0,0,0,0,0
1229,1195,0,0,0,0,0,0,0
1229,1196,0,0,0,0,0,0,0
1232,1192,0,0,0,0,0,0,0
1230,1195,0,0,0,0,0,0,0
1231,1194,0,0,0,0,0,0,0
1231,1195,0,0,0,0,0,0,0
1230,1196,0,0,0,0,0,0,0
1231,1194,0,0,0,0,0,0,0
1234,1195,0,0,0,0,0,0,0
1229,1196,0,0,0,0,0,0,0
1229,1196,0,0,0,0,0,0,0
1230,1194,0,0,0,0,0,0,0
1230,1197,0,0,0,0,0,0,0
1232,1196,0,0,0,0,0,0,0
1230,1196,0,0,0,0,0,0,0
1233,1196,0,0,0,0,0,0,0
1229,1196,0,0,0,0,0,0,0
1231,1194,0,0,0,0,0,0,0
1229,1194,0,0,0,0,0,0,0
1229,1196,0,0,0,0,0,0,0
1231,1195,0,0,0,0,0,0,0
1231,1193,0,0,0,0,0,0,0
1231,1194,0,0,0,0,0,0,0
1232,1196,0,0,0,0,0,0,0
1230,1196,0,0,0,0,0,0,0
1233,1196,0,0,0,0,0,0,0
1232,1193,0,0,0,0,0,0,0
1231,1195,0,0,0,0,0,0,0
1231,1195,0,0,0,0,0,0,0
1233,1195,0,0,0,0,0,0,0
1230,1192,0,0,0,0,0,0,0
1234,1196,0,0,0,0,0,0,0
1231,1195,0,0,0,0,0,0,0
1232,1193,0,0,0,0,0,0,0
1231,1196,0,0,0,0,0,0,0
1221,1194,0,0,0,0,0,0,0
1231,1194,0,0,0,0,0,0,0
1230,1195,0,0,0,0,0,0,0
1231,1196,0,0,0,0,0,0,0
1231,1196,0,0,0,0,0,0,0
1232,1195,0,0,0,0,0,0,0
1230,1195,0,0,0,0,0,0,0
1221,1196,0,0,0,0,0,0,0
1231,1187,0,0,0,0,0,0,0
1231,1196,0,0,0,0,0,0,0
1231,1193,0,0,0,0,0,0,0
1230,1196,0,0,0,0,0,0,0
1231,1195,0,0,0,0,0,0,0
1233,1195,0,0,0,0,0,0,0
1230,1194,0,0,0,0,0,0,0
1230,1194,0,0,0,0,0,0,0
1229,1196,0,0,0,0,0,0,0
1230,1193,0,0,0,0,0,0,0
1231,1193,0,0,0,0,0,0,0
1231,1192,0,0,0,0,0,0,0
1233,1187,0,0,0,0,0,0,0
1231,1195,0,0,0,0,0,0,0
1233,1192,0,0,0,0,0,0,0
1230,1197,0,0,0,0,0,0,0
1230,1196,0,0,0,0,0,0,0
1229,1197,0,0,0,0,0,0,0
1228,1196,0,0,0,0,0,0,0
1233,1193,0,0,0,0,0,0,0
1229,1196,0,0,0,0,0,0,0
1221,1196,0,0,0,0,0,0,0
1231,1195,0,0,0,0,0,0,0
1221,1195,0,0,0,0,0,0,0
1234,1194,0,0,0,0,0,0,0
1231,1195,0,0,0,0,0,0,0
1229,1194,0,0,0,0,0,0,0
1230,1192,0,0,0,0,0,0,0
1231,1195,0,0,0,0,0,0,0
1231,1196,0,0,0,0,0,0,0
1229,1196,0,0,0,0,0,0,0
1234,1196,0,0,0,0,0,0,0
1230,1195,0,0,0,0,0,0,0
1231,1196,0,0,0,0,0,0,0
1229,1186,0,0,0,0,0,0,0
1234,1195,0,0,0,0,0,0,0
1230,1193,0,0,0,0,0,0,0
1231,1195,0,0,0,0,0,0,0
1230,1194,0,0,0,0,0,0,0
1230,1195,0,0,0,0,0,0,0
1230,1196,0,0,0,0,0,0,0
1233,1193,0,0,0,0,0,0,0
1241,1193,0,0,0,0,0,0,0
1233,1193,0,0,0,0,0,0,0
1221,1195,0,0,0,0,0,0,0
1231,1196,0,0,0,0,0,0,0
1232,1196,0,0,0,0,0,0,0
1231,1196,0,0,0,0,0,0,0
1229,1194,0,0,0,0,0,0,0
1233,1195,0,0,0,0,0,0,0
1221,1194,0,0,0,0,0,0,0
1231,1194,0,0,0,0,0,0,0
1231,1196,0,0,0,0,0,0,0
1230,1193,0,0,0,0,0,0,0
1231,1199,0,0,0,0,0,0,0
1231,1196,0,0,0,0,0,0,0
1230,1195,0,0,0,0,0,0,0
1230,1196,0,0,0,0,0,0,0
1232,1195,0,0,0,0,0,0,0
1229,1195,0,0,0,0,0,0,0
1231,1194,0,0,0,0,0,0,0
1230,1193,0,0,0,0,0,0,0
1231,1195,0,0,0,0,0,0,0
1233,1186,0,0,0,0,0,0,0
1233,1194,0,0,0,0,0,0,0
1233,1195,0,0,0,0,0,0,0
1230,1196,0,0,0,0,0,0,0
1229,1196,0,0,0,0,0,0,0
1229,1194,0,0,0,0,0,0,0
1230,1195,0,0,0,0,0,0,0
1231,1196,0,0,0,0,0,0,0
1232,1194,0,0,0,0,0,0,0
1231,1195,0,0,0,0,0,0,0
1231,1197,0,0,0,0,0,0,0
1230,1184,0,0,0,0,0,0,0
1231,1195,0,0,0,0,0,0,0
1229,1196,0,0,0,0,0,0,0
1233,1196,0,0,0,0,0,0,0
1230,1196,0,0,0,0,0,0,0
1230,1195,0,0,0,0,0,0,0
1230,1197,0,0,0,0,0,0,0
1230,1197,0,0,0,0,0,0,0
1232,1194,0,0,0,0,0,0,0
1230,1194,0,0,0,0,0,0,0
1221,1194,0,0,0,0,0,0,0
1229,1195,0,0,0,0,0,0,0
1230,1196,0,0,0,0,0,0,0
1229,1196,0,0,0,0,0,0,0
1230,1194,0,0,0,0,0,0,0
1232,1195,0,0,0,0,0,0,0
1230,1196,0,0,0,0,0,0,0
1230,1194,0,0,0,0,0,0,0
1229,1196,0,0,0,0,0,0,0
1231,1195,0,0,0,0,0,0,0
1231,1193,0,0,0,0,0,0,0
1230,1197,0,0,0,0,0,0,0
1233,1193,0,0,0,0,0,0,0
1231,1196,0,0,0,0,0,0,0
1231,1195,0,0,0,0,0,0,0
1230,1194,0,0,0,0,0,0,0
1229,1194,0,0,0,0,0,0,0
1230,1196,0,0,0,0,0,0,0
1232,1195,0,0,0,0,0,0,0
1230,1196,0,0,0,0,0,0,0
1231,1196,0,0,0,0,0,0,0
1234,1195,0,0,0,0,0,0,0
1231,1194,0,0,0,0,0,0,0
1232,1193,0,0,0,0,0,0,0
1229,1197,0,0,0,0,0,0,0
1231,1193,0,0,0,0,0,0,0
1229,1195,0,0,0,0,0,0,0
1229,1195,0,0,0,0,0,0,0
1233,1195,0,0,0,0,0,0,0
1231,1194,0,0,0,0,0,0,0
1229,1196,0,0,0,0,0,0,0
1233,1193,0,0,0,0,0,0,0
1231,1195,0,0,0,0,0,0,0
1230,1197,0,0,0,0,0,0,0
1240,1186,0,0,0,0,0,0,0
1230,1197,0,0,0,0,0,0,0
1231,1193,0,0,0,0,0,0,0
1232,1193,0,0,0,0,0,0,0
1230,1197,0,0,0,0,0,0,0
1231,1195,0,0,0,0,0,0,0
1228,1195,0,0,0,0,0,0,0
1233,1194,0,0,0,0,0,0,0
1230,1196,0,0,0,0,0,0,0
1231,1186,0,0,0,0,0,0,0
1233,1195,0,0,0,0,0,0,0
1229,1196,0,0,0,0,0,0,0
1231,1195,0,0,0,0,0,0,0
1230,1194,0,0,0,0,0,0,0
1233,1192,0,0,0,0,0,0,0
1231,1194,0,0,0,0,0,0,0
1231,1195,0,0,0,0,0,0,0
1232,1193,0,0,0,0,0,0,0
1220,1196,0,0,0,0,0,0,0
1230,1196,0,0,0,0,0,0,0
1230,1197,0,0,0,0,0,0,0
1230,1195,0,0,0,0,0,0,0
1231,1195,0,0,0,0,0,0,0
1229,1195,0,0,0,0,0,0,0
1229,1194,0,0,0,0,0,0,0
1229,1196,0,0,0,0,0,0,0
1231,1196,0,0,0,0,0,0,0
1231,1194,0,0,0,0,0,0,0
1230,1197,0,0,0,0,0,0,0
1233,1194,0,0,0,0,0,0,0
1231,1194,0,0,0,0,0,0,0
1230,1196,0,0,0,0,0,0,0
1232,1195,0,0,0,0,0,0,0
1221,1194,0,0,0,0,0,0,0
1232,1196,0,0,0,0,0,0,0
1229,1195,0,0,0,0,0,0,0
1230,1196,0,0,0,0,0,0,0
1229,1196,0,0,0,0,0,0,0
1229,1195,0,0,0,0,0,0,0
1232,1194,0,0,0,0,0,0,0
1232,1194,0,0,0,0,0,0,0
1234,1195,0,0,0,0,0,0,0
1229,1195,0,0,0,0,0,0,0
1230,1195,0,0,0,0,0,0,0
1220,1195,0,0,0,0,0,0,0
1234,1193,0,0,0,0,0,0,0
1232,1194,0,0,0,0,0,0,0
1229,1195,0,0,0,0,0,0,0
1229,1195,0,0,0,0,0,0,0
1230,1196,0,0,0,0,0,0,0
1232,1195,0,0,0,0,0,0,0
1230,1192,0,0,0,0,0,0,0
1230,1196,0,0,0,0,0,0,0
1230,1196,0,0,0,0,0,0,0
1229,1197,0,0,0,0,0,0,0
1230,1194,0,0,0,0,0,0,0
1232,1195,0,0,0,0,0,0,0
1233,1195,0,0,0,0,0,0,0
1230,1193,0,0,0,0,0,0,0
1220,1196,0,0,0,0,0,0,0
1230,1196,0,0,0,0,0,0,0
1230,1196,0,0,0,0,0,0,0
1231,1195,0,0,0,0,0,0,0
1230,1197,0,0,0,0,0,0,0
1231,1195,0,0,0,0,0,0,0
1219,1196,0,0,0,0,0,0,0
1231,1193,0,0,0,0,0,0,0
1231,1195,0,0,0,0,0,0,0
1230,1196,0,0,0,0,0,0,0
1232,1195,0,0,0,0,0,0,0
1230,1193,0,0,0,0,0,0,0
1231,1197,0,0,0,0,0,0,0
1231,1195,0,0,0,0,0,0,0
1234,1196,0,0,0,0,0,0,0
1229,1196,0,0,0,0,0,0,0
1230,1195,0,0,0,0,0,0,0
1221,1197,0,0,0,0,0,0,0
1230,1193,0,0,0,0,0,0,0
1229,1196,0,0,0,0,0,0,0
1231,1194,0,0,0,0,0,0,0
1230,1195,0,0,0,0,0,0,0
1232,1196,0,0,0,0,0,0,0
1229,1187,0,0,0,0,0,0,0
1231,1194,0,0,0,0,0,0,0
1231,1196,0,0,0,0,0,0,0
1231,1194,0,0,0,0,0,0,0
1230,1193,0,0,0,0,0,0,0
1221,1194,0,0,0,0,0,0,0
1233,1197,0,0,0,0,0,0,0
1231,1197,0,0,0,0,0,0,0
1233,1195,0,0,0,0,0,0,0
1230,1195,0,0,0,0,0,0,0
1230,1195,0,0,0,0,0,0,0
1230,1194,0,0,0,0,0,0,0
1233,1195,0,0,0,0,0,0,0
1229,1195,0,0,0,0,0,0,0
1230,1195,0,0,0,0,0,0,0
1231,1194,0,0,0,0,0,0,0
1233,1193,0,0,0,0,0,0,0
1229,1196,0,0,0,0,0,0,0
1240,1193,0,0,0,0,0,0,0
1230,1194,0,0,0,0,0,0,0
1230,1196,0,0,0,0,0,0,0
1233,1195,0,0,0,0,0,0,0
1233,1194,0,0,0,0,0,0,0
1230,1195,0,0,0,0,0,0,0
1230,1194,0,0,0,0,0,0,0
1229,1196,0,0,0,0,0,0,0
1229,1195,0,0,0,0,0,0,0
1233,1195,0,0,0,0,0,0,0
1229,1195,0,0,0,0,0,0,0
1231,1195,0,0,0,0,0,0,0
1231,1196,0,0,0,0,0,0,0
1229,1195,0,0,0,0,0,0,0
1231,1195,0,0,0,0,0,0,0
1232,1195,0,0,0,0,0,0,0
1230,1193,0,0,0,0,0,0,0
1231,1186,0,0,0,0,0,0,0
1231,1195,0,0,0,0,0,0,0
1229,1196,0,0,0,0,0,0,0
1230,1197,0,0,0,0,0,0,0
1234,1196,0,0,0,0,0,0,0
1231,1195,0,0,0,0,0,0,0
1228,1196,0,0,0,0,0,0,0
1232,1187,0,0,0,0,0,0,0
1233,1195,0,0,0,0,0,0,0
1229,1197,0,0,0,0,0,0,0
1231,1195,0,0,0,0,0,0,0
1229,1196,0,0,0,0,0,0,0
1231,1196,0,0,0,0,0,0,0
1231,1192,0,0,0,0,0,0,0
1233,1196,0,0,0,0,0,0,0
1230,1186,0,0,0,0,0,0,0
1231,1194,0,0,0,0,0,0,0
1230,1195,0,0,0,0,0,0,0
1231,1196,0,0,0,0,0,0,0
1221,1194,0,0,0,0,0,0,0
1221,1195,0,0,0,0,0,0,0
1233,1195,0,0,0,0,0,0,0
1231,1187,0,0,0,0,0,0,0
1229,1184,0,0,0,0,0,0,0
1231,1194,0,0,0,0,0,0,0
1228,1196,0,0,0,0,0,0,0
1231,1192,0,0,0,0,0,0,0
1231,1193,0,0,0,0,0,0,0
1230,1195,0,0,0,0,0,0,0
1231,1194,0,0,0,0,0,0,0
1233,1195,0,0,0,0,0,0,0
1232,1193,0,0,0,0,0,0,0
1231,1193,0,0,0,0,0,0,0
1232,1195,0,0,0,0,0,0,0
1229,1196,0,0,0,0,0,0,0
1230,1192,0,0,0,0,0,0,0
1233,1195,0,0,0,0,0,0,0
1231,1197,0,0,0,0,0,0,0
1220,1195,0,0,0,0,0,0,0
1232,1194,0,0,0,0,0,0,0
1230,1196,0,0,0,0,0,0,0
1221,1194,0,0,0,0,0,0,0
1229,1197,0,0,0,0,0,0,0
1230,1196,0,0,0,0,0,0,0
1229,1195,0,0,0,0,0,0,0
1231,1196,0,0,0,0,0,0,0
1231,1194,0,0,0,0,0,0,0
1233,1193,0,0,0,0,0,0,0
1231,1195,0,0,0,0,0,0,0
1230,1195,0,0,0,0,0,0,0
1228,1195,0,0,0,0,0,0,0
1231,1196,0,0,0,0,0,0,0
1232,1195,0,0,0,0,0,0,0
1231,1195,0,0,0,0,0,0,0
1232,1195,0,0,0,0,0,0,0
1230,1195,0,0,0,0,0,0,0
1230,1196,0,0,0,0,0,0,0
1229,1193,0,0,0,0,0,0,0
1220,1193,0,0,0,0,0,0,0
1229,1196,0,0,0,0,0,0,0
1230,1196,0,0,0,0,0,0,0
1230,1194,0,0,0,0,0,0,0
1234,1195,0,0,0,0,0,0,0
1233,1196,0,0,0,0,0,0,0
1231,1194,0,0,0,0,0,0,0
1230,1195,0,0,0,0,0,0,0
1230,1194,0,0,0,0,0,0,0
1230,1193,0,0,0,0,0,0,0
1232,1194,0,0,0,0,0,0,0
1231,1196,0,0,0,0,0,0,0
1233,1193,0,0,0,0,0,0,0
1231,1196,0,0,0,0,0,0,0
1221,1193,0,0,0,0,0,0,0
1232,1195,0,0,0,0,0,0,0
1231,1187,0,0,0,0,0,0,0
1231,1194,0,0,0,0,0,0,0
1229,1192,0,0,0,0,0,0,0
1230,1196,0,0,0,0,0,0,0
1232,1194,0,0,0,0,0,0,0
1231,1196,0,0,0,0,0,0,0
1233,1197,0,0,0,0,0,0,0
1230,1196,0,0,0,0,0,0,0
1234,1195,0,0,0,0,0,0,0
1230,1196,0,0,0,0,0,0,0
1230,1196,0,0,0,0,0,0,0
1230,1194,0,0,0,0,0,0,0
1231,1196,0,0,0,0,0,0,0
1231,1197,0,0,0,0,0,0,0
1232,1204,0,0,0,0,0,0,0
1229,1196,0,0,0,0,0,0,0
1230,1193,0,0,0,0,0,0,0
1221,1195,0,0,0,0,0,0,0
1231,1195,0,0,0,0,0,0,0
1232,1196,0,0,0,0,0,0,0
1230,1192,0,0,0,0,0,0,0
1230,1197,0,0,0,0,0,0,0
1231,1195,0,0,0,0,0,0,0
1231,1195,0,0,0,0,0,0,0
1231,1196,0,0,0,0,0,0,0
1221,1194,0,0,0,0,0,0,0
1230,1186,0,0,0,0,0,0,0
1229,1197,0,0,0,0,0,0,0
1229,1194,0,0,0,0,0,0,0
1233,1192,0,0,0,0,0,0,0
1231,1195,0,0,0,0,0,0,0
1231,1194,0,0,0,0,0,0,0
1230,1194,0,0,0,0,0,0,0
1230,1195,0,0,0,0,0,0,0
1230,1195,0,0,0,0,0,0,0
1229,1193,0,0,0,0,0,0,0
1230,1193,0,0,0,0,0,0,0
1230,1196,0,0,0,0,0,0,0
1233,1195,0,0,0,0,0,0,0
1230,1195,0,0,0,0,0,0,0
1230,1187,0,0,0,0,0,0,0
1233,1197,0,0,0,0,0,0,0
1230,1192,0,0,0,0,0,0,0
1229,1196,0,0,0,0,0,0,0
1231,1195,0,0,0,0,0,0,0
1233,1196,0,0,0,0,0,0,0
1230,1196,0,0,0,0,0,0,0
1234,1195,0,0,0,0,0,0,0
1229,1196,0,0,0,0,0,0,0
1229,1195,0,0,0,0,0,0,0
1219,1195,0,0,0,0,0,0,0
1221,1193,0,0,0,0,0,0,0
1230,1204,0,0,0,0,0,0,0
1230,1194,0,0,0,0,0,0,0
1231,1196,0,0,0,0,0,0,0
1230,1193,0,0,0,0,0,0,0
1231,1195,0,0,0,0,0,0,0
1231,1196,0,0,0,0,0,0,0
1231,1192,0,0,0,0,0,0,0
1230,1196,0,0,0,0,0,0,0
1229,1195,0,0,0,0,0,0,0
1231,1195,0,0,0,0,0,0,0
1230,1196,0,0,0,0,0,0,0
1231,1197,0,0,0,0,0,0,0
1229,1194,0,0,0,0,0,0,0
1241,1196,0,0,0,0,0,0,0
1230,1194,0,0,0,0,0,0,0
1232,1193,0,0,0,0,0,0,0
1220,1193,0,0,0,0,0,0,0
1230,1195,0,0,0,0,0,0,0
1230,1195,0,0,0,0,0,0,0
1221,1196,0,0,0,0,0,0,0
1229,1196,0,0,0,0,0,0,0
1231,1193,0,0,0,0,0,0,0
1229,1195,0,0,0,0,0,0,0
1221,1196,0,0,0,0,0,0,0
1231,1195,0,0,0,0,0,0,0
1229,1195,0,0,0,0,0,0,0
1230,1195,0,0,0,0,0,0,0
1230,1196,0,0,0,0,0,0,0
1231,1196,0,0,0,0,0,0,0
1231,1197,0,0,0,0,0,0,0
1231,1194,0,0,0,0,0,0,0
1229,1193,0,0,0,0,0,0,0
1233,1196,0,0,0,0,0,0,0
1230,1194,0,0,0,0,0,0,0
1232,1194,0,0,0,0,0,0,0
1231,1194,0,0,0,0,0,0,0
1233,1194,0,0,0,0,0,0,0
1229,1193,0,0,0,0,0,0,0
1231,1195,0,0,0,0,0,0,0
1230,1194,0,0,0,0,0,0,0
1230,1195,0,0,0,0,0,0,0
1231,1197,0,0,0,0,0,0,0
1231,1196,0,0,0,0,0,0,0
1230,1195,0,0,0,0,0,0,0
1230,1196,0,0,0,0,0,0,0
1232,1194,0,0,0,0,0,0,0
1221,1193,0,0,0,0,0,0,0
1229,1193,0,0,0,0,0,0,0
1229,1193,0,0,0,0,0,0,0
1233,1196,0,0,0,0,0,0,0
1229,1195,0,0,0,0,0,0,0
1232,1195,0,0,0,0,0,0,0
1230,1197,0,0,0,0,0,0,0
1230,1195,0,0,0,0,0,0,0
1232,1196,0,0,0,0,0,0,0
1231,1194,0,0,0,0,0,0,0
1229,1186,0,0,0,0,0,0,0
1231,1195,0,0,0,0,0,0,0
1234,1186,0,0,0,0,0,0,0
1231,1197,0,0,0,0,0,0,0
1231,1195,0,0,0,0,0,0,0
1230,1195,0,0,0,0,0,0,0
1229,1194,0,0,0,0,0,0,0
1231,1196,0,0,0,0,0,0,0
1231,1194,0,0,0,0,0,0,0
1230,1193,0,0,0,0,0,0,0
1231,1195,0,0,0,0,0,0,0
1231,1195,0,0,0,0,0,0,0
1231,1194,0,0,0,0,0,0,0
1229,1196,0,0,0,0,0,0,0
1230,1195,0,0,0,0,0,0,0
1221,1196,0,0,0,0,0,0,0
1230,1196,0,0,0,0,0,0,0
1232,1187,0,0,0,0,0,0,0
1231,1196,0,0,0,0,0,0,0
1229,1195,0,0,0,0,0,0,0
1229,1196,0,0,0,0,0,0,0
1229,1196,0,0,0,0,0,0,0
1234,1195,0,0,0,0,0,0,0
1232,1194,0,0,0,0,0,0,0
1230,1196,0,0,0,0,0,0,0
1229,1193,0,0,0,0,0,0,0
1230,1195,0,0,0,0,0,0,0
1220,1193,0,0,0,0,0,0,0
1230,1193,0,0,0,0,0,0,0
1233,1195,0,0,0,0,0,0,0
1231,1195,0,0,0,0,0,0,0
1229,1197,0,0,0,0,0,0,0
1221,1193,0,0,0,0,0,0,0
1229,1196,0,0,0,0,0,0,0
1232,1195,0,0,0,0,0,0,0
1232,1196,0,0,0,0,0,0,0
1231,1197,0,0,0,0,0,0,0
1231,1195,0,0,0,0,0,0,0
1229,1195,0,0,0,0,0,0,0
1229,1193,0,0,0,0,0,0,0
1232,1194,0,0,0,0,0,0,0
1233,1196,0,0,0,0,0,0,0
1230,1193,0,0,0,0,0,0,0
1234,1195,0,0,0,0,0,0,0
1229,1196,0,0,0,0,0,0,0
1230,1195,0,0,0,0,0,0,0
1231,1196,0,0,0,0,0,0,0
1231,1196,0,0,0,0,0,0,0
1232,1196,0,0,0,0,0,0,0
1230,1197,0,0,0,0,0,0,0
1231,1194,0,0,0,0,0,0,0
1229,1194,0,0,0,0,0,0,0
1229,1195,0,0,0,0,0,0,0
1230,1193,0,0,0,0,0,0,0
1231,1193,0,0,0,0,0,0,0
1229,1195,0,0,0,0,0,0,0
1232,1196,0,0,0,0,0,0,0
1231,1194,0,0,0,0,0,0,0
1231,1193,0,0,0,0,0,0,0
1231,1195,0,0,0,0,0,0,0
1229,1194,0,0,0,0,0,0,0
1231,1196,0,0,0,0,0,0,0
1229,1195,0,0,0,0,0,0,0
1230,1194,0,0,0,0,0,0,0
1231,1195,0,0,0,0,0,0,0
1231,1194,0,0,0,0,0,0,0
1232,1193,0,0,0,0,0,0,0
1230,1193,0,0,0,0,0,0,0
1231,1193,0,0,0,0,0,0,0
1229,1195,0,0,0,0,0,0,0
1232,1194,0,0,0,0,0,0,0
1230,1196,0,0,0,0,0,0,0
1221,1193,0,0,0,0,0,0,0
1232,1196,0,0,0,0,0,0,0
1229,1195,0,0,0,0,0,0,0
1229,1195,0,0,0,0,0,0,0
1231,1193,0,0,0,0,0,0,0
1231,1195,0,0,0,0,0,0,0
1230,1195,0,0,0,0,0,0,0
1231,1195,0,0,0,0,0,0,0
1233,1196,0,0,0,0,0,0,0
1241,1194,0,0,0,0,0,0,0
1232,1194,0,0,0,0,0,0,0
1231,1194,0,0,0,0,0,0,0
1232,1194,0,0,0,0,0,0,0
1230,1192,0,0,0,0,0,0,0
1241,1195,0,0,0,0,0,0,0
1230,1195,0,0,0,0,0,0,0
1234,1192,0,0,0,0,0,0,0
1231,1196,0,0,0,0,0,0,0
1230,1195,0,0,0,0,0,0,0
1231,1195,0,0,0,0,0,0,0
1231,1194,0,0,0,0,0,0,0
1230,1195,0,0,0,0,0,0,0
1229,1196,0,0,0,0,0,0,0
1230,1193,0,0,0,0,0,0,0
1232,1194,0,0,0,0,0,0,0
1230,1197,0,0,0,0,0,0,0
1230,1192,0,0,0,0,0,0,0
1231,1196,0,0,0,0,0,0,0
1230,1196,0,0,0,0,0,0,0
1232,1196,0,0,0,0,0,0,0
1230,1196,0,0,0,0,0,0,0
1230,1193,0,0,0,0,0,0,0
1233,1192,0,0,0,0,0,0,0
1231,1195,0,0,0,0,0,0,0
1232,1193,0,0,0,0,0,0,0
1231,1193,0,0,0,0,0,0,0
1232,1195,0,0,0,0,0,0,0
1230,1194,0,0,0,0,0,0,0
1230,1195,0,0,0,0,0,0,0
1230,1196,0,0,0,0,0,0,0
1230,1195,0,0,0,0,0,0,0
1233,1192,0,0,0,0,0,0,0
1231,1193,0,0,0,0,0,0,0
1230,1196,0,0,0,0,0,0,0
1232,1194,0,0,0,0,0,0,0
1230,1192,0,0,0,0,0,0,0
1231,1194,0,0,0,0,0,0,0
1232,1194,0,0,0,0,0,0,0
1230,1192,0,0,0,0,0,0,0
1232,1197,0,0,0,0,0,0,0
1229,1192,0,0,0,0,0,0,0
1228,1195,0,0,0,0,0,0,0
1233,1197,0,0,0,0,0,0,0
1230,1192,0,0,0,0,0,0,0
1232,1194,0,0,0,0,0,0,0
1230,1193,0,0,0,0,0,0,0
1229,1195,0,0,0,0,0,0,0
1233,1194,0,0,0,0,0,0,0
1234,1196,0,0,0,0,0,0,0
1230,1196,0,0,0,0,0,0,0
1231,1194,0,0,0,0,0,0,0
1229,1194,0,0,0,0,0,0,0
1230,1196,0,0,0,0,0,0,0
1230,1194,0,0,0,0,0,0,0
1230,1195,0,0,0,0,0,0,0
1229,1194,0,0,0,0,0,0,0
1229,1196,0,0,0,0,0,0,0
1229,1196,0,0,0,0,0,0,0
1233,1195,0,0,0,0,0,0,0
1230,1193,0,0,0,0,0,0,0
1231,1193,0,0,0,0,0,0,0
1230,1196,0,0,0,0,0,0,0
1231,1194,0,0,0,0,0,0,0
1230,1195,0,0,0,0,0,0,0
1231,1195,0,0,0,0,0,0,0
1233,1197,0,0,0,0,0,0,0
1264,1232,0,0,0,0,0,0,0
1218,1182,0,0,0,0,0,0,0
970,969,0,0,0,0,0,0,0
608,621,0,0,0,0,0,0,0
641,607,0,0,0,0,0,0,0
1458,1541,0,0,0,0,0,0,0
1479,1564,0,0,0,0,0,0,0
622,641,0,0,0,0,0,0,0
753,681,0,0,0,0,0,0,0
1134,1075,0,0,0,0,0,0,0
1243,1199,0,0,0,0,0,0,0
1230,1197,0,0,0,0,0,0,0
1229,1174,0,0,0,0,0,0,0
1232,1149,0,0,0,0,0,0,0
1230,1163,0,0,0,0,0,0,0
1241,1207,0,0,0,0,0,0,0
1232,1195,0,0,0,0,0,0,0
1234,1196,0,0,0,0,0,0,0
1232,1196,0,0,0,0,0,0,0
1231,1196,0,0,0,0,0,0,0
1230,1195,0,0,0,0,0,0,0
1230,1193,0,0,0,0,0,0,0
1229,1194,0,0,0,0,0,0,0
1231,1195,0,0,0,0,0,0,0
1229,1186,0,0,0,0,0,0,0
1234,1195,0,0,0,0,0,0,0
1230,1195,0,0,0,0,0,0,0
1229,1193,0,0,0,0,0,0,0
1233,1196,0,0,0,0,0,0,0
1233,1195,0,0,0,0,0,0,0
1231,1194,0,0,0,0,0,0,0
1230,1194,0,0,0,0,0,0,0
1230,1194,0,0,0,0,0,0,0
1231,1194,0,0,0,0,0,0,0
1229,1194,0,0,0,0,0,0,0
1231,1194,0,0,0,0,0,0,0
1234,1196,0,0,0,0,0,0,0
1231,1196,0,0,0,0,0,0,0
1231,1196,0,0,0,0,0,0,0
1230,1196,0,0,0,0,0,0,0
1230,1196,0,0,0,0,0,0,0
1233,1193,0,0,0,0,0,0,0
1232,1194,0,0,0,0,0,0,0
1231,1196,0,0,0,0,0,0,0
1230,1194,0,0,0,0,0,0,0
1230,1195,0,0,0,0,0,0,0
1231,1196,0,0,0,0,0,0,0
1232,1196,0,0,0,0,0,0,0
1232,1195,0,0,0,0,0,0,0
1234,1195,0,0,0,0,0,0,0
1241,1194,0,0,0,0,0,0,0
1229,1194,0,0,0,0,0,0,0
1230,1196,0,0,0,0,0,0,0
1232,1196,0,0,0,0,0,0,0
1231,1195,0,0,0,0,0,0,0
1230,1195,0,0,0,0,0,0,0
1233,1196,0,0,0,0,0,0,0
1234,1192,0,0,0,0,0,0,0
1230,1196,0,0,0,0,0,0,0
1229,1192,0,0,0,0,0,0,0
1230,1194,0,0,0,0,0,0,0
1229,1195,0,0,0,0,0,0,0
1229,1196,0,0,0,0,0,0,0
1230,1195,0,0,0,0,0,0,0
1233,1193,0,0,0,0,0,0,0
1231,1197,0,0,0,0,0,0,0
1239,1195,0,0,0,0,0,0,0
1221,1194,0,0,0,0,0,0,0
1230,1194,0,0,0,0,0,0,0
1233,1196,0,0,0,0,0,0,0
1232,1193,0,0,0,0,0,0,0
1231,1196,0,0,0,0,0,0,0
1230,1195,0,0,0,0,0,0,0
1230,1194,0,0,0,0,0,0,0
1232,1196,0,0,0,0,0,0,0
1229,1197,0,0,0,0,0,0,0
1230,1194,0,0,0,0,0,0,0
1230,1196,0,0,0,0,0,0,0
1229,1196,0,0,0,0,0,0,0
1229,1196,0,0,0,0,0,0,0
1230,1196,0,0,0,0,0,0,0
1233,1195,0,0,0,0,0,0,0
1233,1193,0,0,0,0,0,0,0
1234,1195,0,0,0,0,0,0,0
1232,1195,0,0,0,0,0,0,0
1229,1194,0,0,0,0,0,0,0
1229,1193,0,0,0,0,0,0,0
1229,1195,0,0,0,0,0,0,0
1232,1195,0,0,0,0,0,0,0
1232,1196,0,0,0,0,0,0,0
1231,1195,0,0,0,0,0,0,0
1231,1195,0,0,0,0,0,0,0
1230,1197,0,0,0,0,0,0,0
1230,1197,0,0,0,0,0,0,0
1241,1196,0,0,0,0,0,0,0
1232,1193,0,0,0,0,0,0,0
1232,1195,0,0,0,0,0,0,0
1233,1195,0,0,0,0,0,0,0
1232,1196,0,0,0,0,0,0,0
1232,1195,0,0,0,0,0,0,0
1232,1204,0,0,0,0,0,0,0
1231,1195,0,0,0,0,0,0,0
1231,1193,0,0,0,0,0,0,0
1229,1195,0,0,0,0,0,0,0
1230,1197,0,0,0,0,0,0,0
1231,1194,0,0,0,0,0,0,0
1241,1197,0,0,0,0,0,0,0
1234,1196,0,0,0,0,0,0,0
1234,1196,0,0,0,0,0,0,0
1221,1195,0,0,0,0,0,0,0
1230,1197,0,0,0,0,0,0,0
1231,1193,0,0,0,0,0,0,0
1221,1193,0,0,0,0,0,0,0
1230,1195,0,0,0,0,0,0,0
1230,1197,0,0,0,0,0,0,0
1229,1197,0,0,0,0,0,0,0
1230,1197,0,0,0,0,0,0,0
1229,1195,0,0,0,0,0,0,0
1229,1194,0,0,0,0,0,0,0
1231,1196,0,0,0,0,0,0,0
1230,1194,0,0,0,0,0,0,0
1232,1193,0,0,0,0,0,0,0
1231,1194,0,0,0,0,0,0,0
1230,1196,0,0,0,0,0,0,0
1232,1194,0,0,0,0,0,0,0
1230,1197,0,0,0,0,0,0,0
1229,1195,0,0,0,0,0,0,0
1229,1195,0,0,0,0,0,0,0
1230,1196,0,0,0,0,0,0,0
1231,1194,0,0,0,0,0,0,0
1230,1199,0,0,0,0,0,0,0
1230,1195,0,0,0,0,0,0,0
1232,1196,0,0,0,0,0,0,0
1232,1197,0,0,0,0,0,0,0
1221,1194,0,0,0,0,0,0,0
1231,1195,0,0,0,0,0,0,0
1231,1197,0,0,0,0,0,0,0
1233,1194,0,0,0,0,0,0,0
1232,1194,0,0,0,0,0,0,0
1231,1195,0,0,0,0,0,0,0
1231,1196,0,0,0,0,0,0,0
1229,1196,0,0,0,0,0,0,0
1233,1196,0,0,0,0,0,0,0
1229,1194,0,0,0,0,0,0,0
1232,1195,0,0,0,0,0,0,0
1230,1193,0,0,0,0,0,0,0
1232,1195,0,0,0,0,0,0,0
1233,1195,0,0,0,0,0,0,0
1230,1192,0,0,0,0,0,0,0
1229,1195,0,0,0,0,0,0,0
1231,1194,0,0,0,0,0,0,0
1231,1196,0,0,0,0,0,0,0
1231,1193,0,0,0,0,0,0,0
1231,1195,0,0,0,0,0,0,0
1230,1194,0,0,0,0,0,0,0
1230,1195,0,0,0,0,0,0,0
1230,1195,0,0,0,0,0,0,0
1231,1195,0,0,0,0,0,0,0
1234,1197,0,0,0,0,0,0,0
1228,1195,0,0,0,0,0,0,0
1231,1194,0,0,0,0,0,0,0
1230,1194,0,0,0,0,0,0,0
1229,1195,0,0,0,0,0,0,0
1231,1197,0,0,0,0,0,0,0
1231,1196,0,0,0,0,0,0,0
1231,1194,0,0,0,0,0,0,0
1231,1193,0,0,0,0,0,0,0
1231,1195,0,0,0,0,0,0,0
1231,1196,0,0,0,0,0,0,0
1232,1196,0,0,0,0,0,0,0
1229,1194,0,0,0,0,0,0,0
1233,1193,0,0,0,0,0,0,0
1231,1196,0,0,0,0,0,0,0
1232,1194,0,0,0,0,0,0,0
1230,1195,0,0,0,0,0,0,0
1231,1194,0,0,0,0,0,0,0
1230,1196,0,0,0,0,0,0,0
1229,1187,0,0,0,0,0,0,0
1229,1193,0,0,0,0,0,0,0
1231,1193,0,0,0,0,0,0,0
1230,1196,0,0,0,0,0,0,0
1231,1196,0,0,0,0,0,0,0
1231,1197,0,0,0,0,0,0,0
1230,1195,0,0,0,0,0,0,0
1230,1195,0,0,0,0,0,0,0
1229,1184,0,0,0,0,0,0,0
1229,1196,0,0,0,0,0,0,0
1228,1196,0,0,0,0,0,0,0
1231,1195,0,0,0,0,0,0,0
1231,1193,0,0,0,0,0,0,0
1231,1195,0,0,0,0,0,0,0
1231,1195,0,0,0,0,0,0,0
1233,1196,0,0,0,0,0,0,0
1229,1196,0,0,0,0,0,0,0
1232,1196,0,0,0,0,0,0,0
1221,1193,0,0,0,0,0,0,0
1230,1194,0,0,0,0,0,0,0
1232,1197,0,0,0,0,0,0,0
1231,1195,0,0,0,0,0,0,0
1229,1195,0,0,0,0,0,0,0
1230,1194,0,0,0,0,0,0,0
1231,1194,0,0,0,0,0,0,0
1233,1196,0,0,0,0,0,0,0
1232,1193,0,0,0,0,0,0,0
1233,1195,0,0,0,0,0,0,0
1230,1193,0,0,0,0,0,0,0
1231,1196,0,0,0,0,0,0,0
1233,1195,0,0,0,0,0,0,0
1230,1196,0,0,0,0,0,0,0
1230,1193,0,0,0,0,0,0,0
1230,1195,0,0,0,0,0,0,0
1231,1195,0,0,0,0,0,0,0
1231,1193,0,0,0,0,0,0,0
1231,1194,0,0,0,0,0,0,0
1231,1194,0,0,0,0,0,0,0
1231,1196,0,0,0,0,0,0,0
1230,1193,0,0,0,0,0,0,0
1232,1195,0,0,0,0,0,0,0
1231,1195,0,0,0,0,0,0,0
1231,1196,0,0,0,0,0,0,0
1231,1195,0,0,0,0,0,0,0
1230,1194,0,0,0,0,0,0,0
1229,1195,0,0,0,0,0,0,0
1233,1195,0,0,0,0,0,0,0
1230,1196,0,0,0,0,0,0,0
1231,1195,0,0,0,0,0,0,0
1229,1196,0,0,0,0,0,0,0
1230,1196,0,0,0,0,0,0,0
1231,1194,0,0,0,0,0,0,0
1234,1196,0,0,0,0,0,0,0
1231,1196,0,0,0,0,0,0,0
1231,1197,0,0,0,0,0,0,0
1234,1196,0,0,0,0,0,0,0
1230,1197,0,0,0,0,0,0,0
1229,1195,0,0,0,0,0,0,0
1230,1193,0,0,0,0,0,0,0
1231,1192,0,0,0,0,0,0,0
1231,1194,0,0,0,0,0,0,0
1230,1196,0,0,0,0,0,0,0
1231,1196,0,0,0,0,0,0,0
1231,1195,0,0,0,0,0,0,0
1241,1197,0,0,0,0,0,0,0
1230,1196,0,0,0,0,0,0,0
1221,1194,0,0,0,0,0,0,0
1231,1196,0,0,0,0,0,0,0
1233,1192,0,0,0,0,0,0,0
1221,1196,0,0,0,0,0,0,0
1229,1196,0,0,0,0,0,0,0
1229,1194,0,0,0,0,0,0,0
1230,1195,0,0,0,0,0,0,0
1231,1195,0,0,0,0,0,0,0
1230,1194,0,0,0,0,0,0,0
1233,1196,0,0,0,0,0,0,0
1230,1195,0,0,0,0,0,0,0
1231,1195,0,0,0,0,0,0,0
1230,1196,0,0,0,0,0,0,0
1230,1195,0,0,0,0,0,0,0
1232,1195,0,0,0,0,0,0,0
1231,1196,0,0,0,0,0,0,0
1230,1195,0,0,0,0,0,0,0
1229,1196,0,0,0,0,0,0,0
1233,1195,0,0,0,0,0,0,0
1229,1196,0,0,0,0,0,0,0
1229,1195,0,0,0,0,0,0,0
1231,1195,0,0,0,0,0,0,0
1231,1195,0,0,0,0,0,0,0
1234,1192,0,0,0,0,0,0,0
1230,1195,0,0,0,0,0,0,0
1229,1195,0,0,0,0,0,0,0
1230,1193,0,0,0,0,0,0,0
1231,1197,0,0,0,0,0,0,0
1232,1196,0,0,0,0,0,0,0
1230,1196,0,0,0,0,0,0,0
1229,1196,0,0,0,0,0,0,0
1234,1195,0,0,0,0,0,0,0
1230,1195,0,0,0,0,0,0,0
1230,1195,0,0,0,0,0,0,0
1229,1193,0,0,0,0,0,0,0
1233,1195,0,0,0,0,0,0,0
1232,1196,0,0,0,0,0,0,0
1241,1196,0,0,0,0,0,0,0
1230,1196,0,0,0,0,0,0,0
1230,1193,0,0,0,0,0,0,0
1221,1197,0,0,0,0,0,0,0
1229,1193,0,0,0,0,0,0,0
1233,1194,0,0,0,0,0,0,0
1231,1194,0,0,0,0,0,0,0
1231,1196,0,0,0,0,0,0,0
1231,1196,0,0,0,0,0,0,0
1230,1197,0,0,0,0,0,0,0
1230,1195,0,0,0,0,0,0,0
1231,1194,0,0,0,0,0,0,0
1231,1195,0,0,0,0,0,0,0
1221,1197,0,0,0,0,0,0,0
1231,1194,0,0,0,0,0,0,0
1229,1197,0,0,0,0,0,0,0
1233,1196,0,0,0,0,0,0,0
1229,1197,0,0,0,0,0,0,0
1233,1194,0,0,0,0,0,0,0
1230,1196,0,0,0,0,0,0,0
1232,1196,0,0,0,0,0,0,0
1229,1194,0,0,0,0,0,0,0
1231,1194,0,0,0,0,0,0,0
1231,1196,0,0,0,0,0,0,0
1231,1193,0,0,0,0,0,0,0
1230,1197,0,0,0,0,0,0,0
1230,1196,0,0,0,0,0,0,0
1241,1196,0,0,0,0,0,0,0
1229,1195,0,0,0,0,0,0,0
1229,1196,0,0,0,0,0,0,0
1230,1194,0,0,0,0,0,0,0
1229,1195,0,0,0,0,0,0,0
1231,1194,0,0,0,0,0,0,0
1230,1195,0,0,0,0,0,0,0
1231,1196,0,0,0,0,0,0,0
1231,1196,0,0,0,0,0,0,0
1231,1193,0,0,0,0,0,0,0
1229,1196,0,0,0,0,0,0,0
1230,1195,0,0,0,0,0,0,0
1229,1193,0,0,0,0,0,0,0
1233,1196,0,0,0,0,0,0,0
1230,1195,0,0,0,0,0,0,0
1233,1196,0,0,0,0,0,0,0
1232,1196,0,0,0,0,0,0,0
1231,1197,0,0,0,0,0,0,0
1232,1196,0,0,0,0,0,0,0
1230,1195,0,0,0,0,0,0,0
1230,1193,0,0,0,0,0,0,0
1231,1194,0,0,0,0,0,0,0
1231,1195,0,0,0,0,0,0,0
1230,1197,0,0,0,0,0,0,0
1229,1197,0,0,0,0,0,0,0
1233,1197,0,0,0,0,0,0,0
1229,1196,0,0,0,0,0,0,0
1233,1195,0,0,0,0,0,0,0
1232,1194,0,0,0,0,0,0,0
1230,1197,0,0,0,0,0,0,0
1230,1196,0,0,0,0,0,0,0
1231,1193,0,0,0,0,0,0,0
1230,1195,0,0,0,0,0,0,0
1230,1196,0,0,0,0,0,0,0
1233,1197,0,0,0,0,0,0,0
1230,1197,0,0,0,0,0,0,0
1230,1196,0,0,0,0,0,0,0
1220,1195,0,0,0,0,0,0,0
1231,1196,0,0,0,0,0,0,0
1230,1195,0,0,0,0,0,0,0
1231,1196,0,0,0,0,0,0,0
1230,1197,0,0,0,0,0,0,0
1241,1193,0,0,0,0,0,0,0
1229,1197,0,0,0,0,0,0,0
1230,1192,0,0,0,0,0,0,0
1230,1195,0,0,0,0,0,0,0
1230,1194,0,0,0,0,0,0,0
1230,1196,0,0,0,0,0,0,0
1229,1196,0,0,0,0,0,0,0
1233,1193,0,0,0,0,0,0,0
1231,1193,0,0,0,0,0,0,0
1229,1196,0,0,0,0,0,0,0
1231,1193,0,0,0,0,0,0,0
1231,1195,0,0,0,0,0,0,0
1233,1196,0,0,0,0,0,0,0
1229,1195,0,0,0,0,0,0,0
1230,1195,0,0,0,0,0,0,0
1233,1195,0,0,0,0,0,0,0
1234,1193,0,0,0,0,0,0,0
1230,1193,0,0,0,0,0,0,0
1233,1195,0,0,0,0,0,0,0
1231,1195,0,0,0,0,0,0,0
1230,1197,0,0,0,0,0,0,0
1230,1193,0,0,0,0,0,0,0
1231,1197,0,0,0,0,0,0,0
1231,1195,0,0,0,0,0,0,0
1231,1195,0,0,0,0,0,0,0
1232,1196,0,0,0,0,0,0,0
1233,1195,0,0,0,0,0,0,0
1230,1192,0,0,0,0,0,0,0
1229,1195,0,0,0,0,0,0,0
1231,1197,0,0,0,0,0,0,0
1234,1194,0,0,0,0,0,0,0
1232,1195,0,0,0,0,0,0,0
1229,1197,0,0,0,0,0,0,0
1234,1195,0,0,0,0,0,0,0
1232,1194,0,0,0,0,0,0,0
1231,1195,0,0,0,0,0,0,0
1221,1195,0,0,0,0,0,0,0
1230,1197,0,0,0,0,0,0,0
1229,1195,0,0,0,0,0,0,0
1232,1195,0,0,0,0,0,0,0
1231,1196,0,0,0,0,0,0,0
1230,1197,0,0,0,0,0,0,0
1230,1196,0,0,0,0,0,0,0
1230,1193,0,0,0,0,0,0,0
1233,1193,0,0,0,0,0,0,0
1229,1195,0,0,0,0,0,0,0
1231,1193,0,0,0,0,0,0,0
1231,1196,0,0,0,0,0,0,0
1229,1196,0,0,0,0,0,0,0
1231,1196,0,0,0,0,0,0,0
1233,1193,0,0,0,0,0,0,0
1230,1196,0,0,0,0,0,0,0
1229,1194,0,0,0,0,0,0,0
1229,1195,0,0,0,0,0,0,0
1231,1194,0,0,0,0,0,0,0
1229,1195,0,0,0,0,0,0,0
1232,1194,0,0,0,0,0,0,0
1230,1195,0,0,0,0,0,0,0
1231,1195,0,0,0,0,0,0,0
1230,1196,0,0,0,0,0,0,0
1229,1195,0,0,0,0,0,0,0
1229,1196,0,0,0,0,0,0,0
1230,1196,0,0,0,0,0,0,0
1232,1193,0,0,0,0,0,0,0
1231,1194,0,0,0,0,0,0,0
1232,1196,0,0,0,0,0,0,0
1221,1195,0,0,0,0,0,0,0
1230,1197,0,0,0,0,0,0,0
1231,1192,0,0,0,0,0,0,0
1231,1194,0,0,0,0,0,0,0
1231,1193,0,0,0,0,0,0,0
1229,1196,0,0,0,0,0,0,0
1233,1195,0,0,0,0,0,0,0
1232,1195,0,0,0,0,0,0,0
1233,1195,0,0,0,0,0,0,0
1229,1196,0,0,0,0,0,0,0
1232,1195,0,0,0,0,0,0,0
1233,1195,0,0,0,0,0,0,0
1231,1195,0,0,0,0,0,0,0
1232,1193,0,0,0,0,0,0,0
1230,1195,0,0,0,0,0,0,0
1229,1196,0,0,0,0,0,0,0
1221,1197,0,0,0,0,0,0,0
1232,1194,0,0,0,0,0,0,0
1230,1193,0,0,0,0,0,0,0
1230,1196,0,0,0,0,0,0,0
1220,1195,0,0,0,0,0,0,0
1231,1193,0,0,0,0,0,0,0
1231,1196,0,0,0,0,0,0,0
1230,1196,0,0,0,0,0,0,0
1231,1195,0,0,0,0,0,0,0
1230,1193,0,0,0,0,0,0,0
1233,1194,0,0,0,0,0,0,0
1234,1193,0,0,0,0,0,0,0
1230,1186,0,0,0,0,0,0,0
1231,1193,0,0,0,0,0,0,0
1232,1196,0,0,0,0,0,0,0
1230,1193,0,0,0,0,0,0,0
1229,1194,0,0,0,0,0,0,0
1231,1195,0,0,0,0,0,0,0
1232,1196,0,0,0,0,0,0,0
1231,1195,0,0,0,0,0,0,0
1230,1187,0,0,0,0,0,0,0
1232,1195,0,0,0,0,0,0,0
1230,1194,0,0,0,0,0,0,0
1229,1193,0,0,0,0,0,0,0
1230,1195,0,0,0,0,0,0,0
1232,1197,0,0,0,0,0,0,0
1231,1196,0,0,0,0,0,0,0
1231,1194,0,0,0,0,0,0,0
1229,1194,0,0,0,0,0,0,0
1229,1195,0,0,0,0,0,0,0
1219,1194,0,0,0,0,0,0,0
1230,1195,0,0,0,0,0,0,0
1231,1196,0,0,0,0,0,0,0
1230,1194,0,0,0,0,0,0,0
1229,1196,0,0,0,0,0,0,0
1230,1194,0,0,0,0,0,0,0
1229,1197,0,0,0,0,0,0,0
1231,1195,0,0,0,0,0,0,0
1231,1194,0,0,0,0,0,0,0
1231,1192,0,0,0,0,0,0,0
1234,1196,0,0,0,0,0,0,0
1230,1195,0,0,0,0,0,0,0
1230,1196,0,0,0,0,0,0,0
1229,1195,0,0,0,0,0,0,0
1231,1195,0,0,0,0,0,0,0
1231,1194,0,0,0,0,0,0,0
1231,1196,0,0,0,0,0,0,0
1231,1187,0,0,0,0,0,0,0
1230,1197,0,0,0,0,0,0,0
1230,1197,0,0,0,0,0,0,0
1234,1196,0,0,0,0,0,0,0
1231,1195,0,0,0,0,0,0,0
1233,1195,0,0,0,0,0,0,0
1231,1194,0,0,0,0,0,0,0
1231,1192,0,0,0,0,0,0,0
1230,1195,0,0,0,0,0,0,0
1229,1192,0,0,0,0,0,0,0
1231,1196,0,0,0,0,0,0,0
1231,1195,0,0,0,0,0,0,0
1230,1197,0,0,0,0,0,0,0
1229,1196,0,0,0,0,0,0,0
1229,1195,0,0,0,0,0,0,0
1231,1196,0,0,0,0,0,0,0
1233,1195,0,0,0,0,0,0,0
1230,1194,0,0,0,0,0,0,0
1231,1195,0,0,0,0,0,0,0
1230,1196,0,0,0,0,0,0,0
1230,1194,0,0,0,0,0,0,0
1232,1195,0,0,0,0,0,0,0
1229,1195,0,0,0,0,0,0,0
1221,1193,0,0,0,0,0,0,0
1230,1196,0,0,0,0,0,0,0
1231,1196,0,0,0,0,0,0,0
1229,1194,0,0,0,0,0,0,0
1231,1192,0,0,0,0,0,0,0
1230,1194,0,0,0,0,0,0,0
1230,1196,0,0,0,0,0,0,0
1231,1197,0,0,0,0,0,0,0
1229,1196,0,0,0,0,0,0,0
1230,1194,0,0,0,0,0,0,0
1231,1197,0,0,0,0,0,0,0
1230,1195,0,0,0,0,0,0,0
1231,1194,0,0,0,0,0,0,0
1232,1196,0,0,0,0,0,0,0
1230,1192,0,0,0,0,0,0,0
1229,1195,0,0,0,0,0,0,0
1230,1194,0,0,0,0,0,0,0
1231,1195,0,0,0,0,0,0,0
1231,1193,0,0,0,0,0,0,0
1230,1194,0,0,0,0,0,0,0
1231,1196,0,0,0,0,0,0,0
1230,1195,0,0,0,0,0,0,0
1231,1195,0,0,0,0,0,0,0
1232,1194,0,0,0,0,0,0,0
1229,1196,0,0,0,0,0,0,0
1232,1193,0,0,0,0,0,0,0
1231,1196,0,0,0,0,0,0,0
1232,1195,0,0,0,0,0,0,0
1230,1197,0,0,0,0,0,0,0
1230,1196,0,0,0,0,0,0,0
1234,1197,0,0,0,0,0,0,0
1230,1196,0,0,0,0,0,0,0
1231,1196,0,0,0,0,0,0,0
1231,1194,0,0,0,0,0,0,0
1231,1195,0,0,0,0,0,0,0
1231,1196,0,0,0,0,0,0,0
1231,1196,0,0,0,0,0,0,0
1234,1196,0,0,0,0,0,0,0
1231,1196,0,0,0,0,0,0,0
1221,1194,0,0,0,0,0,0,0
1229,1196,0,0,0,0,0,0,0
1230,1196,0,0,0,0,0,0,0
1229,1195,0,0,0,0,0,0,0
1231,1195,0,0,0,0,0,0,0
1231,1196,0,0,0,0,0,0,0
1229,1196,0,0,0,0,0,0,0
1230,1197,0,0,0,0,0,0,0
1231,1193,0,0,0,0,0,0,0
1233,1194,0,0,0,0,0,0,0
1231,1195,0,0,0,0,0,0,0
1229,1196,0,0,0,0,0,0,0
1233,1187,0,0,0,0,0,0,0
1230,1199,0,0,0,0,0,0,0
1233,1195,0,0,0,0,0,0,0
1230,1197,0,0,0,0,0,0,0
1234,1195,0,0,0,0,0,0,0
1232,1193,0,0,0,0,0,0,0
1231,1195,0,0,0,0,0,0,0
1231,1195,0,0,0,0,0,0,0
1230,1194,0,0,0,0,0,0,0
1229,1196,0,0,0,0,0,0,0
1230,1197,0,0,0,0,0,0,0
1229,1196,0,0,0,0,0,0,0
1230,1195,0,0,0,0,0,0,0
1230,1195,0,0,0,0,0,0,0
1229,1195,0,0,0,0,0,0,0
1230,1196,0,0,0,0,0,0,0
1229,1196,0,0,0,0,0,0,0
1230,1187,0,0,0,0,0,0,0
1230,1196,0,0,0,0,0,0,0
1231,1193,0,0,0,0,0,0,0
1230,1195,0,0,0,0,0,0,0
1233,1197,0,0,0,0,0,0,0
1231,1194,0,0,0,0,0,0,0
1232,1193,0,0,0,0,0,0,0
1231,1193,0,0,0,0,0,0,0
1221,1195,0,0,0,0,0,0,0
1232,1193,0,0,0,0,0,0,0
1232,1193,0,0,0,0,0,0,0
1231,1196,0,0,0,0,0,0,0
1230,1193,0,0,0,0,0,0,0
1231,1195,0,0,0,0,0,0,0
1230,1196,0,0,0,0,0,0,0
1230,1195,0,0,0,0,0,0,0
1230,1196,0,0,0,0,0,0,0
1230,1194,0,0,0,0,0,0,0
1221,1194,0,0,0,0,0,0,0
1229,1196,0,0,0,0,0,0,0
1231,1197,0,0,0,0,0,0,0
1231,1194,0,0,0,0,0,0,0
1233,1195,0,0,0,0,0,0,0
1231,1194,0,0,0,0,0,0,0
1229,1199,0,0,0,0,0,0,0
1231,1195,0,0,0,0,0,0,0
1221,1193,0,0,0,0,0,0,0
1231,1194,0,0,0,0,0,0,0
1233,1195,0,0,0,0,0,0,0
1230,1195,0,0,0,0,0,0,0
1231,1195,0,0,0,0,0,0,0
1231,1195,0,0,0,0,0,0,0
1231,1184,0,0,0,0,0,0,0
1229,1196,0,0,0,0,0,0,0
1231,1192,0,0,0,0,0,0,0
1231,1194,0,0,0,0,0,0,0
1230,1196,0,0,0,0,0,0,0
1231,1195,0,0,0,0,0,0,0
1233,1195,0,0,0,0,0,0,0
1230,1193,0,0,0,0,0,0,0
1230,1194,0,0,0,0,0,0,0
1232,1193,0,0,0,0,0,0,0
1229,1195,0,0,0,0,0,0,0
1231,1193,0,0,0,0,0,0,0
1229,1195,0,0,0,0,0,0,0
1233,1194,0,0,0,0,0,0,0
1231,1196,0,0,0,0,0,0,0
1232,1195,0,0,0,0,0,0,0
1230,1196,0,0,0,0,0,0,0
1219,1195,0,0,0,0,0,0,0
1230,1193,0,0,0,0,0,0,0
1230,1195,0,0,0,0,0,0,0
1230,1195,0,0,0,0,0,0,0
1221,1194,0,0,0,0,0,0,0
1233,1192,0,0,0,0,0,0,0
1229,1196,0,0,0,0,0,0,0
1221,1195,0,0,0,0,0,0,0
1228,1195,0,0,0,0,0,0,0
1229,1195,0,0,0,0,0,0,0
1231,1196,0,0,0,0,0,0,0
1231,1195,0,0,0,0,0,0,0
1231,1196,0,0,0,0,0,0,0
1229,1195,0,0,0,0,0,0,0
1233,1196,0,0,0,0,0,0,0
1231,1195,0,0,0,0,0,0,0
1229,1195,0,0,0,0,0,0,0
1230,1195,0,0,0,0,0,0,0
1232,1194,0,0,0,0,0,0,0
1230,1195,0,0,0,0,0,0,0
1233,1195,0,0,0,0,0,0,0
1229,1195,0,0,0,0,0,0,0
1231,1196,0,0,0,0,0,0,0
1233,1196,0,0,0,0,0,0,0
1230,1197,0,0,0,0,0,0,0
1231,1193,0,0,0,0,0,0,0
1232,1196,0,0,0,0,0,0,0
1233,1193,0,0,0,0,0,0,0
1232,1193,0,0,0,0,0,0,0
1232,1187,0,0,0,0,0,0,0
1231,1195,0,0,0,0,0,0,0
1231,1195,0,0,0,0,0,0,0
1234,1194,0,0,0,0,0,0,0
1229,1196,0,0,0,0,0,0,0
1233,1194,0,0,0,0,0,0,0
1230,1196,0,0,0,0,0,0,0
1230,1196,0,0,0,0,0,0,0
1231,1195,0,0,0,0,0,0,0
1232,1193,0,0,0,0,0,0,0
1241,1193,0,0,0,0,0,0,0
1232,1197,0,0,0,0,0,0,0
1232,1193,0,0,0,0,0,0,0
1231,1194,0,0,0,0,0,0,0
1230,1196,0,0,0,0,0,0,0
1232,1194,0,0,0,0,0,0,0
1229,1195,0,0,0,0,0,0,0
1234,1193,0,0,0,0,0,0,0
1229,1195,0,0,0,0,0,0,0
1229,1195,0,0,0,0,0,0,0
1241,1207,0,0,0,0,0,0,0
1252,1217,0,0,0,0,0,0,0
1206,1173,0,0,0,0,0,0,0
941,965,0,0,0,0,0,0,0
584,632,0,0,0,0,0,0,0
694,653,0,0,0,0,0,0,0
1567,1574,0,0,0,0,0,0,0
1413,1398,0,0,0,0,0,0,0
621,643,0,0,0,0,0,0,0
776,750,0,0,0,0,0,0,0
1148,1102,0,0,0,0,0,0,0
1243,1157,0,0,0,0,0,0,0
1241,1157,0,0,0,0,0,0,0
1232,1196,0,0,0,0,0,0,0
1231,1197,0,0,0,0,0,0,0
1230,1205,0,0,0,0,0,0,0
1230,1197,0,0,0,0,0,0,0
1231,1194,0,0,0,0,0,0,0
1233,1193,0,0,0,0,0,0,0
1221,1196,0,0,0,0,0,0,0
1229,1196,0,0,0,0,0,0,0
1230,1195,0,0,0,0,0,0,0
1230,1195,0,0,0,0,0,0,0
1230,1196,0,0,0,0,0,0,0
1230,1197,0,0,0,0,0,0,0
1230,1196,0,0,0,0,0,0,0
1241,1193,0,0,0,0,0,0,0
1230,1195,0,0,0,0,0,0,0
1233,1195,0,0,0,0,0,0,0
1231,1195,0,0,0,0,0,0,0
1229,1196,0,0,0,0,0,0,0
1233,1193,0,0,0,0,0,0,0
1229,1197,0,0,0,0,0,0,0
1230,1195,0,0,0,0,0,0,0
1231,1192,0,0,0,0,0,0,0
1229,1196,0,0,0,0,0,0,0
1229,1197,0,0,0,0,0,0,0
1232,1194,0,0,0,0,0,0,0
1241,1187,0,0,0,0,0,0,0
1240,1194,0,0,0,0,0,0,0
1233,1196,0,0,0,0,0,0,0
1231,1195,0,0,0,0,0,0,0
1221,1196,0,0,0,0,0,0,0
1232,1196,0,0,0,0,0,0,0
1230,1184,0,0,0,0,0,0,0
1233,1187,0,0,0,0,0,0,0
1232,1194,0,0,0,0,0,0,0
1230,1196,0,0,0,0,0,0,0
1230,1196,0,0,0,0,0,0,0
1231,1195,0,0,0,0,0,0,0
1231,1193,0,0,0,0,0,0,0
1229,1196,0,0,0,0,0,0,0
1233,1192,0,0,0,0,0,0,0
1231,1195,0,0,0,0,0,0,0
1231,1193,0,0,0,0,0,0,0
1229,1195,0,0,0,0,0,0,0
1231,1195,0,0,0,0,0,0,0
1220,1193,0,0,0,0,0,0,0
1231,1194,0,0,0,0,0,0,0
1234,1194,0,0,0,0,0,0,0
1233,1195,0,0,0,0,0,0,0
1230,1194,0,0,0,0,0,0,0
1221,1196,0,0,0,0,0,0,0
1234,1195,0,0,0,0,0,0,0
1229,1197,0,0,0,0,0,0,0
1231,1194,0,0,0,0,0,0,0
1229,1196,0,0,0,0,0,0,0
1230,1196,0,0,0,0,0,0,0
1229,1196,0,0,0,0,0,0,0
1232,1192,0,0,0,0,0,0,0
1229,1194,0,0,0,0,0,0,0
1234,1194,0,0,0,0,0,0,0
1233,1193,0,0,0,0,0,0,0
1231,1195,0,0,0,0,0,0,0
1230,1193,0,0,0,0,0,0,0
1232,1193,0,0,0,0,0,0,0
1229,1196,0,0,0,0,0,0,0
1229,1196,0,0,0,0,0,0,0
1230,1196,0,0,0,0,0,0,0
1231,1195,0,0,0,0,0,0,0
1233,1195,0,0,0,0,0,0,0
1233,1194,0,0,0,0,0,0,0
1232,1194,0,0,0,0,0,0,0
1229,1195,0,0,0,0,0,0,0
1219,1193,0,0,0,0,0,0,0
1232,1193,0,0,0,0,0,0,0
1233,1194,0,0,0,0,0,0,0
1229,1195,0,0,0,0,0,0,0
1229,1196,0,0,0,0,0,0,0
1230,1196,0,0,0,0,0,0,0
1231,1195,0,0,0,0,0,0,0
1220,1195,0,0,0,0,0,0,0
1230,1194,0,0,0,0,0,0,0
1220,1196,0,0,0,0,0,0,0
1231,1195,0,0,0,0,0,0,0
1229,1195,0,0,0,0,0,0,0
1229,1195,0,0,0,0,0,0,0
1229,1195,0,0,0,0,0,0,0
1229,1196,0,0,0,0,0,0,0
1229,1195,0,0,0,0,0,0,0
1229,1193,0,0,0,0,0,0,0
1221,1195,0,0,0,0,0,0,0
1231,1195,0,0,0,0,0,0,0
1229,1196,0,0,0,0,0,0,0
1230,1195,0,0,0,0,0,0,0
1234,1195,0,0,0,0,0,0,0
1229,1196,0,0,0,0,0,0,0
1221,1195,0,0,0,0,0,0,0
1220,1195,0,0,0,0,0,0,0
1231,1194,0,0,0,0,0,0,0
1230,1196,0,0,0,0,0,0,0
1231,1192,0,0,0,0,0,0,0
1233,1193,0,0,0,0,0,0,0
1229,1196,0,0,0,0,0,0,0
1231,1194,0,0,0,0,0,0,0
1231,1195,0,0,0,0,0,0,0
1229,1193,0,0,0,0,0,0,0
1229,1194,0,0,0,0,0,0,0
1229,1195,0,0,0,0,0,0,0
1229,1193,0,0,0,0,0,0,0
1234,1195,0,0,0,0,0,0,0
1221,1196,0,0,0,0,0,0,0
1233,1195,0,0,0,0,0,0,0
1231,1196,0,0,0,0,0,0,0
1229,1194,0,0,0,0,0,0,0
1231,1192,0,0,0,0,0,0,0
1232,1195,0,0,0,0,0,0,0
1229,1194,0,0,0,0,0,0,0
1240,1197,0,0,0,0,0,0,0
1231,1196,0,0,0,0,0,0,0
1230,1194,0,0,0,0,0,0,0
1230,1194,0,0,0,0,0,0,0
1231,1196,0,0,0,0,0,0,0
1229,1194,0,0,0,0,0,0,0
1229,1194,0,0,0,0,0,0,0
1230,1194,0,0,0,0,0,0,0
1221,1195,0,0,0,0,0,0,0
1230,1197,0,0,0,0,0,0,0
1232,1196,0,0,0,0,0,0,0
1229,1193,0,0,0,0,0,0,0
1229,1193,0,0,0,0,0,0,0
1231,1196,0,0,0,0,0,0,0
1232,1195,0,0,0,0,0,0,0
1232,1195,0,0,0,0,0,0,0
1232,1196,0,0,0,0,0,0,0
1231,1195,0,0,0,0,0,0,0
1230,1195,0,0,0,0,0,0,0
1221,1197,0,0,0,0,0,0,0
1229,1196,0,0,0,0,0,0,0
1231,1194,0,0,0,0,0,0,0
1231,1196,0,0,0,0,0,0,0
1233,1193,0,0,0,0,0,0,0
1231,1193,0,0,0,0,0,0,0
1230,1195,0,0,0,0,0,0,0
1229,1196,0,0,0,0,0,0,0
1229,1196,0,0,0,0,0,0,0
1231,1196,0,0,0,0,0,0,0
1232,1195,0,0,0,0,0,0,0
1229,1194,0,0,0,0,0,0,0
1229,1195,0,0,0,0,0,0,0
1231,1195,0,0,0,0,0,0,0
1230,1196,0,0,0,0,0,0,0
1231,1184,0,0,0,0,0,0,0
1230,1194,0,0,0,0,0,0,0
1231,1196,0,0,0,0,0,0,0
1230,1193,0,0,0,0,0,0,0
1231,1195,0,0,0,0,0,0,0
1230,1196,0,0,0,0,0,0,0
1229,1195,0,0,0,0,0,0,0
1230,1193,0,0,0,0,0,0,0
1229,1193,0,0,0,0,0,0,0
1234,1197,0,0,0,0,0,0,0
1230,1196,0,0,0,0,0,0,0
1231,1196,0,0,0,0,0,0,0
1231,1197,0,0,0,0,0,0,0
1230,1193,0,0,0,0,0,0,0
1233,1195,0,0,0,0,0,0,0
1230,1195,0,0,0,0,0,0,0
1229,1193,0,0,0,0,0,0,0
1230,1194,0,0,0,0,0,0,0
1230,1195,0,0,0,0,0,0,0
1232,1196,0,0,0,0,0,0,0
1233,1197,0,0,0,0,0,0,0
1231,1194,0,0,0,0,0,0,0
1231,1196,0,0,0,0,0,0,0
1230,1196,0,0,0,0,0,0,0
1231,1195,0,0,0,0,0,0,0
1230,1193,0,0,0,0,0,0,0
1232,1196,0,0,0,0,0,0,0
1230,1195,0,0,0,0,0,0,0
1233,1196,0,0,0,0,0,0,0
1230,1193,0,0,0,0,0,0,0
1229,1195,0,0,0,0,0,0,0
1229,1195,0,0,0,0,0,0,0
1231,1196,0,0,0,0,0,0,0
1231,1196,0,0,0,0,0,0,0
1234,1196,0,0,0,0,0,0,0
1230,1196,0,0,0,0,0,0,0
1229,1193,0,0,0,0,0,0,0
1230,1195,0,0,0,0,0,0,0
1221,1196,0,0,0,0,0,0,0
1230,1195,0,0,0,0,0,0,0
1232,1193,0,0,0,0,0,0,0
1230,1196,0,0,0,0,0,0,0
1230,1187,0,0,0,0,0,0,0
1231,1195,0,0,0,0,0,0,0
1230,1195,0,0,0,0,0,0,0
1231,1195,0,0,0,0,0,0,0
1230,1195,0,0,0,0,0,0,0
1230,1196,0,0,0,0,0,0,0
1229,1194,0,0,0,0,0,0,0
1231,1195,0,0,0,0,0,0,0
1241,1196,0,0,0,0,0,0,0
1230,1194,0,0,0,0,0,0,0
1231,1195,0,0,0,0,0,0,0
1230,1195,0,0,0,0,0,0,0
1231,1193,0,0,0,0,0,0,0
1234,1195,0,0,0,0,0,0,0
1231,1184,0,0,0,0,0,0,0
1229,1197,0,0,0,0,0,0,0
1231,1193,0,0,0,0,0,0,0
1230,1196,0,0,0,0,0,0,0
1230,1195,0,0,0,0,0,0,0
1234,1195,0,0,0,0,0,0,0
1221,1197,0,0,0,0,0,0,0
1231,1195,0,0,0,0,0,0,0
1219,1195,0,0,0,0,0,0,0
1232,1194,0,0,0,0,0,0,0
1234,1193,0,0,0,0,0,0,0
1232,1194,0,0,0,0,0,0,0
1230,1196,0,0,0,0,0,0,0
1230,1193,0,0,0,0,0,0,0
1233,1195,0,0,0,0,0,0,0
1231,1195,0,0,0,0,0,0,0
1228,1196,0,0,0,0,0,0,0
1234,1193,0,0,0,0,0,0,0
1230,1194,0,0,0,0,0,0,0
1231,1194,0,0,0,0,0,0,0
1231,1194,0,0,0,0,0,0,0
1221,1196,0,0,0,0,0,0,0
1231,1193,0,0,0,0,0,0,0
1230,1195,0,0,0,0,0,0,0
1229,1195,0,0,0,0,0,0,0
1232,1195,0,0,0,0,0,0,0
1231,1194,0,0,0,0,0,0,0
1231,1195,0,0,0,0,0,0,0
1233,1195,0,0,0,0,0,0,0
1231,1195,0,0,0,0,0,0,0
1231,1195,0,0,0,0,0,0,0
1230,1197,0,0,0,0,0,0,0
1230,1196,0,0,0,0,0,0,0
1230,1194,0,0,0,0,0,0,0
1229,1196,0,0,0,0,0,0,0
1230,1194,0,0,0,0,0,0,0
1232,1195,0,0,0,0,0,0,0
1233,1195,0,0,0,0,0,0,0
1229,1196,0,0,0,0,0,0,0
1230,1195,0,0,0,0,0,0,0
1232,1194,0,0,0,0,0,0,0
1229,1197,0,0,0,0,0,0,0
1229,1195,0,0,0,0,0,0,0
1231,1195,0,0,0,0,0,0,0
1230,1196,0,0,0,0,0,0,0
1230,1195,0,0,0,0,0,0,0
1232,1195,0,0,0,0,0,0,0
1229,1196,0,0,0,0,0,0,0
1231,1194,0,0,0,0,0,0,0
1233,1195,0,0,0,0,0,0,0
1230,1196,0,0,0,0,0,0,0
1231,1193,0,0,0,0,0,0,0
1231,1195,0,0,0,0,0,0,0
1231,1195,0,0,0,0,0,0,0
1233,1192,0,0,0,0,0,0,0
1230,1192,0,0,0,0,0,0,0
1230,1195,0,0,0,0,0,0,0
1232,1196,0,0,0,0,0,0,0
1230,1192,0,0,0,0,0,0,0
1230,1196,0,0,0,0,0,0,0
1231,1193,0,0,0,0,0,0,0
1230,1194,0,0,0,0,0,0,0
1230,1197,0,0,0,0,0,0,0
1233,1193,0,0,0,0,0,0,0
1231,1196,0,0,0,0,0,0,0
1231,1194,0,0,0,0,0,0,0
1229,1195,0,0,0,0,0,0,0
1229,1196,0,0,0,0,0,0,0
1229,1194,0,0,0,0,0,0,0
1230,1195,0,0,0,0,0,0,0
1230,1196,0,0,0,0,0,0,0
1232,1196,0,0,0,0,0,0,0
1234,1193,0,0,0,0,0,0,0
1229,1196,0,0,0,0,0,0,0
1230,1194,0,0,0,0,0,0,0
1230,1193,0,0,0,0,0,0,0
1229,1196,0,0,0,0,0,0,0
1232,1195,0,0,0,0,0,0,0
1229,1195,0,0,0,0,0,0,0
1229,1196,0,0,0,0,0,0,0
1229,1196,0,0,0,0,0,0,0
1231,1195,0,0,0,0,0,0,0
1230,1193,0,0,0,0,0,0,0
1230,1196,0,0,0,0,0,0,0
1229,1197,0,0,0,0,0,0,0
1232,1193,0,0,0,0,0,0,0
1229,1195,0,0,0,0,0,0,0
1229,1197,0,0,0,0,0,0,0
1230,1197,0,0,0,0,0,0,0
1230,1204,0,0,0,0,0,0,0
1229,1194,0,0,0,0,0,0,0
1231,1195,0,0,0,0,0,0,0
1230,1193,0,0,0,0,0,0,0
1229,1195,0,0,0,0,0,0,0
1231,1193,0,0,0,0,0,0,0
1234,1196,0,0,0,0,0,0,0
1233,1195,0,0,0,0,0,0,0
1230,1196,0,0,0,0,0,0,0
1230,1193,0,0,0,0,0,0,0
1231,1196,0,0,0,0,0,0,0
1232,1196,0,0,0,0,0,0,0
1232,1195,0,0,0,0,0,0,0
1230,1197,0,0,0,0,0,0,0
1229,1195,0,0,0,0,0,0,0
1230,1195,0,0,0,0,0,0,0
1231,1196,0,0,0,0,0,0,0
1230,1196,0,0,0,0,0,0,0
1230,1195,0,0,0,0,0,0,0
1230,1195,0,0,0,0,0,0,0
1231,1195,0,0,0,0,0,0,0
1228,1194,0,0,0,0,0,0,0
1232,1197,0,0,0,0,0,0,0
1232,1195,0,0,0,0,0,0,0
1231,1196,0,0,0,0,0,0,0
1231,1195,0,0,0,0,0,0,0
1233,1194,0,0,0,0,0,0,0
1221,1196,0,0,0,0,0,0,0
1230,1194,0,0,0,0,0,0,0
1233,1194,0,0,0,0,0,0,0
1230,1196,0,0,0,0,0,0,0
1231,1195,0,0,0,0,0,0,0
1229,1194,0,0,0,0,0,0,0
1221,1196,0,0,0,0,0,0,0
1231,1194,0,0,0,0,0,0,0
1229,1196,0,0,0,0,0,0,0
1229,1195,0,0,0,0,0,0,0
1232,1196,0,0,0,0,0,0,0
1233,1197,0,0,0,0,0,0,0
1231,1194,0,0,0,0,0,0,0
1231,1196,0,0,0,0,0,0,0
1230,1195,0,0,0,0,0,0,0
1230,1197,0,0,0,0,0,0,0
1229,1196,0,0,0,0,0,0,0
1231,1196,0,0,0,0,0,0,0
1230,1196,0,0,0,0,0,0,0
1231,1195,0,0,0,0,0,0,0
1229,1194,0,0,0,0,0,0,0
1231,1195,0,0,0,0,0,0,0
1230,1193,0,0,0,0,0,0,0
1229,1187,0,0,0,0,0,0,0
1229,1196,0,0,0,0,0,0,0
1230,1194,0,0,0,0,0,0,0
1234,1193,0,0,0,0,0,0,0
1231,1195,0,0,0,0,0,0,0
1229,1194,0,0,0,0,0,0,0
1231,1193,0,0,0,0,0,0,0
1231,1197,0,0,0,0,0,0,0
1230,1195,0,0,0,0,0,0,0
1220,1196,0,0,0,0,0,0,0
1231,1197,0,0,0,0,0,0,0
1229,1196,0,0,0,0,0,0,0
1230,1195,0,0,0,0,0,0,0
1229,1195,0,0,0,0,0,0,0
1231,1195,0,0,0,0,0,0,0
1232,1194,0,0,0,0,0,0,0
1229,1194,0,0,0,0,0,0,0
1221,1194,0,0,0,0,0,0,0
1230,1194,0,0,0,0,0,0,0
1229,1193,0,0,0,0,0,0,0
1220,1192,0,0,0,0,0,0,0
1241,1197,0,0,0,0,0,0,0
1241,1196,0,0,0,0,0,0,0
1241,1196,0,0,0,0,0,0,0
1229,1195,0,0,0,0,0,0,0
1230,1196,0,0,0,0,0,0,0
1229,1195,0,0,0,0,0,0,0
1228,1195,0,0,0,0,0,0,0
1232,1197,0,0,0,0,0,0,0
1229,1195,0,0,0,0,0,0,0
1232,1195,0,0,0,0,0,0,0
1230,1195,0,0,0,0,0,0,0
1230,1193,0,0,0,0,0,0,0
1241,1204,0,0,0,0,0,0,0
1230,1196,0,0,0,0,0,0,0
1231,1193,0,0,0,0,0,0,0
1231,1195,0,0,0,0,0,0,0
1230,1194,0,0,0,0,0,0,0
1230,1196,0,0,0,0,0,0,0
1233,1193,0,0,0,0,0,0,0
1234,1197,0,0,0,0,0,0,0
1231,1196,0,0,0,0,0,0,0
1233,1196,0,0,0,0,0,0,0
1229,1194,0,0,0,0,0,0,0
1230,1193,0,0,0,0,0,0,0
1233,1194,0,0,0,0,0,0,0
1230,1195,0,0,0,0,0,0,0
1233,1195,0,0,0,0,0,0,0
1231,1193,0,0,0,0,0,0,0
1230,1195,0,0,0,0,0,0,0
1231,1195,0,0,0,0,0,0,0
1231,1197,0,0,0,0,0,0,0
1230,1184,0,0,0,0,0,0,0
1229,1195,0,0,0,0,0,0,0
1229,1195,0,0,0,0,0,0,0
1230,1195,0,0,0,0,0,0,0
1231,1194,0,0,0,0,0,0,0
1230,1194,0,0,0,0,0,0,0
1231,1195,0,0,0,0,0,0,0
1232,1195,0,0,0,0,0,0,0
1230,1195,0,0,0,0,0,0,0
1229,1184,0,0,0,0,0,0,0
1221,1195,0,0,0,0,0,0,0
1232,1195,0,0,0,0,0,0,0
1231,1196,0,0,0,0,0,0,0
1231,1196,0,0,0,0,0,0,0
1229,1197,0,0,0,0,0,0,0
1234,1194,0,0,0,0,0,0,0
1220,1194,0,0,0,0,0,0,0
1230,1193,0,0,0,0,0,0,0
1233,1195,0,0,0,0,0,0,0
1231,1197,0,0,0,0,0,0,0
1230,1196,0,0,0,0,0,0,0
1230,1197,0,0,0,0,0,0,0
1230,1195,0,0,0,0,0,0,0
1233,1195,0,0,0,0,0,0,0
1230,1195,0,0,0,0,0,0,0
1231,1194,0,0,0,0,0,0,0
1232,1193,0,0,0,0,0,0,0
1230,1186,0,0,0,0,0,0,0
1232,1196,0,0,0,0,0,0,0
1231,1193,0,0,0,0,0,0,0
1230,1194,0,0,0,0,0,0,0
1231,1194,0,0,0,0,0,0,0
1230,1193,0,0,0,0,0,0,0
1234,1193,0,0,0,0,0,0,0
1231,1196,0,0,0,0,0,0,0
1231,1195,0,0,0,0,0,0,0
1229,1196,0,0,0,0,0,0,0
1234,1193,0,0,0,0,0,0,0
1231,1196,0,0,0,0,0,0,0
1230,1195,0,0,0,0,0,0,0
1231,1192,0,0,0,0,0,0,0
1230,1193,0,0,0,0,0,0,0
1231,1195,0,0,0,0,0,0,0
1229,1192,0,0,0,0,0,0,0
1229,1195,0,0,0,0,0,0,0
1229,1195,0,0,0,0,0,0,0
1231,1196,0,0,0,0,0,0,0
1230,1196,0,0,0,0,0,0,0
1231,1194,0,0,0,0,0,0,0
1231,1194,0,0,0,0,0,0,0
1229,1193,0,0,0,0,0,0,0
1229,1195,0,0,0,0,0,0,0
1230,1197,0,0,0,0,0,0,0
1231,1195,0,0,0,0,0,0,0
1230,1197,0,0,0,0,0,0,0
1231,1194,0,0,0,0,0,0,0
1233,1195,0,0,0,0,0,0,0
1230,1195,0,0,0,0,0,0,0
1221,1195,0,0,0,0,0,0,0
1229,1187,0,0,0,0,0,0,0
1230,1195,0,0,0,0,0,0,0
1233,1196,0,0,0,0,0,0,0
1234,1192,0,0,0,0,0,0,0
1233,1204,0,0,0,0,0,0,0
1229,1194,0,0,0,0,0,0,0
1229,1195,0,0,0,0,0,0,0
1233,1197,0,0,0,0,0,0,0
1230,1195,0,0,0,0,0,0,0
1221,1193,0,0,0,0,0,0,0
1231,1197,0,0,0,0,0,0,0
1229,1195,0,0,0,0,0,0,0
1232,1196,0,0,0,0,0,0,0
1231,1194,0,0,0,0,0,0,0
1230,1193,0,0,0,0,0,0,0
1230,1195,0,0,0,0,0,0,0
1231,1195,0,0,0,0,0,0,0
1231,1195,0,0,0,0,0,0,0
1229,1192,0,0,0,0,0,0,0
1232,1195,0,0,0,0,0,0,0
1231,1196,0,0,0,0,0,0,0
1230,1196,0,0,0,0,0,0,0
1230,1197,0,0,0,0,0,0,0
1232,1194,0,0,0,0,0,0,0
1229,1195,0,0,0,0,0,0,0
1229,1194,0,0,0,0,0,0,0
1231,1195,0,0,0,0,0,0,0
1230,1197,0,0,0,0,0,0,0
1230,1195,0,0,0,0,0,0,0
1231,1204,0,0,0,0,0,0,0
1234,1195,0,0,0,0,0,0,0
1229,1194,0,0,0,0,0,0,0
1221,1197,0,0,0,0,0,0,0
1229,1184,0,0,0,0,0,0,0
1229,1194,0,0,0,0,0,0,0
1230,1196,0,0,0,0,0,0,0
1241,1195,0,0,0,0,0,0,0
1231,1195,0,0,0,0,0,0,0
1231,1197,0,0,0,0,0,0,0
1231,1195,0,0,0,0,0,0,0
1232,1195,0,0,0,0,0,0,0
1229,1194,0,0,0,0,0,0,0
1229,1193,0,0,0,0,0,0,0
1230,1195,0,0,0,0,0,0,0
1229,1196,0,0,0,0,0,0,0
1233,1197,0,0,0,0,0,0,0
1231,1197,0,0,0,0,0,0,0
1231,1197,0,0,0,0,0,0,0
1221,1196,0,0,0,0,0,0,0
1231,1195,0,0,0,0,0,0,0
1230,1194,0,0,0,0,0,0,0
1228,1196,0,0,0,0,0,0,0
1230,1196,0,0,0,0,0,0,0
1230,1194,0,0,0,0,0,0,0
1241,1195,0,0,0,0,0,0,0
1231,1196,0,0,0,0,0,0,0
1233,1194,0,0,0,0,0,0,0
1230,1194,0,0,0,0,0,0,0
1231,1195,0,0,0,0,0,0,0
1229,1194,0,0,0,0,0,0,0
1221,1197,0,0,0,0,0,0,0
1231,1194,0,0,0,0,0,0,0
1231,1196,0,0,0,0,0,0,0
1233,1195,0,0,0,0,0,0,0
1229,1195,0,0,0,0,0,0,0
1230,1194,0,0,0,0,0,0,0
1231,1193,0,0,0,0,0,0,0
1233,1197,0,0,0,0,0,0,0
1231,1195,0,0,0,0,0,0,0
1229,1204,0,0,0,0,0,0,0
1233,1196,0,0,0,0,0,0,0
1229,1197,0,0,0,0,0,0,0
1230,1194,0,0,0,0,0,0,0
1229,1193,0,0,0,0,0,0,0
1229,1194,0,0,0,0,0,0,0
1230,1195,0,0,0,0,0,0,0
1231,1195,0,0,0,0,0,0,0
1231,1195,0,0,0,0,0,0,0
1231,1196,0,0,0,0,0,0,0
1234,1194,0,0,0,0,0,0,0
1241,1195,0,0,0,0,0,0,0
1229,1196,0,0,0,0,0,0,0
1232,1196,0,0,0,0,0,0,0
1230,1195,0,0,0,0,0,0,0
1231,1195,0,0,0,0,0,0,0
1231,1194,0,0,0,0,0,0,0
1232,1195,0,0,0,0,0,0,0
1231,1197,0,0,0,0,0,0,0
1230,1193,0,0,0,0,0,0,0
1229,1196,0,0,0,0,0,0,0
1231,1194,0,0,0,0,0,0,0
1229,1195,0,0,0,0,0,0,0
1231,1195,0,0,0,0,0,0,0
1232,1194,0,0,0,0,0,0,0
1232,1196,0,0,0,0,0,0,0
1233,1197,0,0,0,0,0,0,0
1231,1196,0,0,0,0,0,0,0
1234,1195,0,0,0,0,0,0,0
1232,1196,0,0,0,0,0,0,0
1229,1195,0,0,0,0,0,0,0
1231,1195,0,0,0,0,0,0,0
1229,1196,0,0,0,0,0,0,0
1232,1196,0,0,0,0,0,0,0
1230,1196,0,0,0,0,0,0,0
1232,1194,0,0,0,0,0,0,0
1231,1193,0,0,0,0,0,0,0
1230,1195,0,0,0,0,0,0,0
1233,1193,0,0,0,0,0,0,0
1231,1195,0,0,0,0,0,0,0
1234,1194,0,0,0,0,0,0,0
1231,1195,0,0,0,0,0,0,0
1231,1195,0,0,0,0,0,0,0
1229,1196,0,0,0,0,0,0,0
1233,1196,0,0,0,0,0,0,0
1232,1194,0,0,0,0,0,0,0
1231,1195,0,0,0,0,0,0,0
1220,1196,0,0,0,0,0,0,0
1229,1195,0,0,0,0,0,0,0
1229,1195,0,0,0,0,0,0,0
1233,1196,0,0,0,0,0,0,0
1230,1193,0,0,0,0,0,0,0
1231,1196,0,0,0,0,0,0,0
1231,1194,0,0,0,0,0,0,0
1232,1192,0,0,0,0,0,0,0
1232,1193,0,0,0,0,0,0,0
1231,1195,0,0,0,0,0,0,0
1229,1197,0,0,0,0,0,0,0
1231,1195,0,0,0,0,0,0,0
1231,1194,0,0,0,0,0,0,0
1231,1195,0,0,0,0,0,0,0
1241,1194,0,0,0,0,0,0,0
1231,1193,0,0,0,0,0,0,0
1231,1193,0,0,0,0,0,0,0
1234,1193,0,0,0,0,0,0,0
1231,1196,0,0,0,0,0,0,0
1231,1194,0,0,0,0,0,0,0
1230,1194,0,0,0,0,0,0,0
1231,1187,0,0,0,0,0,0,0
1231,1195,0,0,0,0,0,0,0
1232,1195,0,0,0,0,0,0,0
1232,1194,0,0,0,0,0,0,0
1230,1195,0,0,0,0,0,0,0
1229,1194,0,0,0,0,0,0,0
1231,1184,0,0,0,0,0,0,0
1230,1195,0,0,0,0,0,0,0
1232,1196,0,0,0,0,0,0,0
1221,1196,0,0,0,0,0,0,0
1229,1196,0,0,0,0,0,0,0
1230,1196,0,0,0,0,0,0,0
1231,1197,0,0,0,0,0,0,0
1231,1196,0,0,0,0,0,0,0
1232,1193,0,0,0,0,0,0,0
1234,1197,0,0,0,0,0,0,0
1232,1187,0,0,0,0,0,0,0
1230,1197,0,0,0,0,0,0,0
1229,1195,0,0,0,0,0,0,0
1229,1197,0,0,0,0,0,0,0
1231,1195,0,0,0,0,0,0,0
1230,1196,0,0,0,0,0,0,0
1231,1195,0,0,0,0,0,0,0
1230,1195,0,0,0,0,0,0,0
1230,1195,0,0,0,0,0,0,0
1232,1195,0,0,0,0,0,0,0
1230,1194,0,0,0,0,0,0,0
1220,1196,0,0,0,0,0,0,0
1231,1195,0,0,0,0,0,0,0
1229,1192,0,0,0,0,0,0,0
1229,1194,0,0,0,0,0,0,0
1231,1192,0,0,0,0,0,0,0
1229,1197,0,0,0,0,0,0,0
1230,1196,0,0,0,0,0,0,0
1230,1196,0,0,0,0,0,0,0
1232,1197,0,0,0,0,0,0,0
1231,1195,0,0,0,0,0,0,0
1231,1196,0,0,0,0,0,0,0
1234,1194,0,0,0,0,0,0,0
1229,1193,0,0,0,0,0,0,0
1231,1195,0,0,0,0,0,0,0
1230,1197,0,0,0,0,0,0,0
1230,1193,0,0,0,0,0,0,0
1232,1192,0,0,0,0,0,0,0
1230,1195,0,0,0,0,0,0,0
1221,1186,0,0,0,0,0,0,0
1230,1195,0,0,0,0,0,0,0
1230,1195,0,0,0,0,0,0,0
1230,1197,0,0,0,0,0,0,0
1230,1195,0,0,0,0,0,0,0
1234,1195,0,0,0,0,0,0,0
1230,1196,0,0,0,0,0,0,0
1232,1194,0,0,0,0,0,0,0
1232,1196,0,0,0,0,0,0,0
1230,1195,0,0,0,0,0,0,0
1230,1194,0,0,0,0,0,0,0
1229,1196,0,0,0,0,0,0,0
1234,1196,0,0,0,0,0,0,0
1241,1196,0,0,0,0,0,0,0
1232,1195,0,0,0,0,0,0,0
1231,1195,0,0,0,0,0,0,0
1230,1195,0,0,0,0,0,0,0
1229,1195,0,0,0,0,0,0,0
1230,1195,0,0,0,0,0,0,0
1230,1194,0,0,0,0,0,0,0
1230,1195,0,0,0,0,0,0,0
1232,1195,0,0,0,0,0,0,0
1220,1193,0,0,0,0,0,0,0
1230,1196,0,0,0,0,0,0,0
1264,1232,0,0,0,0,0,0,0
1208,1184,0,0,0,0,0,0,0
958,971,0,0,0,0,0,0,0
597,622,0,0,0,0,0,0,0
667,630,0,0,0,0,0,0,0
1513,1539,0,0,0,0,0,0,0
1458,1493,0,0,0,0,0,0,0
621,641,0,0,0,0,0,0,0
753,713,0,0,0,0,0,0,0
1126,1098,0,0,0,0,0,0,0
1243,1199,0,0,0,0,0,0,0
1241,1160,0,0,0,0,0,0,0
1231,1136,0,0,0,0,0,0,0
1233,1196,0,0,0,0,0,0,0
1233,1197,0,0,0,0,0,0,0
1230,1199,0,0,0,0,0,0,0
1231,1195,0,0,0,0,0,0,0
1230,1195,0,0,0,0,0,0,0
1229,1193,0,0,0,0,0,0,0
1221,1195,0,0,0,0,0,0,0
1229,1194,0,0,0,0,0,0,0
1230,1195,0,0,0,0,0,0,0
1221,1197,0,0,0,0,0,0,0
1231,1196,0,0,0,0,0,0,0
1231,1195,0,0,0,0,0,0,0
1230,1196,0,0,0,0,0,0,0
1230,1195,0,0,0,0,0,0,0
1230,1193,0,0,0,0,0,0,0
1233,1193,0,0,0,0,0,0,0
1231,1193,0,0,0,0,0,0,0
1231,1196,0,0,0,0,0,0,0
1230,1196,0,0,0,0,0,0,0
1230,1194,0,0,0,0,0,0,0
1231,1193,0,0,0,0,0,0,0
1233,1194,0,0,0,0,0,0,0
1231,1195,0,0,0,0,0,0,0
1231,1193,0,0,0,0,0,0,0
1230,1195,0,0,0,0,0,0,0
1231,1196,0,0,0,0,0,0,0
1231,1195,0,0,0,0,0,0,0
1234,1195,0,0,0,0,0,0,0
1234,1196,0,0,0,0,0,0,0
1230,1193,0,0,0,0,0,0,0
1233,1194,0,0,0,0,0,0,0
1233,1195,0,0,0,0,0,0,0
1229,1195,0,0,0,0,0,0,0
1231,1194,0,0,0,0,0,0,0
1231,1194,0,0,0,0,0,0,0
1231,1196,0,0,0,0,0,0,0
1231,1184,0,0,0,0,0,0,0
1229,1195,0,0,0,0,0,0,0
1230,1194,0,0,0,0,0,0,0
1230,1194,0,0,0,0,0,0,0
1230,1195,0,0,0,0,0,0,0
1229,1195,0,0,0,0,0,0,0
1229,1195,0,0,0,0,0,0,0
1230,1192,0,0,0,0,0,0,0
1231,1195,0,0,0,0,0,0,0
1232,1196,0,0,0,0,0,0,0
1232,1194,0,0,0,0,0,0,0
1230,1194,0,0,0,0,0,0,0
1231,1196,0,0,0,0,0,0,0
1231,1195,0,0,0,0,0,0,0
1233,1194,0,0,0,0,0,0,0
1233,1195,0,0,0,0,0,0,0
1231,1196,0,0,0,0,0,0,0
1231,1195,0,0,0,0,0,0,0
1229,1192,0,0,0,0,0,0,0
1229,1194,0,0,0,0,0,0,0
1229,1195,0,0,0,0,0,0,0
1220,1194,0,0,0,0,0,0,0
1231,1197,0,0,0,0,0,0,0
1230,1195,0,0,0,0,0,0,0
1229,1194,0,0,0,0,0,0,0
1241,1195,0,0,0,0,0,0,0
1230,1196,0,0,0,0,0,0,0
1230,1195,0,0,0,0,0,0,0
1229,1195,0,0,0,0,0,0,0
1229,1197,0,0,0,0,0,0,0
1231,1195,0,0,0,0,0,0,0
1221,1193,0,0,0,0,0,0,0
1229,1197,0,0,0,0,0,0,0
1229,1194,0,0,0,0,0,0,0
1234,1196,0,0,0,0,0,0,0
1221,1194,0,0,0,0,0,0,0
1230,1193,0,0,0,0,0,0,0
1232,1195,0,0,0,0,0,0,0
1229,1197,0,0,0,0,0,0,0
1231,1197,0,0,0,0,0,0,0
1231,1195,0,0,0,0,0,0,0
1232,1196,0,0,0,0,0,0,0
1231,1196,0,0,0,0,0,0,0
1231,1195,0,0,0,0,0,0,0
1230,1194,0,0,0,0,0,0,0
1229,1194,0,0,0,0,0,0,0
1231,1196,0,0,0,0,0,0,0
1231,1195,0,0,0,0,0,0,0
1220,1195,0,0,0,0,0,0,0
1230,1195,0,0,0,0,0,0,0
1230,1196,0,0,0,0,0,0,0
1229,1195,0,0,0,0,0,0,0
1230,1194,0,0,0,0,0,0,0
1232,1193,0,0,0,0,0,0,0
1229,1196,0,0,0,0,0,0,0
1233,1194,0,0,0,0,0,0,0
1231,1196,0,0,0,0,0,0,0
1232,1195,0,0,0,0,0,0,0
1231,1195,0,0,0,0,0,0,0
1229,1195,0,0,0,0,0,0,0
1221,1195,0,0,0,0,0,0,0
1230,1192,0,0,0,0,0,0,0
1231,1196,0,0,0,0,0,0,0
1231,1194,0,0,0,0,0,0,0
1230,1195,0,0,0,0,0,0,0
1221,1196,0,0,0,0,0,0,0
1231,1196,0,0,0,0,0,0,0
1231,1195,0,0,0,0,0,0,0
1231,1195,0,0,0,0,0,0,0
1230,1195,0,0,0,0,0,0,0
1230,1195,0,0,0,0,0,0,0
1232,1194,0,0,0,0,0,0,0
1230,1194,0,0,0,0,0,0,0
1230,1195,0,0,0,0,0,0,0
1231,1195,0,0,0,0,0,0,0
1231,1194,0,0,0,0,0,0,0
1230,1195,0,0,0,0,0,0,0
1230,1193,0,0,0,0,0,0,0
1229,1194,0,0,0,0,0,0,0
1220,1195,0,0,0,0,0,0,0
1230,1195,0,0,0,0,0,0,0
1231,1197,0,0,0,0,0,0,0
1221,1195,0,0,0,0,0,0,0
1231,1197,0,0,0,0,0,0,0
1221,1193,0,0,0,0,0,0,0
1229,1194,0,0,0,0,0,0,0
1220,1195,0,0,0,0,0,0,0
1230,1195,0,0,0,0,0,0,0
1233,1195,0,0,0,0,0,0,0
1232,1195,0,0,0,0,0,0,0
1231,1195,0,0,0,0,0,0,0
1232,1195,0,0,0,0,0,0,0
1230,1195,0,0,0,0,0,0,0
1229,1194,0,0,0,0,0,0,0
1230,1196,0,0,0,0,0,0,0
1240,1192,0,0,0,0,0,0,0
1230,1195,0,0,0,0,0,0,0
1230,1196,0,0,0,0,0,0,0
1229,1194,0,0,0,0,0,0,0
1231,1193,0,0,0,0,0,0,0
1230,1194,0,0,0,0,0,0,0
1230,1197,0,0,0,0,0,0,0
1229,1195,0,0,0,0,0,0,0
1230,1193,0,0,0,0,0,0,0
1230,1196,0,0,0,0,0,0,0
1229,1197,0,0,0,0,0,0,0
1230,1193,0,0,0,0,0,0,0
1230,1194,0,0,0,0,0,0,0
1231,1194,0,0,0,0,0,0,0
1231,1194,0,0,0,0,0,0,0
1230,1193,0,0,0,0,0,0,0
1230,1193,0,0,0,0,0,0,0
1230,1195,0,0,0,0,0,0,0
1230,1196,0,0,0,0,0,0,0
1234,1195,0,0,0,0,0,0,0
1232,1195,0,0,0,0,0,0,0
1232,1196,0,0,0,0,0,0,0
1234,1195,0,0,0,0,0,0,0
1231,1194,0,0,0,0,0,0,0
1230,1196,0,0,0,0,0,0,0
1231,1192,0,0,0,0,0,0,0
1230,1196,0,0,0,0,0,0,0
1221,1194,0,0,0,0,0,0,0
1229,1196,0,0,0,0,0,0,0
1230,1194,0,0,0,0,0,0,0
1233,1192,0,0,0,0,0,0,0
1221,1195,0,0,0,0,0,0,0
1230,1196,0,0,0,0,0,0,0
1233,1194,0,0,0,0,0,0,0
1229,1196,0,0,0,0,0,0,0
1230,1196,0,0,0,0,0,0,0
1231,1196,0,0,0,0,0,0,0
1231,1193,0,0,0,0,0,0,0
1231,1195,0,0,0,0,0,0,0
1230,1196,0,0,0,0,0,0,0
1231,1195,0,0,0,0,0,0,0
1221,1195,0,0,0,0,0,0,0
1228,1193,0,0,0,0,0,0,0
1221,1197,0,0,0,0,0,0,0
1234,1193,0,0,0,0,0,0,0
1232,1195,0,0,0,0,0,0,0
1232,1196,0,0,0,0,0,0,0
1229,1195,0,0,0,0,0,0,0
1229,1195,0,0,0,0,0,0,0
1230,1197,0,0,0,0,0,0,0
1229,1196,0,0,0,0,0,0,0
1231,1194,0,0,0,0,0,0,0
1230,1195,0,0,0,0,0,0,0
1234,1195,0,0,0,0,0,0,0
1231,1196,0,0,0,0,0,0,0
1231,1196,0,0,0,0,0,0,0
1230,1196,0,0,0,0,0,0,0
1229,1196,0,0,0,0,0,0,0
1231,1195,0,0,0,0,0,0,0
1229,1196,0,0,0,0,0,0,0
1230,1195,0,0,0,0,0,0,0
1231,1204,0,0,0,0,0,0,0
1231,1195,0,0,0,0,0,0,0
1230,1196,0,0,0,0,0,0,0
1231,1195,0,0,0,0,0,0,0
1231,1192,0,0,0,0,0,0,0
1221,1195,0,0,0,0,0,0,0
1230,1196,0,0,0,0,0,0,0
1230,1194,0,0,0,0,0,0,0
1231,1196,0,0,0,0,0,0,0
1229,1195,0,0,0,0,0,0,0
1232,1192,0,0,0,0,0,0,0
1230,1192,0,0,0,0,0,0,0
1229,1184,0,0,0,0,0,0,0
1221,1194,0,0,0,0,0,0,0
1230,1195,0,0,0,0,0,0,0
1231,1197,0,0,0,0,0,0,0
1230,1195,0,0,0,0,0,0,0
1231,1195,0,0,0,0,0,0,0
1229,1196,0,0,0,0,0,0,0
1230,1193,0,0,0,0,0,0,0
1231,1195,0,0,0,0,0,0,0
1230,1195,0,0,0,0,0,0,0
1232,1194,0,0,0,0,0,0,0
1230,1193,0,0,0,0,0,0,0
1231,1196,0,0,0,0,0,0,0
1230,1195,0,0,0,0,0,0,0
1229,1196,0,0,0,0,0,0,0
1231,1197,0,0,0,0,0,0,0
1229,1195,0,0,0,0,0,0,0
1230,1192,0,0,0,0,0,0,0
1229,1195,0,0,0,0,0,0,0
1230,1192,0,0,0,0,0,0,0
1241,1196,0,0,0,0,0,0,0
1233,1196,0,0,0,0,0,0,0
1231,1195,0,0,0,0,0,0,0
1231,1193,0,0,0,0,0,0,0
1231,1196,0,0,0,0,0,0,0
1229,1195,0,0,0,0,0,0,0
1231,1194,0,0,0,0,0,0,0
1231,1195,0,0,0,0,0,0,0
1229,1186,0,0,0,0,0,0,0
1231,1193,0,0,0,0,0,0,0
1233,1196,0,0,0,0,0,0,0
1229,1194,0,0,0,0,0,0,0
1229,1195,0,0,0,0,0,0,0
1230,1195,0,0,0,0,0,0,0
1230,1195,0,0,0,0,0,0,0
1231,1194,0,0,0,0,0,0,0
1232,1196,0,0,0,0,0,0,0
1230,1196,0,0,0,0,0,0,0
1230,1195,0,0,0,0,0,0,0
1231,1197,0,0,0,0,0,0,0
1230,1193,0,0,0,0,0,0,0
1231,1195,0,0,0,0,0,0,0
1231,1195,0,0,0,0,0,0,0
1231,1193,0,0,0,0,0,0,0
1232,1195,0,0,0,0,0,0,0
1230,1195,0,0,0,0,0,0,0
1231,1195,0,0,0,0,0,0,0
1230,1194,0,0,0,0,0,0,0
1230,1196,0,0,0,0,0,0,0
1229,1195,0,0,0,0,0,0,0
1230,1194,0,0,0,0,0,0,0
1229,1195,0,0,0,0,0,0,0
1241,1195,0,0,0,0,0,0,0
1229,1194,0,0,0,0,0,0,0
1229,1193,0,0,0,0,0,0,0
1231,1195,0,0,0,0,0,0,0
1233,1195,0,0,0,0,0,0,0
1230,1194,0,0,0,0,0,0,0
1231,1193,0,0,0,0,0,0,0
1230,1192,0,0,0,0,0,0,0
1230,1194,0,0,0,0,0,0,0
1231,1196,0,0,0,0,0,0,0
1233,1195,0,0,0,0,0,0,0
1232,1195,0,0,0,0,0,0,0
1230,1195,0,0,0,0,0,0,0
1232,1195,0,0,0,0,0,0,0
1229,1193,0,0,0,0,0,0,0
1230,1193,0,0,0,0,0,0,0
1220,1196,0,0,0,0,0,0,0
1231,1196,0,0,0,0,0,0,0
1231,1196,0,0,0,0,0,0,0
1231,1195,0,0,0,0,0,0,0
1232,1197,0,0,0,0,0,0,0
1231,1196,0,0,0,0,0,0,0
1231,1196,0,0,0,0,0,0,0
1228,1195,0,0,0,0,0,0,0
1229,1196,0,0,0,0,0,0,0
1230,1195,0,0,0,0,0,0,0
1231,1195,0,0,0,0,0,0,0
1229,1196,0,0,0,0,0,0,0
1229,1195,0,0,0,0,0,0,0
1230,1196,0,0,0,0,0,0,0
1231,1195,0,0,0,0,0,0,0
1234,1196,0,0,0,0,0,0,0
1232,1197,0,0,0,0,0,0,0
1240,1203,0,0,0,0,0,0,0
1230,1197,0,0,0,0,0,0,0
1229,1197,0,0,0,0,0,0,0
1229,1194,0,0,0,0,0,0,0
1233,1196,0,0,0,0,0,0,0
1230,1195,0,0,0,0,0,0,0
1229,1196,0,0,0,0,0,0,0
1232,1193,0,0,0,0,0,0,0
1233,1195,0,0,0,0,0,0,0
1232,1193,0,0,0,0,0,0,0
1230,1195,0,0,0,0,0,0,0
1241,1195,0,0,0,0,0,0,0
1231,1196,0,0,0,0,0,0,0
1229,1196,0,0,0,0,0,0,0
1241,1195,0,0,0,0,0,0,0
1232,1195,0,0,0,0,0,0,0
1234,1193,0,0,0,0,0,0,0
1229,1195,0,0,0,0,0,0,0
1229,1194,0,0,0,0,0,0,0
1229,1195,0,0,0,0,0,0,0
1230,1197,0,0,0,0,0,0,0
1233,1195,0,0,0,0,0,0,0
1229,1194,0,0,0,0,0,0,0
1230,1195,0,0,0,0,0,0,0
1232,1195,0,0,0,0,0,0,0
1231,1195,0,0,0,0,0,0,0
1229,1192,0,0,0,0,0,0,0
1229,1195,0,0,0,0,0,0,0
1241,1195,0,0,0,0,0,0,0
1232,1195,0,0,0,0,0,0,0
1229,1196,0,0,0,0,0,0,0
1233,1197,0,0,0,0,0,0,0
1230,1194,0,0,0,0,0,0,0
1229,1193,0,0,0,0,0,0,0
1232,1196,0,0,0,0,0,0,0
1231,1195,0,0,0,0,0,0,0
1232,1195,0,0,0,0,0,0,0
1230,1196,0,0,0,0,0,0,0
1230,1195,0,0,0,0,0,0,0
1221,1195,0,0,0,0,0,0,0
1230,1193,0,0,0,0,0,0,0
1233,1195,0,0,0,0,0,0,0
1229,1195,0,0,0,0,0,0,0
1229,1195,0,0,0,0,0,0,0
1231,1196,0,0,0,0,0,0,0
1230,1194,0,0,0,0,0,0,0
1232,1196,0,0,0,0,0,0,0
1229,1194,0,0,0,0,0,0,0
1231,1194,0,0,0,0,0,0,0
1229,1196,0,0,0,0,0,0,0
1232,1187,0,0,0,0,0,0,0
1230,1194,0,0,0,0,0,0,0
1230,1193,0,0,0,0,0,0,0
1241,1195,0,0,0,0,0,0,0
1234,1196,0,0,0,0,0,0,0
1234,1194,0,0,0,0,0,0,0
1229,1193,0,0,0,0,0,0,0
1230,1193,0,0,0,0,0,0,0
1228,1193,0,0,0,0,0,0,0
1232,1192,0,0,0,0,0,0,0
1229,1195,0,0,0,0,0,0,0
1231,1196,0,0,0,0,0,0,0
1231,1197,0,0,0,0,0,0,0
1231,1196,0,0,0,0,0,0,0
1231,1196,0,0,0,0,0,0,0
1221,1195,0,0,0,0,0,0,0
1230,1196,0,0,0,0,0,0,0
1231,1197,0,0,0,0,0,0,0
1234,1196,0,0,0,0,0,0,0
1231,1197,0,0,0,0,0,0,0
1231,1195,0,0,0,0,0,0,0
1241,1196,0,0,0,0,0,0,0
1231,1196,0,0,0,0,0,0,0
1229,1195,0,0,0,0,0,0,0
1232,1195,0,0,0,0,0,0,0
1221,1195,0,0,0,0,0,0,0
1231,1197,0,0,0,0,0,0,0
1231,1199,0,0,0,0,0,0,0
1241,1195,0,0,0,0,0,0,0
1232,1195,0,0,0,0,0,0,0
1229,1195,0,0,0,0,0,0,0
1233,1196,0,0,0,0,0,0,0
1231,1184,0,0,0,0,0,0,0
1229,1194,0,0,0,0,0,0,0
1221,1195,0,0,0,0,0,0,0
1231,1195,0,0,0,0,0,0,0
1231,1196,0,0,0,0,0,0,0
1231,1195,0,0,0,0,0,0,0
1230,1193,0,0,0,0,0,0,0
1229,1195,0,0,0,0,0,0,0
1230,1192,0,0,0,0,0,0,0
1230,1195,0,0,0,0,0,0,0
1230,1196,0,0,0,0,0,0,0
1230,1197,0,0,0,0,0,0,0
1233,1195,0,0,0,0,0,0,0
1232,1195,0,0,0,0,0,0,0
1230,1193,0,0,0,0,0,0,0
1231,1196,0,0,0,0,0,0,0
1231,1193,0,0,0,0,0,0,0
1231,1195,0,0,0,0,0,0,0
1231,1194,0,0,0,0,0,0,0
1229,1195,0,0,0,0,0,0,0
1234,1197,0,0,0,0,0,0,0
1234,1194,0,0,0,0,0,0,0
1230,1196,0,0,0,0,0,0,0
1231,1195,0,0,0,0,0,0,0
1231,1194,0,0,0,0,0,0,0
1221,1187,0,0,0,0,0,0,0
1231,1197,0,0,0,0,0,0,0
1232,1197,0,0,0,0,0,0,0
1232,1193,0,0,0,0,0,0,0
1231,1195,0,0,0,0,0,0,0
1232,1194,0,0,0,0,0,0,0
1229,1193,0,0,0,0,0,0,0
1230,1193,0,0,0,0,0,0,0
1230,1193,0,0,0,0,0,0,0
1230,1194,0,0,0,0,0,0,0
1231,1196,0,0,0,0,0,0,0
1229,1193,0,0,0,0,0,0,0
1233,1195,0,0,0,0,0,0,0
1230,1196,0,0,0,0,0,0,0
1230,1195,0,0,0,0,0,0,0
1230,1196,0,0,0,0,0,0,0
1231,1195,0,0,0,0,0,0,0
1229,1195,0,0,0,0,0,0,0
1233,1196,0,0,0,0,0,0,0
1232,1194,0,0,0,0,0,0,0
1231,1195,0,0,0,0,0,0,0
1231,1196,0,0,0,0,0,0,0
1230,1196,0,0,0,0,0,0,0
1232,1196,0,0,0,0,0,0,0
1231,1192,0,0,0,0,0,0,0
1229,1196,0,0,0,0,0,0,0
1220,1196,0,0,0,0,0,0,0
1229,1196,0,0,0,0,0,0,0
1230,1196,0,0,0,0,0,0,0
1230,1196,0,0,0,0,0,0,0
1231,1196,0,0,0,0,0,0,0
1231,1193,0,0,0,0,0,0,0
1230,1194,0,0,0,0,0,0,0
1231,1193,0,0,0,0,0,0,0
1231,1197,0,0,0,0,0,0,0
1221,1196,0,0,0,0,0,0,0
1230,1196,0,0,0,0,0,0,0
1233,1193,0,0,0,0,0,0,0
1232,1194,0,0,0,0,0,0,0
1232,1196,0,0,0,0,0,0,0
1221,1197,0,0,0,0,0,0,0
1232,1195,0,0,0,0,0,0,0
1241,1193,0,0,0,0,0,0,0
1229,1192,0,0,0,0,0,0,0
1231,1196,0,0,0,0,0,0,0
1230,1195,0,0,0,0,0,0,0
1231,1196,0,0,0,0,0,0,0
1232,1195,0,0,0,0,0,0,0
1230,1194,0,0,0,0,0,0,0
1231,1196,0,0,0,0,0,0,0
1229,1195,0,0,0,0,0,0,0
1232,1194,0,0,0,0,0,0,0
1232,1194,0,0,0,0,0,0,0
1232,1195,0,0,0,0,0,0,0
1232,1197,0,0,0,0,0,0,0
1229,1195,0,0,0,0,0,0,0
1229,1193,0,0,0,0,0,0,0
1221,1195,0,0,0,0,0,0,0
1220,1193,0,0,0,0,0,0,0
1230,1194,0,0,0,0,0,0,0
1231,1196,0,0,0,0,0,0,0
1234,1195,0,0,0,0,0,0,0
1230,1196,0,0,0,0,0,0,0
1231,1194,0,0,0,0,0,0,0
1231,1197,0,0,0,0,0,0,0
1230,1195,0,0,0,0,0,0,0
1229,1196,0,0,0,0,0,0,0
1230,1195,0,0,0,0,0,0,0
1230,1195,0,0,0,0,0,0,0
1230,1195,0,0,0,0,0,0,0
1230,1195,0,0,0,0,0,0,0
1230,1195,0,0,0,0,0,0,0
1229,1192,0,0,0,0,0,0,0
1230,1196,0,0,0,0,0,0,0
1229,1193,0,0,0,0,0,0,0
1230,1193,0,0,0,0,0,0,0
1230,1196,0,0,0,0,0,0,0
1231,1196,0,0,0,0,0,0,0
1230,1196,0,0,0,0,0,0,0
1231,1194,0,0,0,0,0,0,0
1231,1204,0,0,0,0,0,0,0
1233,1192,0,0,0,0,0,0,0
1231,1197,0,0,0,0,0,0,0
1229,1195,0,0,0,0,0,0,0
1231,1193,0,0,0,0,0,0,0
1229,1196,0,0,0,0,0,0,0
1234,1196,0,0,0,0,0,0,0
1230,1197,0,0,0,0,0,0,0
1231,1195,0,0,0,0,0,0,0
1233,1195,0,0,0,0,0,0,0
1231,1196,0,0,0,0,0,0,0
1230,1196,0,0,0,0,0,0,0
1230,1195,0,0,0,0,0,0,0
1231,1196,0,0,0,0,0,0,0
1231,1195,0,0,0,0,0,0,0
1240,1197,0,0,0,0,0,0,0
1233,1196,0,0,0,0,0,0,0
1229,1195,0,0,0,0,0,0,0
1220,1195,0,0,0,0,0,0,0
1233,1195,0,0,0,0,0,0,0
1230,1196,0,0,0,0,0,0,0
1230,1193,0,0,0,0,0,0,0
1230,1197,0,0,0,0,0,0,0
1231,1193,0,0,0,0,0,0,0
1234,1195,0,0,0,0,0,0,0
1233,1195,0,0,0,0,0,0,0
1230,1194,0,0,0,0,0,0,0
1233,1196,0,0,0,0,0,0,0
1233,1195,0,0,0,0,0,0,0
1231,1196,0,0,0,0,0,0,0
1234,1196,0,0,0,0,0,0,0
1232,1195,0,0,0,0,0,0,0
1229,1193,0,0,0,0,0,0,0
1229,1195,0,0,0,0,0,0,0
1233,1193,0,0,0,0,0,0,0
1232,1196,0,0,0,0,0,0,0
1221,1191,0,0,0,0,0,0,0
1230,1195,0,0,0,0,0,0,0
1220,1193,0,0,0,0,0,0,0
1233,1193,0,0,0,0,0,0,0
1232,1193,0,0,0,0,0,0,0
1230,1197,0,0,0,0,0,0,0
1230,1195,0,0,0,0,0,0,0
1231,1196,0,0,0,0,0,0,0
1231,1195,0,0,0,0,0,0,0
1233,1195,0,0,0,0,0,0,0
1229,1193,0,0,0,0,0,0,0
1232,1194,0,0,0,0,0,0,0
1228,1196,0,0,0,0,0,0,0
1231,1193,0,0,0,0,0,0,0
1241,1194,0,0,0,0,0,0,0
1229,1195,0,0,0,0,0,0,0
1231,1193,0,0,0,0,0,0,0
1231,1195,0,0,0,0,0,0,0
1230,1195,0,0,0,0,0,0,0
1230,1195,0,0,0,0,0,0,0
1230,1197,0,0,0,0,0,0,0
1230,1195,0,0,0,0,0,0,0
1230,1195,0,0,0,0,0,0,0
1230,1196,0,0,0,0,0,0,0
1233,1192,0,0,0,0,0,0,0
1230,1195,0,0,0,0,0,0,0
1229,1195,0,0,0,0,0,0,0
1231,1197,0,0,0,0,0,0,0
1230,1195,0,0,0,0,0,0,0
1231,1195,0,0,0,0,0,0,0
1232,1194,0,0,0,0,0,0,0
1221,1194,0,0,0,0,0,0,0
1230,1193,0,0,0,0,0,0,0
1231,1195,0,0,0,0,0,0,0
1220,1195,0,0,0,0,0,0,0
1234,1192,0,0,0,0,0,0,0
1231,1194,0,0,0,0,0,0,0
1231,1195,0,0,0,0,0,0,0
1221,1199,0,0,0,0,0,0,0
1231,1196,0,0,0,0,0,0,0
1241,1196,0,0,0,0,0,0,0
1229,1196,0,0,0,0,0,0,0
1231,1193,0,0,0,0,0,0,0
1231,1196,0,0,0,0,0,0,0
1231,1193,0,0,0,0,0,0,0
1233,1195,0,0,0,0,0,0,0
1229,1193,0,0,0,0,0,0,0
1232,1196,0,0,0,0,0,0,0
1231,1193,0,0,0,0,0,0,0
1229,1195,0,0,0,0,0,0,0
1229,1195,0,0,0,0,0,0,0
1232,1195,0,0,0,0,0,0,0
1230,1186,0,0,0,0,0,0,0
1221,1197,0,0,0,0,0,0,0
1229,1196,0,0,0,0,0,0,0
1230,1196,0,0,0,0,0,0,0
1230,1195,0,0,0,0,0,0,0
1231,1197,0,0,0,0,0,0,0
1229,1194,0,0,0,0,0,0,0
1230,1196,0,0,0,0,0,0,0
1230,1196,0,0,0,0,0,0,0
1229,1196,0,0,0,0,0,0,0
1232,1193,0,0,0,0,0,0,0
1230,1195,0,0,0,0,0,0,0
1233,1195,0,0,0,0,0,0,0
1230,1195,0,0,0,0,0,0,0
1230,1196,0,0,0,0,0,0,0
1230,1194,0,0,0,0,0,0,0
1229,1184,0,0,0,0,0,0,0
1233,1196,0,0,0,0,0,0,0
1229,1195,0,0,0,0,0,0,0
1231,1196,0,0,0,0,0,0,0
1229,1194,0,0,0,0,0,0,0
1231,1196,0,0,0,0,0,0,0
1231,1196,0,0,0,0,0,0,0
1232,1193,0,0,0,0,0,0,0
1231,1196,0,0,0,0,0,0,0
1230,1195,0,0,0,0,0,0,0
1233,1196,0,0,0,0,0,0,0
1221,1194,0,0,0,0,0,0,0
1230,1196,0,0,0,0,0,0,0
1230,1195,0,0,0,0,0,0,0
1231,1195,0,0,0,0,0,0,0
1230,1196,0,0,0,0,0,0,0
1230,1193,0,0,0,0,0,0,0
1230,1192,0,0,0,0,0,0,0
1233,1195,0,0,0,0,0,0,0
1230,1196,0,0,0,0,0,0,0
1231,1193,0,0,0,0,0,0,0
1233,1199,0,0,0,0,0,0,0
1233,1196,0,0,0,0,0,0,0
1230,1197,0,0,0,0,0,0,0
1230,1197,0,0,0,0,0,0,0
1231,1196,0,0,0,0,0,0,0
1230,1197,0,0,0,0,0,0,0
1229,1195,0,0,0,0,0,0,0
1230,1194,0,0,0,0,0,0,0
1241,1195,0,0,0,0,0,0,0
1231,1196,0,0,0,0,0,0,0
1232,1196,0,0,0,0,0,0,0
1230,1194,0,0,0,0,0,0,0
1231,1196,0,0,0,0,0,0,0
1229,1193,0,0,0,0,0,0,0
1232,1194,0,0,0,0,0,0,0
1231,1192,0,0,0,0,0,0,0
1233,1193,0,0,0,0,0,0,0
1230,1196,0,0,0,0,0,0,0
1241,1195,0,0,0,0,0,0,0
1231,1193,0,0,0,0,0,0,0
1230,1195,0,0,0,0,0,0,0
1229,1194,0,0,0,0,0,0,0
1229,1195,0,0,0,0,0,0,0
1221,1196,0,0,0,0,0,0,0
1232,1195,0,0,0,0,0,0,0
1231,1196,0,0,0,0,0,0,0
1232,1194,0,0,0,0,0,0,0
1229,1192,0,0,0,0,0,0,0
1229,1194,0,0,0,0,0,0,0
1229,1193,0,0,0,0,0,0,0
1231,1193,0,0,0,0,0,0,0
1229,1196,0,0,0,0,0,0,0
1231,1195,0,0,0,0,0,0,0
1230,1196,0,0,0,0,0,0,0
1232,1195,0,0,0,0,0,0,0
1232,1196,0,0,0,0,0,0,0
1230,1194,0,0,0,0,0,0,0
1232,1193,0,0,0,0,0,0,0
1231,1195,0,0,0,0,0,0,0
1229,1195,0,0,0,0,0,0,0
1229,1196,0,0,0,0,0,0,0
1230,1196,0,0,0,0,0,0,0
1232,1195,0,0,0,0,0,0,0
1232,1192,0,0,0,0,0,0,0
1231,1195,0,0,0,0,0,0,0
1231,1195,0,0,0,0,0,0,0
1231,1196,0,0,0,0,0,0,0
1230,1192,0,0,0,0,0,0,0
1229,1187,0,0,0,0,0,0,0
1230,1197,0,0,0,0,0,0,0
1230,1195,0,0,0,0,0,0,0
1230,1195,0,0,0,0,0,0,0
1230,1192,0,0,0,0,0,0,0
1230,1195,0,0,0,0,0,0,0
1230,1196,0,0,0,0,0,0,0
1231,1195,0,0,0,0,0,0,0
1233,1197,0,0,0,0,0,0,0
1269,1241,0,0,0,0,0,0,0
1218,1192,0,0,0,0,0,0,0
1003,1014,0,0,0,0,0,0,0
640,671,0,0,0,0,0,0,0
592,569,0,0,0,0,0,0,0
1425,1400,0,0,0,0,0,0,0
1555,1585,0,0,0,0,0,0,0
690,715,0,0,0,0,0,0,0
704,678,0,0,0,0,0,0,0
1102,1066,0,0,0,0,0,0,0
1241,1180,0,0,0,0,0,0,0
1233,1147,0,0,0,0,0,0,0
1230,1160,0,0,0,0,0,0,0
1232,1196,0,0,0,0,0,0,0
1231,1204,0,0,0,0,0,0,0
1231,1196,0,0,0,0,0,0,0
1232,1196,0,0,0,0,0,0,0
1230,1196,0,0,0,0,0,0,0
1230,1194,0,0,0,0,0,0,0
1232,1194,0,0,0,0,0,0,0
1229,1196,0,0,0,0,0,0,0
1231,1195,0,0,0,0,0,0,0
1231,1193,0,0,0,0,0,0,0
1230,1197,0,0,0,0,0,0,0
1230,1194,0,0,0,0,0,0,0
1229,1193,0,0,0,0,0,0,0
1230,1196,0,0,0,0,0,0,0
1234,1194,0,0,0,0,0,0,0
1231,1196,0,0,0,0,0,0,0
1220,1196,0,0,0,0,0,0,0
1229,1195,0,0,0,0,0,0,0
1231,1194,0,0,0,0,0,0,0
1234,1194,0,0,0,0,0,0,0
1231,1197,0,0,0,0,0,0,0
1230,1192,0,0,0,0,0,0,0
1230,1195,0,0,0,0,0,0,0
1229,1194,0,0,0,0,0,0,0
1230,1196,0,0,0,0,0,0,0
1231,1194,0,0,0,0,0,0,0
1231,1194,0,0,0,0,0,0,0
1230,1194,0,0,0,0,0,0,0
1233,1194,0,0,0,0,0,0,0
1231,1196,0,0,0,0,0,0,0
1231,1194,0,0,0,0,0,0,0
1232,1196,0,0,0,0,0,0,0
1241,1194,0,0,0,0,0,0,0
1228,1193,0,0,0,0,0,0,0
1230,1195,0,0,0,0,0,0,0
1232,1196,0,0,0,0,0,0,0
1230,1195,0,0,0,0,0,0,0
1232,1195,0,0,0,0,0,0,0
1231,1195,0,0,0,0,0,0,0
1233,1194,0,0,0,0,0,0,0
1229,1196,0,0,0,0,0,0,0
1230,1193,0,0,0,0,0,0,0
1231,1193,0,0,0,0,0,0,0
1231,1196,0,0,0,0,0,0,0
1234,1193,0,0,0,0,0,0,0
1230,1193,0,0,0,0,0,0,0
1229,1196,0,0,0,0,0,0,0
1234,1196,0,0,0,0,0,0,0
1229,1194,0,0,0,0,0,0,0
1231,1186,0,0,0,0,0,0,0
1232,1195,0,0,0,0,0,0,0
1221,1196,0,0,0,0,0,0,0
1232,1196,0,0,0,0,0,0,0
1231,1197,0,0,0,0,0,0,0
1229,1197,0,0,0,0,0,0,0
1230,1195,0,0,0,0,0,0,0
1230,1194,0,0,0,0,0,0,0
1232,1193,0,0,0,0,0,0,0
1232,1186,0,0,0,0,0,0,0
1233,1197,0,0,0,0,0,0,0
1230,1196,0,0,0,0,0,0,0
1229,1195,0,0,0,0,0,0,0
1230,1196,0,0,0,0,0,0,0
1231,1195,0,0,0,0,0,0,0
1229,1193,0,0,0,0,0,0,0
1230,1195,0,0,0,0,0,0,0
1231,1193,0,0,0,0,0,0,0
1229,1196,0,0,0,0,0,0,0
1231,1193,0,0,0,0,0,0,0
1233,1194,0,0,0,0,0,0,0
1231,1197,0,0,0,0,0,0,0
1232,1195,0,0,0,0,0,0,0
1231,1195,0,0,0,0,0,0,0
1232,1194,0,0,0,0,0,0,0
1229,1193,0,0,0,0,0,0,0
1230,1193,0,0,0,0,0,0,0
1229,1194,0,0,0,0,0,0,0
1231,1194,0,0,0,0,0,0,0
1231,1195,0,0,0,0,0,0,0
1229,1193,0,0,0,0,0,0,0
1230,1197,0,0,0,0,0,0,0
1231,1193,0,0,0,0,0,0,0
1230,1194,0,0,0,0,0,0,0
1221,1193,0,0,0,0,0,0,0
1231,1192,0,0,0,0,0,0,0
1221,1195,0,0,0,0,0,0,0
1229,1195,0,0,0,0,0,0,0
1231,1195,0,0,0,0,0,0,0
1229,1195,0,0,0,0,0,0,0
1230,1196,0,0,0,0,0,0,0
1232,1196,0,0,0,0,0,0,0
1229,1196,0,0,0,0,0,0,0
1221,1195,0,0,0,0,0,0,0
1230,1196,0,0,0,0,0,0,0
1229,1195,0,0,0,0,0,0,0
1231,1195,0,0,0,0,0,0,0
1234,1197,0,0,0,0,0,0,0
1230,1193,0,0,0,0,0,0,0
1230,1196,0,0,0,0,0,0,0
1231,1192,0,0,0,0,0,0,0
1232,1193,0,0,0,0,0,0,0
1230,1195,0,0,0,0,0,0,0
1230,1197,0,0,0,0,0,0,0
1230,1195,0,0,0,0,0,0,0
1232,1196,0,0,0,0,0,0,0
1230,1196,0,0,0,0,0,0,0
1229,1196,0,0,0,0,0,0,0
1234,1194,0,0,0,0,0,0,0
1231,1184,0,0,0,0,0,0,0
1229,1193,0,0,0,0,0,0,0
1229,1195,0,0,0,0,0,0,0
1229,1195,0,0,0,0,0,0,0
1221,1194,0,0,0,0,0,0,0
1231,1194,0,0,0,0,0,0,0
1233,1193,0,0,0,0,0,0,0
1230,1195,0,0,0,0,0,0,0
1230,1194,0,0,0,0,0,0,0
1232,1196,0,0,0,0,0,0,0
1228,1195,0,0,0,0,0,0,0
1229,1194,0,0,0,0,0,0,0
1231,1195,0,0,0,0,0,0,0
1231,1195,0,0,0,0,0,0,0
1230,1195,0,0,0,0,0,0,0
1229,1196,0,0,0,0,0,0,0
1230,1192,0,0,0,0,0,0,0
1229,1193,0,0,0,0,0,0,0
1229,1195,0,0,0,0,0,0,0
1220,1193,0,0,0,0,0,0,0
1230,1197,0,0,0,0,0,0,0
1221,1194,0,0,0,0,0,0,0
1241,1195,0,0,0,0,0,0,0
1221,1195,0,0,0,0,0,0,0
1230,1194,0,0,0,0,0,0,0
1228,1195,0,0,0,0,0,0,0
1229,1194,0,0,0,0,0,0,0
1232,1196,0,0,0,0,0,0,0
1230,1195,0,0,0,0,0,0,0
1229,1193,0,0,0,0,0,0,0
1230,1193,0,0,0,0,0,0,0
1231,1196,0,0,0,0,0,0,0
1233,1195,0,0,0,0,0,0,0
1229,1184,0,0,0,0,0,0,0
1229,1195,0,0,0,0,0,0,0
1233,1194,0,0,0,0,0,0,0
1231,1195,0,0,0,0,0,0,0
1230,1194,0,0,0,0,0,0,0
1230,1196,0,0,0,0,0,0,0
1232,1195,0,0,0,0,0,0,0
1233,1195,0,0,0,0,0,0,0
1231,1192,0,0,0,0,0,0,0
1232,1192,0,0,0,0,0,0,0
1230,1193,0,0,0,0,0,0,0
1231,1196,0,0,0,0,0,0,0
1229,1196,0,0,0,0,0,0,0
1230,1195,0,0,0,0,0,0,0
1231,1196,0,0,0,0,0,0,0
1230,1195,0,0,0,0,0,0,0
1229,1195,0,0,0,0,0,0,0
1231,1194,0,0,0,0,0,0,0
1234,1186,0,0,0,0,0,0,0
1220,1194,0,0,0,0,0,0,0
1229,1196,0,0,0,0,0,0,0
1230,1194,0,0,0,0,0,0,0
1231,1196,0,0,0,0,0,0,0
1229,1196,0,0,0,0,0,0,0
1229,1195,0,0,0,0,0,0,0
1229,1195,0,0,0,0,0,0,0
1230,1195,0,0,0,0,0,0,0
1229,1193,0,0,0,0,0,0,0
1233,1194,0,0,0,0,0,0,0
1233,1197,0,0,0,0,0,0,0
1229,1193,0,0,0,0,0,0,0
1230,1195,0,0,0,0,0,0,0
1234,1196,0,0,0,0,0,0,0
1230,1195,0,0,0,0,0,0,0
1229,1194,0,0,0,0,0,0,0
1232,1194,0,0,0,0,0,0,0
1241,1195,0,0,0,0,0,0,0
1233,1193,0,0,0,0,0,0,0
1229,1193,0,0,0,0,0,0,0
1229,1196,0,0,0,0,0,0,0
1230,1194,0,0,0,0,0,0,0
1229,1194,0,0,0,0,0,0,0
1221,1196,0,0,0,0,0,0,0
1232,1192,0,0,0,0,0,0,0
1229,1196,0,0,0,0,0,0,0
1229,1193,0,0,0,0,0,0,0
1230,1194,0,0,0,0,0,0,0
1231,1193,0,0,0,0,0,0,0
1230,1196,0,0,0,0,0,0,0
1230,1195,0,0,0,0,0,0,0
1220,1197,0,0,0,0,0,0,0
1233,1196,0,0,0,0,0,0,0
1230,1195,0,0,0,0,0,0,0
1232,1196,0,0,0,0,0,0,0
1230,1194,0,0,0,0,0,0,0
1231,1196,0,0,0,0,0,0,0
1232,1195,0,0,0,0,0,0,0
1231,1195,0,0,0,0,0,0,0
1231,1194,0,0,0,0,0,0,0
1228,1193,0,0,0,0,0,0,0
1230,1195,0,0,0,0,0,0,0
1230,1193,0,0,0,0,0,0,0
1232,1195,0,0,0,0,0,0,0
1233,1195,0,0,0,0,0,0,0
1231,1194,0,0,0,0,0,0,0
1229,1193,0,0,0,0,0,0,0
1231,1195,0,0,0,0,0,0,0
1232,1194,0,0,0,0,0,0,0
1229,1187,0,0,0,0,0,0,0
1230,1196,0,0,0,0,0,0,0
1230,1193,0,0,0,0,0,0,0
1232,1195,0,0,0,0,0,0,0
1230,1196,0,0,0,0,0,0,0
1231,1196,0,0,0,0,0,0,0
1230,1195,0,0,0,0,0,0,0
1231,1193,0,0,0,0,0,0,0
1220,1194,0,0,0,0,0,0,0
1230,1196,0,0,0,0,0,0,0
1229,1196,0,0,0,0,0,0,0
1229,1192,0,0,0,0,0,0,0
1234,1197,0,0,0,0,0,0,0
1230,1195,0,0,0,0,0,0,0
1233,1195,0,0,0,0,0,0,0
1230,1195,0,0,0,0,0,0,0
1230,1195,0,0,0,0,0,0,0
1221,1193,0,0,0,0,0,0,0
1229,1195,0,0,0,0,0,0,0
1221,1195,0,0,0,0,0,0,0
1230,1193,0,0,0,0,0,0,0
1232,1195,0,0,0,0,0,0,0
1229,1193,0,0,0,0,0,0,0
1232,1194,0,0,0,0,0,0,0
1229,1193,0,0,0,0,0,0,0
1230,1195,0,0,0,0,0,0,0
1231,1193,0,0,0,0,0,0,0
1232,1196,0,0,0,0,0,0,0
1233,1196,0,0,0,0,0,0,0
1231,1195,0,0,0,0,0,0,0
1221,1193,0,0,0,0,0,0,0
1232,1194,0,0,0,0,0,0,0
1231,1195,0,0,0,0,0,0,0
1229,1196,0,0,0,0,0,0,0
1231,1194,0,0,0,0,0,0,0
1230,1196,0,0,0,0,0,0,0
1230,1193,0,0,0,0,0,0,0
1230,1195,0,0,0,0,0,0,0
1231,1194,0,0,0,0,0,0,0
1229,1194,0,0,0,0,0,0,0
1232,1196,0,0,0,0,0,0,0
1230,1194,0,0,0,0,0,0,0
1231,1186,0,0,0,0,0,0,0
1231,1193,0,0,0,0,0,0,0
1230,1194,0,0,0,0,0,0,0
1229,1193,0,0,0,0,0,0,0
1231,1196,0,0,0,0,0,0,0
1231,1196,0,0,0,0,0,0,0
1229,1194,0,0,0,0,0,0,0
1231,1194,0,0,0,0,0,0,0
1232,1193,0,0,0,0,0,0,0
1232,1194,0,0,0,0,0,0,0
1231,1193,0,0,0,0,0,0,0
1231,1194,0,0,0,0,0,0,0
1232,1196,0,0,0,0,0,0,0
1232,1184,0,0,0,0,0,0,0
1231,1193,0,0,0,0,0,0,0
1229,1195,0,0,0,0,0,0,0
1230,1195,0,0,0,0,0,0,0
1231,1193,0,0,0,0,0,0,0
1230,1195,0,0,0,0,0,0,0
1232,1195,0,0,0,0,0,0,0
1221,1187,0,0,0,0,0,0,0
1230,1196,0,0,0,0,0,0,0
1231,1195,0,0,0,0,0,0,0
1230,1196,0,0,0,0,0,0,0
1231,1196,0,0,0,0,0,0,0
1231,1194,0,0,0,0,0,0,0
1230,1195,0,0,0,0,0,0,0
1221,1195,0,0,0,0,0,0,0
1230,1196,0,0,0,0,0,0,0
1230,1184,0,0,0,0,0,0,0
1231,1195,0,0,0,0,0,0,0
1229,1196,0,0,0,0,0,0,0
1230,1195,0,0,0,0,0,0,0
1233,1195,0,0,0,0,0,0,0
1230,1196,0,0,0,0,0,0,0
1230,1196,0,0,0,0,0,0,0
1229,1195,0,0,0,0,0,0,0
1231,1195,0,0,0,0,0,0,0
1230,1195,0,0,0,0,0,0,0
1230,1194,0,0,0,0,0,0,0
1234,1193,0,0,0,0,0,0,0
1221,1193,0,0,0,0,0,0,0
1231,1193,0,0,0,0,0,0,0
1229,1195,0,0,0,0,0,0,0
1230,1193,0,0,0,0,0,0,0
1229,1196,0,0,0,0,0,0,0
1231,1195,0,0,0,0,0,0,0
1231,1195,0,0,0,0,0,0,0
1231,1195,0,0,0,0,0,0,0
1229,1195,0,0,0,0,0,0,0
1230,1196,0,0,0,0,0,0,0
1229,1196,0,0,0,0,0,0,0
1230,1196,0,0,0,0,0,0,0
1229,1195,0,0,0,0,0,0,0
1230,1194,0,0,0,0,0,0,0
1231,1195,0,0,0,0,0,0,0
1229,1192,0,0,0,0,0,0,0
1221,1195,0,0,0,0,0,0,0
1230,1195,0,0,0,0,0,0,0
1231,1193,0,0,0,0,0,0,0
1230,1195,0,0,0,0,0,0,0
1229,1196,0,0,0,0,0,0,0
1228,1193,0,0,0,0,0,0,0
1230,1196,0,0,0,0,0,0,0
1230,1197,0,0,0,0,0,0,0
1230,1194,0,0,0,0,0,0,0
1231,1193,0,0,0,0,0,0,0
1230,1195,0,0,0,0,0,0,0
1231,1195,0,0,0,0,0,0,0
1229,1195,0,0,0,0,0,0,0
1230,1195,0,0,0,0,0,0,0
1228,1195,0,0,0,0,0,0,0
1230,1196,0,0,0,0,0,0,0
1221,1195,0,0,0,0,0,0,0
1233,1195,0,0,0,0,0,0,0
1221,1193,0,0,0,0,0,0,0
1231,1193,0,0,0,0,0,0,0
1230,1195,0,0,0,0,0,0,0
1230,1196,0,0,0,0,0,0,0
1234,1194,0,0,0,0,0,0,0
1230,1196,0,0,0,0,0,0,0
1233,1195,0,0,0,0,0,0,0
1230,1196,0,0,0,0,0,0,0
1229,1195,0,0,0,0,0,0,0
1233,1196,0,0,0,0,0,0,0
1229,1196,0,0,0,0,0,0,0
1229,1196,0,0,0,0,0,0,0
1230,1197,0,0,0,0,0,0,0
1230,1197,0,0,0,0,0,0,0
1230,1192,0,0,0,0,0,0,0
1229,1196,0,0,0,0,0,0,0
1230,1196,0,0,0,0,0,0,0
1230,1193,0,0,0,0,0,0,0
1221,1195,0,0,0,0,0,0,0
1230,1187,0,0,0,0,0,0,0
1234,1195,0,0,0,0,0,0,0
1231,1196,0,0,0,0,0,0,0
1230,1196,0,0,0,0,0,0,0
1229,1195,0,0,0,0,0,0,0
1233,1195,0,0,0,0,0,0,0
1229,1195,0,0,0,0,0,0,0
1231,1194,0,0,0,0,0,0,0
1230,1196,0,0,0,0,0,0,0
1232,1195,0,0,0,0,0,0,0
1229,1197,0,0,0,0,0,0,0
1230,1186,0,0,0,0,0,0,0
1229,1196,0,0,0,0,0,0,0
1230,1196,0,0,0,0,0,0,0
1231,1193,0,0,0,0,0,0,0
1230,1192,0,0,0,0,0,0,0
1231,1196,0,0,0,0,0,0,0
1230,1194,0,0,0,0,0,0,0
1230,1196,0,0,0,0,0,0,0
1220,1195,0,0,0,0,0,0,0
1234,1193,0,0,0,0,0,0,0
1230,1194,0,0,0,0,0,0,0
1220,1195,0,0,0,0,0,0,0
1230,1195,0,0,0,0,0,0,0
1230,1193,0,0,0,0,0,0,0
1231,1196,0,0,0,0,0,0,0
1229,1195,0,0,0,0,0,0,0
1231,1195,0,0,0,0,0,0,0
1230,1195,0,0,0,0,0,0,0
1230,1196,0,0,0,0,0,0,0
1233,1193,0,0,0,0,0,0,0
1230,1196,0,0,0,0,0,0,0
1229,1196,0,0,0,0,0,0,0
1230,1194,0,0,0,0,0,0,0
1230,1196,0,0,0,0,0,0,0
1229,1194,0,0,0,0,0,0,0
1230,1196,0,0,0,0,0,0,0
1233,1193,0,0,0,0,0,0,0
1230,1195,0,0,0,0,0,0,0
1231,1195,0,0,0,0,0,0,0
1230,1196,0,0,0,0,0,0,0
1241,1194,0,0,0,0,0,0,0
1229,1195,0,0,0,0,0,0,0
1232,1195,0,0,0,0,0,0,0
1221,1196,0,0,0,0,0,0,0
1229,1193,0,0,0,0,0,0,0
1230,1194,0,0,0,0,0,0,0
1231,1192,0,0,0,0,0,0,0
1230,1193,0,0,0,0,0,0,0
1232,1194,0,0,0,0,0,0,0
1231,1195,0,0,0,0,0,0,0
1230,1194,0,0,0,0,0,0,0
1231,1196,0,0,0,0,0,0,0
1230,1195,0,0,0,0,0,0,0
1234,1196,0,0,0,0,0,0,0
1233,1196,0,0,0,0,0,0,0
1230,1192,0,0,0,0,0,0,0
1233,1194,0,0,0,0,0,0,0
1229,1197,0,0,0,0,0,0,0
1231,1196,0,0,0,0,0,0,0
1230,1193,0,0,0,0,0,0,0
1231,1195,0,0,0,0,0,0,0
1229,1196,0,0,0,0,0,0,0
1220,1187,0,0,0,0,0,0,0
1231,1195,0,0,0,0,0,0,0
1230,1195,0,0,0,0,0,0,0
1231,1192,0,0,0,0,0,0,0
1231,1193,0,0,0,0,0,0,0
1230,1193,0,0,0,0,0,0,0
1229,1194,0,0,0,0,0,0,0
1229,1195,0,0,0,0,0,0,0
1231,1193,0,0,0,0,0,0,0
1229,1195,0,0,0,0,0,0,0
1230,1193,0,0,0,0,0,0,0
1231,1195,0,0,0,0,0,0,0
1233,1193,0,0,0,0,0,0,0
1230,1195,0,0,0,0,0,0,0
1231,1195,0,0,0,0,0,0,0
1231,1193,0,0,0,0,0,0,0
1229,1195,0,0,0,0,0,0,0
1231,1193,0,0,0,0,0,0,0
1231,1192,0,0,0,0,0,0,0
1220,1195,0,0,0,0,0,0,0
1231,1193,0,0,0,0,0,0,0
1229,1194,0,0,0,0,0,0,0
1231,1193,0,0,0,0,0,0,0
1232,1196,0,0,0,0,0,0,0
1220,1195,0,0,0,0,0,0,0
1229,1187,0,0,0,0,0,0,0
1230,1195,0,0,0,0,0,0,0
1229,1194,0,0,0,0,0,0,0
1229,1193,0,0,0,0,0,0,0
1230,1196,0,0,0,0,0,0,0
1229,1195,0,0,0,0,0,0,0
1232,1194,0,0,0,0,0,0,0
1230,1193,0,0,0,0,0,0,0
1231,1192,0,0,0,0,0,0,0
1230,1195,0,0,0,0,0,0,0
1231,1196,0,0,0,0,0,0,0
1230,1194,0,0,0,0,0,0,0
1231,1197,0,0,0,0,0,0,0
1231,1187,0,0,0,0,0,0,0
1230,1193,0,0,0,0,0,0,0
1231,1193,0,0,0,0,0,0,0
1230,1192,0,0,0,0,0,0,0
1221,1195,0,0,0,0,0,0,0
1233,1194,0,0,0,0,0,0,0
1230,1195,0,0,0,0,0,0,0
1231,1196,0,0,0,0,0,0,0
1229,1196,0,0,0,0,0,0,0
1229,1195,0,0,0,0,0,0,0
1229,1195,0,0,0,0,0,0,0
1230,1194,0,0,0,0,0,0,0
1230,1192,0,0,0,0,0,0,0
1229,1192,0,0,0,0,0,0,0
1234,1195,0,0,0,0,0,0,0
1229,1195,0,0,0,0,0,0,0
1232,1196,0,0,0,0,0,0,0
1230,1194,0,0,0,0,0,0,0
1232,1195,0,0,0,0,0,0,0
1231,1195,0,0,0,0,0,0,0
1229,1196,0,0,0,0,0,0,0
1229,1193,0,0,0,0,0,0,0
1231,1195,0,0,0,0,0,0,0
1231,1196,0,0,0,0,0,0,0
1232,1194,0,0,0,0,0,0,0
1229,1187,0,0,0,0,0,0,0
1231,1194,0,0,0,0,0,0,0
1230,1192,0,0,0,0,0,0,0
1233,1184,0,0,0,0,0,0,0
1228,1195,0,0,0,0,0,0,0
1230,1196,0,0,0,0,0,0,0
1228,1195,0,0,0,0,0,0,0
1231,1196,0,0,0,0,0,0,0
1230,1194,0,0,0,0,0,0,0
1231,1196,0,0,0,0,0,0,0
1229,1196,0,0,0,0,0,0,0
1230,1186,0,0,0,0,0,0,0
1229,1194,0,0,0,0,0,0,0
1221,1196,0,0,0,0,0,0,0
1231,1192,0,0,0,0,0,0,0
1231,1195,0,0,0,0,0,0,0
1230,1196,0,0,0,0,0,0,0
1233,1196,0,0,0,0,0,0,0
1231,1192,0,0,0,0,0,0,0
1232,1193,0,0,0,0,0,0,0
1230,1193,0,0,0,0,0,0,0
1229,1195,0,0,0,0,0,0,0
1231,1195,0,0,0,0,0,0,0
1231,1197,0,0,0,0,0,0,0
1232,1192,0,0,0,0,0,0,0
1230,1195,0,0,0,0,0,0,0
1231,1197,0,0,0,0,0,0,0
1229,1194,0,0,0,0,0,0,0
1231,1194,0,0,0,0,0,0,0
1233,1195,0,0,0,0,0,0,0
1229,1196,0,0,0,0,0,0,0
1233,1195,0,0,0,0,0,0,0
1231,1194,0,0,0,0,0,0,0
1232,1193,0,0,0,0,0,0,0
1228,1195,0,0,0,0,0,0,0
1231,1187,0,0,0,0,0,0,0
1229,1194,0,0,0,0,0,0,0
1231,1195,0,0,0,0,0,0,0
1230,1194,0,0,0,0,0,0,0
1229,1196,0,0,0,0,0,0,0
1229,1196,0,0,0,0,0,0,0
1231,1197,0,0,0,0,0,0,0
1231,1196,0,0,0,0,0,0,0
1241,1195,0,0,0,0,0,0,0
1230,1196,0,0,0,0,0,0,0
1229,1196,0,0,0,0,0,0,0
1220,1195,0,0,0,0,0,0,0
1230,1193,0,0,0,0,0,0,0
1229,1195,0,0,0,0,0,0,0
1231,1193,0,0,0,0,0,0,0
1231,1197,0,0,0,0,0,0,0
1230,1195,0,0,0,0,0,0,0
1230,1195,0,0,0,0,0,0,0
1229,1193,0,0,0,0,0,0,0
1230,1193,0,0,0,0,0,0,0
1231,1184,0,0,0,0,0,0,0
1231,1195,0,0,0,0,0,0,0
1229,1193,0,0,0,0,0,0,0
1233,1193,0,0,0,0,0,0,0
1232,1196,0,0,0,0,0,0,0
1229,1192,0,0,0,0,0,0,0
1229,1194,0,0,0,0,0,0,0
1229,1192,0,0,0,0,0,0,0
1231,1196,0,0,0,0,0,0,0
1221,1195,0,0,0,0,0,0,0
1231,1196,0,0,0,0,0,0,0
1232,1194,0,0,0,0,0,0,0
1229,1194,0,0,0,0,0,0,0
1230,1192,0,0,0,0,0,0,0
1231,1186,0,0,0,0,0,0,0
1229,1194,0,0,0,0,0,0,0
1230,1192,0,0,0,0,0,0,0
1230,1195,0,0,0,0,0,0,0
1232,1193,0,0,0,0,0,0,0
1232,1193,0,0,0,0,0,0,0
1233,1195,0,0,0,0,0,0,0
1232,1196,0,0,0,0,0,0,0
1220,1195,0,0,0,0,0,0,0
1232,1194,0,0,0,0,0,0,0
1229,1195,0,0,0,0,0,0,0
1221,1196,0,0,0,0,0,0,0
1230,1196,0,0,0,0,0,0,0
1230,1194,0,0,0,0,0,0,0
1233,1193,0,0,0,0,0,0,0
1233,1197,0,0,0,0,0,0,0
1232,1196,0,0,0,0,0,0,0
1230,1192,0,0,0,0,0,0,0
1231,1196,0,0,0,0,0,0,0
1229,1195,0,0,0,0,0,0,0
1231,1193,0,0,0,0,0,0,0
1229,1193,0,0,0,0,0,0,0
1229,1195,0,0,0,0,0,0,0
1230,1195,0,0,0,0,0,0,0
1233,1195,0,0,0,0,0,0,0
1221,1193,0,0,0,0,0,0,0
1221,1195,0,0,0,0,0,0,0
1231,1195,0,0,0,0,0,0,0
1232,1196,0,0,0,0,0,0,0
1231,1195,0,0,0,0,0,0,0
1232,1192,0,0,0,0,0,0,0
1231,1196,0,0,0,0,0,0,0
1229,1196,0,0,0,0,0,0,0
1230,1194,0,0,0,0,0,0,0
1231,1192,0,0,0,0,0,0,0
1230,1195,0,0,0,0,0,0,0
1229,1195,0,0,0,0,0,0,0
1230,1195,0,0,0,0,0,0,0
1230,1196,0,0,0,0,0,0,0
1232,1195,0,0,0,0,0,0,0
1241,1196,0,0,0,0,0,0,0
1231,1195,0,0,0,0,0,0,0
1220,1195,0,0,0,0,0,0,0
1230,1194,0,0,0,0,0,0,0
1233,1196,0,0,0,0,0,0,0
1230,1196,0,0,0,0,0,0,0
1220,1192,0,0,0,0,0,0,0
1230,1195,0,0,0,0,0,0,0
1233,1195,0,0,0,0,0,0,0
1230,1195,0,0,0,0,0,0,0
1230,1195,0,0,0,0,0,0,0
1230,1193,0,0,0,0,0,0,0
1230,1196,0,0,0,0,0,0,0
1232,1195,0,0,0,0,0,0,0
1230,1192,0,0,0,0,0,0,0
1232,1195,0,0,0,0,0,0,0
1232,1194,0,0,0,0,0,0,0
1231,1194,0,0,0,0,0,0,0
1231,1192,0,0,0,0,0,0,0
1231,1196,0,0,0,0,0,0,0
1232,1192,0,0,0,0,0,0,0
1232,1196,0,0,0,0,0,0,0
1241,1194,0,0,0,0,0,0,0
1232,1195,0,0,0,0,0,0,0
1230,1195,0,0,0,0,0,0,0
1230,1195,0,0,0,0,0,0,0
1229,1193,0,0,0,0,0,0,0
1234,1193,0,0,0,0,0,0,0
1221,1195,0,0,0,0,0,0,0
1231,1195,0,0,0,0,0,0,0
1232,1193,0,0,0,0,0,0,0
1232,1197,0,0,0,0,0,0,0
1231,1195,0,0,0,0,0,0,0
1229,1196,0,0,0,0,0,0,0
1231,1195,0,0,0,0,0,0,0
1230,1193,0,0,0,0,0,0,0
1221,1195,0,0,0,0,0,0,0
1230,1196,0,0,0,0,0,0,0
1230,1196,0,0,0,0,0,0,0
1231,1193,0,0,0,0,0,0,0
1232,1193,0,0,0,0,0,0,0
1230,1193,0,0,0,0,0,0,0
1229,1195,0,0,0,0,0,0,0
1231,1193,0,0,0,0,0,0,0
1231,1196,0,0,0,0,0,0,0
1229,1193,0,0,0,0,0,0,0
1230,1193,0,0,0,0,0,0,0
1230,1192,0,0,0,0,0,0,0
1234,1194,0,0,0,0,0,0,0
1233,1196,0,0,0,0,0,0,0
1232,1192,0,0,0,0,0,0,0
1232,1197,0,0,0,0,0,0,0
1232,1195,0,0,0,0,0,0,0
1232,1195,0,0,0,0,0,0,0
1230,1194,0,0,0,0,0,0,0
1233,1196,0,0,0,0,0,0,0
1230,1195,0,0,0,0,0,0,0
1232,1196,0,0,0,0,0,0,0
1230,1196,0,0,0,0,0,0,0
1230,1195,0,0,0,0,0,0,0
1231,1195,0,0,0,0,0,0,0
1231,1196,0,0,0,0,0,0,0
1231,1193,0,0,0,0,0,0,0
1231,1193,0,0,0,0,0,0,0
1233,1196,0,0,0,0,0,0,0
1229,1195,0,0,0,0,0,0,0
1228,1192,0,0,0,0,0,0,0
1233,1194,0,0,0,0,0,0,0
1231,1193,0,0,0,0,0,0,0
1229,1195,0,0,0,0,0,0,0
1230,1194,0,0,0,0,0,0,0
1231,1195,0,0,0,0,0,0,0
1231,1194,0,0,0,0,0,0,0
1231,1196,0,0,0,0,0,0,0
1221,1197,0,0,0,0,0,0,0
1233,1184,0,0,0,0,0,0,0
1231,1193,0,0,0,0,0,0,0
1229,1194,0,0,0,0,0,0,0
1230,1196,0,0,0,0,0,0,0
1230,1196,0,0,0,0,0,0,0
1232,1195,0,0,0,0,0,0,0
1233,1195,0,0,0,0,0,0,0
1252,1208,0,0,0,0,0,0,0
1243,1207,0,0,0,0,0,0,0
1122,1109,0,0,0,0,0,0,0
765,789,0,0,0,0,0,0,0
500,509,0,0,0,0,0,0,0
1050,1025,0,0,0,0,0,0,0
1662,1787,0,0,0,0,0,0,0
953,967,0,0,0,0,0,0,0
616,571,0,0,0,0,0,0,0
966,909,0,0,0,0,0,0,0
1229,1184,0,0,0,0,0,0,0
1231,1197,0,0,0,0,0,0,0
1229,1170,0,0,0,0,0,0,0
1233,1146,0,0,0,0,0,0,0
1230,1173,0,0,0,0,0,0,0
1233,1196,0,0,0,0,0,0,0
1232,1197,0,0,0,0,0,0,0
1230,1196,0,0,0,0,0,0,0
1232,1194,0,0,0,0,0,0,0
1231,1195,0,0,0,0,0,0,0
1231,1195,0,0,0,0,0,0,0
1231,1196,0,0,0,0,0,0,0
1230,1193,0,0,0,0,0,0,0
1231,1196,0,0,0,0,0,0,0
1230,1193,0,0,0,0,0,0,0
1230,1196,0,0,0,0,0,0,0
1231,1197,0,0,0,0,0,0,0
1232,1195,0,0,0,0,0,0,0
1231,1194,0,0,0,0,0,0,0
1231,1193,0,0,0,0,0,0,0
1230,1194,0,0,0,0,0,0,0
1231,1193,0,0,0,0,0,0,0
1230,1195,0,0,0,0,0,0,0
1231,1196,0,0,0,0,0,0,0
1233,1193,0,0,0,0,0,0,0
1230,1196,0,0,0,0,0,0,0
1230,1193,0,0,0,0,0,0,0
1231,1195,0,0,0,0,0,0,0
1229,1193,0,0,0,0,0,0,0
1230,1195,0,0,0,0,0,0,0
1230,1192,0,0,0,0,0,0,0
1232,1195,0,0,0,0,0,0,0
1240,1195,0,0,0,0,0,0,0
1232,1192,0,0,0,0,0,0,0
1229,1195,0,0,0,0,0,0,0
1231,1196,0,0,0,0,0,0,0
1229,1196,0,0,0,0,0,0,0
1231,1195,0,0,0,0,0,0,0
1230,1196,0,0,0,0,0,0,0
1233,1195,0,0,0,0,0,0,0
1229,1195,0,0,0,0,0,0,0
1234,1196,0,0,0,0,0,0,0
1231,1195,0,0,0,0,0,0,0
1234,1192,0,0,0,0,0,0,0
1229,1192,0,0,0,0,0,0,0
1231,1194,0,0,0,0,0,0,0
1228,1193,0,0,0,0,0,0,0
1230,1196,0,0,0,0,0,0,0
1231,1196,0,0,0,0,0,0,0
1232,1195,0,0,0,0,0,0,0
1231,1196,0,0,0,0,0,0,0
1230,1196,0,0,0,0,0,0,0
1230,1192,0,0,0,0,0,0,0
1231,1196,0,0,0,0,0,0,0
1221,1195,0,0,0,0,0,0,0
1229,1194,0,0,0,0,0,0,0
1231,1196,0,0,0,0,0,0,0
1230,1196,0,0,0,0,0,0,0
1231,1194,0,0,0,0,0,0,0
1228,1194,0,0,0,0,0,0,0
1230,1194,0,0,0,0,0,0,0
1228,1196,0,0,0,0,0,0,0
1231,1196,0,0,0,0,0,0,0
1230,1196,0,0,0,0,0,0,0
1229,1196,0,0,0,0,0,0,0
1221,1193,0,0,0,0,0,0,0
1233,1196,0,0,0,0,0,0,0
1232,1193,0,0,0,0,0,0,0
1230,1196,0,0,0,0,0,0,0
1231,1186,0,0,0,0,0,0,0
1232,1194,0,0,0,0,0,0,0
1229,1195,0,0,0,0,0,0,0
1231,1195,0,0,0,0,0,0,0
1229,1195,0,0,0,0,0,0,0
1231,1195,0,0,0,0,0,0,0
1230,1195,0,0,0,0,0,0,0
1231,1196,0,0,0,0,0,0,0
1231,1194,0,0,0,0,0,0,0
1229,1193,0,0,0,0,0,0,0
1231,1194,0,0,0,0,0,0,0
1232,1197,0,0,0,0,0,0,0
1230,1195,0,0,0,0,0,0,0
1230,1195,0,0,0,0,0,0,0
1231,1194,0,0,0,0,0,0,0
1231,1195,0,0,0,0,0,0,0
1230,1193,0,0,0,0,0,0,0
1231,1193,0,0,0,0,0,0,0
1234,1196,0,0,0,0,0,0,0
1231,1194,0,0,0,0,0,0,0
1230,1195,0,0,0,0,0,0,0
1231,1195,0,0,0,0,0,0,0
1228,1197,0,0,0,0,0,0,0
1230,1194,0,0,0,0,0,0,0
1231,1193,0,0,0,0,0,0,0
1221,1195,0,0,0,0,0,0,0
1231,1196,0,0,0,0,0,0,0
1232,1196,0,0,0,0,0,0,0
1232,1196,0,0,0,0,0,0,0
1231,1195,0,0,0,0,0,0,0
1229,1196,0,0,0,0,0,0,0
1229,1197,0,0,0,0,0,0,0
1229,1195,0,0,0,0,0,0,0
1231,1194,0,0,0,0,0,0,0
1231,1195,0,0,0,0,0,0,0
1232,1194,0,0,0,0,0,0,0
1231,1194,0,0,0,0,0,0,0
1232,1197,0,0,0,0,0,0,0
1233,1195,0,0,0,0,0,0,0
1231,1196,0,0,0,0,0,0,0
1231,1192,0,0,0,0,0,0,0
1229,1192,0,0,0,0,0,0,0
1241,1195,0,0,0,0,0,0,0
1230,1195,0,0,0,0,0,0,0
1232,1195,0,0,0,0,0,0,0
1231,1197,0,0,0,0,0,0,0
1230,1196,0,0,0,0,0,0,0
1232,1196,0,0,0,0,0,0,0
1231,1197,0,0,0,0,0,0,0
1229,1194,0,0,0,0,0,0,0
1231,1194,0,0,0,0,0,0,0
1230,1196,0,0,0,0,0,0,0
1230,1193,0,0,0,0,0,0,0
1231,1194,0,0,0,0,0,0,0
1233,1196,0,0,0,0,0,0,0
1221,1195,0,0,0,0,0,0,0
1230,1193,0,0,0,0,0,0,0
1231,1195,0,0,0,0,0,0,0
1229,1192,0,0,0,0,0,0,0
1231,1186,0,0,0,0,0,0,0
1230,1194,0,0,0,0,0,0,0
1230,1195,0,0,0,0,0,0,0
1231,1193,0,0,0,0,0,0,0
1230,1194,0,0,0,0,0,0,0
1230,1196,0,0,0,0,0,0,0
1231,1193,0,0,0,0,0,0,0
1220,1192,0,0,0,0,0,0,0
1231,1193,0,0,0,0,0,0,0
1231,1195,0,0,0,0,0,0,0
1232,1195,0,0,0,0,0,0,0
1229,1195,0,0,0,0,0,0,0
1231,1197,0,0,0,0,0,0,0
1230,1195,0,0,0,0,0,0,0
1230,1196,0,0,0,0,0,0,0
1229,1197,0,0,0,0,0,0,0
1221,1196,0,0,0,0,0,0,0
1221,1193,0,0,0,0,0,0,0
1221,1193,0,0,0,0,0,0,0
1231,1194,0,0,0,0,0,0,0
1230,1194,0,0,0,0,0,0,0
1221,1196,0,0,0,0,0,0,0
1229,1193,0,0,0,0,0,0,0
1231,1197,0,0,0,0,0,0,0
1229,1194,0,0,0,0,0,0,0
1233,1193,0,0,0,0,0,0,0
1229,1196,0,0,0,0,0,0,0
1231,1195,0,0,0,0,0,0,0
1230,1196,0,0,0,0,0,0,0
1230,1195,0,0,0,0,0,0,0
1230,1193,0,0,0,0,0,0,0
1230,1196,0,0,0,0,0,0,0
1230,1194,0,0,0,0,0,0,0
1230,1196,0,0,0,0,0,0,0
1230,1195,0,0,0,0,0,0,0
1230,1193,0,0,0,0,0,0,0
1231,1192,0,0,0,0,0,0,0
1229,1196,0,0,0,0,0,0,0
1231,1194,0,0,0,0,0,0,0
1234,1195,0,0,0,0,0,0,0
1230,1193,0,0,0,0,0,0,0
1230,1193,0,0,0,0,0,0,0
1232,1196,0,0,0,0,0,0,0
1231,1195,0,0,0,0,0,0,0
1233,1193,0,0,0,0,0,0,0
1230,1196,0,0,0,0,0,0,0
1230,1194,0,0,0,0,0,0,0
1221,1195,0,0,0,0,0,0,0
1232,1195,0,0,0,0,0,0,0
1229,1186,0,0,0,0,0,0,0
1230,1196,0,0,0,0,0,0,0
1230,1194,0,0,0,0,0,0,0
1231,1195,0,0,0,0,0,0,0
1230,1195,0,0,0,0,0,0,0
1229,1195,0,0,0,0,0,0,0
1231,1196,0,0,0,0,0,0,0
1231,1192,0,0,0,0,0,0,0
1229,1194,0,0,0,0,0,0,0
1229,1195,0,0,0,0,0,0,0
1220,1192,0,0,0,0,0,0,0
1229,1194,0,0,0,0,0,0,0
1230,1194,0,0,0,0,0,0,0
1231,1196,0,0,0,0,0,0,0
1229,1186,0,0,0,0,0,0,0
1231,1196,0,0,0,0,0,0,0
1231,1197,0,0,0,0,0,0,0
1231,1192,0,0,0,0,0,0,0
1230,1193,0,0,0,0,0,0,0
1231,1193,0,0,0,0,0,0,0
1230,1196,0,0,0,0,0,0,0
1231,1196,0,0,0,0,0,0,0
1230,1196,0,0,0,0,0,0,0
1221,1197,0,0,0,0,0,0,0
1230,1196,0,0,0,0,0,0,0
1230,1194,0,0,0,0,0,0,0
1231,1194,0,0,0,0,0,0,0
1232,1196,0,0,0,0,0,0,0
1230,1196,0,0,0,0,0,0,0
1230,1196,0,0,0,0,0,0,0
1229,1196,0,0,0,0,0,0,0
1229,1193,0,0,0,0,0,0,0
1229,1195,0,0,0,0,0,0,0
1233,1193,0,0,0,0,0,0,0
1232,1195,0,0,0,0,0,0,0
1229,1197,0,0,0,0,0,0,0
1233,1193,0,0,0,0,0,0,0
1231,1195,0,0,0,0,0,0,0
1232,1197,0,0,0,0,0,0,0
1232,1197,0,0,0,0,0,0,0
1230,1197,0,0,0,0,0,0,0
1231,1195,0,0,0,0,0,0,0
1221,1187,0,0,0,0,0,0,0
1221,1196,0,0,0,0,0,0,0
1231,1195,0,0,0,0,0,0,0
1232,1195,0,0,0,0,0,0,0
1232,1196,0,0,0,0,0,0,0
1230,1197,0,0,0,0,0,0,0
1229,1196,0,0,0,0,0,0,0
1229,1186,0,0,0,0,0,0,0
1230,1194,0,0,0,0,0,0,0
1230,1196,0,0,0,0,0,0,0
1231,1195,0,0,0,0,0,0,0
1221,1196,0,0,0,0,0,0,0
1234,1194,0,0,0,0,0,0,0
1230,1194,0,0,0,0,0,0,0
1231,1193,0,0,0,0,0,0,0
1221,1193,0,0,0,0,0,0,0
1232,1196,0,0,0,0,0,0,0
1232,1193,0,0,0,0,0,0,0
1231,1195,0,0,0,0,0,0,0
1230,1195,0,0,0,0,0,0,0
1241,1197,0,0,0,0,0,0,0
1230,1195,0,0,0,0,0,0,0
1229,1195,0,0,0,0,0,0,0
1232,1194,0,0,0,0,0,0,0
1230,1196,0,0,0,0,0,0,0
1231,1194,0,0,0,0,0,0,0
1232,1196,0,0,0,0,0,0,0
1230,1195,0,0,0,0,0,0,0
1229,1199,0,0,0,0,0,0,0
1229,1196,0,0,0,0,0,0,0
1230,1195,0,0,0,0,0,0,0
1221,1193,0,0,0,0,0,0,0
1230,1193,0,0,0,0,0,0,0
1221,1193,0,0,0,0,0,0,0
1229,1193,0,0,0,0,0,0,0
1231,1196,0,0,0,0,0,0,0
1231,1196,0,0,0,0,0,0,0
1230,1197,0,0,0,0,0,0,0
1229,1193,0,0,0,0,0,0,0
1231,1195,0,0,0,0,0,0,0
1232,1195,0,0,0,0,0,0,0
1230,1195,0,0,0,0,0,0,0
1230,1195,0,0,0,0,0,0,0
1229,1195,0,0,0,0,0,0,0
1231,1195,0,0,0,0,0,0,0
1231,1193,0,0,0,0,0,0,0
1234,1196,0,0,0,0,0,0,0
1232,1196,0,0,0,0,0,0,0
1229,1196,0,0,0,0,0,0,0
1230,1197,0,0,0,0,0,0,0
1229,1195,0,0,0,0,0,0,0
1231,1196,0,0,0,0,0,0,0
1230,1196,0,0,0,0,0,0,0
1232,1195,0,0,0,0,0,0,0
1230,1193,0,0,0,0,0,0,0
1229,1195,0,0,0,0,0,0,0
1234,1196,0,0,0,0,0,0,0
1233,1196,0,0,0,0,0,0,0
1230,1195,0,0,0,0,0,0,0
1230,1196,0,0,0,0,0,0,0
1230,1195,0,0,0,0,0,0,0
1230,1196,0,0,0,0,0,0,0
1233,1196,0,0,0,0,0,0,0
1229,1197,0,0,0,0,0,0,0
1232,1197,0,0,0,0,0,0,0
1231,1195,0,0,0,0,0,0,0
1231,1196,0,0,0,0,0,0,0
1232,1195,0,0,0,0,0,0,0
1231,1195,0,0,0,0,0,0,0
1230,1187,0,0,0,0,0,0,0
1232,1194,0,0,0,0,0,0,0
1230,1197,0,0,0,0,0,0,0
1231,1195,0,0,0,0,0,0,0
1221,1196,0,0,0,0,0,0,0
1233,1193,0,0,0,0,0,0,0
1230,1195,0,0,0,0,0,0,0
1229,1193,0,0,0,0,0,0,0
1230,1192,0,0,0,0,0,0,0
1230,1192,0,0,0,0,0,0,0
1230,1195,0,0,0,0,0,0,0
1233,1196,0,0,0,0,0,0,0
1229,1186,0,0,0,0,0,0,0
1229,1193,0,0,0,0,0,0,0
1229,1194,0,0,0,0,0,0,0
1230,1194,0,0,0,0,0,0,0
1229,1193,0,0,0,0,0,0,0
1230,1195,0,0,0,0,0,0,0
1230,1197,0,0,0,0,0,0,0
1233,1193,0,0,0,0,0,0,0
1230,1195,0,0,0,0,0,0,0
1230,1193,0,0,0,0,0,0,0
1231,1195,0,0,0,0,0,0,0
1231,1195,0,0,0,0,0,0,0
1233,1193,0,0,0,0,0,0,0
1231,1196,0,0,0,0,0,0,0
1229,1195,0,0,0,0,0,0,0
1229,1196,0,0,0,0,0,0,0
1230,1196,0,0,0,0,0,0,0
1229,1194,0,0,0,0,0,0,0
1229,1194,0,0,0,0,0,0,0
1229,1193,0,0,0,0,0,0,0
1229,1194,0,0,0,0,0,0,0
1229,1197,0,0,0,0,0,0,0
1229,1196,0,0,0,0,0,0,0
1231,1196,0,0,0,0,0,0,0
1230,1195,0,0,0,0,0,0,0
1231,1193,0,0,0,0,0,0,0
1229,1196,0,0,0,0,0,0,0
1230,1194,0,0,0,0,0,0,0
1221,1195,0,0,0,0,0,0,0
1229,1195,0,0,0,0,0,0,0
1229,1194,0,0,0,0,0,0,0
1220,1195,0,0,0,0,0,0,0
1230,1195,0,0,0,0,0,0,0
1230,1193,0,0,0,0,0,0,0
1233,1194,0,0,0,0,0,0,0
1233,1196,0,0,0,0,0,0,0
1230,1195,0,0,0,0,0,0,0
1234,1195,0,0,0,0,0,0,0
1231,1196,0,0,0,0,0,0,0
1231,1195,0,0,0,0,0,0,0
1231,1194,0,0,0,0,0,0,0
1232,1196,0,0,0,0,0,0,0
1231,1195,0,0,0,0,0,0,0
1231,1195,0,0,0,0,0,0,0
1231,1195,0,0,0,0,0,0,0
1229,1196,0,0,0,0,0,0,0
1231,1195,0,0,0,0,0,0,0
1233,1196,0,0,0,0,0,0,0
1231,1193,0,0,0,0,0,0,0
1229,1193,0,0,0,0,0,0,0
1229,1196,0,0,0,0,0,0,0
1230,1195,0,0,0,0,0,0,0
1230,1194,0,0,0,0,0,0,0
1229,1195,0,0,0,0,0,0,0
1230,1195,0,0,0,0,0,0,0
1230,1193,0,0,0,0,0,0,0
1231,1195,0,0,0,0,0,0,0
1231,1195,0,0,0,0,0,0,0
1231,1187,0,0,0,0,0,0,0
1229,1195,0,0,0,0,0,0,0
1230,1196,0,0,0,0,0,0,0
1231,1195,0,0,0,0,0,0,0
1231,1196,0,0,0,0,0,0,0
1220,1196,0,0,0,0,0,0,0
1230,1197,0,0,0,0,0,0,0
1233,1193,0,0,0,0,0,0,0
1230,1195,0,0,0,0,0,0,0
1229,1195,0,0,0,0,0,0,0
1234,1195,0,0,0,0,0,0,0
1231,1195,0,0,0,0,0,0,0
1229,1195,0,0,0,0,0,0,0
1230,1196,0,0,0,0,0,0,0
1232,1196,0,0,0,0,0,0,0
1234,1196,0,0,0,0,0,0,0
1230,1196,0,0,0,0,0,0,0
1229,1192,0,0,0,0,0,0,0
1230,1196,0,0,0,0,0,0,0
1229,1193,0,0,0,0,0,0,0
1220,1195,0,0,0,0,0,0,0
1230,1196,0,0,0,0,0,0,0
1231,1197,0,0,0,0,0,0,0
1231,1193,0,0,0,0,0,0,0
1240,1193,0,0,0,0,0,0,0
1232,1193,0,0,0,0,0,0,0
1234,1195,0,0,0,0,0,0,0
1231,1195,0,0,0,0,0,0,0
1230,1196,0,0,0,0,0,0,0
1232,1194,0,0,0,0,0,0,0
1240,1197,0,0,0,0,0,0,0
1232,1194,0,0,0,0,0,0,0
1234,1195,0,0,0,0,0,0,0
1231,1194,0,0,0,0,0,0,0
1231,1194,0,0,0,0,0,0,0
1230,1194,0,0,0,0,0,0,0
1230,1195,0,0,0,0,0,0,0
1230,1196,0,0,0,0,0,0,0
1231,1195,0,0,0,0,0,0,0
1232,1196,0,0,0,0,0,0,0
1230,1195,0,0,0,0,0,0,0
1231,1196,0,0,0,0,0,0,0
1230,1195,0,0,0,0,0,0,0
1230,1195,0,0,0,0,0,0,0
1230,1193,0,0,0,0,0,0,0
1230,1196,0,0,0,0,0,0,0
1229,1194,0,0,0,0,0,0,0
1230,1196,0,0,0,0,0,0,0
1231,1196,0,0,0,0,0,0,0
1229,1193,0,0,0,0,0,0,0
1230,1193,0,0,0,0,0,0,0
1233,1195,0,0,0,0,0,0,0
1233,1192,0,0,0,0,0,0,0
1230,1195,0,0,0,0,0,0,0
1230,1195,0,0,0,0,0,0,0
1230,1196,0,0,0,0,0,0,0
1241,1193,0,0,0,0,0,0,0
1231,1193,0,0,0,0,0,0,0
1229,1195,0,0,0,0,0,0,0
1230,1196,0,0,0,0,0,0,0
1229,1195,0,0,0,0,0,0,0
1230,1196,0,0,0,0,0,0,0
1230,1186,0,0,0,0,0,0,0
1231,1195,0,0,0,0,0,0,0
1230,1196,0,0,0,0,0,0,0
1234,1196,0,0,0,0,0,0,0
1232,1194,0,0,0,0,0,0,0
1231,1196,0,0,0,0,0,0,0
1230,1194,0,0,0,0,0,0,0
1230,1192,0,0,0,0,0,0,0
1230,1194,0,0,0,0,0,0,0
1233,1196,0,0,0,0,0,0,0
1233,1195,0,0,0,0,0,0,0
1229,1193,0,0,0,0,0,0,0
1229,1192,0,0,0,0,0,0,0
1230,1195,0,0,0,0,0,0,0
1229,1195,0,0,0,0,0,0,0
1221,1193,0,0,0,0,0,0,0
1229,1193,0,0,0,0,0,0,0
1231,1194,0,0,0,0,0,0,0
1231,1192,0,0,0,0,0,0,0
1230,1197,0,0,0,0,0,0,0
1230,1195,0,0,0,0,0,0,0
1230,1195,0,0,0,0,0,0,0
1221,1195,0,0,0,0,0,0,0
1231,1196,0,0,0,0,0,0,0
1229,1193,0,0,0,0,0,0,0
1230,1195,0,0,0,0,0,0,0
1231,1195,0,0,0,0,0,0,0
1231,1196,0,0,0,0,0,0,0
1229,1196,0,0,0,0,0,0,0
1233,1195,0,0,0,0,0,0,0
1231,1193,0,0,0,0,0,0,0
1229,1195,0,0,0,0,0,0,0
1231,1196,0,0,0,0,0,0,0
1231,1193,0,0,0,0,0,0,0
1231,1195,0,0,0,0,0,0,0
1232,1194,0,0,0,0,0,0,0
1230,1195,0,0,0,0,0,0,0
1229,1195,0,0,0,0,0,0,0
1231,1195,0,0,0,0,0,0,0
1233,1197,0,0,0,0,0,0,0
1229,1196,0,0,0,0,0,0,0
1231,1187,0,0,0,0,0,0,0
1221,1196,0,0,0,0,0,0,0
1230,1195,0,0,0,0,0,0,0
1231,1196,0,0,0,0,0,0,0
1231,1196,0,0,0,0,0,0,0
1230,1194,0,0,0,0,0,0,0
1232,1195,0,0,0,0,0,0,0
1230,1192,0,0,0,0,0,0,0
1229,1196,0,0,0,0,0,0,0
1231,1184,0,0,0,0,0,0,0
1231,1194,0,0,0,0,0,0,0
1232,1192,0,0,0,0,0,0,0
1232,1196,0,0,0,0,0,0,0
1233,1194,0,0,0,0,0,0,0
1234,1195,0,0,0,0,0,0,0
1230,1195,0,0,0,0,0,0,0
1230,1197,0,0,0,0,0,0,0
1229,1196,0,0,0,0,0,0,0
1229,1196,0,0,0,0,0,0,0
1232,1195,0,0,0,0,0,0,0
1233,1196,0,0,0,0,0,0,0
1231,1197,0,0,0,0,0,0,0
1230,1195,0,0,0,0,0,0,0
1233,1195,0,0,0,0,0,0,0
1230,1196,0,0,0,0,0,0,0
1229,1195,0,0,0,0,0,0,0
1230,1193,0,0,0,0,0,0,0
1234,1195,0,0,0,0,0,0,0
1233,1196,0,0,0,0,0,0,0
1230,1193,0,0,0,0,0,0,0
1231,1196,0,0,0,0,0,0,0
1221,1194,0,0,0,0,0,0,0
1230,1195,0,0,0,0,0,0,0
1231,1194,0,0,0,0,0,0,0
1229,1194,0,0,0,0,0,0,0
1221,1195,0,0,0,0,0,0,0
1231,1195,0,0,0,0,0,0,0
1229,1195,0,0,0,0,0,0,0
1230,1193,0,0,0,0,0,0,0
1230,1196,0,0,0,0,0,0,0
1231,1195,0,0,0,0,0,0,0
1231,1193,0,0,0,0,0,0,0
1230,1193,0,0,0,0,0,0,0
1233,1195,0,0,0,0,0,0,0
1231,1195,0,0,0,0,0,0,0
1230,1193,0,0,0,0,0,0,0
1229,1192,0,0,0,0,0,0,0
1241,1195,0,0,0,0,0,0,0
1221,1194,0,0,0,0,0,0,0
1221,1195,0,0,0,0,0,0,0
1233,1195,0,0,0,0,0,0,0
1231,1196,0,0,0,0,0,0,0
1229,1192,0,0,0,0,0,0,0
1230,1194,0,0,0,0,0,0,0
1230,1194,0,0,0,0,0,0,0
1229,1195,0,0,0,0,0,0,0
1221,1193,0,0,0,0,0,0,0
1229,1196,0,0,0,0,0,0,0
1230,1196,0,0,0,0,0,0,0
1229,1193,0,0,0,0,0,0,0
1231,1195,0,0,0,0,0,0,0
1232,1196,0,0,0,0,0,0,0
1231,1196,0,0,0,0,0,0,0
1231,1197,0,0,0,0,0,0,0
1229,1195,0,0,0,0,0,0,0
1229,1196,0,0,0,0,0,0,0
1220,1193,0,0,0,0,0,0,0
1232,1196,0,0,0,0,0,0,0
1230,1195,0,0,0,0,0,0,0
1229,1195,0,0,0,0,0,0,0
1234,1192,0,0,0,0,0,0,0
1231,1195,0,0,0,0,0,0,0
1231,1195,0,0,0,0,0,0,0
1232,1194,0,0,0,0,0,0,0
1219,1194,0,0,0,0,0,0,0
1229,1197,0,0,0,0,0,0,0
1229,1194,0,0,0,0,0,0,0
1230,1195,0,0,0,0,0,0,0
1231,1195,0,0,0,0,0,0,0
1230,1195,0,0,0,0,0,0,0
1231,1195,0,0,0,0,0,0,0
1233,1195,0,0,0,0,0,0,0
1234,1186,0,0,0,0,0,0,0
1230,1193,0,0,0,0,0,0,0
1221,1187,0,0,0,0,0,0,0
1231,1195,0,0,0,0,0,0,0
1230,1197,0,0,0,0,0,0,0
1229,1195,0,0,0,0,0,0,0
1229,1195,0,0,0,0,0,0,0
1233,1194,0,0,0,0,0,0,0
1220,1195,0,0,0,0,0,0,0
1229,1193,0,0,0,0,0,0,0
1231,1193,0,0,0,0,0,0,0
1232,1195,0,0,0,0,0,0,0
1230,1194,0,0,0,0,0,0,0
1231,1197,0,0,0,0,0,0,0
1234,1195,0,0,0,0,0,0,0
1233,1196,0,0,0,0,0,0,0
1231,1193,0,0,0,0,0,0,0
1231,1194,0,0,0,0,0,0,0
1229,1195,0,0,0,0,0,0,0
1230,1193,0,0,0,0,0,0,0
1231,1195,0,0,0,0,0,0,0
1233,1193,0,0,0,0,0,0,0
1230,1197,0,0,0,0,0,0,0
1231,1204,0,0,0,0,0,0,0
1219,1193,0,0,0,0,0,0,0
1221,1196,0,0,0,0,0,0,0
1231,1195,0,0,0,0,0,0,0
1230,1194,0,0,0,0,0,0,0
1230,1196,0,0,0,0,0,0,0
1232,1195,0,0,0,0,0,0,0
1230,1193,0,0,0,0,0,0,0
1234,1194,0,0,0,0,0,0,0
1229,1193,0,0,0,0,0,0,0
1231,1196,0,0,0,0,0,0,0
1232,1195,0,0,0,0,0,0,0
1230,1196,0,0,0,0,0,0,0
1231,1195,0,0,0,0,0,0,0
1231,1195,0,0,0,0,0,0,0
1230,1193,0,0,0,0,0,0,0
1232,1197,0,0,0,0,0,0,0
1229,1194,0,0,0,0,0,0,0
1231,1195,0,0,0,0,0,0,0
1230,1196,0,0,0,0,0,0,0
1230,1196,0,0,0,0,0,0,0
1234,1196,0,0,0,0,0,0,0
1231,1194,0,0,0,0,0,0,0
1232,1195,0,0,0,0,0,0,0
1230,1196,0,0,0,0,0,0,0
1229,1196,0,0,0,0,0,0,0
1233,1195,0,0,0,0,0,0,0
1231,1192,0,0,0,0,0,0,0
1220,1196,0,0,0,0,0,0,0
1230,1193,0,0,0,0,0,0,0
1232,1194,0,0,0,0,0,0,0
1233,1196,0,0,0,0,0,0,0
1231,1195,0,0,0,0,0,0,0
1232,1192,0,0,0,0,0,0,0
1230,1193,0,0,0,0,0,0,0
1231,1196,0,0,0,0,0,0,0
1230,1194,0,0,0,0,0,0,0
1232,1195,0,0,0,0,0,0,0
1231,1194,0,0,0,0,0,0,0
1230,1196,0,0,0,0,0,0,0
1231,1194,0,0,0,0,0,0,0
1231,1196,0,0,0,0,0,0,0
1230,1195,0,0,0,0,0,0,0
1230,1194,0,0,0,0,0,0,0
1230,1196,0,0,0,0,0,0,0
1232,1192,0,0,0,0,0,0,0
1231,1196,0,0,0,0,0,0,0
1230,1195,0,0,0,0,0,0,0
1230,1195,0,0,0,0,0,0,0
1232,1195,0,0,0,0,0,0,0
1231,1193,0,0,0,0,0,0,0
1231,1193,0,0,0,0,0,0,0
1230,1196,0,0,0,0,0,0,0
1231,1195,0,0,0,0,0,0,0
1231,1194,0,0,0,0,0,0,0
1231,1195,0,0,0,0,0,0,0
1232,1192,0,0,0,0,0,0,0
1221,1192,0,0,0,0,0,0,0
1230,1194,0,0,0,0,0,0,0
1231,1194,0,0,0,0,0,0,0
1232,1195,0,0,0,0,0,0,0
1221,1194,0,0,0,0,0,0,0
1221,1195,0,0,0,0,0,0,0
1221,1195,0,0,0,0,0,0,0
1230,1196,0,0,0,0,0,0,0
1229,1196,0,0,0,0,0,0,0
1221,1196,0,0,0,0,0,0,0
