-3,2,0,0,0,0,0,0,0
-6,4,0,0,0,0,0,0,0
0,2,0,0,0,0,0,0,0
8,-3,0,0,0,0,0,0,0
9,0,0,0,0,0,0,0,0
5,6,0,0,0,0,0,0,0
-2,4,0,0,0,0,0,0,0
-6,-3,0,0,0,0,0,0,0
-1,-3,0,0,0,0,0,0,0
2,0,0,0,0,0,0,0,0
-3,-1,0,0,0,0,0,0,0
-4,-4,0,0,0,0,0,0,0
4,-6,0,0,0,0,0,0,0
6,-5,0,0,0,0,0,0,0
1,0,0,0,0,0,0,0,0
-2,3,0,0,0,0,0,0,0
-4,5,0,0,0,0,0,0,0
-4,3,0,0,0,0,0,0,0
-3,0,0,0,0,0,0,0,0
-5,3,0,0,0,0,0,0,0
0,7,0,0,0,0,0,0,0
5,0,0,0,0,0,0,0,0
5,-1,0,0,0,0,0,0,0
5,6,0,0,0,0,0,0,0
2,2,0,0,0,0,0,0,0
-3,-3,0,0,0,0,0,0,0
0,4,0,0,0,0,0,0,0
2,3,0,0,0,0,0,0,0
-4,-6,0,0,0,0,0,0,0
0,-6,0,0,0,0,0,0,0
9,3,0,0,0,0,0,0,0
2,4,0,0,0,0,0,0,0
-8,-6,0,0,0,0,0,0,0
-5,-10,0,0,0,0,0,0,0
-3,-6,0,0,0,0,0,0,0
-1,-4,0,0,0,0,0,0,0
6,-5,0,0,0,0,0,0,0
6,-3,0,0,0,0,0,0,0
0,0,0,0,0,0,0,0,0
-2,5,0,0,0,0,0,0,0
0,6,0,0,0,0,0,0,0
0,0,0,0,0,0,0,0,0
0,-2,0,0,0,0,0,0,0
4,1,0,0,0,0,0,0,0
5,-4,0,0,0,0,0,0,0
4,-6,0,0,0,0,0,0,0
7,-1,0,0,0,0,0,0,0
6,0,0,0,0,0,0,0,0
-1,-2,0,0,0,0,0,0,0
0,1,0,0,0,0,0,0,0
3,5,0,0,0,0,0,0,0
-1,4,0,0,0,0,0,0,0
-1,-1,0,0,0,0,0,0,0
3,1,0,0,0,0,0,0,0
-1,6,0,0,0,0,0,0,0
-8,3,0,0,0,0,0,0,0
-6,-1,0,0,0,0,0,0,0
-3,5,0,0,0,0,0,0,0
-3,9,0,0,0,0,0,0,0
0,1,0,0,0,0,0,0,0
0,-4,0,0,0,0,0,0,0
-5,-1,0,0,0,0,0,0,0
-3,-1,0,0,0,0,0,0,0
1,-3,0,0,0,0,0,0,0
-4,1,0,0,0,0,0,0,0
-6,5,0,0,0,0,0,0,0
-1,4,0,0,0,0,0,0,0
1,3,0,0,0,0,0,0,0
2,4,0,0,0,0,0,0,0
3,0,0,0,0,0,0,0,0
1,-2,0,0,0,0,0,0,0
2,0,0,0,0,0,0,0,0
3,0,0,0,0,0,0,0,0
2,0,0,0,0,0,0,0,0
1,5,0,0,0,0,0,0,0
-2,7,0,0,0,0,0,0,0
-4,0,0,0,0,0,0,0,0
-2,-3,0,0,0,0,0,0,0
3,4,0,0,0,0,0,0,0
2,3,0,0,0,0,0,0,0
-1,-4,0,0,0,0,0,0,0
-3,-2,0,0,0,0,0,0,0
-2,1,0,0,0,0,0,0,0
3,0,0,0,0,0,0,0,0
3,4,0,0,0,0,0,0,0
0,3,0,0,0,0,0,0,0
-2,-3,0,0,0,0,0,0,0
-3,-2,0,0,0,0,0,0,0
2,0,0,0,0,0,0,0,0
1,0,0,0,0,0,0,0,0
-5,3,0,0,0,0,0,0,0
-2,3,0,0,0,0,0,0,0
3,-1,0,0,0,0,0,0,0
2,3,0,0,0,0,0,0,0
1,3,0,0,0,0,0,0,0
3,-5,0,0,0,0,0,0,0
1,-2,0,0,0,0,0,0,0
0,5,0,0,0,0,0,0,0
-1,3,0,0,0,0,0,0,0
-3,2,0,0,0,0,0,0,0
-2,6,0,0,0,0,0,0,0
3,1,0,0,0,0,0,0,0
3,-5,0,0,0,0,0,0,0
-2,-1,0,0,0,0,0,0,0
-4,3,0,0,0,0,0,0,0
-3,-1,0,0,0,0,0,0,0
1,-3,0,0,0,0,0,0,0
-2,4,0,0,0,0,0,0,0
-5,9,0,0,0,0,0,0,0
-3,5,0,0,0,0,0,0,0
-4,3,0,0,0,0,0,0,0
-1,2,0,0,0,0,0,0,0
6,-4,0,0,0,0,0,0,0
5,-3,0,0,0,0,0,0,0
0,2,0,0,0,0,0,0,0
-4,-4,0,0,0,0,0,0,0
-6,-9,0,0,0,0,0,0,0
1,-2,0,0,0,0,0,0,0
5,1,0,0,0,0,0,0,0
-2,-3,0,0,0,0,0,0,0
-4,-4,0,0,0,0,0,0,0
0,-3,0,0,0,0,0,0,0
1,-4,0,0,0,0,0,0,0
3,-5,0,0,0,0,0,0,0
5,1,0,0,0,0,0,0,0
4,5,0,0,0,0,0,0,0
0,-3,0,0,0,0,0,0,0
-3,-7,0,0,0,0,0,0,0
-2,-1,0,0,0,0,0,0,0
0,-2,0,0,0,0,0,0,0
2,-9,0,0,0,0,0,0,0
5,-7,0,0,0,0,0,0,0
4,-2,0,0,0,0,0,0,0
-4,-5,0,0,0,0,0,0,0
-6,-4,0,0,0,0,0,0,0
2,3,0,0,0,0,0,0,0
7,8,0,0,0,0,0,0,0
4,4,0,0,0,0,0,0,0
3,-3,0,0,0,0,0,0,0
4,-3,0,0,0,0,0,0,0
1,0,0,0,0,0,0,0,0
-3,1,0,0,0,0,0,0,0
-1,1,0,0,0,0,0,0,0
5,-1,0,0,0,0,0,0,0
3,-2,0,0,0,0,0,0,0
-4,1,0,0,0,0,0,0,0
-2,-4,0,0,0,0,0,0,0
4,-8,0,0,0,0,0,0,0
1,-1,0,0,0,0,0,0,0
-5,0,0,0,0,0,0,0,0
-1,-7,0,0,0,0,0,0,0
3,-4,0,0,0,0,0,0,0
-2,1,0,0,0,0,0,0,0
-1,2,0,0,0,0,0,0,0
3,5,0,0,0,0,0,0,0
-2,6,0,0,0,0,0,0,0
-5,2,0,0,0,0,0,0,0
0,-4,0,0,0,0,0,0,0
1,-8,0,0,0,0,0,0,0
0,-3,0,0,0,0,0,0,0
-1,3,0,0,0,0,0,0,0
-1,0,0,0,0,0,0,0,0
5,-4,0,0,0,0,0,0,0
3,2,0,0,0,0,0,0,0
-6,7,0,0,0,0,0,0,0
-7,2,0,0,0,0,0,0,0
2,-5,0,0,0,0,0,0,0
6,-6,0,0,0,0,0,0,0
2,0,0,0,0,0,0,0,0
1,3,0,0,0,0,0,0,0
2,1,0,0,0,0,0,0,0
1,3,0,0,0,0,0,0,0
-4,1,0,0,0,0,0,0,0
-5,0,0,0,0,0,0,0,0
-2,5,0,0,0,0,0,0,0
0,2,0,0,0,0,0,0,0
1,-1,0,0,0,0,0,0,0
3,5,0,0,0,0,0,0,0
2,4,0,0,0,0,0,0,0
1,-2,0,0,0,0,0,0,0
0,-3,0,0,0,0,0,0,0
-1,-4,0,0,0,0,0,0,0
-5,-4,0,0,0,0,0,0,0
-7,-2,0,0,0,0,0,0,0
0,-1,0,0,0,0,0,0,0
5,1,0,0,0,0,0,0,0
3,0,0,0,0,0,0,0,0
1,-2,0,0,0,0,0,0,0
2,0,0,0,0,0,0,0,0
2,1,0,0,0,0,0,0,0
2,-1,0,0,0,0,0,0,0
0,-1,0,0,0,0,0,0,0
-3,-4,0,0,0,0,0,0,0
-3,-4,0,0,0,0,0,0,0
1,0,0,0,0,0,0,0,0
1,0,0,0,0,0,0,0,0
-1,4,0,0,0,0,0,0,0
-2,7,0,0,0,0,0,0,0
-4,2,0,0,0,0,0,0,0
-2,1,0,0,0,0,0,0,0
3,7,0,0,0,0,0,0,0
3,7,0,0,0,0,0,0,0
1,4,0,0,0,0,0,0,0
0,3,0,0,0,0,0,0,0
-1,2,0,0,0,0,0,0,0
0,-3,0,0,0,0,0,0,0
1,-6,0,0,0,0,0,0,0
0,-4,0,0,0,0,0,0,0
-6,-3,0,0,0,0,0,0,0
-9,-3,0,0,0,0,0,0,0
-1,-1,0,0,0,0,0,0,0
5,4,0,0,0,0,0,0,0
3,7,0,0,0,0,0,0,0
1,4,0,0,0,0,0,0,0
0,-2,0,0,0,0,0,0,0
-3,0,0,0,0,0,0,0,0
-4,5,0,0,0,0,0,0,0
-1,1,0,0,0,0,0,0,0
3,-2,0,0,0,0,0,0,0
2,1,0,0,0,0,0,0,0
0,1,0,0,0,0,0,0,0
1,-2,0,0,0,0,0,0,0
-1,0,0,0,0,0,0,0,0
-4,2,0,0,0,0,0,0,0
-2,3,0,0,0,0,0,0,0
3,4,0,0,0,0,0,0,0
2,0,0,0,0,0,0,0,0
0,0,0,0,0,0,0,0,0
-1,6,0,0,0,0,0,0,0
-4,2,0,0,0,0,0,0,0
-5,-7,0,0,0,0,0,0,0
-4,-5,0,0,0,0,0,0,0
-6,3,0,0,0,0,0,0,0
-6,5,0,0,0,0,0,0,0
2,0,0,0,0,0,0,0,0
7,-3,0,0,0,0,0,0,0
5,-2,0,0,0,0,0,0,0
1,-2,0,0,0,0,0,0,0
3,-4,0,0,0,0,0,0,0
7,3,0,0,0,0,0,0,0
8,17,0,0,0,0,0,0,0
5,12,0,0,0,0,0,0,0
1,-3,0,0,0,0,0,0,0
-1,-9,0,0,0,0,0,0,0
-16,-24,0,0,0,0,0,0,0
-89,-131,0,0,0,0,0,0,0
-253,-372,0,0,0,0,0,0,0
-392,-419,0,0,0,0,0,0,0
-334,100,0,0,0,0,0,0,0
-216,487,0,0,0,0,0,0,0
-240,-33,0,0,0,0,0,0,0
-176,-514,0,0,0,0,0,0,0
109,-129,0,0,0,0,0,0,0
266,253,0,0,0,0,0,0,0
188,130,0,0,0,0,0,0,0
141,47,0,0,0,0,0,0,0
163,118,0,0,0,0,0,0,0
151,102,0,0,0,0,0,0,0
137,65,0,0,0,0,0,0,0
140,79,0,0,0,0,0,0,0
128,73,0,0,0,0,0,0,0
110,57,0,0,0,0,0,0,0
101,61,0,0,0,0,0,0,0
96,59,0,0,0,0,0,0,0
93,47,0,0,0,0,0,0,0
87,43,0,0,0,0,0,0,0
78,45,0,0,0,0,0,0,0
65,43,0,0,0,0,0,0,0
57,39,0,0,0,0,0,0,0
58,37,0,0,0,0,0,0,0
54,31,0,0,0,0,0,0,0
47,27,0,0,0,0,0,0,0
44,24,0,0,0,0,0,0,0
37,1,0,0,0,0,0,0,0
28,-17,0,0,0,0,0,0,0
33,6,0,0,0,0,0,0,0
35,32,0,0,0,0,0,0,0
25,23,0,0,0,0,0,0,0
18,9,0,0,0,0,0,0,0
16,13,0,0,0,0,0,0,0
9,18,0,0,0,0,0,0,0
4,12,0,0,0,0,0,0,0
4,6,0,0,0,0,0,0,0
4,2,0,0,0,0,0,0,0
4,-3,0,0,0,0,0,0,0
0,-4,0,0,0,0,0,0,0
-7,0,0,0,0,0,0,0,0
-12,0,0,0,0,0,0,0,0
-13,-8,0,0,0,0,0,0,0
-16,-13,0,0,0,0,0,0,0
-19,-9,0,0,0,0,0,0,0
-17,-5,0,0,0,0,0,0,0
-16,-4,0,0,0,0,0,0,0
-21,-8,0,0,0,0,0,0,0
-24,-15,0,0,0,0,0,0,0
-25,-18,0,0,0,0,0,0,0
-23,-15,0,0,0,0,0,0,0
-22,-9,0,0,0,0,0,0,0
-25,-7,0,0,0,0,0,0,0
-26,-10,0,0,0,0,0,0,0
-25,-12,0,0,0,0,0,0,0
-26,-14,0,0,0,0,0,0,0
-25,-16,0,0,0,0,0,0,0
-21,-18,0,0,0,0,0,0,0
-23,-19,0,0,0,0,0,0,0
-30,-23,0,0,0,0,0,0,0
-31,-22,0,0,0,0,0,0,0
-28,-18,0,0,0,0,0,0,0
-28,-19,0,0,0,0,0,0,0
-26,-19,0,0,0,0,0,0,0
-24,-14,0,0,0,0,0,0,0
-25,-10,0,0,0,0,0,0,0
-25,-14,0,0,0,0,0,0,0
-25,-16,0,0,0,0,0,0,0
-25,-16,0,0,0,0,0,0,0
-25,-19,0,0,0,0,0,0,0
-24,-16,0,0,0,0,0,0,0
-24,-15,0,0,0,0,0,0,0
-23,-20,0,0,0,0,0,0,0
-24,-16,0,0,0,0,0,0,0
-24,-12,0,0,0,0,0,0,0
-24,-15,0,0,0,0,0,0,0
-28,-15,0,0,0,0,0,0,0
-26,-12,0,0,0,0,0,0,0
-21,-13,0,0,0,0,0,0,0
-25,-11,0,0,0,0,0,0,0
-25,-6,0,0,0,0,0,0,0
-17,-8,0,0,0,0,0,0,0
-15,-13,0,0,0,0,0,0,0
-18,-12,0,0,0,0,0,0,0
-18,-8,0,0,0,0,0,0,0
-19,-7,0,0,0,0,0,0,0
-19,-6,0,0,0,0,0,0,0
-17,-8,0,0,0,0,0,0,0
-14,-11,0,0,0,0,0,0,0
-13,-11,0,0,0,0,0,0,0
-16,-11,0,0,0,0,0,0,0
-19,-9,0,0,0,0,0,0,0
-12,-6,0,0,0,0,0,0,0
-9,-11,0,0,0,0,0,0,0
-10,-12,0,0,0,0,0,0,0
-4,-5,0,0,0,0,0,0,0
2,0,0,0,0,0,0,0,0
-2,0,0,0,0,0,0,0,0
-7,-5,0,0,0,0,0,0,0
-5,-10,0,0,0,0,0,0,0
-3,-6,0,0,0,0,0,0,0
-5,2,0,0,0,0,0,0,0
-3,4,0,0,0,0,0,0,0
-2,-2,0,0,0,0,0,0,0
-2,-5,0,0,0,0,0,0,0
-3,0,0,0,0,0,0,0,0
-5,3,0,0,0,0,0,0,0
-4,0,0,0,0,0,0,0,0
-2,-1,0,0,0,0,0,0,0
-1,2,0,0,0,0,0,0,0
3,2,0,0,0,0,0,0,0
5,0,0,0,0,0,0,0,0
1,3,0,0,0,0,0,0,0
-1,4,0,0,0,0,0,0,0
3,2,0,0,0,0,0,0,0
7,0,0,0,0,0,0,0,0
7,0,0,0,0,0,0,0,0
5,5,0,0,0,0,0,0,0
6,6,0,0,0,0,0,0,0
5,-1,0,0,0,0,0,0,0
0,-1,0,0,0,0,0,0,0
-2,5,0,0,0,0,0,0,0
2,5,0,0,0,0,0,0,0
8,6,0,0,0,0,0,0,0
13,6,0,0,0,0,0,0,0
12,0,0,0,0,0,0,0,0
11,2,0,0,0,0,0,0,0
11,9,0,0,0,0,0,0,0
11,7,0,0,0,0,0,0,0
11,3,0,0,0,0,0,0,0
12,7,0,0,0,0,0,0,0
11,10,0,0,0,0,0,0,0
9,6,0,0,0,0,0,0,0
6,5,0,0,0,0,0,0,0
8,3,0,0,0,0,0,0,0
12,4,0,0,0,0,0,0,0
7,10,0,0,0,0,0,0,0
6,8,0,0,0,0,0,0,0
14,2,0,0,0,0,0,0,0
15,7,0,0,0,0,0,0,0
11,10,0,0,0,0,0,0,0
17,6,0,0,0,0,0,0,0
17,5,0,0,0,0,0,0,0
6,4,0,0,0,0,0,0,0
3,5,0,0,0,0,0,0,0
10,10,0,0,0,0,0,0,0
14,12,0,0,0,0,0,0,0
11,11,0,0,0,0,0,0,0
9,11,0,0,0,0,0,0,0
9,11,0,0,0,0,0,0,0
9,6,0,0,0,0,0,0,0
10,0,0,0,0,0,0,0,0
10,1,0,0,0,0,0,0,0
10,6,0,0,0,0,0,0,0
8,4,0,0,0,0,0,0,0
6,-1,0,0,0,0,0,0,0
3,4,0,0,0,0,0,0,0
3,8,0,0,0,0,0,0,0
4,4,0,0,0,0,0,0,0
7,2,0,0,0,0,0,0,0
9,2,0,0,0,0,0,0,0
4,4,0,0,0,0,0,0,0
3,5,0,0,0,0,0,0,0
10,2,0,0,0,0,0,0,0
8,4,0,0,0,0,0,0,0
-1,5,0,0,0,0,0,0,0
-1,-1,0,0,0,0,0,0,0
5,-2,0,0,0,0,0,0,0
5,3,0,0,0,0,0,0,0
3,6,0,0,0,0,0,0,0
5,4,0,0,0,0,0,0,0
9,0,0,0,0,0,0,0,0
8,2,0,0,0,0,0,0,0
3,4,0,0,0,0,0,0,0
3,-1,0,0,0,0,0,0,0
10,1,0,0,0,0,0,0,0
9,7,0,0,0,0,0,0,0
5,2,0,0,0,0,0,0,0
4,-2,0,0,0,0,0,0,0
0,5,0,0,0,0,0,0,0
-3,5,0,0,0,0,0,0,0
2,-3,0,0,0,0,0,0,0
3,-2,0,0,0,0,0,0,0
-5,6,0,0,0,0,0,0,0
-5,4,0,0,0,0,0,0,0
1,-1,0,0,0,0,0,0,0
4,4,0,0,0,0,0,0,0
2,8,0,0,0,0,0,0,0
4,0,0,0,0,0,0,0,0
10,-4,0,0,0,0,0,0,0
9,3,0,0,0,0,0,0,0
4,2,0,0,0,0,0,0,0
3,-4,0,0,0,0,0,0,0
-1,-4,0,0,0,0,0,0,0
-5,-2,0,0,0,0,0,0,0
0,-3,0,0,0,0,0,0,0
5,2,0,0,0,0,0,0,0
7,3,0,0,0,0,0,0,0
9,0,0,0,0,0,0,0,0
4,-1,0,0,0,0,0,0,0
-1,-1,0,0,0,0,0,0,0
-1,4,0,0,0,0,0,0,0
-4,8,0,0,0,0,0,0,0
-3,0,0,0,0,0,0,0,0
3,-7,0,0,0,0,0,0,0
1,-1,0,0,0,0,0,0,0
-3,6,0,0,0,0,0,0,0
0,4,0,0,0,0,0,0,0
1,1,0,0,0,0,0,0,0
-1,-2,0,0,0,0,0,0,0
-3,-2,0,0,0,0,0,0,0
-7,-2,0,0,0,0,0,0,0
-8,-6,0,0,0,0,0,0,0
-5,-7,0,0,0,0,0,0,0
-4,-3,0,0,0,0,0,0,0
-2,0,0,0,0,0,0,0,0
-1,-1,0,0,0,0,0,0,0
-6,-4,0,0,0,0,0,0,0
-5,-5,0,0,0,0,0,0,0
1,-1,0,0,0,0,0,0,0
-1,1,0,0,0,0,0,0,0
-9,1,0,0,0,0,0,0,0
-7,0,0,0,0,0,0,0,0
-2,2,0,0,0,0,0,0,0
-4,-1,0,0,0,0,0,0,0
-7,-5,0,0,0,0,0,0,0
-8,-1,0,0,0,0,0,0,0
-4,1,0,0,0,0,0,0,0
-2,-4,0,0,0,0,0,0,0
-3,-2,0,0,0,0,0,0,0
0,0,0,0,0,0,0,0,0
1,-1,0,0,0,0,0,0,0
-1,2,0,0,0,0,0,0,0
-3,2,0,0,0,0,0,0,0
-5,-5,0,0,0,0,0,0,0
-4,-3,0,0,0,0,0,0,0
0,4,0,0,0,0,0,0,0
0,2,0,0,0,0,0,0,0
-3,-2,0,0,0,0,0,0,0
-1,-4,0,0,0,0,0,0,0
-1,-1,0,0,0,0,0,0,0
-6,2,0,0,0,0,0,0,0
-5,-1,0,0,0,0,0,0,0
0,-8,0,0,0,0,0,0,0
0,-11,0,0,0,0,0,0,0
-1,-8,0,0,0,0,0,0,0
2,-6,0,0,0,0,0,0,0
-1,-8,0,0,0,0,0,0,0
-4,-6,0,0,0,0,0,0,0
-3,-1,0,0,0,0,0,0,0
-5,-1,0,0,0,0,0,0,0
-5,0,0,0,0,0,0,0,0
0,5,0,0,0,0,0,0,0
-1,3,0,0,0,0,0,0,0
-4,-2,0,0,0,0,0,0,0
0,-3,0,0,0,0,0,0,0
0,-1,0,0,0,0,0,0,0
-2,2,0,0,0,0,0,0,0
-1,0,0,0,0,0,0,0,0
4,-6,0,0,0,0,0,0,0
2,-4,0,0,0,0,0,0,0
-5,4,0,0,0,0,0,0,0
-4,2,0,0,0,0,0,0,0
-2,-7,0,0,0,0,0,0,0
-7,-9,0,0,0,0,0,0,0
-9,-4,0,0,0,0,0,0,0
-5,0,0,0,0,0,0,0,0
-5,-3,0,0,0,0,0,0,0
-6,-8,0,0,0,0,0,0,0
-4,-4,0,0,0,0,0,0,0
-1,3,0,0,0,0,0,0,0
0,1,0,0,0,0,0,0,0
0,-3,0,0,0,0,0,0,0
1,0,0,0,0,0,0,0,0
1,-2,0,0,0,0,0,0,0
0,-5,0,0,0,0,0,0,0
2,-3,0,0,0,0,0,0,0
2,-3,0,0,0,0,0,0,0
0,-3,0,0,0,0,0,0,0
-1,-2,0,0,0,0,0,0,0
-1,-2,0,0,0,0,0,0,0
0,-2,0,0,0,0,0,0,0
0,0,0,0,0,0,0,0,0
-2,1,0,0,0,0,0,0,0
-5,5,0,0,0,0,0,0,0
-5,8,0,0,0,0,0,0,0
-3,0,0,0,0,0,0,0,0
-3,-3,0,0,0,0,0,0,0
0,5,0,0,0,0,0,0,0
2,8,0,0,0,0,0,0,0
1,-1,0,0,0,0,0,0,0
1,-5,0,0,0,0,0,0,0
1,0,0,0,0,0,0,0,0
-1,6,0,0,0,0,0,0,0
-4,9,0,0,0,0,0,0,0
-4,5,0,0,0,0,0,0,0
-2,-2,0,0,0,0,0,0,0
0,-2,0,0,0,0,0,0,0
2,3,0,0,0,0,0,0,0
1,3,0,0,0,0,0,0,0
-6,0,0,0,0,0,0,0,0
-7,0,0,0,0,0,0,0,0
0,-3,0,0,0,0,0,0,0
3,-4,0,0,0,0,0,0,0
-2,-2,0,0,0,0,0,0,0
-1,0,0,0,0,0,0,0,0
6,6,0,0,0,0,0,0,0
5,9,0,0,0,0,0,0,0
1,2,0,0,0,0,0,0,0
-1,-4,0,0,0,0,0,0,0
0,1,0,0,0,0,0,0,0
5,2,0,0,0,0,0,0,0
5,-4,0,0,0,0,0,0,0
3,-2,0,0,0,0,0,0,0
4,4,0,0,0,0,0,0,0
7,5,0,0,0,0,0,0,0
7,2,0,0,0,0,0,0,0
2,-3,0,0,0,0,0,0,0
-3,-3,0,0,0,0,0,0,0
1,1,0,0,0,0,0,0,0
0,1,0,0,0,0,0,0,0
-3,1,0,0,0,0,0,0,0
4,6,0,0,0,0,0,0,0
5,8,0,0,0,0,0,0,0
-4,5,0,0,0,0,0,0,0
-2,0,0,0,0,0,0,0,0
5,4,0,0,0,0,0,0,0
5,8,0,0,0,0,0,0,0
3,3,0,0,0,0,0,0,0
4,1,0,0,0,0,0,0,0
3,6,0,0,0,0,0,0,0
4,1,0,0,0,0,0,0,0
9,-6,0,0,0,0,0,0,0
5,-2,0,0,0,0,0,0,0
-8,-1,0,0,0,0,0,0,0
-11,-3,0,0,0,0,0,0,0
-1,1,0,0,0,0,0,0,0
4,1,0,0,0,0,0,0,0
-1,-5,0,0,0,0,0,0,0
-4,-1,0,0,0,0,0,0,0
-1,6,0,0,0,0,0,0,0
-3,1,0,0,0,0,0,0,0
-6,-5,0,0,0,0,0,0,0
0,0,0,0,0,0,0,0,0
6,5,0,0,0,0,0,0,0
3,3,0,0,0,0,0,0,0
2,0,0,0,0,0,0,0,0
4,1,0,0,0,0,0,0,0
2,2,0,0,0,0,0,0,0
-4,3,0,0,0,0,0,0,0
-7,4,0,0,0,0,0,0,0
-5,0,0,0,0,0,0,0,0
-1,-3,0,0,0,0,0,0,0
3,-1,0,0,0,0,0,0,0
2,-3,0,0,0,0,0,0,0
-2,-2,0,0,0,0,0,0,0
-1,0,0,0,0,0,0,0,0
3,-6,0,0,0,0,0,0,0
5,-5,0,0,0,0,0,0,0
5,3,0,0,0,0,0,0,0
4,-1,0,0,0,0,0,0,0
4,-9,0,0,0,0,0,0,0
4,-5,0,0,0,0,0,0,0
4,1,0,0,0,0,0,0,0
2,3,0,0,0,0,0,0,0
-1,4,0,0,0,0,0,0,0
-1,-1,0,0,0,0,0,0,0
2,-5,0,0,0,0,0,0,0
-1,3,0,0,0,0,0,0,0
-2,8,0,0,0,0,0,0,0
7,2,0,0,0,0,0,0,0
11,-5,0,0,0,0,0,0,0
5,-5,0,0,0,0,0,0,0
-1,3,0,0,0,0,0,0,0
2,7,0,0,0,0,0,0,0
3,1,0,0,0,0,0,0,0
1,-1,0,0,0,0,0,0,0
-1,6,0,0,0,0,0,0,0
-5,5,0,0,0,0,0,0,0
-8,1,0,0,0,0,0,0,0
-2,1,0,0,0,0,0,0,0
5,-3,0,0,0,0,0,0,0
2,-6,0,0,0,0,0,0,0
-1,0,0,0,0,0,0,0,0
-3,5,0,0,0,0,0,0,0
-5,0,0,0,0,0,0,0,0
-3,-5,0,0,0,0,0,0,0
0,-3,0,0,0,0,0,0,0
2,-1,0,0,0,0,0,0,0
1,-4,0,0,0,0,0,0,0
1,0,0,0,0,0,0,0,0
1,3,0,0,0,0,0,0,0
1,-4,0,0,0,0,0,0,0
1,-10,0,0,0,0,0,0,0
0,-3,0,0,0,0,0,0,0
-4,5,0,0,0,0,0,0,0
-2,3,0,0,0,0,0,0,0
1,-3,0,0,0,0,0,0,0
-4,-3,0,0,0,0,0,0,0
-6,-2,0,0,0,0,0,0,0
-3,-6,0,0,0,0,0,0,0
-3,-6,0,0,0,0,0,0,0
4,-2,0,0,0,0,0,0,0
7,-2,0,0,0,0,0,0,0
-5,-4,0,0,0,0,0,0,0
-5,-3,0,0,0,0,0,0,0
4,0,0,0,0,0,0,0,0
-3,0,0,0,0,0,0,0,0
-5,-5,0,0,0,0,0,0,0
4,-4,0,0,0,0,0,0,0
4,3,0,0,0,0,0,0,0
0,2,0,0,0,0,0,0,0
2,-4,0,0,0,0,0,0,0
2,1,0,0,0,0,0,0,0
-1,4,0,0,0,0,0,0,0
-1,-3,0,0,0,0,0,0,0
0,-3,0,0,0,0,0,0,0
0,3,0,0,0,0,0,0,0
0,6,0,0,0,0,0,0,0
1,8,0,0,0,0,0,0,0
1,8,0,0,0,0,0,0,0
2,5,0,0,0,0,0,0,0
3,2,0,0,0,0,0,0,0
-1,2,0,0,0,0,0,0,0
-7,5,0,0,0,0,0,0,0
-4,7,0,0,0,0,0,0,0
3,6,0,0,0,0,0,0,0
1,2,0,0,0,0,0,0,0
-2,-3,0,0,0,0,0,0,0
-1,0,0,0,0,0,0,0,0
-4,6,0,0,0,0,0,0,0
-3,2,0,0,0,0,0,0,0
2,-6,0,0,0,0,0,0,0
-1,-2,0,0,0,0,0,0,0
-8,6,0,0,0,0,0,0,0
-6,2,0,0,0,0,0,0,0
-4,0,0,0,0,0,0,0,0
-7,2,0,0,0,0,0,0,0
-1,-1,0,0,0,0,0,0,0
6,-5,0,0,0,0,0,0,0
1,-4,0,0,0,0,0,0,0
-6,-2,0,0,0,0,0,0,0
-8,-1,0,0,0,0,0,0,0
-6,0,0,0,0,0,0,0,0
-3,-5,0,0,0,0,0,0,0
2,-9,0,0,0,0,0,0,0
7,-1,0,0,0,0,0,0,0
4,5,0,0,0,0,0,0,0
-2,3,0,0,0,0,0,0,0
-1,-1,0,0,0,0,0,0,0
6,-4,0,0,0,0,0,0,0
4,-5,0,0,0,0,0,0,0
-2,-2,0,0,0,0,0,0,0
4,-2,0,0,0,0,0,0,0
13,-4,0,0,0,0,0,0,0
8,-6,0,0,0,0,0,0,0
1,-5,0,0,0,0,0,0,0
6,0,0,0,0,0,0,0,0
0,0,0,0,0,0,0,0,0
-11,-2,0,0,0,0,0,0,0
-5,-2,0,0,0,0,0,0,0
1,-4,0,0,0,0,0,0,0
-3,-5,0,0,0,0,0,0,0
1,0,0,0,0,0,0,0,0
5,3,0,0,0,0,0,0,0
-1,4,0,0,0,0,0,0,0
-6,4,0,0,0,0,0,0,0
-3,3,0,0,0,0,0,0,0
-1,1,0,0,0,0,0,0,0
1,-1,0,0,0,0,0,0,0
5,0,0,0,0,0,0,0,0
4,1,0,0,0,0,0,0,0
0,-1,0,0,0,0,0,0,0
1,-5,0,0,0,0,0,0,0
3,-5,0,0,0,0,0,0,0
0,3,0,0,0,0,0,0,0
-1,8,0,0,0,0,0,0,0
1,4,0,0,0,0,0,0,0
1,-3,0,0,0,0,0,0,0
0,-6,0,0,0,0,0,0,0
2,-4,0,0,0,0,0,0,0
2,3,0,0,0,0,0,0,0
0,7,0,0,0,0,0,0,0
0,4,0,0,0,0,0,0,0
1,-1,0,0,0,0,0,0,0
0,0,0,0,0,0,0,0,0
-6,0,0,0,0,0,0,0,0
-8,-1,0,0,0,0,0,0,0
0,-1,0,0,0,0,0,0,0
4,-3,0,0,0,0,0,0,0
-3,-3,0,0,0,0,0,0,0
-3,5,0,0,0,0,0,0,0
5,5,0,0,0,0,0,0,0
4,-5,0,0,0,0,0,0,0
-1,-5,0,0,0,0,0,0,0
-2,3,0,0,0,0,0,0,0
-3,1,0,0,0,0,0,0,0
-3,1,0,0,0,0,0,0,0
-1,6,0,0,0,0,0,0,0
3,0,0,0,0,0,0,0,0
4,-6,0,0,0,0,0,0,0
1,-1,0,0,0,0,0,0,0
-3,1,0,0,0,0,0,0,0
-1,0,0,0,0,0,0,0,0
3,5,0,0,0,0,0,0,0
3,9,0,0,0,0,0,0,0
1,5,0,0,0,0,0,0,0
2,-3,0,0,0,0,0,0,0
0,-5,0,0,0,0,0,0,0
-5,3,0,0,0,0,0,0,0
-4,9,0,0,0,0,0,0,0
0,7,0,0,0,0,0,0,0
-1,3,0,0,0,0,0,0,0
-1,3,0,0,0,0,0,0,0
0,2,0,0,0,0,0,0,0
3,-2,0,0,0,0,0,0,0
3,-2,0,0,0,0,0,0,0
0,-3,0,0,0,0,0,0,0
-3,-6,0,0,0,0,0,0,0
-3,-4,0,0,0,0,0,0,0
-1,3,0,0,0,0,0,0,0
2,4,0,0,0,0,0,0,0
5,0,0,0,0,0,0,0,0
4,-1,0,0,0,0,0,0,0
-1,-1,0,0,0,0,0,0,0
-3,-4,0,0,0,0,0,0,0
-1,1,0,0,0,0,0,0,0
-3,6,0,0,0,0,0,0,0
-6,0,0,0,0,0,0,0,0
-2,-3,0,0,0,0,0,0,0
3,-2,0,0,0,0,0,0,0
1,-6,0,0,0,0,0,0,0
2,-7,0,0,0,0,0,0,0
4,-2,0,0,0,0,0,0,0
-1,-3,0,0,0,0,0,0,0
-2,-4,0,0,0,0,0,0,0
-1,-1,0,0,0,0,0,0,0
-5,1,0,0,0,0,0,0,0
-4,4,0,0,0,0,0,0,0
5,5,0,0,0,0,0,0,0
9,1,0,0,0,0,0,0,0
5,1,0,0,0,0,0,0,0
0,7,0,0,0,0,0,0,0
-2,7,0,0,0,0,0,0,0
0,3,0,0,0,0,0,0,0
4,3,0,0,0,0,0,0,0
5,2,0,0,0,0,0,0,0
2,-4,0,0,0,0,0,0,0
-4,-7,0,0,0,0,0,0,0
-4,-2,0,0,0,0,0,0,0
7,5,0,0,0,0,0,0,0
9,6,0,0,0,0,0,0,0
-7,2,0,0,0,0,0,0,0
-9,1,0,0,0,0,0,0,0
1,-3,0,0,0,0,0,0,0
1,-8,0,0,0,0,0,0,0
-2,-5,0,0,0,0,0,0,0
4,3,0,0,0,0,0,0,0
5,6,0,0,0,0,0,0,0
0,2,0,0,0,0,0,0,0
-3,-4,0,0,0,0,0,0,0
0,-8,0,0,0,0,0,0,0
3,-5,0,0,0,0,0,0,0
6,1,0,0,0,0,0,0,0
7,-2,0,0,0,0,0,0,0
3,-7,0,0,0,0,0,0,0
1,-2,0,0,0,0,0,0,0
1,5,0,0,0,0,0,0,0
-5,0,0,0,0,0,0,0,0
-5,-7,0,0,0,0,0,0,0
0,-3,0,0,0,0,0,0,0
-1,4,0,0,0,0,0,0,0
-2,4,0,0,0,0,0,0,0
4,1,0,0,0,0,0,0,0
3,0,0,0,0,0,0,0,0
-4,-4,0,0,0,0,0,0,0
-2,-4,0,0,0,0,0,0,0
4,0,0,0,0,0,0,0,0
3,4,0,0,0,0,0,0,0
-1,6,0,0,0,0,0,0,0
0,4,0,0,0,0,0,0,0
-1,-2,0,0,0,0,0,0,0
-6,-4,0,0,0,0,0,0,0
-8,-4,0,0,0,0,0,0,0
-2,-4,0,0,0,0,0,0,0
-2,-2,0,0,0,0,0,0,0
-7,5,0,0,0,0,0,0,0
0,9,0,0,0,0,0,0,0
6,5,0,0,0,0,0,0,0
0,3,0,0,0,0,0,0,0
-1,5,0,0,0,0,0,0,0
3,3,0,0,0,0,0,0,0
1,-4,0,0,0,0,0,0,0
-1,-8,0,0,0,0,0,0,0
1,-5,0,0,0,0,0,0,0
1,-1,0,0,0,0,0,0,0
2,1,0,0,0,0,0,0,0
2,2,0,0,0,0,0,0,0
1,2,0,0,0,0,0,0,0
0,-1,0,0,0,0,0,0,0
-1,-5,0,0,0,0,0,0,0
-5,-4,0,0,0,0,0,0,0
-6,0,0,0,0,0,0,0,0
-3,2,0,0,0,0,0,0,0
-1,2,0,0,0,0,0,0,0
-1,1,0,0,0,0,0,0,0
-3,5,0,0,0,0,0,0,0
-4,6,0,0,0,0,0,0,0
-2,2,0,0,0,0,0,0,0
0,-2,0,0,0,0,0,0,0
2,-3,0,0,0,0,0,0,0
2,-2,0,0,0,0,0,0,0
-4,-5,0,0,0,0,0,0,0
-6,-6,0,0,0,0,0,0,0
0,-1,0,0,0,0,0,0,0
2,4,0,0,0,0,0,0,0
-1,7,0,0,0,0,0,0,0
2,5,0,0,0,0,0,0,0
4,1,0,0,0,0,0,0,0
3,-2,0,0,0,0,0,0,0
4,1,0,0,0,0,0,0,0
4,4,0,0,0,0,0,0,0
1,-3,0,0,0,0,0,0,0
2,-9,0,0,0,0,0,0,0
1,-4,0,0,0,0,0,0,0
-3,-1,0,0,0,0,0,0,0
-3,-3,0,0,0,0,0,0,0
-3,2,0,0,0,0,0,0,0
-5,7,0,0,0,0,0,0,0
0,3,0,0,0,0,0,0,0
8,-4,0,0,0,0,0,0,0
4,-6,0,0,0,0,0,0,0
-1,-3,0,0,0,0,0,0,0
2,-2,0,0,0,0,0,0,0
1,-4,0,0,0,0,0,0,0
-4,-5,0,0,0,0,0,0,0
-2,-3,0,0,0,0,0,0,0
5,1,0,0,0,0,0,0,0
4,5,0,0,0,0,0,0,0
2,2,0,0,0,0,0,0,0
2,-2,0,0,0,0,0,0,0
0,2,0,0,0,0,0,0,0
-4,5,0,0,0,0,0,0,0
-2,3,0,0,0,0,0,0,0
6,5,0,0,0,0,0,0,0
9,5,0,0,0,0,0,0,0
6,-1,0,0,0,0,0,0,0
5,-1,0,0,0,0,0,0,0
3,-2,0,0,0,0,0,0,0
-3,-7,0,0,0,0,0,0,0
-4,-7,0,0,0,0,0,0,0
1,-1,0,0,0,0,0,0,0
1,4,0,0,0,0,0,0,0
-2,3,0,0,0,0,0,0,0
-2,-2,0,0,0,0,0,0,0
-2,0,0,0,0,0,0,0,0
-2,2,0,0,0,0,0,0,0
-1,-4,0,0,0,0,0,0,0
-1,-3,0,0,0,0,0,0,0
-4,4,0,0,0,0,0,0,0
-7,2,0,0,0,0,0,0,0
-4,-4,0,0,0,0,0,0,0
2,1,0,0,0,0,0,0,0
-1,6,0,0,0,0,0,0,0
-7,4,0,0,0,0,0,0,0
-5,-2,0,0,0,0,0,0,0
-2,-10,0,0,0,0,0,0,0
-3,-10,0,0,0,0,0,0,0
-1,4,0,0,0,0,0,0,0
-4,11,0,0,0,0,0,0,0
-11,5,0,0,0,0,0,0,0
-7,-1,0,0,0,0,0,0,0
0,-2,0,0,0,0,0,0,0
-1,-2,0,0,0,0,0,0,0
2,0,0,0,0,0,0,0,0
11,2,0,0,0,0,0,0,0
9,4,0,0,0,0,0,0,0
-1,3,0,0,0,0,0,0,0
0,1,0,0,0,0,0,0,0
4,-3,0,0,0,0,0,0,0
1,-2,0,0,0,0,0,0,0
0,5,0,0,0,0,0,0,0
2,7,0,0,0,0,0,0,0
2,0,0,0,0,0,0,0,0
1,-5,0,0,0,0,0,0,0
-4,-3,0,0,0,0,0,0,0
-9,3,0,0,0,0,0,0,0
-6,4,0,0,0,0,0,0,0
5,3,0,0,0,0,0,0,0
11,1,0,0,0,0,0,0,0
7,-3,0,0,0,0,0,0,0
0,-4,0,0,0,0,0,0,0
2,-3,0,0,0,0,0,0,0
2,-3,0,0,0,0,0,0,0
-5,0,0,0,0,0,0,0,0
-3,6,0,0,0,0,0,0,0
5,6,0,0,0,0,0,0,0
2,-1,0,0,0,0,0,0,0
-2,-5,0,0,0,0,0,0,0
1,-2,0,0,0,0,0,0,0
0,0,0,0,0,0,0,0,0
-6,1,0,0,0,0,0,0,0
-6,2,0,0,0,0,0,0,0
6,3,0,0,0,0,0,0,0
10,6,0,0,0,0,0,0,0
1,5,0,0,0,0,0,0,0
0,-2,0,0,0,0,0,0,0
1,-5,0,0,0,0,0,0,0
-5,-2,0,0,0,0,0,0,0
-5,-3,0,0,0,0,0,0,0
1,-4,0,0,0,0,0,0,0
-4,0,0,0,0,0,0,0,0
-9,4,0,0,0,0,0,0,0
0,1,0,0,0,0,0,0,0
6,-4,0,0,0,0,0,0,0
1,-2,0,0,0,0,0,0,0
-1,-2,0,0,0,0,0,0,0
1,-6,0,0,0,0,0,0,0
-4,-1,0,0,0,0,0,0,0
-6,6,0,0,0,0,0,0,0
1,6,0,0,0,0,0,0,0
6,6,0,0,0,0,0,0,0
2,3,0,0,0,0,0,0,0
1,-3,0,0,0,0,0,0,0
4,-2,0,0,0,0,0,0,0
1,1,0,0,0,0,0,0,0
-3,-1,0,0,0,0,0,0,0
-2,-1,0,0,0,0,0,0,0
0,4,0,0,0,0,0,0,0
0,7,0,0,0,0,0,0,0
4,0,0,0,0,0,0,0,0
5,-5,0,0,0,0,0,0,0
2,2,0,0,0,0,0,0,0
2,9,0,0,0,0,0,0,0
1,3,0,0,0,0,0,0,0
-3,-4,0,0,0,0,0,0,0
-1,-6,0,0,0,0,0,0,0
4,-4,0,0,0,0,0,0,0
3,-3,0,0,0,0,0,0,0
2,-2,0,0,0,0,0,0,0
8,0,0,0,0,0,0,0,0
7,4,0,0,0,0,0,0,0
-2,7,0,0,0,0,0,0,0
-2,0,0,0,0,0,0,0,0
3,-6,0,0,0,0,0,0,0
1,-3,0,0,0,0,0,0,0
-3,1,0,0,0,0,0,0,0
-1,3,0,0,0,0,0,0,0
2,3,0,0,0,0,0,0,0
-2,0,0,0,0,0,0,0,0
-7,2,0,0,0,0,0,0,0
-4,5,0,0,0,0,0,0,0
1,-3,0,0,0,0,0,0,0
-1,-9,0,0,0,0,0,0,0
-6,-3,0,0,0,0,0,0,0
-3,-1,0,0,0,0,0,0,0
1,-3,0,0,0,0,0,0,0
1,-2,0,0,0,0,0,0,0
-2,1,0,0,0,0,0,0,0
-4,0,0,0,0,0,0,0,0
-1,-5,0,0,0,0,0,0,0
3,-5,0,0,0,0,0,0,0
2,-2,0,0,0,0,0,0,0
-1,-2,0,0,0,0,0,0,0
0,-4,0,0,0,0,0,0,0
-3,-1,0,0,0,0,0,0,0
-3,6,0,0,0,0,0,0,0
2,9,0,0,0,0,0,0,0
-2,7,0,0,0,0,0,0,0
-3,4,0,0,0,0,0,0,0
5,0,0,0,0,0,0,0,0
5,-6,0,0,0,0,0,0,0
-1,-6,0,0,0,0,0,0,0
-2,0,0,0,0,0,0,0,0
-4,4,0,0,0,0,0,0,0
-3,3,0,0,0,0,0,0,0
2,1,0,0,0,0,0,0,0
-1,-2,0,0,0,0,0,0,0
-2,-4,0,0,0,0,0,0,0
3,-2,0,0,0,0,0,0,0
4,3,0,0,0,0,0,0,0
0,0,0,0,0,0,0,0,0
0,-4,0,0,0,0,0,0,0
-3,3,0,0,0,0,0,0,0
-1,4,0,0,0,0,0,0,0
4,-1,0,0,0,0,0,0,0
-2,1,0,0,0,0,0,0,0
-5,5,0,0,0,0,0,0,0
-2,5,0,0,0,0,0,0,0
-5,5,0,0,0,0,0,0,0
-4,5,0,0,0,0,0,0,0
-1,2,0,0,0,0,0,0,0
-4,-4,0,0,0,0,0,0,0
-4,-5,0,0,0,0,0,0,0
4,2,0,0,0,0,0,0,0
7,1,0,0,0,0,0,0,0
1,-6,0,0,0,0,0,0,0
1,-1,0,0,0,0,0,0,0
8,2,0,0,0,0,0,0,0
6,-4,0,0,0,0,0,0,0
1,-2,0,0,0,0,0,0,0
3,2,0,0,0,0,0,0,0
4,-1,0,0,0,0,0,0,0
1,-1,0,0,0,0,0,0,0
-3,1,0,0,0,0,0,0,0
-2,1,0,0,0,0,0,0,0
4,0,0,0,0,0,0,0,0
6,0,0,0,0,0,0,0,0
2,-1,0,0,0,0,0,0,0
-3,-3,0,0,0,0,0,0,0
0,-4,0,0,0,0,0,0,0
3,0,0,0,0,0,0,0,0
-2,0,0,0,0,0,0,0,0
-3,-7,0,0,0,0,0,0,0
5,-7,0,0,0,0,0,0,0
5,-2,0,0,0,0,0,0,0
1,-2,0,0,0,0,0,0,0
1,2,0,0,0,0,0,0,0
3,7,0,0,0,0,0,0,0
2,0,0,0,0,0,0,0,0
0,-5,0,0,0,0,0,0,0
1,3,0,0,0,0,0,0,0
2,3,0,0,0,0,0,0,0
1,-5,0,0,0,0,0,0,0
-2,-2,0,0,0,0,0,0,0
-5,5,0,0,0,0,0,0,0
-3,3,0,0,0,0,0,0,0
2,2,0,0,0,0,0,0,0
2,6,0,0,0,0,0,0,0
-2,6,0,0,0,0,0,0,0
-3,4,0,0,0,0,0,0,0
-4,5,0,0,0,0,0,0,0
-3,3,0,0,0,0,0,0,0
2,-3,0,0,0,0,0,0,0
1,-3,0,0,0,0,0,0,0
-4,0,0,0,0,0,0,0,0
-5,-1,0,0,0,0,0,0,0
-3,-3,0,0,0,0,0,0,0
-2,-3,0,0,0,0,0,0,0
-2,-1,0,0,0,0,0,0,0
2,1,0,0,0,0,0,0,0
5,-1,0,0,0,0,0,0,0
6,-1,0,0,0,0,0,0,0
2,1,0,0,0,0,0,0,0
-6,5,0,0,0,0,0,0,0
-5,4,0,0,0,0,0,0,0
3,1,0,0,0,0,0,0,0
0,2,0,0,0,0,0,0,0
-7,3,0,0,0,0,0,0,0
-2,0,0,0,0,0,0,0,0
4,-4,0,0,0,0,0,0,0
1,-4,0,0,0,0,0,0,0
-1,-1,0,0,0,0,0,0,0
2,-1,0,0,0,0,0,0,0
0,-2,0,0,0,0,0,0,0
-5,-1,0,0,0,0,0,0,0
-4,0,0,0,0,0,0,0,0
2,-1,0,0,0,0,0,0,0
2,-4,0,0,0,0,0,0,0
-1,-6,0,0,0,0,0,0,0
-2,-5,0,0,0,0,0,0,0
-7,-2,0,0,0,0,0,0,0
-7,-1,0,0,0,0,0,0,0
2,2,0,0,0,0,0,0,0
6,5,0,0,0,0,0,0,0
1,1,0,0,0,0,0,0,0
2,-1,0,0,0,0,0,0,0
4,5,0,0,0,0,0,0,0
1,6,0,0,0,0,0,0,0
1,1,0,0,0,0,0,0,0
1,-2,0,0,0,0,0,0,0
-4,0,0,0,0,0,0,0,0
-2,4,0,0,0,0,0,0,0
5,4,0,0,0,0,0,0,0
2,0,0,0,0,0,0,0,0
-4,-6,0,0,0,0,0,0,0
-5,-9,0,0,0,0,0,0,0
-1,-5,0,0,0,0,0,0,0
4,-1,0,0,0,0,0,0,0
8,3,0,0,0,0,0,0,0
4,6,0,0,0,0,0,0,0
-2,4,0,0,0,0,0,0,0
-1,1,0,0,0,0,0,0,0
1,2,0,0,0,0,0,0,0
-1,0,0,0,0,0,0,0,0
-4,-5,0,0,0,0,0,0,0
-6,-2,0,0,0,0,0,0,0
-4,5,0,0,0,0,0,0,0
2,-1,0,0,0,0,0,0,0
-2,-9,0,0,0,0,0,0,0
-6,-2,0,0,0,0,0,0,0
1,0,0,0,0,0,0,0,0
4,-8,0,0,0,0,0,0,0
1,-7,0,0,0,0,0,0,0
1,-2,0,0,0,0,0,0,0
1,-2,0,0,0,0,0,0,0
1,3,0,0,0,0,0,0,0
1,7,0,0,0,0,0,0,0
0,-1,0,0,0,0,0,0,0
-1,-8,0,0,0,0,0,0,0
-2,-2,0,0,0,0,0,0,0
-5,4,0,0,0,0,0,0,0
-4,2,0,0,0,0,0,0,0
-2,2,0,0,0,0,0,0,0
-2,4,0,0,0,0,0,0,0
0,1,0,0,0,0,0,0,0
-2,-2,0,0,0,0,0,0,0
-2,2,0,0,0,0,0,0,0
6,2,0,0,0,0,0,0,0
11,-1,0,0,0,0,0,0,0
3,-4,0,0,0,0,0,0,0
-8,-2,0,0,0,0,0,0,0
-10,5,0,0,0,0,0,0,0
-5,6,0,0,0,0,0,0,0
1,-2,0,0,0,0,0,0,0
4,-4,0,0,0,0,0,0,0
4,0,0,0,0,0,0,0,0
2,-1,0,0,0,0,0,0,0
2,-3,0,0,0,0,0,0,0
2,-2,0,0,0,0,0,0,0
-3,-2,0,0,0,0,0,0,0
-2,-2,0,0,0,0,0,0,0
4,6,0,0,0,0,0,0,0
5,9,0,0,0,0,0,0,0
0,1,0,0,0,0,0,0,0
1,-1,0,0,0,0,0,0,0
4,7,0,0,0,0,0,0,0
1,8,0,0,0,0,0,0,0
-5,-1,0,0,0,0,0,0,0
-3,-3,0,0,0,0,0,0,0
4,4,0,0,0,0,0,0,0
3,4,0,0,0,0,0,0,0
0,1,0,0,0,0,0,0,0
1,2,0,0,0,0,0,0,0
-2,3,0,0,0,0,0,0,0
-4,0,0,0,0,0,0,0,0
-1,-3,0,0,0,0,0,0,0
2,-3,0,0,0,0,0,0,0
4,-1,0,0,0,0,0,0,0
2,0,0,0,0,0,0,0,0
1,2,0,0,0,0,0,0,0
3,4,0,0,0,0,0,0,0
4,3,0,0,0,0,0,0,0
3,-1,0,0,0,0,0,0,0
0,1,0,0,0,0,0,0,0
-3,8,0,0,0,0,0,0,0
-3,10,0,0,0,0,0,0,0
-1,6,0,0,0,0,0,0,0
0,4,0,0,0,0,0,0,0
1,2,0,0,0,0,0,0,0
-4,-2,0,0,0,0,0,0,0
-7,-7,0,0,0,0,0,0,0
3,-4,0,0,0,0,0,0,0
8,4,0,0,0,0,0,0,0
3,6,0,0,0,0,0,0,0
1,-1,0,0,0,0,0,0,0
3,-8,0,0,0,0,0,0,0
0,-4,0,0,0,0,0,0,0
-4,4,0,0,0,0,0,0,0
-1,5,0,0,0,0,0,0,0
4,-2,0,0,0,0,0,0,0
3,-4,0,0,0,0,0,0,0
2,0,0,0,0,0,0,0,0
3,0,0,0,0,0,0,0,0
2,4,0,0,0,0,0,0,0
2,5,0,0,0,0,0,0,0
3,0,0,0,0,0,0,0,0
4,-6,0,0,0,0,0,0,0
2,-7,0,0,0,0,0,0,0
0,-4,0,0,0,0,0,0,0
-7,2,0,0,0,0,0,0,0
-10,5,0,0,0,0,0,0,0
-3,3,0,0,0,0,0,0,0
3,1,0,0,0,0,0,0,0
1,2,0,0,0,0,0,0,0
-1,2,0,0,0,0,0,0,0
2,-1,0,0,0,0,0,0,0
1,-6,0,0,0,0,0,0,0
1,-8,0,0,0,0,0,0,0
1,-4,0,0,0,0,0,0,0
-2,1,0,0,0,0,0,0,0
-5,-2,0,0,0,0,0,0,0
-4,-8,0,0,0,0,0,0,0
-2,-5,0,0,0,0,0,0,0
-2,3,0,0,0,0,0,0,0
-2,2,0,0,0,0,0,0,0
2,-3,0,0,0,0,0,0,0
9,-3,0,0,0,0,0,0,0
6,-5,0,0,0,0,0,0,0
-4,-6,0,0,0,0,0,0,0
-4,-3,0,0,0,0,0,0,0
-3,-3,0,0,0,0,0,0,0
-6,-5,0,0,0,0,0,0,0
-4,-2,0,0,0,0,0,0,0
0,4,0,0,0,0,0,0,0
0,7,0,0,0,0,0,0,0
-3,4,0,0,0,0,0,0,0
-2,2,0,0,0,0,0,0,0
1,0,0,0,0,0,0,0,0
-2,0,0,0,0,0,0,0,0
-2,2,0,0,0,0,0,0,0
5,0,0,0,0,0,0,0,0
3,-5,0,0,0,0,0,0,0
-4,-7,0,0,0,0,0,0,0
-3,-4,0,0,0,0,0,0,0
0,2,0,0,0,0,0,0,0
0,0,0,0,0,0,0,0,0
3,-5,0,0,0,0,0,0,0
3,1,0,0,0,0,0,0,0
1,2,0,0,0,0,0,0,0
1,-6,0,0,0,0,0,0,0
-3,-4,0,0,0,0,0,0,0
-7,7,0,0,0,0,0,0,0
-1,8,0,0,0,0,0,0,0
4,1,0,0,0,0,0,0,0
-4,1,0,0,0,0,0,0,0
-8,5,0,0,0,0,0,0,0
0,0,0,0,0,0,0,0,0
2,-4,0,0,0,0,0,0,0
-1,3,0,0,0,0,0,0,0
4,5,0,0,0,0,0,0,0
5,0,0,0,0,0,0,0,0
-2,0,0,0,0,0,0,0,0
-2,3,0,0,0,0,0,0,0
5,8,0,0,0,0,0,0,0
3,11,0,0,0,0,0,0,0
-4,1,0,0,0,0,0,0,0
-2,-7,0,0,0,0,0,0,0
2,-5,0,0,0,0,0,0,0
3,-1,0,0,0,0,0,0,0
5,3,0,0,0,0,0,0,0
6,3,0,0,0,0,0,0,0
5,-1,0,0,0,0,0,0,0
5,-3,0,0,0,0,0,0,0
3,-3,0,0,0,0,0,0,0
-1,-2,0,0,0,0,0,0,0
-4,1,0,0,0,0,0,0,0
-4,1,0,0,0,0,0,0,0
-2,-1,0,0,0,0,0,0,0
0,2,0,0,0,0,0,0,0
4,-1,0,0,0,0,0,0,0
4,-7,0,0,0,0,0,0,0
1,-2,0,0,0,0,0,0,0
2,3,0,0,0,0,0,0,0
3,1,0,0,0,0,0,0,0
-1,1,0,0,0,0,0,0,0
-5,6,0,0,0,0,0,0,0
-4,5,0,0,0,0,0,0,0
-4,1,0,0,0,0,0,0,0
-8,0,0,0,0,0,0,0,0
-8,-4,0,0,0,0,0,0,0
-2,-7,0,0,0,0,0,0,0
2,-2,0,0,0,0,0,0,0
6,0,0,0,0,0,0,0,0
9,-4,0,0,0,0,0,0,0
6,2,0,0,0,0,0,0,0
0,9,0,0,0,0,0,0,0
0,5,0,0,0,0,0,0,0
4,1,0,0,0,0,0,0,0
2,0,0,0,0,0,0,0,0
-3,-4,0,0,0,0,0,0,0
-6,-6,0,0,0,0,0,0,0
-7,1,0,0,0,0,0,0,0
-1,3,0,0,0,0,0,0,0
4,-4,0,0,0,0,0,0,0
3,-6,0,0,0,0,0,0,0
1,0,0,0,0,0,0,0,0
2,-3,0,0,0,0,0,0,0
2,-10,0,0,0,0,0,0,0
1,-4,0,0,0,0,0,0,0
2,5,0,0,0,0,0,0,0
0,6,0,0,0,0,0,0,0
-4,4,0,0,0,0,0,0,0
-3,3,0,0,0,0,0,0,0
3,-4,0,0,0,0,0,0,0
2,-8,0,0,0,0,0,0,0
-5,1,0,0,0,0,0,0,0
-4,6,0,0,0,0,0,0,0
3,-2,0,0,0,0,0,0,0
2,-1,0,0,0,0,0,0,0
-1,7,0,0,0,0,0,0,0
2,3,0,0,0,0,0,0,0
5,-5,0,0,0,0,0,0,0
-1,-3,0,0,0,0,0,0,0
-8,2,0,0,0,0,0,0,0
-6,3,0,0,0,0,0,0,0
-1,7,0,0,0,0,0,0,0
1,5,0,0,0,0,0,0,0
2,-1,0,0,0,0,0,0,0
1,-6,0,0,0,0,0,0,0
2,-7,0,0,0,0,0,0,0
1,-6,0,0,0,0,0,0,0
-1,-4,0,0,0,0,0,0,0
3,-1,0,0,0,0,0,0,0
7,2,0,0,0,0,0,0,0
1,-1,0,0,0,0,0,0,0
-9,-3,0,0,0,0,0,0,0
-6,1,0,0,0,0,0,0,0
1,2,0,0,0,0,0,0,0
-5,1,0,0,0,0,0,0,0
-5,6,0,0,0,0,0,0,0
3,6,0,0,0,0,0,0,0
0,3,0,0,0,0,0,0,0
-4,3,0,0,0,0,0,0,0
-4,-1,0,0,0,0,0,0,0
-2,-8,0,0,0,0,0,0,0
0,-3,0,0,0,0,0,0,0
-2,4,0,0,0,0,0,0,0
-3,3,0,0,0,0,0,0,0
3,-4,0,0,0,0,0,0,0
2,-4,0,0,0,0,0,0,0
-1,2,0,0,0,0,0,0,0
1,1,0,0,0,0,0,0,0
1,-6,0,0,0,0,0,0,0
-1,-4,0,0,0,0,0,0,0
-4,3,0,0,0,0,0,0,0
-4,3,0,0,0,0,0,0,0
-2,-1,0,0,0,0,0,0,0
-1,0,0,0,0,0,0,0,0
3,1,0,0,0,0,0,0,0
2,0,0,0,0,0,0,0,0
-4,-3,0,0,0,0,0,0,0
-2,-4,0,0,0,0,0,0,0
4,-3,0,0,0,0,0,0,0
3,-2,0,0,0,0,0,0,0
0,1,0,0,0,0,0,0,0
2,4,0,0,0,0,0,0,0
3,3,0,0,0,0,0,0,0
0,3,0,0,0,0,0,0,0
-4,7,0,0,0,0,0,0,0
-3,6,0,0,0,0,0,0,0
4,1,0,0,0,0,0,0,0
5,1,0,0,0,0,0,0,0
1,1,0,0,0,0,0,0,0
0,0,0,0,0,0,0,0,0
-1,-1,0,0,0,0,0,0,0
-6,-3,0,0,0,0,0,0,0
-7,-2,0,0,0,0,0,0,0
1,5,0,0,0,0,0,0,0
6,6,0,0,0,0,0,0,0
1,-2,0,0,0,0,0,0,0
-5,-6,0,0,0,0,0,0,0
-6,-3,0,0,0,0,0,0,0
0,0,0,0,0,0,0,0,0
0,4,0,0,0,0,0,0,0
-5,8,0,0,0,0,0,0,0
0,6,0,0,0,0,0,0,0
5,3,0,0,0,0,0,0,0
0,4,0,0,0,0,0,0,0
1,3,0,0,0,0,0,0,0
6,-1,0,0,0,0,0,0,0
2,1,0,0,0,0,0,0,0
-1,6,0,0,0,0,0,0,0
1,4,0,0,0,0,0,0,0
-2,0,0,0,0,0,0,0,0
4,-2,0,0,0,0,0,0,0
15,-6,0,0,0,0,0,0,0
8,-7,0,0,0,0,0,0,0
-1,-2,0,0,0,0,0,0,0
1,1,0,0,0,0,0,0,0
0,-1,0,0,0,0,0,0,0
0,-6,0,0,0,0,0,0,0
11,-5,0,0,0,0,0,0,0
10,-3,0,0,0,0,0,0,0
-2,-4,0,0,0,0,0,0,0
-3,-3,0,0,0,0,0,0,0
-2,-2,0,0,0,0,0,0,0
-2,-2,0,0,0,0,0,0,0
3,1,0,0,0,0,0,0,0
3,0,0,0,0,0,0,0,0
-2,-6,0,0,0,0,0,0,0
-4,-4,0,0,0,0,0,0,0
-2,1,0,0,0,0,0,0,0
5,2,0,0,0,0,0,0,0
7,2,0,0,0,0,0,0,0
-3,3,0,0,0,0,0,0,0
-11,5,0,0,0,0,0,0,0
-2,0,0,0,0,0,0,0,0
4,-6,0,0,0,0,0,0,0
-3,-2,0,0,0,0,0,0,0
-3,4,0,0,0,0,0,0,0
5,6,0,0,0,0,0,0,0
4,5,0,0,0,0,0,0,0
0,1,0,0,0,0,0,0,0
1,1,0,0,0,0,0,0,0
0,6,0,0,0,0,0,0,0
-6,1,0,0,0,0,0,0,0
-6,-5,0,0,0,0,0,0,0
-4,1,0,0,0,0,0,0,0
-6,2,0,0,0,0,0,0,0
-2,-5,0,0,0,0,0,0,0
1,-5,0,0,0,0,0,0,0
-2,0,0,0,0,0,0,0,0
1,2,0,0,0,0,0,0,0
4,-1,0,0,0,0,0,0,0
2,-5,0,0,0,0,0,0,0
2,-1,0,0,0,0,0,0,0
2,6,0,0,0,0,0,0,0
1,6,0,0,0,0,0,0,0
2,-1,0,0,0,0,0,0,0
4,-2,0,0,0,0,0,0,0
0,0,0,0,0,0,0,0,0
-6,-1,0,0,0,0,0,0,0
-6,1,0,0,0,0,0,0,0
-5,3,0,0,0,0,0,0,0
-7,0,0,0,0,0,0,0,0
0,0,0,0,0,0,0,0,0
7,2,0,0,0,0,0,0,0
4,0,0,0,0,0,0,0,0
2,-5,0,0,0,0,0,0,0
4,-6,0,0,0,0,0,0,0
4,-2,0,0,0,0,0,0,0
3,0,0,0,0,0,0,0,0
-1,1,0,0,0,0,0,0,0
-6,1,0,0,0,0,0,0,0
-4,-3,0,0,0,0,0,0,0
1,-2,0,0,0,0,0,0,0
-5,3,0,0,0,0,0,0,0
-9,2,0,0,0,0,0,0,0
1,-2,0,0,0,0,0,0,0
6,-3,0,0,0,0,0,0,0
2,2,0,0,0,0,0,0,0
1,2,0,0,0,0,0,0,0
2,-3,0,0,0,0,0,0,0
2,0,0,0,0,0,0,0,0
0,2,0,0,0,0,0,0,0
-4,-5,0,0,0,0,0,0,0
-5,-4,0,0,0,0,0,0,0
-3,2,0,0,0,0,0,0,0
-1,4,0,0,0,0,0,0,0
2,2,0,0,0,0,0,0,0
2,2,0,0,0,0,0,0,0
-3,5,0,0,0,0,0,0,0
-1,0,0,0,0,0,0,0,0
5,-4,0,0,0,0,0,0,0
3,2,0,0,0,0,0,0,0
-3,3,0,0,0,0,0,0,0
-4,-3,0,0,0,0,0,0,0
-1,0,0,0,0,0,0,0,0
3,4,0,0,0,0,0,0,0
1,-4,0,0,0,0,0,0,0
-4,-5,0,0,0,0,0,0,0
-1,5,0,0,0,0,0,0,0
5,6,0,0,0,0,0,0,0
2,-3,0,0,0,0,0,0,0
-4,-5,0,0,0,0,0,0,0
-1,5,0,0,0,0,0,0,0
4,6,0,0,0,0,0,0,0
2,-1,0,0,0,0,0,0,0
0,0,0,0,0,0,0,0,0
4,-1,0,0,0,0,0,0,0
3,-5,0,0,0,0,0,0,0
-2,2,0,0,0,0,0,0,0
-4,7,0,0,0,0,0,0,0
2,-3,0,0,0,0,0,0,0
9,-10,0,0,0,0,0,0,0
0,-5,0,0,0,0,0,0,0
-11,-2,0,0,0,0,0,0,0
-2,-2,0,0,0,0,0,0,0
5,2,0,0,0,0,0,0,0
-6,1,0,0,0,0,0,0,0
-11,-4,0,0,0,0,0,0,0
-4,-1,0,0,0,0,0,0,0
3,5,0,0,0,0,0,0,0
5,4,0,0,0,0,0,0,0
-2,-1,0,0,0,0,0,0,0
-6,-5,0,0,0,0,0,0,0
2,-3,0,0,0,0,0,0,0
7,-2,0,0,0,0,0,0,0
2,-3,0,0,0,0,0,0,0
-1,-1,0,0,0,0,0,0,0
-3,5,0,0,0,0,0,0,0
-4,9,0,0,0,0,0,0,0
0,4,0,0,0,0,0,0,0
2,-3,0,0,0,0,0,0,0
2,-4,0,0,0,0,0,0,0
7,1,0,0,0,0,0,0,0
7,2,0,0,0,0,0,0,0
2,0,0,0,0,0,0,0,0
2,5,0,0,0,0,0,0,0
3,9,0,0,0,0,0,0,0
3,4,0,0,0,0,0,0,0
3,-3,0,0,0,0,0,0,0
-3,-8,0,0,0,0,0,0,0
-8,-6,0,0,0,0,0,0,0
-1,-4,0,0,0,0,0,0,0
5,-3,0,0,0,0,0,0,0
2,2,0,0,0,0,0,0,0
-2,3,0,0,0,0,0,0,0
-5,1,0,0,0,0,0,0,0
-6,4,0,0,0,0,0,0,0
0,4,0,0,0,0,0,0,0
4,-2,0,0,0,0,0,0,0
3,-2,0,0,0,0,0,0,0
1,-1,0,0,0,0,0,0,0
-1,-5,0,0,0,0,0,0,0
-1,1,0,0,0,0,0,0,0
0,8,0,0,0,0,0,0,0
-2,5,0,0,0,0,0,0,0
-4,0,0,0,0,0,0,0,0
-4,-3,0,0,0,0,0,0,0
0,-4,0,0,0,0,0,0,0
4,-1,0,0,0,0,0,0,0
3,-1,0,0,0,0,0,0,0
2,0,0,0,0,0,0,0,0
3,4,0,0,0,0,0,0,0
3,-2,0,0,0,0,0,0,0
2,-9,0,0,0,0,0,0,0
3,-5,0,0,0,0,0,0,0
2,-1,0,0,0,0,0,0,0
0,2,0,0,0,0,0,0,0
-4,6,0,0,0,0,0,0,0
-1,3,0,0,0,0,0,0,0
3,-2,0,0,0,0,0,0,0
-1,0,0,0,0,0,0,0,0
-3,1,0,0,0,0,0,0,0
3,-1,0,0,0,0,0,0,0
1,-2,0,0,0,0,0,0,0
-5,-3,0,0,0,0,0,0,0
-1,2,0,0,0,0,0,0,0
5,5,0,0,0,0,0,0,0
1,-3,0,0,0,0,0,0,0
-1,-3,0,0,0,0,0,0,0
0,3,0,0,0,0,0,0,0
-2,1,0,0,0,0,0,0,0
-2,0,0,0,0,0,0,0,0
4,-3,0,0,0,0,0,0,0
3,-7,0,0,0,0,0,0,0
-2,-2,0,0,0,0,0,0,0
-1,0,0,0,0,0,0,0,0
-2,-6,0,0,0,0,0,0,0
-5,1,0,0,0,0,0,0,0
-3,6,0,0,0,0,0,0,0
-2,-4,0,0,0,0,0,0,0
-5,-8,0,0,0,0,0,0,0
-6,-1,0,0,0,0,0,0,0
1,1,0,0,0,0,0,0,0
7,3,0,0,0,0,0,0,0
1,6,0,0,0,0,0,0,0
-5,1,0,0,0,0,0,0,0
-1,-2,0,0,0,0,0,0,0
4,0,0,0,0,0,0,0,0
2,-2,0,0,0,0,0,0,0
-4,2,0,0,0,0,0,0,0
-1,6,0,0,0,0,0,0,0
6,0,0,0,0,0,0,0,0
5,-1,0,0,0,0,0,0,0
1,6,0,0,0,0,0,0,0
2,0,0,0,0,0,0,0,0
3,-8,0,0,0,0,0,0,0
1,-4,0,0,0,0,0,0,0
-2,-1,0,0,0,0,0,0,0
-5,-4,0,0,0,0,0,0,0
-4,-5,0,0,0,0,0,0,0
-2,-2,0,0,0,0,0,0,0
-2,4,0,0,0,0,0,0,0
-1,7,0,0,0,0,0,0,0
0,-1,0,0,0,0,0,0,0
-1,-6,0,0,0,0,0,0,0
0,-3,0,0,0,0,0,0,0
3,-2,0,0,0,0,0,0,0
3,-1,0,0,0,0,0,0,0
0,4,0,0,0,0,0,0,0
-1,3,0,0,0,0,0,0,0
-4,-1,0,0,0,0,0,0,0
-9,4,0,0,0,0,0,0,0
-4,6,0,0,0,0,0,0,0
4,-1,0,0,0,0,0,0,0
4,-3,0,0,0,0,0,0,0
0,1,0,0,0,0,0,0,0
-2,2,0,0,0,0,0,0,0
0,6,0,0,0,0,0,0,0
5,7,0,0,0,0,0,0,0
3,-1,0,0,0,0,0,0,0
-4,-6,0,0,0,0,0,0,0
-1,-1,0,0,0,0,0,0,0
5,4,0,0,0,0,0,0,0
3,4,0,0,0,0,0,0,0
1,1,0,0,0,0,0,0,0
5,-3,0,0,0,0,0,0,0
5,0,0,0,0,0,0,0,0
1,7,0,0,0,0,0,0,0
0,8,0,0,0,0,0,0,0
-1,4,0,0,0,0,0,0,0
-6,3,0,0,0,0,0,0,0
-9,3,0,0,0,0,0,0,0
-5,2,0,0,0,0,0,0,0
2,6,0,0,0,0,0,0,0
5,6,0,0,0,0,0,0,0
3,1,0,0,0,0,0,0,0
-1,-1,0,0,0,0,0,0,0
-3,0,0,0,0,0,0,0,0
-2,-3,0,0,0,0,0,0,0
-2,-4,0,0,0,0,0,0,0
-6,-1,0,0,0,0,0,0,0
-3,2,0,0,0,0,0,0,0
1,1,0,0,0,0,0,0,0
1,-4,0,0,0,0,0,0,0
4,1,0,0,0,0,0,0,0
4,5,0,0,0,0,0,0,0
-4,-1,0,0,0,0,0,0,0
-6,-3,0,0,0,0,0,0,0
-1,2,0,0,0,0,0,0,0
-1,3,0,0,0,0,0,0,0
-7,2,0,0,0,0,0,0,0
-3,-2,0,0,0,0,0,0,0
5,-6,0,0,0,0,0,0,0
6,0,0,0,0,0,0,0,0
-1,5,0,0,0,0,0,0,0
-5,-2,0,0,0,0,0,0,0
3,-2,0,0,0,0,0,0,0
7,5,0,0,0,0,0,0,0
-1,2,0,0,0,0,0,0,0
0,-7,0,0,0,0,0,0,0
8,-8,0,0,0,0,0,0,0
6,-1,0,0,0,0,0,0,0
2,1,0,0,0,0,0,0,0
4,-1,0,0,0,0,0,0,0
4,3,0,0,0,0,0,0,0
1,2,0,0,0,0,0,0,0
-1,-4,0,0,0,0,0,0,0
-2,-2,0,0,0,0,0,0,0
-1,5,0,0,0,0,0,0,0
3,3,0,0,0,0,0,0,0
5,-1,0,0,0,0,0,0,0
2,-5,0,0,0,0,0,0,0
1,-9,0,0,0,0,0,0,0
4,-6,0,0,0,0,0,0,0
4,3,0,0,0,0,0,0,0
2,6,0,0,0,0,0,0,0
2,1,0,0,0,0,0,0,0
2,-2,0,0,0,0,0,0,0
-1,-6,0,0,0,0,0,0,0
-4,-9,0,0,0,0,0,0,0
-2,-4,0,0,0,0,0,0,0
2,1,0,0,0,0,0,0,0
3,-2,0,0,0,0,0,0,0
1,-4,0,0,0,0,0,0,0
1,1,0,0,0,0,0,0,0
0,3,0,0,0,0,0,0,0
1,0,0,0,0,0,0,0,0
1,3,0,0,0,0,0,0,0
0,-1,0,0,0,0,0,0,0
-2,-8,0,0,0,0,0,0,0
-5,-3,0,0,0,0,0,0,0
-4,0,0,0,0,0,0,0,0
0,-4,0,0,0,0,0,0,0
-4,0,0,0,0,0,0,0,0
-5,3,0,0,0,0,0,0,0
1,-1,0,0,0,0,0,0,0
-2,-2,0,0,0,0,0,0,0
-4,-2,0,0,0,0,0,0,0
1,-2,0,0,0,0,0,0,0
-2,0,0,0,0,0,0,0,0
-4,2,0,0,0,0,0,0,0
1,0,0,0,0,0,0,0,0
-2,-4,0,0,0,0,0,0,0
-4,-4,0,0,0,0,0,0,0
2,0,0,0,0,0,0,0,0
-1,5,0,0,0,0,0,0,0
-5,9,0,0,0,0,0,0,0
4,8,0,0,0,0,0,0,0
9,5,0,0,0,0,0,0,0
5,3,0,0,0,0,0,0,0
-1,1,0,0,0,0,0,0,0
-5,0,0,0,0,0,0,0,0
-3,-3,0,0,0,0,0,0,0
1,-7,0,0,0,0,0,0,0
1,-5,0,0,0,0,0,0,0
-1,-2,0,0,0,0,0,0,0
1,-2,0,0,0,0,0,0,0
3,2,0,0,0,0,0,0,0
1,3,0,0,0,0,0,0,0
-2,-4,0,0,0,0,0,0,0
-2,-3,0,0,0,0,0,0,0
-3,4,0,0,0,0,0,0,0
-5,3,0,0,0,0,0,0,0
-3,2,0,0,0,0,0,0,0
1,6,0,0,0,0,0,0,0
-3,2,0,0,0,0,0,0,0
-5,-3,0,0,0,0,0,0,0
2,4,0,0,0,0,0,0,0
3,4,0,0,0,0,0,0,0
-2,-6,0,0,0,0,0,0,0
-4,-4,0,0,0,0,0,0,0
-3,4,0,0,0,0,0,0,0
-2,1,0,0,0,0,0,0,0
-2,-5,0,0,0,0,0,0,0
2,-1,0,0,0,0,0,0,0
3,7,0,0,0,0,0,0,0
-4,8,0,0,0,0,0,0,0
-5,4,0,0,0,0,0,0,0
-2,-1,0,0,0,0,0,0,0
-1,-5,0,0,0,0,0,0,0
2,-4,0,0,0,0,0,0,0
5,0,0,0,0,0,0,0,0
4,3,0,0,0,0,0,0,0
3,2,0,0,0,0,0,0,0
2,-3,0,0,0,0,0,0,0
0,0,0,0,0,0,0,0,0
1,8,0,0,0,0,0,0,0
2,8,0,0,0,0,0,0,0
-1,1,0,0,0,0,0,0,0
-4,1,0,0,0,0,0,0,0
-1,5,0,0,0,0,0,0,0
4,2,0,0,0,0,0,0,0
2,-2,0,0,0,0,0,0,0
-2,-5,0,0,0,0,0,0,0
-3,-5,0,0,0,0,0,0,0
-1,-1,0,0,0,0,0,0,0
2,2,0,0,0,0,0,0,0
2,1,0,0,0,0,0,0,0
0,0,0,0,0,0,0,0,0
2,-1,0,0,0,0,0,0,0
3,-4,0,0,0,0,0,0,0
1,0,0,0,0,0,0,0,0
0,2,0,0,0,0,0,0,0
0,-2,0,0,0,0,0,0,0
-3,0,0,0,0,0,0,0,0
-4,3,0,0,0,0,0,0,0
-2,0,0,0,0,0,0,0,0
-1,0,0,0,0,0,0,0,0
2,-1,0,0,0,0,0,0,0
2,-3,0,0,0,0,0,0,0
-3,-3,0,0,0,0,0,0,0
-2,-3,0,0,0,0,0,0,0
4,-3,0,0,0,0,0,0,0
5,1,0,0,0,0,0,0,0
1,5,0,0,0,0,0,0,0
-4,2,0,0,0,0,0,0,0
-8,-2,0,0,0,0,0,0,0
-4,3,0,0,0,0,0,0,0
2,9,0,0,0,0,0,0,0
5,5,0,0,0,0,0,0,0
3,2,0,0,0,0,0,0,0
3,-1,0,0,0,0,0,0,0
4,-5,0,0,0,0,0,0,0
3,-3,0,0,0,0,0,0,0
2,6,0,0,0,0,0,0,0
3,7,0,0,0,0,0,0,0
1,-2,0,0,0,0,0,0,0
-4,-8,0,0,0,0,0,0,0
-1,-5,0,0,0,0,0,0,0
4,-2,0,0,0,0,0,0,0
-1,-3,0,0,0,0,0,0,0
-2,-3,0,0,0,0,0,0,0
5,1,0,0,0,0,0,0,0
4,3,0,0,0,0,0,0,0
-3,1,0,0,0,0,0,0,0
1,-1,0,0,0,0,0,0,0
7,-2,0,0,0,0,0,0,0
0,-4,0,0,0,0,0,0,0
-6,0,0,0,0,0,0,0,0
-1,5,0,0,0,0,0,0,0
2,7,0,0,0,0,0,0,0
-4,5,0,0,0,0,0,0,0
-7,3,0,0,0,0,0,0,0
-1,3,0,0,0,0,0,0,0
1,-2,0,0,0,0,0,0,0
1,-6,0,0,0,0,0,0,0
4,1,0,0,0,0,0,0,0
1,6,0,0,0,0,0,0,0
-4,-2,0,0,0,0,0,0,0
-2,-9,0,0,0,0,0,0,0
-2,-4,0,0,0,0,0,0,0
0,-1,0,0,0,0,0,0,0
6,0,0,0,0,0,0,0,0
3,-1,0,0,0,0,0,0,0
-3,-6,0,0,0,0,0,0,0
0,-5,0,0,0,0,0,0,0
5,0,0,0,0,0,0,0,0
1,4,0,0,0,0,0,0,0
-1,3,0,0,0,0,0,0,0
5,-3,0,0,0,0,0,0,0
6,-5,0,0,0,0,0,0,0
2,2,0,0,0,0,0,0,0
1,6,0,0,0,0,0,0,0
-1,-3,0,0,0,0,0,0,0
-2,-7,0,0,0,0,0,0,0
-2,-2,0,0,0,0,0,0,0
-6,1,0,0,0,0,0,0,0
-1,2,0,0,0,0,0,0,0
4,2,0,0,0,0,0,0,0
-3,0,0,0,0,0,0,0,0
-5,-1,0,0,0,0,0,0,0
0,-1,0,0,0,0,0,0,0
1,1,0,0,0,0,0,0,0
5,2,0,0,0,0,0,0,0
12,0,0,0,0,0,0,0,0
6,-1,0,0,0,0,0,0,0
0,-1,0,0,0,0,0,0,0
6,0,0,0,0,0,0,0,0
6,2,0,0,0,0,0,0,0
-9,1,0,0,0,0,0,0,0
-13,1,0,0,0,0,0,0,0
-4,2,0,0,0,0,0,0,0
2,1,0,0,0,0,0,0,0
3,0,0,0,0,0,0,0,0
1,-1,0,0,0,0,0,0,0
-4,-3,0,0,0,0,0,0,0
-4,0,0,0,0,0,0,0,0
0,6,0,0,0,0,0,0,0
-3,7,0,0,0,0,0,0,0
-2,4,0,0,0,0,0,0,0
2,1,0,0,0,0,0,0,0
-2,-2,0,0,0,0,0,0,0
-4,-1,0,0,0,0,0,0,0
4,5,0,0,0,0,0,0,0
4,5,0,0,0,0,0,0,0
1,-2,0,0,0,0,0,0,0
7,-9,0,0,0,0,0,0,0
7,-9,0,0,0,0,0,0,0
-2,-1,0,0,0,0,0,0,0
-2,3,0,0,0,0,0,0,0
-3,-3,0,0,0,0,0,0,0
-5,-5,0,0,0,0,0,0,0
-3,2,0,0,0,0,0,0,0
-3,9,0,0,0,0,0,0,0
-3,5,0,0,0,0,0,0,0
0,2,0,0,0,0,0,0,0
4,4,0,0,0,0,0,0,0
3,4,0,0,0,0,0,0,0
1,1,0,0,0,0,0,0,0
2,0,0,0,0,0,0,0,0
0,-5,0,0,0,0,0,0,0
-5,-9,0,0,0,0,0,0,0
-5,-5,0,0,0,0,0,0,0
-4,0,0,0,0,0,0,0,0
-7,-2,0,0,0,0,0,0,0
-5,-2,0,0,0,0,0,0,0
0,-1,0,0,0,0,0,0,0
-1,-3,0,0,0,0,0,0,0
3,-4,0,0,0,0,0,0,0
6,2,0,0,0,0,0,0,0
4,6,0,0,0,0,0,0,0
0,2,0,0,0,0,0,0,0
-2,-3,0,0,0,0,0,0,0
-4,-2,0,0,0,0,0,0,0
-1,0,0,0,0,0,0,0,0
5,-5,0,0,0,0,0,0,0
3,-6,0,0,0,0,0,0,0
-2,-3,0,0,0,0,0,0,0
-1,0,0,0,0,0,0,0,0
1,1,0,0,0,0,0,0,0
0,-1,0,0,0,0,0,0,0
-2,-3,0,0,0,0,0,0,0
-4,1,0,0,0,0,0,0,0
-4,2,0,0,0,0,0,0,0
2,-3,0,0,0,0,0,0,0
2,-3,0,0,0,0,0,0,0
-6,5,0,0,0,0,0,0,0
-10,8,0,0,0,0,0,0,0
-5,4,0,0,0,0,0,0,0
2,-1,0,0,0,0,0,0,0
4,0,0,0,0,0,0,0,0
2,5,0,0,0,0,0,0,0
0,2,0,0,0,0,0,0,0
2,0,0,0,0,0,0,0,0
3,6,0,0,0,0,0,0,0
1,6,0,0,0,0,0,0,0
1,2,0,0,0,0,0,0,0
1,3,0,0,0,0,0,0,0
-2,2,0,0,0,0,0,0,0
-2,-4,0,0,0,0,0,0,0
4,-7,0,0,0,0,0,0,0
3,-4,0,0,0,0,0,0,0
-2,3,0,0,0,0,0,0,0
-4,3,0,0,0,0,0,0,0
0,-5,0,0,0,0,0,0,0
3,-10,0,0,0,0,0,0,0
1,-6,0,0,0,0,0,0,0
-6,-1,0,0,0,0,0,0,0
-8,2,0,0,0,0,0,0,0
-4,0,0,0,0,0,0,0,0
1,-6,0,0,0,0,0,0,0
4,-5,0,0,0,0,0,0,0
4,-1,0,0,0,0,0,0,0
4,-2,0,0,0,0,0,0,0
5,1,0,0,0,0,0,0,0
0,3,0,0,0,0,0,0,0
-6,-1,0,0,0,0,0,0,0
-7,2,0,0,0,0,0,0,0
1,8,0,0,0,0,0,0,0
7,1,0,0,0,0,0,0,0
2,-4,0,0,0,0,0,0,0
-3,2,0,0,0,0,0,0,0
0,5,0,0,0,0,0,0,0
3,1,0,0,0,0,0,0,0
-4,1,0,0,0,0,0,0,0
-5,3,0,0,0,0,0,0,0
9,4,0,0,0,0,0,0,0
10,3,0,0,0,0,0,0,0
-5,-2,0,0,0,0,0,0,0
-3,-6,0,0,0,0,0,0,0
9,-3,0,0,0,0,0,0,0
5,1,0,0,0,0,0,0,0
-1,3,0,0,0,0,0,0,0
3,6,0,0,0,0,0,0,0
3,2,0,0,0,0,0,0,0
-1,-4,0,0,0,0,0,0,0
1,-2,0,0,0,0,0,0,0
4,0,0,0,0,0,0,0,0
3,3,0,0,0,0,0,0,0
2,7,0,0,0,0,0,0,0
3,2,0,0,0,0,0,0,0
1,1,0,0,0,0,0,0,0
-1,6,0,0,0,0,0,0,0
0,1,0,0,0,0,0,0,0
0,-8,0,0,0,0,0,0,0
0,-4,0,0,0,0,0,0,0
-1,5,0,0,0,0,0,0,0
-6,7,0,0,0,0,0,0,0
-11,3,0,0,0,0,0,0,0
-7,-2,0,0,0,0,0,0,0
-1,-4,0,0,0,0,0,0,0
-2,-2,0,0,0,0,0,0,0
0,-2,0,0,0,0,0,0,0
6,-4,0,0,0,0,0,0,0
4,-2,0,0,0,0,0,0,0
-1,3,0,0,0,0,0,0,0
1,3,0,0,0,0,0,0,0
3,2,0,0,0,0,0,0,0
3,5,0,0,0,0,0,0,0
2,1,0,0,0,0,0,0,0
1,-4,0,0,0,0,0,0,0
1,2,0,0,0,0,0,0,0
1,2,0,0,0,0,0,0,0
0,-5,0,0,0,0,0,0,0
0,-2,0,0,0,0,0,0,0
1,3,0,0,0,0,0,0,0
0,-3,0,0,0,0,0,0,0
1,-2,0,0,0,0,0,0,0
1,3,0,0,0,0,0,0,0
-3,1,0,0,0,0,0,0,0
-6,-2,0,0,0,0,0,0,0
-5,-3,0,0,0,0,0,0,0
-3,1,0,0,0,0,0,0,0
-2,5,0,0,0,0,0,0,0
1,1,0,0,0,0,0,0,0
1,-1,0,0,0,0,0,0,0
-1,-4,0,0,0,0,0,0,0
1,-5,0,0,0,0,0,0,0
0,-2,0,0,0,0,0,0,0
-3,0,0,0,0,0,0,0,0
-3,2,0,0,0,0,0,0,0
2,2,0,0,0,0,0,0,0
3,2,0,0,0,0,0,0,0
1,4,0,0,0,0,0,0,0
1,0,0,0,0,0,0,0,0
0,-5,0,0,0,0,0,0,0
-4,0,0,0,0,0,0,0,0
-3,3,0,0,0,0,0,0,0
2,-2,0,0,0,0,0,0,0
2,-7,0,0,0,0,0,0,0
-3,-4,0,0,0,0,0,0,0
-4,-1,0,0,0,0,0,0,0
-1,-3,0,0,0,0,0,0,0
4,-5,0,0,0,0,0,0,0
3,-1,0,0,0,0,0,0,0
-5,3,0,0,0,0,0,0,0
-3,3,0,0,0,0,0,0,0
4,3,0,0,0,0,0,0,0
5,7,0,0,0,0,0,0,0
3,7,0,0,0,0,0,0,0
2,2,0,0,0,0,0,0,0
-3,-2,0,0,0,0,0,0,0
-3,-5,0,0,0,0,0,0,0
2,-2,0,0,0,0,0,0,0
1,3,0,0,0,0,0,0,0
-2,3,0,0,0,0,0,0,0
1,0,0,0,0,0,0,0,0
4,-1,0,0,0,0,0,0,0
8,-5,0,0,0,0,0,0,0
6,-5,0,0,0,0,0,0,0
-1,-2,0,0,0,0,0,0,0
-4,-1,0,0,0,0,0,0,0
-3,-2,0,0,0,0,0,0,0
-5,-1,0,0,0,0,0,0,0
-4,-1,0,0,0,0,0,0,0
-3,-1,0,0,0,0,0,0,0
-4,2,0,0,0,0,0,0,0
-1,5,0,0,0,0,0,0,0
2,1,0,0,0,0,0,0,0
1,-4,0,0,0,0,0,0,0
-3,0,0,0,0,0,0,0,0
-1,7,0,0,0,0,0,0,0
5,6,0,0,0,0,0,0,0
5,0,0,0,0,0,0,0,0
2,-3,0,0,0,0,0,0,0
4,2,0,0,0,0,0,0,0
4,5,0,0,0,0,0,0,0
0,2,0,0,0,0,0,0,0
-5,-1,0,0,0,0,0,0,0
-4,-2,0,0,0,0,0,0,0
2,0,0,0,0,0,0,0,0
3,6,0,0,0,0,0,0,0
0,7,0,0,0,0,0,0,0
1,1,0,0,0,0,0,0,0
1,-2,0,0,0,0,0,0,0
0,-1,0,0,0,0,0,0,0
0,-5,0,0,0,0,0,0,0
0,-7,0,0,0,0,0,0,0
-1,-4,0,0,0,0,0,0,0
-5,-3,0,0,0,0,0,0,0
-5,0,0,0,0,0,0,0,0
-3,3,0,0,0,0,0,0,0
-4,2,0,0,0,0,0,0,0
-5,0,0,0,0,0,0,0,0
-2,-1,0,0,0,0,0,0,0
-2,-4,0,0,0,0,0,0,0
-1,-2,0,0,0,0,0,0,0
1,6,0,0,0,0,0,0,0
-2,7,0,0,0,0,0,0,0
-3,1,0,0,0,0,0,0,0
3,0,0,0,0,0,0,0,0
4,-1,0,0,0,0,0,0,0
0,-4,0,0,0,0,0,0,0
-2,0,0,0,0,0,0,0,0
-1,1,0,0,0,0,0,0,0
3,-4,0,0,0,0,0,0,0
4,-1,0,0,0,0,0,0,0
3,5,0,0,0,0,0,0,0
2,2,0,0,0,0,0,0,0
2,1,0,0,0,0,0,0,0
2,1,0,0,0,0,0,0,0
3,1,0,0,0,0,0,0,0
3,2,0,0,0,0,0,0,0
2,3,0,0,0,0,0,0,0
2,-3,0,0,0,0,0,0,0
2,-7,0,0,0,0,0,0,0
0,2,0,0,0,0,0,0,0
-2,10,0,0,0,0,0,0,0
-5,3,0,0,0,0,0,0,0
-8,-6,0,0,0,0,0,0,0
-7,-8,0,0,0,0,0,0,0
-4,-4,0,0,0,0,0,0,0
1,-3,0,0,0,0,0,0,0
2,-4,0,0,0,0,0,0,0
1,0,0,0,0,0,0,0,0
6,0,0,0,0,0,0,0,0
8,-6,0,0,0,0,0,0,0
2,-7,0,0,0,0,0,0,0
1,-3,0,0,0,0,0,0,0
0,-2,0,0,0,0,0,0,0
-1,-2,0,0,0,0,0,0,0
2,0,0,0,0,0,0,0,0
4,4,0,0,0,0,0,0,0
2,6,0,0,0,0,0,0,0
2,2,0,0,0,0,0,0,0
1,0,0,0,0,0,0,0,0
-2,1,0,0,0,0,0,0,0
-4,-3,0,0,0,0,0,0,0
-3,-2,0,0,0,0,0,0,0
2,5,0,0,0,0,0,0,0
3,7,0,0,0,0,0,0,0
1,2,0,0,0,0,0,0,0
2,-3,0,0,0,0,0,0,0
2,-2,0,0,0,0,0,0,0
1,0,0,0,0,0,0,0,0
1,-3,0,0,0,0,0,0,0
0,-1,0,0,0,0,0,0,0
-4,3,0,0,0,0,0,0,0
-1,3,0,0,0,0,0,0,0
4,3,0,0,0,0,0,0,0
0,-2,0,0,0,0,0,0,0
-7,-7,0,0,0,0,0,0,0
-4,-3,0,0,0,0,0,0,0
-1,0,0,0,0,0,0,0,0
-1,-3,0,0,0,0,0,0,0
1,-1,0,0,0,0,0,0,0
2,3,0,0,0,0,0,0,0
-1,1,0,0,0,0,0,0,0
-3,-4,0,0,0,0,0,0,0
-3,-3,0,0,0,0,0,0,0
-1,0,0,0,0,0,0,0,0
1,-1,0,0,0,0,0,0,0
2,2,0,0,0,0,0,0,0
1,4,0,0,0,0,0,0,0
0,1,0,0,0,0,0,0,0
2,0,0,0,0,0,0,0,0
3,0,0,0,0,0,0,0,0
1,4,0,0,0,0,0,0,0
2,6,0,0,0,0,0,0,0
0,-1,0,0,0,0,0,0,0
-4,-5,0,0,0,0,0,0,0
-3,3,0,0,0,0,0,0,0
3,9,0,0,0,0,0,0,0
3,4,0,0,0,0,0,0,0
-1,-3,0,0,0,0,0,0,0
-2,-4,0,0,0,0,0,0,0
-4,0,0,0,0,0,0,0,0
-2,4,0,0,0,0,0,0,0
6,6,0,0,0,0,0,0,0
9,4,0,0,0,0,0,0,0
4,4,0,0,0,0,0,0,0
-4,3,0,0,0,0,0,0,0
-6,-2,0,0,0,0,0,0,0
-3,-4,0,0,0,0,0,0,0
1,-2,0,0,0,0,0,0,0
1,1,0,0,0,0,0,0,0
-3,3,0,0,0,0,0,0,0
-5,-2,0,0,0,0,0,0,0
-4,-8,0,0,0,0,0,0,0
-3,-1,0,0,0,0,0,0,0
-1,2,0,0,0,0,0,0,0
1,-6,0,0,0,0,0,0,0
-3,-5,0,0,0,0,0,0,0
-4,2,0,0,0,0,0,0,0
1,0,0,0,0,0,0,0,0
-3,-7,0,0,0,0,0,0,0
-8,-7,0,0,0,0,0,0,0
1,-4,0,0,0,0,0,0,0
9,-2,0,0,0,0,0,0,0
2,3,0,0,0,0,0,0,0
-5,8,0,0,0,0,0,0,0
-3,4,0,0,0,0,0,0,0
0,-4,0,0,0,0,0,0,0
-1,-3,0,0,0,0,0,0,0
-1,5,0,0,0,0,0,0,0
0,8,0,0,0,0,0,0,0
3,5,0,0,0,0,0,0,0
4,4,0,0,0,0,0,0,0
2,5,0,0,0,0,0,0,0
2,2,0,0,0,0,0,0,0
-1,-3,0,0,0,0,0,0,0
0,-3,0,0,0,0,0,0,0
6,-2,0,0,0,0,0,0,0
5,-6,0,0,0,0,0,0,0
-2,-6,0,0,0,0,0,0,0
-6,4,0,0,0,0,0,0,0
-5,8,0,0,0,0,0,0,0
1,4,0,0,0,0,0,0,0
7,2,0,0,0,0,0,0,0
6,1,0,0,0,0,0,0,0
4,-2,0,0,0,0,0,0,0
4,-1,0,0,0,0,0,0,0
1,4,0,0,0,0,0,0,0
-4,-2,0,0,0,0,0,0,0
-2,-9,0,0,0,0,0,0,0
4,-3,0,0,0,0,0,0,0
2,1,0,0,0,0,0,0,0
-3,-1,0,0,0,0,0,0,0
-2,1,0,0,0,0,0,0,0
0,-1,0,0,0,0,0,0,0
-3,0,0,0,0,0,0,0,0
0,5,0,0,0,0,0,0,0
4,-1,0,0,0,0,0,0,0
1,-11,0,0,0,0,0,0,0
-3,-5,0,0,0,0,0,0,0
-1,4,0,0,0,0,0,0,0
4,4,0,0,0,0,0,0,0
4,3,0,0,0,0,0,0,0
1,4,0,0,0,0,0,0,0
0,2,0,0,0,0,0,0,0
-3,-2,0,0,0,0,0,0,0
-2,-3,0,0,0,0,0,0,0
2,-1,0,0,0,0,0,0,0
-4,0,0,0,0,0,0,0,0
-9,0,0,0,0,0,0,0,0
-2,-1,0,0,0,0,0,0,0
1,-4,0,0,0,0,0,0,0
-1,-4,0,0,0,0,0,0,0
4,-1,0,0,0,0,0,0,0
5,-2,0,0,0,0,0,0,0
0,-8,0,0,0,0,0,0,0
-4,-4,0,0,0,0,0,0,0
0,5,0,0,0,0,0,0,0
4,7,0,0,0,0,0,0,0
2,2,0,0,0,0,0,0,0
0,-5,0,0,0,0,0,0,0
3,-7,0,0,0,0,0,0,0
4,2,0,0,0,0,0,0,0
1,7,0,0,0,0,0,0,0
-4,1,0,0,0,0,0,0,0
-3,-1,0,0,0,0,0,0,0
-4,2,0,0,0,0,0,0,0
-8,2,0,0,0,0,0,0,0
-9,1,0,0,0,0,0,0,0
-3,-1,0,0,0,0,0,0,0
5,-3,0,0,0,0,0,0,0
12,-2,0,0,0,0,0,0,0
8,-2,0,0,0,0,0,0,0
0,1,0,0,0,0,0,0,0
-1,4,0,0,0,0,0,0,0
2,-1,0,0,0,0,0,0,0
0,-3,0,0,0,0,0,0,0
-3,0,0,0,0,0,0,0,0
-2,-4,0,0,0,0,0,0,0
2,-5,0,0,0,0,0,0,0
1,-2,0,0,0,0,0,0,0
-6,-4,0,0,0,0,0,0,0
-7,-2,0,0,0,0,0,0,0
0,5,0,0,0,0,0,0,0
-1,6,0,0,0,0,0,0,0
-6,1,0,0,0,0,0,0,0
-1,2,0,0,0,0,0,0,0
3,7,0,0,0,0,0,0,0
0,5,0,0,0,0,0,0,0
3,-3,0,0,0,0,0,0,0
5,-4,0,0,0,0,0,0,0
1,-3,0,0,0,0,0,0,0
0,-3,0,0,0,0,0,0,0
-2,-2,0,0,0,0,0,0,0
0,-1,0,0,0,0,0,0,0
5,-2,0,0,0,0,0,0,0
0,2,0,0,0,0,0,0,0
-2,5,0,0,0,0,0,0,0
5,3,0,0,0,0,0,0,0
6,0,0,0,0,0,0,0,0
0,-3,0,0,0,0,0,0,0
2,0,0,0,0,0,0,0,0
4,7,0,0,0,0,0,0,0
1,7,0,0,0,0,0,0,0
0,-1,0,0,0,0,0,0,0
1,-5,0,0,0,0,0,0,0
1,-1,0,0,0,0,0,0,0
0,3,0,0,0,0,0,0,0
2,0,0,0,0,0,0,0,0
2,-4,0,0,0,0,0,0,0
1,0,0,0,0,0,0,0,0
0,7,0,0,0,0,0,0,0
-1,6,0,0,0,0,0,0,0
-3,-1,0,0,0,0,0,0,0
-5,-4,0,0,0,0,0,0,0
-3,-1,0,0,0,0,0,0,0
-1,1,0,0,0,0,0,0,0
0,5,0,0,0,0,0,0,0
0,11,0,0,0,0,0,0,0
0,7,0,0,0,0,0,0,0
1,-3,0,0,0,0,0,0,0
0,-4,0,0,0,0,0,0,0
-5,4,0,0,0,0,0,0,0
-6,7,0,0,0,0,0,0,0
-5,-1,0,0,0,0,0,0,0
-8,-7,0,0,0,0,0,0,0
-6,-3,0,0,0,0,0,0,0
3,0,0,0,0,0,0,0,0
6,0,0,0,0,0,0,0,0
-1,2,0,0,0,0,0,0,0
-1,3,0,0,0,0,0,0,0
4,1,0,0,0,0,0,0,0
-1,2,0,0,0,0,0,0,0
-3,3,0,0,0,0,0,0,0
3,-3,0,0,0,0,0,0,0
1,-4,0,0,0,0,0,0,0
-4,-1,0,0,0,0,0,0,0
2,-1,0,0,0,0,0,0,0
5,2,0,0,0,0,0,0,0
1,1,0,0,0,0,0,0,0
1,-5,0,0,0,0,0,0,0
3,-3,0,0,0,0,0,0,0
3,5,0,0,0,0,0,0,0
1,8,0,0,0,0,0,0,0
0,5,0,0,0,0,0,0,0
-3,4,0,0,0,0,0,0,0
-1,-3,0,0,0,0,0,0,0
4,-7,0,0,0,0,0,0,0
1,1,0,0,0,0,0,0,0
-5,2,0,0,0,0,0,0,0
-3,-6,0,0,0,0,0,0,0
3,0,0,0,0,0,0,0,0
3,9,0,0,0,0,0,0,0
2,3,0,0,0,0,0,0,0
3,-3,0,0,0,0,0,0,0
2,-2,0,0,0,0,0,0,0
-1,-2,0,0,0,0,0,0,0
-4,-2,0,0,0,0,0,0,0
-2,2,0,0,0,0,0,0,0
4,1,0,0,0,0,0,0,0
4,-3,0,0,0,0,0,0,0
-1,-1,0,0,0,0,0,0,0
-4,1,0,0,0,0,0,0,0
-3,1,0,0,0,0,0,0,0
1,-2,0,0,0,0,0,0,0
3,-4,0,0,0,0,0,0,0
0,-1,0,0,0,0,0,0,0
-7,-3,0,0,0,0,0,0,0
-10,-6,0,0,0,0,0,0,0
-7,-5,0,0,0,0,0,0,0
-4,-3,0,0,0,0,0,0,0
-5,3,0,0,0,0,0,0,0
-2,4,0,0,0,0,0,0,0
1,-4,0,0,0,0,0,0,0
1,-9,0,0,0,0,0,0,0
5,-3,0,0,0,0,0,0,0
5,-1,0,0,0,0,0,0,0
-4,-4,0,0,0,0,0,0,0
-6,-4,0,0,0,0,0,0,0
2,-1,0,0,0,0,0,0,0
3,3,0,0,0,0,0,0,0
1,6,0,0,0,0,0,0,0
5,6,0,0,0,0,0,0,0
6,1,0,0,0,0,0,0,0
4,-4,0,0,0,0,0,0,0
3,-6,0,0,0,0,0,0,0
-1,-3,0,0,0,0,0,0,0
-3,-2,0,0,0,0,0,0,0
4,-4,0,0,0,0,0,0,0
5,-2,0,0,0,0,0,0,0
1,2,0,0,0,0,0,0,0
2,0,0,0,0,0,0,0,0
4,-2,0,0,0,0,0,0,0
3,5,0,0,0,0,0,0,0
0,10,0,0,0,0,0,0,0
-4,4,0,0,0,0,0,0,0
-3,1,0,0,0,0,0,0,0
-2,0,0,0,0,0,0,0,0
-7,-1,0,0,0,0,0,0,0
-6,0,0,0,0,0,0,0,0
2,2,0,0,0,0,0,0,0
6,3,0,0,0,0,0,0,0
3,0,0,0,0,0,0,0,0
2,-1,0,0,0,0,0,0,0
4,1,0,0,0,0,0,0,0
2,0,0,0,0,0,0,0,0
-3,-1,0,0,0,0,0,0,0
-1,0,0,0,0,0,0,0,0
4,-1,0,0,0,0,0,0,0
3,1,0,0,0,0,0,0,0
-2,5,0,0,0,0,0,0,0
-3,4,0,0,0,0,0,0,0
2,2,0,0,0,0,0,0,0
10,1,0,0,0,0,0,0,0
5,-1,0,0,0,0,0,0,0
-6,-3,0,0,0,0,0,0,0
2,-5,0,0,0,0,0,0,0
9,-7,0,0,0,0,0,0,0
-2,0,0,0,0,0,0,0,0
-3,5,0,0,0,0,0,0,0
4,-5,0,0,0,0,0,0,0
2,-9,0,0,0,0,0,0,0
-2,2,0,0,0,0,0,0,0
-4,4,0,0,0,0,0,0,0
-3,-3,0,0,0,0,0,0,0
3,0,0,0,0,0,0,0,0
6,6,0,0,0,0,0,0,0
5,3,0,0,0,0,0,0,0
2,0,0,0,0,0,0,0,0
-3,3,0,0,0,0,0,0,0
-3,1,0,0,0,0,0,0,0
2,-4,0,0,0,0,0,0,0
0,-3,0,0,0,0,0,0,0
-5,-1,0,0,0,0,0,0,0
-8,-1,0,0,0,0,0,0,0
-5,-3,0,0,0,0,0,0,0
0,-4,0,0,0,0,0,0,0
0,-3,0,0,0,0,0,0,0
-2,1,0,0,0,0,0,0,0
0,0,0,0,0,0,0,0,0
1,-4,0,0,0,0,0,0,0
-2,-1,0,0,0,0,0,0,0
-7,0,0,0,0,0,0,0,0
-5,-7,0,0,0,0,0,0,0
1,-5,0,0,0,0,0,0,0
0,6,0,0,0,0,0,0,0
-4,7,0,0,0,0,0,0,0
-6,-3,0,0,0,0,0,0,0
-3,-5,0,0,0,0,0,0,0
2,6,0,0,0,0,0,0,0
4,13,0,0,0,0,0,0,0
5,1,0,0,0,0,0,0,0
3,-10,0,0,0,0,0,0,0
-5,-5,0,0,0,0,0,0,0
-24,-28,0,0,0,0,0,0,0
-116,-172,0,0,0,0,0,0,0
-304,-410,0,0,0,0,0,0,0
-403,-333,0,0,0,0,0,0,0
-285,239,0,0,0,0,0,0,0
-201,421,0,0,0,0,0,0,0
-253,-207,0,0,0,0,0,0,0
-125,-475,0,0,0,0,0,0,0
172,13,0,0,0,0,0,0,0
261,253,0,0,0,0,0,0,0
164,82,0,0,0,0,0,0,0
143,58,0,0,0,0,0,0,0
169,123,0,0,0,0,0,0,0
147,83,0,0,0,0,0,0,0
128,64,0,0,0,0,0,0,0
131,85,0,0,0,0,0,0,0
120,71,0,0,0,0,0,0,0
103,54,0,0,0,0,0,0,0
100,58,0,0,0,0,0,0,0
98,55,0,0,0,0,0,0,0
86,48,0,0,0,0,0,0,0
79,48,0,0,0,0,0,0,0
81,51,0,0,0,0,0,0,0
74,48,0,0,0,0,0,0,0
61,38,0,0,0,0,0,0,0
54,31,0,0,0,0,0,0,0
54,32,0,0,0,0,0,0,0
52,29,0,0,0,0,0,0,0
44,15,0,0,0,0,0,0,0
33,0,0,0,0,0,0,0,0
32,-1,0,0,0,0,0,0,0
35,20,0,0,0,0,0,0,0
30,34,0,0,0,0,0,0,0
19,21,0,0,0,0,0,0,0
12,8,0,0,0,0,0,0,0
9,8,0,0,0,0,0,0,0
11,11,0,0,0,0,0,0,0
12,12,0,0,0,0,0,0,0
7,11,0,0,0,0,0,0,0
3,1,0,0,0,0,0,0,0
2,-2,0,0,0,0,0,0,0
-3,5,0,0,0,0,0,0,0
-8,2,0,0,0,0,0,0,0
-12,-9,0,0,0,0,0,0,0
-10,-9,0,0,0,0,0,0,0
-2,-5,0,0,0,0,0,0,0
-6,-8,0,0,0,0,0,0,0
-19,-5,0,0,0,0,0,0,0
-20,-1,0,0,0,0,0,0,0
-16,-8,0,0,0,0,0,0,0
-20,-11,0,0,0,0,0,0,0
-23,-3,0,0,0,0,0,0,0
-22,-5,0,0,0,0,0,0,0
-23,-18,0,0,0,0,0,0,0
-29,-21,0,0,0,0,0,0,0
-28,-12,0,0,0,0,0,0,0
-26,-9,0,0,0,0,0,0,0
-31,-17,0,0,0,0,0,0,0
-32,-22,0,0,0,0,0,0,0
-23,-19,0,0,0,0,0,0,0
-25,-17,0,0,0,0,0,0,0
-36,-16,0,0,0,0,0,0,0
-33,-17,0,0,0,0,0,0,0
-29,-18,0,0,0,0,0,0,0
-30,-15,0,0,0,0,0,0,0
-27,-13,0,0,0,0,0,0,0
-25,-13,0,0,0,0,0,0,0
-27,-15,0,0,0,0,0,0,0
-26,-19,0,0,0,0,0,0,0
-24,-17,0,0,0,0,0,0,0
-26,-13,0,0,0,0,0,0,0
-25,-19,0,0,0,0,0,0,0
-23,-21,0,0,0,0,0,0,0
-24,-15,0,0,0,0,0,0,0
-25,-13,0,0,0,0,0,0,0
-25,-15,0,0,0,0,0,0,0
-27,-17,0,0,0,0,0,0,0
-27,-20,0,0,0,0,0,0,0
-21,-19,0,0,0,0,0,0,0
-19,-17,0,0,0,0,0,0,0
-22,-16,0,0,0,0,0,0,0
-21,-11,0,0,0,0,0,0,0
-22,-9,0,0,0,0,0,0,0
-24,-13,0,0,0,0,0,0,0
-22,-14,0,0,0,0,0,0,0
-20,-10,0,0,0,0,0,0,0
-20,-10,0,0,0,0,0,0,0
-19,-13,0,0,0,0,0,0,0
-18,-14,0,0,0,0,0,0,0
-14,-12,0,0,0,0,0,0,0
-9,-6,0,0,0,0,0,0,0
-9,-6,0,0,0,0,0,0,0
-11,-10,0,0,0,0,0,0,0
-10,-9,0,0,0,0,0,0,0
-11,-4,0,0,0,0,0,0,0
-14,0,0,0,0,0,0,0,0
-10,-2,0,0,0,0,0,0,0
-4,-6,0,0,0,0,0,0,0
-5,-10,0,0,0,0,0,0,0
-6,-10,0,0,0,0,0,0,0
-4,-2,0,0,0,0,0,0,0
-2,2,0,0,0,0,0,0,0
-3,-9,0,0,0,0,0,0,0
-4,-13,0,0,0,0,0,0,0
-4,-5,0,0,0,0,0,0,0
-7,-1,0,0,0,0,0,0,0
-7,-3,0,0,0,0,0,0,0
-3,-1,0,0,0,0,0,0,0
0,5,0,0,0,0,0,0,0
4,5,0,0,0,0,0,0,0
6,1,0,0,0,0,0,0,0
3,-1,0,0,0,0,0,0,0
3,1,0,0,0,0,0,0,0
5,3,0,0,0,0,0,0,0
4,0,0,0,0,0,0,0,0
4,0,0,0,0,0,0,0,0
5,7,0,0,0,0,0,0,0
5,7,0,0,0,0,0,0,0
5,4,0,0,0,0,0,0,0
5,1,0,0,0,0,0,0,0
7,-4,0,0,0,0,0,0,0
8,0,0,0,0,0,0,0,0
7,10,0,0,0,0,0,0,0
5,3,0,0,0,0,0,0,0
1,-4,0,0,0,0,0,0,0
-1,4,0,0,0,0,0,0,0
1,4,0,0,0,0,0,0,0
3,-4,0,0,0,0,0,0,0
3,0,0,0,0,0,0,0,0
9,9,0,0,0,0,0,0,0
14,6,0,0,0,0,0,0,0
13,-1,0,0,0,0,0,0,0
10,2,0,0,0,0,0,0,0
11,7,0,0,0,0,0,0,0
12,6,0,0,0,0,0,0,0
12,1,0,0,0,0,0,0,0
12,2,0,0,0,0,0,0,0
10,5,0,0,0,0,0,0,0
7,9,0,0,0,0,0,0,0
9,12,0,0,0,0,0,0,0
14,5,0,0,0,0,0,0,0
11,1,0,0,0,0,0,0,0
4,8,0,0,0,0,0,0,0
4,11,0,0,0,0,0,0,0
12,6,0,0,0,0,0,0,0
16,8,0,0,0,0,0,0,0
14,11,0,0,0,0,0,0,0
14,11,0,0,0,0,0,0,0
15,6,0,0,0,0,0,0,0
12,2,0,0,0,0,0,0,0
6,4,0,0,0,0,0,0,0
6,5,0,0,0,0,0,0,0
12,3,0,0,0,0,0,0,0
14,4,0,0,0,0,0,0,0
11,7,0,0,0,0,0,0,0
8,12,0,0,0,0,0,0,0
5,13,0,0,0,0,0,0,0
6,6,0,0,0,0,0,0,0
10,3,0,0,0,0,0,0,0
8,10,0,0,0,0,0,0,0
7,13,0,0,0,0,0,0,0
12,5,0,0,0,0,0,0,0
12,2,0,0,0,0,0,0,0
5,11,0,0,0,0,0,0,0
3,13,0,0,0,0,0,0,0
7,6,0,0,0,0,0,0,0
12,4,0,0,0,0,0,0,0
10,6,0,0,0,0,0,0,0
5,4,0,0,0,0,0,0,0
1,3,0,0,0,0,0,0,0
0,5,0,0,0,0,0,0,0
6,3,0,0,0,0,0,0,0
11,-2,0,0,0,0,0,0,0
7,-2,0,0,0,0,0,0,0
4,0,0,0,0,0,0,0,0
6,0,0,0,0,0,0,0,0
5,1,0,0,0,0,0,0,0
3,1,0,0,0,0,0,0,0
4,3,0,0,0,0,0,0,0
4,9,0,0,0,0,0,0,0
3,11,0,0,0,0,0,0,0
2,5,0,0,0,0,0,0,0
0,3,0,0,0,0,0,0,0
1,9,0,0,0,0,0,0,0
6,4,0,0,0,0,0,0,0
3,-5,0,0,0,0,0,0,0
0,-3,0,0,0,0,0,0,0
2,2,0,0,0,0,0,0,0
-4,3,0,0,0,0,0,0,0
-8,3,0,0,0,0,0,0,0
1,3,0,0,0,0,0,0,0
6,6,0,0,0,0,0,0,0
2,6,0,0,0,0,0,0,0
0,2,0,0,0,0,0,0,0
1,-2,0,0,0,0,0,0,0
0,-5,0,0,0,0,0,0,0
-1,-3,0,0,0,0,0,0,0
-1,3,0,0,0,0,0,0,0
-1,2,0,0,0,0,0,0,0
0,-2,0,0,0,0,0,0,0
-2,-3,0,0,0,0,0,0,0
-7,-5,0,0,0,0,0,0,0
-5,-2,0,0,0,0,0,0,0
1,2,0,0,0,0,0,0,0
-1,-1,0,0,0,0,0,0,0
-3,-5,0,0,0,0,0,0,0
-2,-5,0,0,0,0,0,0,0
-4,1,0,0,0,0,0,0,0
-4,3,0,0,0,0,0,0,0
1,-3,0,0,0,0,0,0,0
0,-5,0,0,0,0,0,0,0
-2,0,0,0,0,0,0,0,0
-2,-1,0,0,0,0,0,0,0
-6,-3,0,0,0,0,0,0,0
-6,0,0,0,0,0,0,0,0
1,3,0,0,0,0,0,0,0
-1,0,0,0,0,0,0,0,0
-5,-6,0,0,0,0,0,0,0
-4,-5,0,0,0,0,0,0,0
-8,-4,0,0,0,0,0,0,0
-11,-8,0,0,0,0,0,0,0
-5,-7,0,0,0,0,0,0,0
2,-4,0,0,0,0,0,0,0
1,-5,0,0,0,0,0,0,0
-1,-1,0,0,0,0,0,0,0
0,5,0,0,0,0,0,0,0
-3,3,0,0,0,0,0,0,0
-8,-1,0,0,0,0,0,0,0
-6,-4,0,0,0,0,0,0,0
1,-7,0,0,0,0,0,0,0
0,-4,0,0,0,0,0,0,0
-4,-3,0,0,0,0,0,0,0
-5,-6,0,0,0,0,0,0,0
-8,0,0,0,0,0,0,0,0
-11,4,0,0,0,0,0,0,0
-4,-6,0,0,0,0,0,0,0
2,-9,0,0,0,0,0,0,0
-1,0,0,0,0,0,0,0,0
-3,0,0,0,0,0,0,0,0
-1,-4,0,0,0,0,0,0,0
-2,-4,0,0,0,0,0,0,0
-6,-5,0,0,0,0,0,0,0
-5,-3,0,0,0,0,0,0,0
1,-1,0,0,0,0,0,0,0
-2,-7,0,0,0,0,0,0,0
-10,-6,0,0,0,0,0,0,0
-9,-1,0,0,0,0,0,0,0
-1,-3,0,0,0,0,0,0,0
3,-3,0,0,0,0,0,0,0
1,-1,0,0,0,0,0,0,0
-2,-3,0,0,0,0,0,0,0
-5,-5,0,0,0,0,0,0,0
-5,-4,0,0,0,0,0,0,0
-3,-1,0,0,0,0,0,0,0
0,-1,0,0,0,0,0,0,0
2,-3,0,0,0,0,0,0,0
1,-3,0,0,0,0,0,0,0
-5,0,0,0,0,0,0,0,0
-3,1,0,0,0,0,0,0,0
4,-1,0,0,0,0,0,0,0
2,0,0,0,0,0,0,0,0
-5,4,0,0,0,0,0,0,0
-4,4,0,0,0,0,0,0,0
3,4,0,0,0,0,0,0,0
2,6,0,0,0,0,0,0,0
-2,1,0,0,0,0,0,0,0
0,-4,0,0,0,0,0,0,0
1,2,0,0,0,0,0,0,0
0,4,0,0,0,0,0,0,0
1,2,0,0,0,0,0,0,0
-1,8,0,0,0,0,0,0,0
-5,8,0,0,0,0,0,0,0
-3,-4,0,0,0,0,0,0,0
2,-6,0,0,0,0,0,0,0
1,0,0,0,0,0,0,0,0
-1,-2,0,0,0,0,0,0,0
-1,-2,0,0,0,0,0,0,0
-4,5,0,0,0,0,0,0,0
-3,6,0,0,0,0,0,0,0
4,-3,0,0,0,0,0,0,0
2,-7,0,0,0,0,0,0,0
-5,-2,0,0,0,0,0,0,0
-2,3,0,0,0,0,0,0,0
5,3,0,0,0,0,0,0,0
2,3,0,0,0,0,0,0,0
0,5,0,0,0,0,0,0,0
2,1,0,0,0,0,0,0,0
2,-5,0,0,0,0,0,0,0
0,-5,0,0,0,0,0,0,0
-1,0,0,0,0,0,0,0,0
-4,5,0,0,0,0,0,0,0
-3,7,0,0,0,0,0,0,0
4,2,0,0,0,0,0,0,0
2,-5,0,0,0,0,0,0,0
-5,-6,0,0,0,0,0,0,0
-3,1,0,0,0,0,0,0,0
3,3,0,0,0,0,0,0,0
-3,1,0,0,0,0,0,0,0
-7,-2,0,0,0,0,0,0,0
2,-6,0,0,0,0,0,0,0
7,-5,0,0,0,0,0,0,0
1,-3,0,0,0,0,0,0,0
-6,-4,0,0,0,0,0,0,0
-5,-5,0,0,0,0,0,0,0
2,-3,0,0,0,0,0,0,0
7,-2,0,0,0,0,0,0,0
3,1,0,0,0,0,0,0,0
-2,3,0,0,0,0,0,0,0
1,2,0,0,0,0,0,0,0
5,0,0,0,0,0,0,0,0
-2,0,0,0,0,0,0,0,0
-8,2,0,0,0,0,0,0,0
-3,1,0,0,0,0,0,0,0
4,-4,0,0,0,0,0,0,0
5,-1,0,0,0,0,0,0,0
5,5,0,0,0,0,0,0,0
6,3,0,0,0,0,0,0,0
5,1,0,0,0,0,0,0,0
0,1,0,0,0,0,0,0,0
-1,-1,0,0,0,0,0,0,0
6,1,0,0,0,0,0,0,0
6,3,0,0,0,0,0,0,0
0,0,0,0,0,0,0,0,0
-2,2,0,0,0,0,0,0,0
1,9,0,0,0,0,0,0,0
4,6,0,0,0,0,0,0,0
3,3,0,0,0,0,0,0,0
1,3,0,0,0,0,0,0,0
3,-2,0,0,0,0,0,0,0
4,-6,0,0,0,0,0,0,0
2,-1,0,0,0,0,0,0,0
3,3,0,0,0,0,0,0,0
4,-2,0,0,0,0,0,0,0
2,-5,0,0,0,0,0,0,0
1,2,0,0,0,0,0,0,0
1,4,0,0,0,0,0,0,0
-1,-1,0,0,0,0,0,0,0
-5,-3,0,0,0,0,0,0,0
-2,-4,0,0,0,0,0,0,0
5,0,0,0,0,0,0,0,0
3,2,0,0,0,0,0,0,0
6,0,0,0,0,0,0,0,0
11,1,0,0,0,0,0,0,0
2,4,0,0,0,0,0,0,0
-7,1,0,0,0,0,0,0,0
-3,-2,0,0,0,0,0,0,0
-2,0,0,0,0,0,0,0,0
-7,0,0,0,0,0,0,0,0
-3,-3,0,0,0,0,0,0,0
2,0,0,0,0,0,0,0,0
-2,2,0,0,0,0,0,0,0
-8,1,0,0,0,0,0,0,0
-4,5,0,0,0,0,0,0,0
1,5,0,0,0,0,0,0,0
0,-5,0,0,0,0,0,0,0
0,-8,0,0,0,0,0,0,0
0,-2,0,0,0,0,0,0,0
-4,3,0,0,0,0,0,0,0
-4,-2,0,0,0,0,0,0,0
0,-7,0,0,0,0,0,0,0
-3,-5,0,0,0,0,0,0,0
-4,-2,0,0,0,0,0,0,0
3,-3,0,0,0,0,0,0,0
4,-3,0,0,0,0,0,0,0
-2,0,0,0,0,0,0,0,0
-5,1,0,0,0,0,0,0,0
-6,1,0,0,0,0,0,0,0
0,5,0,0,0,0,0,0,0
5,7,0,0,0,0,0,0,0
0,1,0,0,0,0,0,0,0
-5,2,0,0,0,0,0,0,0
-3,8,0,0,0,0,0,0,0
0,7,0,0,0,0,0,0,0
1,4,0,0,0,0,0,0,0
4,5,0,0,0,0,0,0,0
3,-1,0,0,0,0,0,0,0
2,-3,0,0,0,0,0,0,0
6,4,0,0,0,0,0,0,0
1,5,0,0,0,0,0,0,0
-10,-4,0,0,0,0,0,0,0
-7,-5,0,0,0,0,0,0,0
4,3,0,0,0,0,0,0,0
6,1,0,0,0,0,0,0,0
3,-6,0,0,0,0,0,0,0
1,-2,0,0,0,0,0,0,0
-2,2,0,0,0,0,0,0,0
-2,-3,0,0,0,0,0,0,0
0,-3,0,0,0,0,0,0,0
0,1,0,0,0,0,0,0,0
1,0,0,0,0,0,0,0,0
4,3,0,0,0,0,0,0,0
3,5,0,0,0,0,0,0,0
2,-4,0,0,0,0,0,0,0
2,-8,0,0,0,0,0,0,0
2,2,0,0,0,0,0,0,0
0,5,0,0,0,0,0,0,0
-3,-4,0,0,0,0,0,0,0
-1,-6,0,0,0,0,0,0,0
5,4,0,0,0,0,0,0,0
4,5,0,0,0,0,0,0,0
0,-4,0,0,0,0,0,0,0
2,-7,0,0,0,0,0,0,0
0,0,0,0,0,0,0,0,0
-7,0,0,0,0,0,0,0,0
-7,-5,0,0,0,0,0,0,0
1,0,0,0,0,0,0,0,0
6,2,0,0,0,0,0,0,0
8,-4,0,0,0,0,0,0,0
6,-4,0,0,0,0,0,0,0
0,-2,0,0,0,0,0,0,0
-1,-4,0,0,0,0,0,0,0
0,-3,0,0,0,0,0,0,0
-5,1,0,0,0,0,0,0,0
-3,1,0,0,0,0,0,0,0
4,2,0,0,0,0,0,0,0
2,1,0,0,0,0,0,0,0
-3,-3,0,0,0,0,0,0,0
-5,-2,0,0,0,0,0,0,0
-5,1,0,0,0,0,0,0,0
-6,4,0,0,0,0,0,0,0
-6,8,0,0,0,0,0,0,0
-1,6,0,0,0,0,0,0,0
5,-4,0,0,0,0,0,0,0
-1,-7,0,0,0,0,0,0,0
-3,-2,0,0,0,0,0,0,0
4,1,0,0,0,0,0,0,0
3,-1,0,0,0,0,0,0,0
-1,-2,0,0,0,0,0,0,0
1,1,0,0,0,0,0,0,0
1,9,0,0,0,0,0,0,0
-4,10,0,0,0,0,0,0,0
1,-1,0,0,0,0,0,0,0
9,-5,0,0,0,0,0,0,0
1,5,0,0,0,0,0,0,0
-7,9,0,0,0,0,0,0,0
0,4,0,0,0,0,0,0,0
3,2,0,0,0,0,0,0,0
-2,-2,0,0,0,0,0,0,0
0,-5,0,0,0,0,0,0,0
2,2,0,0,0,0,0,0,0
0,8,0,0,0,0,0,0,0
0,4,0,0,0,0,0,0,0
0,2,0,0,0,0,0,0,0
-1,2,0,0,0,0,0,0,0
-2,-4,0,0,0,0,0,0,0
-6,-7,0,0,0,0,0,0,0
-8,0,0,0,0,0,0,0,0
0,1,0,0,0,0,0,0,0
6,-2,0,0,0,0,0,0,0
2,-2,0,0,0,0,0,0,0
-3,-1,0,0,0,0,0,0,0
-1,-2,0,0,0,0,0,0,0
4,-2,0,0,0,0,0,0,0
3,-4,0,0,0,0,0,0,0
1,0,0,0,0,0,0,0,0
3,2,0,0,0,0,0,0,0
1,0,0,0,0,0,0,0,0
0,2,0,0,0,0,0,0,0
1,1,0,0,0,0,0,0,0
1,0,0,0,0,0,0,0,0
-4,5,0,0,0,0,0,0,0
-3,5,0,0,0,0,0,0,0
3,1,0,0,0,0,0,0,0
3,0,0,0,0,0,0,0,0
-2,-2,0,0,0,0,0,0,0
-4,-1,0,0,0,0,0,0,0
-1,3,0,0,0,0,0,0,0
3,-1,0,0,0,0,0,0,0
2,-4,0,0,0,0,0,0,0
-1,-1,0,0,0,0,0,0,0
-3,-2,0,0,0,0,0,0,0
-2,-4,0,0,0,0,0,0,0
2,-1,0,0,0,0,0,0,0
2,1,0,0,0,0,0,0,0
1,-1,0,0,0,0,0,0,0
3,0,0,0,0,0,0,0,0
3,4,0,0,0,0,0,0,0
0,-4,0,0,0,0,0,0,0
-2,-12,0,0,0,0,0,0,0
-6,-6,0,0,0,0,0,0,0
-8,1,0,0,0,0,0,0,0
1,-3,0,0,0,0,0,0,0
7,-8,0,0,0,0,0,0,0
1,-7,0,0,0,0,0,0,0
-5,-5,0,0,0,0,0,0,0
-3,-3,0,0,0,0,0,0,0
0,2,0,0,0,0,0,0,0
-2,0,0,0,0,0,0,0,0
-3,-5,0,0,0,0,0,0,0
-2,2,0,0,0,0,0,0,0
-2,9,0,0,0,0,0,0,0
1,5,0,0,0,0,0,0,0
5,1,0,0,0,0,0,0,0
4,-2,0,0,0,0,0,0,0
2,-8,0,0,0,0,0,0,0
4,-6,0,0,0,0,0,0,0
2,-1,0,0,0,0,0,0,0
-4,2,0,0,0,0,0,0,0
-3,1,0,0,0,0,0,0,0
4,-1,0,0,0,0,0,0,0
3,1,0,0,0,0,0,0,0
0,4,0,0,0,0,0,0,0
-1,1,0,0,0,0,0,0,0
-3,-2,0,0,0,0,0,0,0
-3,-4,0,0,0,0,0,0,0
-1,-4,0,0,0,0,0,0,0
1,0,0,0,0,0,0,0,0
5,1,0,0,0,0,0,0,0
5,1,0,0,0,0,0,0,0
1,4,0,0,0,0,0,0,0
0,5,0,0,0,0,0,0,0
3,3,0,0,0,0,0,0,0
0,3,0,0,0,0,0,0,0
-4,6,0,0,0,0,0,0,0
-1,7,0,0,0,0,0,0,0
5,3,0,0,0,0,0,0,0
3,0,0,0,0,0,0,0,0
-2,0,0,0,0,0,0,0,0
-4,-3,0,0,0,0,0,0,0
-3,-5,0,0,0,0,0,0,0
-1,-3,0,0,0,0,0,0,0
-2,-1,0,0,0,0,0,0,0
-2,1,0,0,0,0,0,0,0
0,7,0,0,0,0,0,0,0
3,10,0,0,0,0,0,0,0
4,6,0,0,0,0,0,0,0
3,1,0,0,0,0,0,0,0
3,0,0,0,0,0,0,0,0
2,0,0,0,0,0,0,0,0
1,0,0,0,0,0,0,0,0
1,3,0,0,0,0,0,0,0
1,2,0,0,0,0,0,0,0
3,-1,0,0,0,0,0,0,0
0,3,0,0,0,0,0,0,0
-5,8,0,0,0,0,0,0,0
-2,4,0,0,0,0,0,0,0
4,-2,0,0,0,0,0,0,0
5,-3,0,0,0,0,0,0,0
6,2,0,0,0,0,0,0,0
6,5,0,0,0,0,0,0,0
-1,-3,0,0,0,0,0,0,0
-3,-8,0,0,0,0,0,0,0
1,-2,0,0,0,0,0,0,0
0,3,0,0,0,0,0,0,0
-2,1,0,0,0,0,0,0,0
-1,1,0,0,0,0,0,0,0
-1,0,0,0,0,0,0,0,0
-5,-4,0,0,0,0,0,0,0
-4,0,0,0,0,0,0,0,0
2,7,0,0,0,0,0,0,0
1,1,0,0,0,0,0,0,0
-3,-4,0,0,0,0,0,0,0
-1,-1,0,0,0,0,0,0,0
-1,-4,0,0,0,0,0,0,0
-6,-5,0,0,0,0,0,0,0
-5,0,0,0,0,0,0,0,0
-2,-3,0,0,0,0,0,0,0
-1,-3,0,0,0,0,0,0,0
0,7,0,0,0,0,0,0,0
-4,8,0,0,0,0,0,0,0
-8,1,0,0,0,0,0,0,0
0,-3,0,0,0,0,0,0,0
4,-6,0,0,0,0,0,0,0
-3,-4,0,0,0,0,0,0,0
-2,5,0,0,0,0,0,0,0
6,6,0,0,0,0,0,0,0
4,-2,0,0,0,0,0,0,0
0,-2,0,0,0,0,0,0,0
3,1,0,0,0,0,0,0,0
1,-5,0,0,0,0,0,0,0
-7,-5,0,0,0,0,0,0,0
-8,2,0,0,0,0,0,0,0
0,1,0,0,0,0,0,0,0
4,0,0,0,0,0,0,0,0
1,5,0,0,0,0,0,0,0
1,4,0,0,0,0,0,0,0
3,-6,0,0,0,0,0,0,0
2,-8,0,0,0,0,0,0,0
2,-1,0,0,0,0,0,0,0
2,3,0,0,0,0,0,0,0
1,0,0,0,0,0,0,0,0
-1,0,0,0,0,0,0,0,0
-4,7,0,0,0,0,0,0,0
-2,5,0,0,0,0,0,0,0
4,-6,0,0,0,0,0,0,0
3,-10,0,0,0,0,0,0,0
-2,-5,0,0,0,0,0,0,0
-5,-2,0,0,0,0,0,0,0
-1,-2,0,0,0,0,0,0,0
4,1,0,0,0,0,0,0,0
4,0,0,0,0,0,0,0,0
2,-5,0,0,0,0,0,0,0
4,-6,0,0,0,0,0,0,0
2,-3,0,0,0,0,0,0,0
-1,-3,0,0,0,0,0,0,0
-2,-1,0,0,0,0,0,0,0
-4,5,0,0,0,0,0,0,0
-4,7,0,0,0,0,0,0,0
-2,1,0,0,0,0,0,0,0
-1,-1,0,0,0,0,0,0,0
0,1,0,0,0,0,0,0,0
-3,-4,0,0,0,0,0,0,0
-7,-5,0,0,0,0,0,0,0
0,1,0,0,0,0,0,0,0
6,4,0,0,0,0,0,0,0
3,1,0,0,0,0,0,0,0
1,-3,0,0,0,0,0,0,0
2,0,0,0,0,0,0,0,0
-1,7,0,0,0,0,0,0,0
-5,7,0,0,0,0,0,0,0
-5,-2,0,0,0,0,0,0,0
1,-6,0,0,0,0,0,0,0
1,-3,0,0,0,0,0,0,0
0,-1,0,0,0,0,0,0,0
5,-1,0,0,0,0,0,0,0
6,0,0,0,0,0,0,0,0
-1,4,0,0,0,0,0,0,0
-4,9,0,0,0,0,0,0,0
-1,4,0,0,0,0,0,0,0
1,-6,0,0,0,0,0,0,0
3,-5,0,0,0,0,0,0,0
3,5,0,0,0,0,0,0,0
-3,3,0,0,0,0,0,0,0
-7,-5,0,0,0,0,0,0,0
2,3,0,0,0,0,0,0,0
9,9,0,0,0,0,0,0,0
6,1,0,0,0,0,0,0,0
2,0,0,0,0,0,0,0,0
2,6,0,0,0,0,0,0,0
2,0,0,0,0,0,0,0,0
1,-5,0,0,0,0,0,0,0
-3,3,0,0,0,0,0,0,0
-1,7,0,0,0,0,0,0,0
4,0,0,0,0,0,0,0,0
-2,-5,0,0,0,0,0,0,0
-9,-2,0,0,0,0,0,0,0
0,-2,0,0,0,0,0,0,0
7,-3,0,0,0,0,0,0,0
-3,3,0,0,0,0,0,0,0
-6,8,0,0,0,0,0,0,0
4,4,0,0,0,0,0,0,0
5,-2,0,0,0,0,0,0,0
-5,0,0,0,0,0,0,0,0
-7,0,0,0,0,0,0,0,0
2,-2,0,0,0,0,0,0,0
6,2,0,0,0,0,0,0,0
2,3,0,0,0,0,0,0,0
1,-1,0,0,0,0,0,0,0
4,-3,0,0,0,0,0,0,0
1,-3,0,0,0,0,0,0,0
-6,1,0,0,0,0,0,0,0
-7,6,0,0,0,0,0,0,0
1,3,0,0,0,0,0,0,0
6,-5,0,0,0,0,0,0,0
1,-7,0,0,0,0,0,0,0
-4,-3,0,0,0,0,0,0,0
-2,-2,0,0,0,0,0,0,0
-1,-5,0,0,0,0,0,0,0
-1,-3,0,0,0,0,0,0,0
2,0,0,0,0,0,0,0,0
4,-2,0,0,0,0,0,0,0
2,-5,0,0,0,0,0,0,0
3,-5,0,0,0,0,0,0,0
3,-7,0,0,0,0,0,0,0
1,-4,0,0,0,0,0,0,0
1,5,0,0,0,0,0,0,0
0,4,0,0,0,0,0,0,0
-4,-4,0,0,0,0,0,0,0
-3,-4,0,0,0,0,0,0,0
3,-1,0,0,0,0,0,0,0
0,-2,0,0,0,0,0,0,0
-4,0,0,0,0,0,0,0,0
-3,3,0,0,0,0,0,0,0
-5,1,0,0,0,0,0,0,0
-3,4,0,0,0,0,0,0,0
5,5,0,0,0,0,0,0,0
5,3,0,0,0,0,0,0,0
1,2,0,0,0,0,0,0,0
1,2,0,0,0,0,0,0,0
1,3,0,0,0,0,0,0,0
2,4,0,0,0,0,0,0,0
2,4,0,0,0,0,0,0,0
1,6,0,0,0,0,0,0,0
-1,7,0,0,0,0,0,0,0
-1,4,0,0,0,0,0,0,0
-5,-2,0,0,0,0,0,0,0
-9,-6,0,0,0,0,0,0,0
-6,-3,0,0,0,0,0,0,0
2,5,0,0,0,0,0,0,0
4,8,0,0,0,0,0,0,0
3,5,0,0,0,0,0,0,0
3,2,0,0,0,0,0,0,0
1,2,0,0,0,0,0,0,0
0,2,0,0,0,0,0,0,0
2,0,0,0,0,0,0,0,0
2,-4,0,0,0,0,0,0,0
1,-8,0,0,0,0,0,0,0
0,-6,0,0,0,0,0,0,0
0,2,0,0,0,0,0,0,0
0,3,0,0,0,0,0,0,0
1,-3,0,0,0,0,0,0,0
1,-3,0,0,0,0,0,0,0
-2,-2,0,0,0,0,0,0,0
-7,-5,0,0,0,0,0,0,0
-8,-4,0,0,0,0,0,0,0
-3,4,0,0,0,0,0,0,0
-1,7,0,0,0,0,0,0,0
-3,0,0,0,0,0,0,0,0
-2,-4,0,0,0,0,0,0,0
-2,-2,0,0,0,0,0,0,0
-2,-2,0,0,0,0,0,0,0
1,-6,0,0,0,0,0,0,0
2,-3,0,0,0,0,0,0,0
-3,3,0,0,0,0,0,0,0
-2,0,0,0,0,0,0,0,0
5,-4,0,0,0,0,0,0,0
5,-4,0,0,0,0,0,0,0
-1,0,0,0,0,0,0,0,0
-3,4,0,0,0,0,0,0,0
-2,-3,0,0,0,0,0,0,0
-1,-8,0,0,0,0,0,0,0
-2,-3,0,0,0,0,0,0,0
-1,2,0,0,0,0,0,0,0
0,1,0,0,0,0,0,0,0
0,-1,0,0,0,0,0,0,0
0,-2,0,0,0,0,0,0,0
0,-6,0,0,0,0,0,0,0
4,-6,0,0,0,0,0,0,0
11,-1,0,0,0,0,0,0,0
8,0,0,0,0,0,0,0,0
0,4,0,0,0,0,0,0,0
2,7,0,0,0,0,0,0,0
5,1,0,0,0,0,0,0,0
0,-1,0,0,0,0,0,0,0
-4,4,0,0,0,0,0,0,0
-1,2,0,0,0,0,0,0,0
2,-2,0,0,0,0,0,0,0
-2,-2,0,0,0,0,0,0,0
-4,-5,0,0,0,0,0,0,0
-2,-7,0,0,0,0,0,0,0
-4,-2,0,0,0,0,0,0,0
4,-1,0,0,0,0,0,0,0
10,-2,0,0,0,0,0,0,0
0,-1,0,0,0,0,0,0,0
-5,0,0,0,0,0,0,0,0
-1,3,0,0,0,0,0,0,0
-2,5,0,0,0,0,0,0,0
-2,3,0,0,0,0,0,0,0
0,-1,0,0,0,0,0,0,0
3,-2,0,0,0,0,0,0,0
3,2,0,0,0,0,0,0,0
0,5,0,0,0,0,0,0,0
-2,2,0,0,0,0,0,0,0
-3,2,0,0,0,0,0,0,0
-2,3,0,0,0,0,0,0,0
4,6,0,0,0,0,0,0,0
2,6,0,0,0,0,0,0,0
1,3,0,0,0,0,0,0,0
8,3,0,0,0,0,0,0,0
5,5,0,0,0,0,0,0,0
-7,4,0,0,0,0,0,0,0
-5,2,0,0,0,0,0,0,0
5,1,0,0,0,0,0,0,0
1,-5,0,0,0,0,0,0,0
-9,-9,0,0,0,0,0,0,0
-10,-4,0,0,0,0,0,0,0
-6,3,0,0,0,0,0,0,0
0,0,0,0,0,0,0,0,0
3,-2,0,0,0,0,0,0,0
2,2,0,0,0,0,0,0,0
1,-1,0,0,0,0,0,0,0
2,-6,0,0,0,0,0,0,0
2,0,0,0,0,0,0,0,0
0,6,0,0,0,0,0,0,0
-3,1,0,0,0,0,0,0,0
-2,-7,0,0,0,0,0,0,0
2,-6,0,0,0,0,0,0,0
1,0,0,0,0,0,0,0,0
-5,0,0,0,0,0,0,0,0
-3,-7,0,0,0,0,0,0,0
3,-6,0,0,0,0,0,0,0
1,3,0,0,0,0,0,0,0
-4,4,0,0,0,0,0,0,0
-1,1,0,0,0,0,0,0,0
3,0,0,0,0,0,0,0,0
-4,-4,0,0,0,0,0,0,0
-9,-6,0,0,0,0,0,0,0
0,-1,0,0,0,0,0,0,0
6,2,0,0,0,0,0,0,0
2,0,0,0,0,0,0,0,0
0,-3,0,0,0,0,0,0,0
-2,3,0,0,0,0,0,0,0
0,8,0,0,0,0,0,0,0
4,1,0,0,0,0,0,0,0
-3,-6,0,0,0,0,0,0,0
-8,-4,0,0,0,0,0,0,0
2,0,0,0,0,0,0,0,0
5,2,0,0,0,0,0,0,0
-5,0,0,0,0,0,0,0,0
-6,-2,0,0,0,0,0,0,0
4,3,0,0,0,0,0,0,0
7,4,0,0,0,0,0,0,0
4,-5,0,0,0,0,0,0,0
3,-5,0,0,0,0,0,0,0
4,1,0,0,0,0,0,0,0
2,1,0,0,0,0,0,0,0
1,5,0,0,0,0,0,0,0
-2,8,0,0,0,0,0,0,0
-1,3,0,0,0,0,0,0,0
4,2,0,0,0,0,0,0,0
4,7,0,0,0,0,0,0,0
-2,2,0,0,0,0,0,0,0
-4,-4,0,0,0,0,0,0,0
0,2,0,0,0,0,0,0,0
5,5,0,0,0,0,0,0,0
4,1,0,0,0,0,0,0,0
-1,0,0,0,0,0,0,0,0
-3,3,0,0,0,0,0,0,0
1,6,0,0,0,0,0,0,0
5,3,0,0,0,0,0,0,0
2,-4,0,0,0,0,0,0,0
-1,-6,0,0,0,0,0,0,0
2,-2,0,0,0,0,0,0,0
2,-1,0,0,0,0,0,0,0
-3,1,0,0,0,0,0,0,0
-4,0,0,0,0,0,0,0,0
0,-5,0,0,0,0,0,0,0
-2,-4,0,0,0,0,0,0,0
-4,2,0,0,0,0,0,0,0
-1,5,0,0,0,0,0,0,0
0,6,0,0,0,0,0,0,0
2,7,0,0,0,0,0,0,0
4,5,0,0,0,0,0,0,0
4,1,0,0,0,0,0,0,0
3,-3,0,0,0,0,0,0,0
1,-6,0,0,0,0,0,0,0
1,-4,0,0,0,0,0,0,0
1,-2,0,0,0,0,0,0,0
-5,-3,0,0,0,0,0,0,0
-8,-4,0,0,0,0,0,0,0
-1,-3,0,0,0,0,0,0,0
4,-2,0,0,0,0,0,0,0
-4,0,0,0,0,0,0,0,0
-4,3,0,0,0,0,0,0,0
4,1,0,0,0,0,0,0,0
5,-5,0,0,0,0,0,0,0
-1,-1,0,0,0,0,0,0,0
-5,5,0,0,0,0,0,0,0
-3,2,0,0,0,0,0,0,0
1,0,0,0,0,0,0,0,0
-1,3,0,0,0,0,0,0,0
-2,5,0,0,0,0,0,0,0
4,6,0,0,0,0,0,0,0
4,5,0,0,0,0,0,0,0
-1,2,0,0,0,0,0,0,0
0,-1,0,0,0,0,0,0,0
2,1,0,0,0,0,0,0,0
1,3,0,0,0,0,0,0,0
0,-2,0,0,0,0,0,0,0
-1,-6,0,0,0,0,0,0,0
-5,0,0,0,0,0,0,0,0
-7,6,0,0,0,0,0,0,0
1,2,0,0,0,0,0,0,0
8,-4,0,0,0,0,0,0,0
8,-4,0,0,0,0,0,0,0
4,-3,0,0,0,0,0,0,0
1,-3,0,0,0,0,0,0,0
1,0,0,0,0,0,0,0,0
1,-1,0,0,0,0,0,0,0
-3,-9,0,0,0,0,0,0,0
-6,-12,0,0,0,0,0,0,0
-4,-7,0,0,0,0,0,0,0
1,-2,0,0,0,0,0,0,0
3,-2,0,0,0,0,0,0,0
1,-2,0,0,0,0,0,0,0
0,2,0,0,0,0,0,0,0
-3,2,0,0,0,0,0,0,0
-6,2,0,0,0,0,0,0,0
-4,5,0,0,0,0,0,0,0
1,3,0,0,0,0,0,0,0
-5,0,0,0,0,0,0,0,0
-7,0,0,0,0,0,0,0,0
6,-2,0,0,0,0,0,0,0
11,-4,0,0,0,0,0,0,0
0,-2,0,0,0,0,0,0,0
-4,-1,0,0,0,0,0,0,0
2,0,0,0,0,0,0,0,0
0,5,0,0,0,0,0,0,0
-2,8,0,0,0,0,0,0,0
1,6,0,0,0,0,0,0,0
1,5,0,0,0,0,0,0,0
1,4,0,0,0,0,0,0,0
2,-4,0,0,0,0,0,0,0
0,-7,0,0,0,0,0,0,0
-2,0,0,0,0,0,0,0,0
-3,3,0,0,0,0,0,0,0
-5,1,0,0,0,0,0,0,0
-3,5,0,0,0,0,0,0,0
-3,6,0,0,0,0,0,0,0
-6,3,0,0,0,0,0,0,0
-1,2,0,0,0,0,0,0,0
6,-3,0,0,0,0,0,0,0
2,-8,0,0,0,0,0,0,0
-2,-5,0,0,0,0,0,0,0
1,-3,0,0,0,0,0,0,0
0,-1,0,0,0,0,0,0,0
2,-1,0,0,0,0,0,0,0
2,0,0,0,0,0,0,0,0
-2,3,0,0,0,0,0,0,0
0,-1,0,0,0,0,0,0,0
6,-7,0,0,0,0,0,0,0
6,-1,0,0,0,0,0,0,0
5,1,0,0,0,0,0,0,0
1,-6,0,0,0,0,0,0,0
-2,-5,0,0,0,0,0,0,0
-4,0,0,0,0,0,0,0,0
-6,-3,0,0,0,0,0,0,0
-4,-3,0,0,0,0,0,0,0
-2,3,0,0,0,0,0,0,0
1,5,0,0,0,0,0,0,0
2,-1,0,0,0,0,0,0,0
2,-2,0,0,0,0,0,0,0
1,2,0,0,0,0,0,0,0
-4,0,0,0,0,0,0,0,0
-10,0,0,0,0,0,0,0,0
-5,2,0,0,0,0,0,0,0
2,-3,0,0,0,0,0,0,0
5,-1,0,0,0,0,0,0,0
4,3,0,0,0,0,0,0,0
4,-4,0,0,0,0,0,0,0
4,-7,0,0,0,0,0,0,0
2,-1,0,0,0,0,0,0,0
2,0,0,0,0,0,0,0,0
2,-2,0,0,0,0,0,0,0
2,-1,0,0,0,0,0,0,0
1,3,0,0,0,0,0,0,0
1,5,0,0,0,0,0,0,0
1,3,0,0,0,0,0,0,0
3,2,0,0,0,0,0,0,0
0,4,0,0,0,0,0,0,0
-5,3,0,0,0,0,0,0,0
-2,1,0,0,0,0,0,0,0
5,0,0,0,0,0,0,0,0
1,-3,0,0,0,0,0,0,0
-7,-4,0,0,0,0,0,0,0
-3,-2,0,0,0,0,0,0,0
4,0,0,0,0,0,0,0,0
2,2,0,0,0,0,0,0,0
0,2,0,0,0,0,0,0,0
2,-3,0,0,0,0,0,0,0
1,-2,0,0,0,0,0,0,0
-5,1,0,0,0,0,0,0,0
-3,0,0,0,0,0,0,0,0
4,-1,0,0,0,0,0,0,0
1,2,0,0,0,0,0,0,0
-8,7,0,0,0,0,0,0,0
-9,9,0,0,0,0,0,0,0
-2,7,0,0,0,0,0,0,0
5,6,0,0,0,0,0,0,0
6,4,0,0,0,0,0,0,0
0,0,0,0,0,0,0,0,0
-4,1,0,0,0,0,0,0,0
1,8,0,0,0,0,0,0,0
5,5,0,0,0,0,0,0,0
0,-2,0,0,0,0,0,0,0
-4,1,0,0,0,0,0,0,0
0,6,0,0,0,0,0,0,0
3,-2,0,0,0,0,0,0,0
-2,-5,0,0,0,0,0,0,0
-1,1,0,0,0,0,0,0,0
6,-1,0,0,0,0,0,0,0
4,-7,0,0,0,0,0,0,0
-5,-5,0,0,0,0,0,0,0
-1,-1,0,0,0,0,0,0,0
9,2,0,0,0,0,0,0,0
10,3,0,0,0,0,0,0,0
2,-4,0,0,0,0,0,0,0
-6,-10,0,0,0,0,0,0,0
-2,-6,0,0,0,0,0,0,0
5,-4,0,0,0,0,0,0,0
2,-4,0,0,0,0,0,0,0
-2,-2,0,0,0,0,0,0,0
-3,0,0,0,0,0,0,0,0
-2,3,0,0,0,0,0,0,0
1,4,0,0,0,0,0,0,0
-1,1,0,0,0,0,0,0,0
-2,-2,0,0,0,0,0,0,0
4,-2,0,0,0,0,0,0,0
5,2,0,0,0,0,0,0,0
2,8,0,0,0,0,0,0,0
2,6,0,0,0,0,0,0,0
0,3,0,0,0,0,0,0,0
-2,5,0,0,0,0,0,0,0
-5,4,0,0,0,0,0,0,0
-7,-4,0,0,0,0,0,0,0
-3,-8,0,0,0,0,0,0,0
1,-5,0,0,0,0,0,0,0
-2,-4,0,0,0,0,0,0,0
-3,-7,0,0,0,0,0,0,0
-1,-6,0,0,0,0,0,0,0
3,-3,0,0,0,0,0,0,0
5,-3,0,0,0,0,0,0,0
3,-2,0,0,0,0,0,0,0
2,4,0,0,0,0,0,0,0
1,7,0,0,0,0,0,0,0
-1,2,0,0,0,0,0,0,0
-4,2,0,0,0,0,0,0,0
-2,6,0,0,0,0,0,0,0
3,0,0,0,0,0,0,0,0
4,-2,0,0,0,0,0,0,0
1,5,0,0,0,0,0,0,0
1,2,0,0,0,0,0,0,0
3,-2,0,0,0,0,0,0,0
1,3,0,0,0,0,0,0,0
0,0,0,0,0,0,0,0,0
0,-8,0,0,0,0,0,0,0
1,-7,0,0,0,0,0,0,0
1,-3,0,0,0,0,0,0,0
-3,-4,0,0,0,0,0,0,0
-7,-2,0,0,0,0,0,0,0
-4,5,0,0,0,0,0,0,0
-2,8,0,0,0,0,0,0,0
-4,7,0,0,0,0,0,0,0
-4,5,0,0,0,0,0,0,0
0,1,0,0,0,0,0,0,0
4,0,0,0,0,0,0,0,0
3,5,0,0,0,0,0,0,0
1,4,0,0,0,0,0,0,0
2,0,0,0,0,0,0,0,0
0,-4,0,0,0,0,0,0,0
-4,-6,0,0,0,0,0,0,0
-3,-1,0,0,0,0,0,0,0
2,-1,0,0,0,0,0,0,0
2,-7,0,0,0,0,0,0,0
-1,-1,0,0,0,0,0,0,0
1,5,0,0,0,0,0,0,0
1,-2,0,0,0,0,0,0,0
-6,-4,0,0,0,0,0,0,0
-8,1,0,0,0,0,0,0,0
1,-3,0,0,0,0,0,0,0
6,-2,0,0,0,0,0,0,0
-1,2,0,0,0,0,0,0,0
-5,-2,0,0,0,0,0,0,0
1,-2,0,0,0,0,0,0,0
5,1,0,0,0,0,0,0,0
2,-6,0,0,0,0,0,0,0
-1,-6,0,0,0,0,0,0,0
-5,3,0,0,0,0,0,0,0
-8,5,0,0,0,0,0,0,0
-1,-1,0,0,0,0,0,0,0
3,-2,0,0,0,0,0,0,0
-4,2,0,0,0,0,0,0,0
-7,0,0,0,0,0,0,0,0
1,-1,0,0,0,0,0,0,0
1,2,0,0,0,0,0,0,0
-6,3,0,0,0,0,0,0,0
2,0,0,0,0,0,0,0,0
11,1,0,0,0,0,0,0,0
7,6,0,0,0,0,0,0,0
3,2,0,0,0,0,0,0,0
3,-6,0,0,0,0,0,0,0
2,-7,0,0,0,0,0,0,0
-1,-3,0,0,0,0,0,0,0
-5,-3,0,0,0,0,0,0,0
-5,-6,0,0,0,0,0,0,0
1,-6,0,0,0,0,0,0,0
6,-4,0,0,0,0,0,0,0
2,-3,0,0,0,0,0,0,0
1,0,0,0,0,0,0,0,0
4,4,0,0,0,0,0,0,0
2,1,0,0,0,0,0,0,0
1,-6,0,0,0,0,0,0,0
3,-3,0,0,0,0,0,0,0
0,3,0,0,0,0,0,0,0
-7,4,0,0,0,0,0,0,0
-9,2,0,0,0,0,0,0,0
-4,-2,0,0,0,0,0,0,0
3,-3,0,0,0,0,0,0,0
7,2,0,0,0,0,0,0,0
9,5,0,0,0,0,0,0,0
5,3,0,0,0,0,0,0,0
-5,4,0,0,0,0,0,0,0
-3,9,0,0,0,0,0,0,0
3,7,0,0,0,0,0,0,0
-2,-3,0,0,0,0,0,0,0
-5,-3,0,0,0,0,0,0,0
0,5,0,0,0,0,0,0,0
1,2,0,0,0,0,0,0,0
4,-3,0,0,0,0,0,0,0
3,4,0,0,0,0,0,0,0
-5,8,0,0,0,0,0,0,0
-3,1,0,0,0,0,0,0,0
5,-1,0,0,0,0,0,0,0
4,1,0,0,0,0,0,0,0
-1,-1,0,0,0,0,0,0,0
-3,3,0,0,0,0,0,0,0
-1,8,0,0,0,0,0,0,0
2,5,0,0,0,0,0,0,0
2,2,0,0,0,0,0,0,0
0,3,0,0,0,0,0,0,0
2,-1,0,0,0,0,0,0,0
0,-2,0,0,0,0,0,0,0
-6,0,0,0,0,0,0,0,0
-8,0,0,0,0,0,0,0,0
-1,-1,0,0,0,0,0,0,0
4,3,0,0,0,0,0,0,0
0,5,0,0,0,0,0,0,0
-6,0,0,0,0,0,0,0,0
-5,-7,0,0,0,0,0,0,0
2,-5,0,0,0,0,0,0,0
5,-1,0,0,0,0,0,0,0
1,-6,0,0,0,0,0,0,0
-2,-8,0,0,0,0,0,0,0
-4,5,0,0,0,0,0,0,0
-5,9,0,0,0,0,0,0,0
-1,-1,0,0,0,0,0,0,0
1,-2,0,0,0,0,0,0,0
0,1,0,0,0,0,0,0,0
4,-4,0,0,0,0,0,0,0
6,-4,0,0,0,0,0,0,0
2,2,0,0,0,0,0,0,0
1,0,0,0,0,0,0,0,0
-3,-1,0,0,0,0,0,0,0
-6,4,0,0,0,0,0,0,0
-2,0,0,0,0,0,0,0,0
1,-8,0,0,0,0,0,0,0
0,-4,0,0,0,0,0,0,0
2,4,0,0,0,0,0,0,0
2,5,0,0,0,0,0,0,0
0,-2,0,0,0,0,0,0,0
5,-6,0,0,0,0,0,0,0
5,-1,0,0,0,0,0,0,0
-1,5,0,0,0,0,0,0,0
-3,6,0,0,0,0,0,0,0
-1,2,0,0,0,0,0,0,0
-2,-4,0,0,0,0,0,0,0
-5,-7,0,0,0,0,0,0,0
0,-5,0,0,0,0,0,0,0
5,0,0,0,0,0,0,0,0
4,2,0,0,0,0,0,0,0
3,-2,0,0,0,0,0,0,0
5,-6,0,0,0,0,0,0,0
3,-2,0,0,0,0,0,0,0
-1,5,0,0,0,0,0,0,0
-5,3,0,0,0,0,0,0,0
-5,2,0,0,0,0,0,0,0
0,6,0,0,0,0,0,0,0
1,4,0,0,0,0,0,0,0
-1,-5,0,0,0,0,0,0,0
4,-7,0,0,0,0,0,0,0
5,-4,0,0,0,0,0,0,0
1,-3,0,0,0,0,0,0,0
2,-3,0,0,0,0,0,0,0
4,-1,0,0,0,0,0,0,0
2,0,0,0,0,0,0,0,0
2,4,0,0,0,0,0,0,0
3,8,0,0,0,0,0,0,0
-2,6,0,0,0,0,0,0,0
-3,6,0,0,0,0,0,0,0
1,6,0,0,0,0,0,0,0
-4,-1,0,0,0,0,0,0,0
-9,-7,0,0,0,0,0,0,0
3,-3,0,0,0,0,0,0,0
13,4,0,0,0,0,0,0,0
4,5,0,0,0,0,0,0,0
-4,4,0,0,0,0,0,0,0
-1,1,0,0,0,0,0,0,0
-2,-1,0,0,0,0,0,0,0
-6,-2,0,0,0,0,0,0,0
-4,-1,0,0,0,0,0,0,0
-2,1,0,0,0,0,0,0,0
-3,2,0,0,0,0,0,0,0
-1,0,0,0,0,0,0,0,0
4,-3,0,0,0,0,0,0,0
5,0,0,0,0,0,0,0,0
1,-1,0,0,0,0,0,0,0
-4,-4,0,0,0,0,0,0,0
-3,-3,0,0,0,0,0,0,0
3,-1,0,0,0,0,0,0,0
2,0,0,0,0,0,0,0,0
1,4,0,0,0,0,0,0,0
7,5,0,0,0,0,0,0,0
6,2,0,0,0,0,0,0,0
-3,0,0,0,0,0,0,0,0
-6,-3,0,0,0,0,0,0,0
-4,-2,0,0,0,0,0,0,0
-2,2,0,0,0,0,0,0,0
-7,-3,0,0,0,0,0,0,0
-9,-7,0,0,0,0,0,0,0
-1,0,0,0,0,0,0,0,0
5,0,0,0,0,0,0,0,0
0,-6,0,0,0,0,0,0,0
-2,-1,0,0,0,0,0,0,0
1,0,0,0,0,0,0,0,0
0,-9,0,0,0,0,0,0,0
-4,-12,0,0,0,0,0,0,0
-3,-3,0,0,0,0,0,0,0
2,5,0,0,0,0,0,0,0
3,2,0,0,0,0,0,0,0
-2,-7,0,0,0,0,0,0,0
-4,-4,0,0,0,0,0,0,0
0,5,0,0,0,0,0,0,0
7,3,0,0,0,0,0,0,0
9,-4,0,0,0,0,0,0,0
4,-3,0,0,0,0,0,0,0
-1,0,0,0,0,0,0,0,0
-1,0,0,0,0,0,0,0,0
1,3,0,0,0,0,0,0,0
0,2,0,0,0,0,0,0,0
-2,-2,0,0,0,0,0,0,0
-6,2,0,0,0,0,0,0,0
-8,5,0,0,0,0,0,0,0
-1,2,0,0,0,0,0,0,0
3,0,0,0,0,0,0,0,0
-6,-1,0,0,0,0,0,0,0
-9,-2,0,0,0,0,0,0,0
1,2,0,0,0,0,0,0,0
4,6,0,0,0,0,0,0,0
-4,3,0,0,0,0,0,0,0
-4,-4,0,0,0,0,0,0,0
2,-2,0,0,0,0,0,0,0
-2,7,0,0,0,0,0,0,0
-4,8,0,0,0,0,0,0,0
4,2,0,0,0,0,0,0,0
6,3,0,0,0,0,0,0,0
1,7,0,0,0,0,0,0,0
-1,3,0,0,0,0,0,0,0
-5,-1,0,0,0,0,0,0,0
-4,2,0,0,0,0,0,0,0
8,3,0,0,0,0,0,0,0
9,1,0,0,0,0,0,0,0
-4,0,0,0,0,0,0,0,0
-3,-3,0,0,0,0,0,0,0
6,-4,0,0,0,0,0,0,0
-1,-1,0,0,0,0,0,0,0
-5,3,0,0,0,0,0,0,0
-2,-2,0,0,0,0,0,0,0
-4,-8,0,0,0,0,0,0,0
-1,-2,0,0,0,0,0,0,0
6,6,0,0,0,0,0,0,0
2,7,0,0,0,0,0,0,0
-4,2,0,0,0,0,0,0,0
-2,-4,0,0,0,0,0,0,0
-1,-5,0,0,0,0,0,0,0
-6,-1,0,0,0,0,0,0,0
-4,3,0,0,0,0,0,0,0
3,0,0,0,0,0,0,0,0
2,-5,0,0,0,0,0,0,0
3,-2,0,0,0,0,0,0,0
11,1,0,0,0,0,0,0,0
6,-1,0,0,0,0,0,0,0
-3,-3,0,0,0,0,0,0,0
2,-1,0,0,0,0,0,0,0
2,-1,0,0,0,0,0,0,0
-4,-3,0,0,0,0,0,0,0
-3,0,0,0,0,0,0,0,0
-2,5,0,0,0,0,0,0,0
1,4,0,0,0,0,0,0,0
8,0,0,0,0,0,0,0,0
6,2,0,0,0,0,0,0,0
2,3,0,0,0,0,0,0,0
-1,2,0,0,0,0,0,0,0
1,4,0,0,0,0,0,0,0
6,1,0,0,0,0,0,0,0
4,-1,0,0,0,0,0,0,0
-2,0,0,0,0,0,0,0,0
2,-3,0,0,0,0,0,0,0
9,-4,0,0,0,0,0,0,0
5,0,0,0,0,0,0,0,0
0,1,0,0,0,0,0,0,0
3,3,0,0,0,0,0,0,0
3,7,0,0,0,0,0,0,0
-4,4,0,0,0,0,0,0,0
-6,-2,0,0,0,0,0,0,0
-2,0,0,0,0,0,0,0,0
1,1,0,0,0,0,0,0,0
3,-4,0,0,0,0,0,0,0
3,-4,0,0,0,0,0,0,0
-1,2,0,0,0,0,0,0,0
-4,1,0,0,0,0,0,0,0
-2,-6,0,0,0,0,0,0,0
0,-4,0,0,0,0,0,0,0
-3,1,0,0,0,0,0,0,0
-3,2,0,0,0,0,0,0,0
0,-1,0,0,0,0,0,0,0
4,-5,0,0,0,0,0,0,0
5,-4,0,0,0,0,0,0,0
2,-2,0,0,0,0,0,0,0
0,-4,0,0,0,0,0,0,0
0,-2,0,0,0,0,0,0,0
1,1,0,0,0,0,0,0,0
0,3,0,0,0,0,0,0,0
-1,3,0,0,0,0,0,0,0
1,2,0,0,0,0,0,0,0
0,2,0,0,0,0,0,0,0
-4,2,0,0,0,0,0,0,0
-3,0,0,0,0,0,0,0,0
4,-4,0,0,0,0,0,0,0
3,-2,0,0,0,0,0,0,0
-2,3,0,0,0,0,0,0,0
-6,3,0,0,0,0,0,0,0
-8,3,0,0,0,0,0,0,0
-2,7,0,0,0,0,0,0,0
3,6,0,0,0,0,0,0,0
-3,-4,0,0,0,0,0,0,0
-2,-6,0,0,0,0,0,0,0
10,1,0,0,0,0,0,0,0
8,4,0,0,0,0,0,0,0
0,0,0,0,0,0,0,0,0
-4,-5,0,0,0,0,0,0,0
-8,-3,0,0,0,0,0,0,0
-3,3,0,0,0,0,0,0,0
5,6,0,0,0,0,0,0,0
1,3,0,0,0,0,0,0,0
-4,-3,0,0,0,0,0,0,0
-4,-4,0,0,0,0,0,0,0
-4,2,0,0,0,0,0,0,0
1,5,0,0,0,0,0,0,0
4,-3,0,0,0,0,0,0,0
1,-7,0,0,0,0,0,0,0
-2,2,0,0,0,0,0,0,0
-5,6,0,0,0,0,0,0,0
-3,-1,0,0,0,0,0,0,0
3,-1,0,0,0,0,0,0,0
1,0,0,0,0,0,0,0,0
-4,-7,0,0,0,0,0,0,0
-7,-6,0,0,0,0,0,0,0
-8,2,0,0,0,0,0,0,0
-6,1,0,0,0,0,0,0,0
2,-6,0,0,0,0,0,0,0
5,-6,0,0,0,0,0,0,0
2,-2,0,0,0,0,0,0,0
1,1,0,0,0,0,0,0,0
2,0,0,0,0,0,0,0,0
0,-6,0,0,0,0,0,0,0
-4,-4,0,0,0,0,0,0,0
-3,3,0,0,0,0,0,0,0
-1,3,0,0,0,0,0,0,0
0,0,0,0,0,0,0,0,0
4,1,0,0,0,0,0,0,0
5,2,0,0,0,0,0,0,0
1,4,0,0,0,0,0,0,0
2,4,0,0,0,0,0,0,0
8,-3,0,0,0,0,0,0,0
6,-5,0,0,0,0,0,0,0
2,3,0,0,0,0,0,0,0
5,5,0,0,0,0,0,0,0
4,-1,0,0,0,0,0,0,0
-8,-3,0,0,0,0,0,0,0
-7,-2,0,0,0,0,0,0,0
3,-6,0,0,0,0,0,0,0
0,-6,0,0,0,0,0,0,0
-9,-2,0,0,0,0,0,0,0
-7,-3,0,0,0,0,0,0,0
1,-3,0,0,0,0,0,0,0
4,-2,0,0,0,0,0,0,0
2,-2,0,0,0,0,0,0,0
1,-2,0,0,0,0,0,0,0
1,0,0,0,0,0,0,0,0
0,4,0,0,0,0,0,0,0
1,7,0,0,0,0,0,0,0
2,1,0,0,0,0,0,0,0
2,-3,0,0,0,0,0,0,0
2,3,0,0,0,0,0,0,0
1,3,0,0,0,0,0,0,0
-1,-4,0,0,0,0,0,0,0
-1,-5,0,0,0,0,0,0,0
2,1,0,0,0,0,0,0,0
2,5,0,0,0,0,0,0,0
-2,4,0,0,0,0,0,0,0
-4,1,0,0,0,0,0,0,0
-5,1,0,0,0,0,0,0,0
-3,4,0,0,0,0,0,0,0
-1,7,0,0,0,0,0,0,0
-6,7,0,0,0,0,0,0,0
-9,4,0,0,0,0,0,0,0
-6,3,0,0,0,0,0,0,0
-3,0,0,0,0,0,0,0,0
-2,0,0,0,0,0,0,0,0
0,3,0,0,0,0,0,0,0
1,-1,0,0,0,0,0,0,0
4,-3,0,0,0,0,0,0,0
1,0,0,0,0,0,0,0,0
-1,-3,0,0,0,0,0,0,0
6,-6,0,0,0,0,0,0,0
7,-4,0,0,0,0,0,0,0
2,-5,0,0,0,0,0,0,0
2,-4,0,0,0,0,0,0,0
3,-2,0,0,0,0,0,0,0
2,-1,0,0,0,0,0,0,0
2,2,0,0,0,0,0,0,0
1,5,0,0,0,0,0,0,0
1,3,0,0,0,0,0,0,0
3,-1,0,0,0,0,0,0,0
1,-3,0,0,0,0,0,0,0
-4,-2,0,0,0,0,0,0,0
-1,0,0,0,0,0,0,0,0
4,3,0,0,0,0,0,0,0
2,2,0,0,0,0,0,0,0
3,0,0,0,0,0,0,0,0
6,3,0,0,0,0,0,0,0
-3,3,0,0,0,0,0,0,0
-5,-2,0,0,0,0,0,0,0
6,2,0,0,0,0,0,0,0
4,4,0,0,0,0,0,0,0
-6,-2,0,0,0,0,0,0,0
-5,0,0,0,0,0,0,0,0
-1,1,0,0,0,0,0,0,0
0,-5,0,0,0,0,0,0,0
1,-2,0,0,0,0,0,0,0
-2,4,0,0,0,0,0,0,0
-3,2,0,0,0,0,0,0,0
4,1,0,0,0,0,0,0,0
5,8,0,0,0,0,0,0,0
-1,7,0,0,0,0,0,0,0
-5,0,0,0,0,0,0,0,0
-5,0,0,0,0,0,0,0,0
0,0,0,0,0,0,0,0,0
6,-7,0,0,0,0,0,0,0
3,-7,0,0,0,0,0,0,0
1,-2,0,0,0,0,0,0,0
2,-1,0,0,0,0,0,0,0
1,3,0,0,0,0,0,0,0
-3,7,0,0,0,0,0,0,0
-2,2,0,0,0,0,0,0,0
2,-7,0,0,0,0,0,0,0
-3,-3,0,0,0,0,0,0,0
-6,2,0,0,0,0,0,0,0
1,-3,0,0,0,0,0,0,0
3,-3,0,0,0,0,0,0,0
0,5,0,0,0,0,0,0,0
5,6,0,0,0,0,0,0,0
6,0,0,0,0,0,0,0,0
-1,2,0,0,0,0,0,0,0
0,7,0,0,0,0,0,0,0
3,0,0,0,0,0,0,0,0
2,-8,0,0,0,0,0,0,0
-1,-5,0,0,0,0,0,0,0
-4,2,0,0,0,0,0,0,0
-1,1,0,0,0,0,0,0,0
4,-2,0,0,0,0,0,0,0
3,0,0,0,0,0,0,0,0
-2,1,0,0,0,0,0,0,0
-5,-1,0,0,0,0,0,0,0
-7,-5,0,0,0,0,0,0,0
0,-5,0,0,0,0,0,0,0
6,4,0,0,0,0,0,0,0
2,9,0,0,0,0,0,0,0
-1,4,0,0,0,0,0,0,0
3,-4,0,0,0,0,0,0,0
2,-6,0,0,0,0,0,0,0
0,-2,0,0,0,0,0,0,0
-1,3,0,0,0,0,0,0,0
-4,4,0,0,0,0,0,0,0
-3,-1,0,0,0,0,0,0,0
4,-2,0,0,0,0,0,0,0
4,0,0,0,0,0,0,0,0
-2,-4,0,0,0,0,0,0,0
-4,-5,0,0,0,0,0,0,0
-2,1,0,0,0,0,0,0,0
2,-1,0,0,0,0,0,0,0
-3,-5,0,0,0,0,0,0,0
-4,1,0,0,0,0,0,0,0
4,4,0,0,0,0,0,0,0
5,0,0,0,0,0,0,0,0
-1,-2,0,0,0,0,0,0,0
0,-4,0,0,0,0,0,0,0
2,-4,0,0,0,0,0,0,0
0,2,0,0,0,0,0,0,0
2,2,0,0,0,0,0,0,0
-1,1,0,0,0,0,0,0,0
-6,6,0,0,0,0,0,0,0
-5,5,0,0,0,0,0,0,0
-2,-3,0,0,0,0,0,0,0
-2,-2,0,0,0,0,0,0,0
2,1,0,0,0,0,0,0,0
2,2,0,0,0,0,0,0,0
-4,3,0,0,0,0,0,0,0
-3,-2,0,0,0,0,0,0,0
3,-8,0,0,0,0,0,0,0
-2,-5,0,0,0,0,0,0,0
-3,-2,0,0,0,0,0,0,0
5,-3,0,0,0,0,0,0,0
5,1,0,0,0,0,0,0,0
-2,3,0,0,0,0,0,0,0
-5,1,0,0,0,0,0,0,0
-1,5,0,0,0,0,0,0,0
5,5,0,0,0,0,0,0,0
4,-4,0,0,0,0,0,0,0
-1,-8,0,0,0,0,0,0,0
-2,-2,0,0,0,0,0,0,0
-3,4,0,0,0,0,0,0,0
-3,6,0,0,0,0,0,0,0
-2,3,0,0,0,0,0,0,0
-1,-3,0,0,0,0,0,0,0
3,-6,0,0,0,0,0,0,0
2,-3,0,0,0,0,0,0,0
-6,0,0,0,0,0,0,0,0
-7,4,0,0,0,0,0,0,0
4,7,0,0,0,0,0,0,0
10,4,0,0,0,0,0,0,0
1,-3,0,0,0,0,0,0,0
-5,-7,0,0,0,0,0,0,0
5,-3,0,0,0,0,0,0,0
11,3,0,0,0,0,0,0,0
4,2,0,0,0,0,0,0,0
-2,0,0,0,0,0,0,0,0
1,-2,0,0,0,0,0,0,0
3,-5,0,0,0,0,0,0,0
1,-6,0,0,0,0,0,0,0
0,-2,0,0,0,0,0,0,0
0,0,0,0,0,0,0,0,0
0,2,0,0,0,0,0,0,0
0,1,0,0,0,0,0,0,0
0,0,0,0,0,0,0,0,0
-2,6,0,0,0,0,0,0,0
-2,10,0,0,0,0,0,0,0
-1,3,0,0,0,0,0,0,0
0,-2,0,0,0,0,0,0,0
-1,1,0,0,0,0,0,0,0
-3,3,0,0,0,0,0,0,0
-2,0,0,0,0,0,0,0,0
-2,-2,0,0,0,0,0,0,0
-4,-3,0,0,0,0,0,0,0
-3,-3,0,0,0,0,0,0,0
2,1,0,0,0,0,0,0,0
3,4,0,0,0,0,0,0,0
-2,2,0,0,0,0,0,0,0
-6,1,0,0,0,0,0,0,0
-6,3,0,0,0,0,0,0,0
-4,4,0,0,0,0,0,0,0
-1,-1,0,0,0,0,0,0,0
3,-4,0,0,0,0,0,0,0
4,0,0,0,0,0,0,0,0
-2,1,0,0,0,0,0,0,0
-5,-6,0,0,0,0,0,0,0
-2,-6,0,0,0,0,0,0,0
2,1,0,0,0,0,0,0,0
-4,3,0,0,0,0,0,0,0
-10,-1,0,0,0,0,0,0,0
-5,-4,0,0,0,0,0,0,0
3,-4,0,0,0,0,0,0,0
5,-3,0,0,0,0,0,0,0
2,-4,0,0,0,0,0,0,0
-4,1,0,0,0,0,0,0,0
-7,5,0,0,0,0,0,0,0
-3,1,0,0,0,0,0,0,0
4,-3,0,0,0,0,0,0,0
6,1,0,0,0,0,0,0,0
6,4,0,0,0,0,0,0,0
8,0,0,0,0,0,0,0,0
1,-3,0,0,0,0,0,0,0
-9,-2,0,0,0,0,0,0,0
-7,1,0,0,0,0,0,0,0
-2,0,0,0,0,0,0,0,0
-3,1,0,0,0,0,0,0,0
1,5,0,0,0,0,0,0,0
3,2,0,0,0,0,0,0,0
3,-5,0,0,0,0,0,0,0
6,-4,0,0,0,0,0,0,0
6,1,0,0,0,0,0,0,0
0,-1,0,0,0,0,0,0,0
-2,-1,0,0,0,0,0,0,0
4,6,0,0,0,0,0,0,0
13,10,0,0,0,0,0,0,0
10,5,0,0,0,0,0,0,0
1,-1,0,0,0,0,0,0,0
2,-3,0,0,0,0,0,0,0
5,-2,0,0,0,0,0,0,0
3,0,0,0,0,0,0,0,0
1,2,0,0,0,0,0,0,0
0,4,0,0,0,0,0,0,0
-3,3,0,0,0,0,0,0,0
-1,-2,0,0,0,0,0,0,0
3,0,0,0,0,0,0,0,0
-2,4,0,0,0,0,0,0,0
-6,1,0,0,0,0,0,0,0
-1,-5,0,0,0,0,0,0,0
2,-3,0,0,0,0,0,0,0
2,3,0,0,0,0,0,0,0
1,7,0,0,0,0,0,0,0
1,6,0,0,0,0,0,0,0
1,0,0,0,0,0,0,0,0
-3,-6,0,0,0,0,0,0,0
-1,-8,0,0,0,0,0,0,0
5,-5,0,0,0,0,0,0,0
2,1,0,0,0,0,0,0,0
-1,4,0,0,0,0,0,0,0
2,0,0,0,0,0,0,0,0
1,-2,0,0,0,0,0,0,0
0,3,0,0,0,0,0,0,0
1,3,0,0,0,0,0,0,0
1,-2,0,0,0,0,0,0,0
-1,1,0,0,0,0,0,0,0
1,3,0,0,0,0,0,0,0
1,-3,0,0,0,0,0,0,0
-1,2,0,0,0,0,0,0,0
0,10,0,0,0,0,0,0,0
1,0,0,0,0,0,0,0,0
-1,-8,0,0,0,0,0,0,0
-1,-2,0,0,0,0,0,0,0
0,1,0,0,0,0,0,0,0
1,-3,0,0,0,0,0,0,0
-1,1,0,0,0,0,0,0,0
-1,5,0,0,0,0,0,0,0
0,3,0,0,0,0,0,0,0
-1,6,0,0,0,0,0,0,0
-4,8,0,0,0,0,0,0,0
-6,2,0,0,0,0,0,0,0
-5,-6,0,0,0,0,0,0,0
-3,-5,0,0,0,0,0,0,0
-3,3,0,0,0,0,0,0,0
-5,6,0,0,0,0,0,0,0
-6,2,0,0,0,0,0,0,0
-1,-4,0,0,0,0,0,0,0
0,-1,0,0,0,0,0,0,0
-3,5,0,0,0,0,0,0,0
2,2,0,0,0,0,0,0,0
3,-7,0,0,0,0,0,0,0
-4,-8,0,0,0,0,0,0,0
-4,-4,0,0,0,0,0,0,0
-2,-4,0,0,0,0,0,0,0
-6,-4,0,0,0,0,0,0,0
-5,1,0,0,0,0,0,0,0
3,3,0,0,0,0,0,0,0
6,-3,0,0,0,0,0,0,0
2,-7,0,0,0,0,0,0,0
-1,-5,0,0,0,0,0,0,0
1,-3,0,0,0,0,0,0,0
6,-4,0,0,0,0,0,0,0
5,-4,0,0,0,0,0,0,0
1,-2,0,0,0,0,0,0,0
1,3,0,0,0,0,0,0,0
-1,6,0,0,0,0,0,0,0
0,3,0,0,0,0,0,0,0
4,-1,0,0,0,0,0,0,0
0,-1,0,0,0,0,0,0,0
-3,-3,0,0,0,0,0,0,0
3,-4,0,0,0,0,0,0,0
0,3,0,0,0,0,0,0,0
-2,8,0,0,0,0,0,0,0
5,3,0,0,0,0,0,0,0
5,0,0,0,0,0,0,0,0
-1,-3,0,0,0,0,0,0,0
-2,-8,0,0,0,0,0,0,0
1,-7,0,0,0,0,0,0,0
9,-4,0,0,0,0,0,0,0
7,-3,0,0,0,0,0,0,0
-6,1,0,0,0,0,0,0,0
-6,2,0,0,0,0,0,0,0
1,-1,0,0,0,0,0,0,0
-1,0,0,0,0,0,0,0,0
0,1,0,0,0,0,0,0,0
3,-1,0,0,0,0,0,0,0
-1,-4,0,0,0,0,0,0,0
-5,-4,0,0,0,0,0,0,0
-1,2,0,0,0,0,0,0,0
3,6,0,0,0,0,0,0,0
-2,5,0,0,0,0,0,0,0
-5,-2,0,0,0,0,0,0,0
-2,-4,0,0,0,0,0,0,0
1,4,0,0,0,0,0,0,0
0,7,0,0,0,0,0,0,0
-1,-3,0,0,0,0,0,0,0
1,-8,0,0,0,0,0,0,0
6,-2,0,0,0,0,0,0,0
5,6,0,0,0,0,0,0,0
1,6,0,0,0,0,0,0,0
-1,-1,0,0,0,0,0,0,0
-3,-2,0,0,0,0,0,0,0
-1,1,0,0,0,0,0,0,0
5,-3,0,0,0,0,0,0,0
6,0,0,0,0,0,0,0,0
2,3,0,0,0,0,0,0,0
2,-3,0,0,0,0,0,0,0
-1,-6,0,0,0,0,0,0,0
-7,-2,0,0,0,0,0,0,0
-9,0,0,0,0,0,0,0,0
-5,2,0,0,0,0,0,0,0
2,3,0,0,0,0,0,0,0
5,1,0,0,0,0,0,0,0
3,1,0,0,0,0,0,0,0
1,3,0,0,0,0,0,0,0
0,0,0,0,0,0,0,0,0
-2,-4,0,0,0,0,0,0,0
-3,-3,0,0,0,0,0,0,0
-2,0,0,0,0,0,0,0,0
-1,1,0,0,0,0,0,0,0
2,7,0,0,0,0,0,0,0
5,11,0,0,0,0,0,0,0
4,6,0,0,0,0,0,0,0
2,-1,0,0,0,0,0,0,0
3,-2,0,0,0,0,0,0,0
2,2,0,0,0,0,0,0,0
0,0,0,0,0,0,0,0,0
1,-7,0,0,0,0,0,0,0
1,-3,0,0,0,0,0,0,0
-2,2,0,0,0,0,0,0,0
-7,-2,0,0,0,0,0,0,0
-8,-5,0,0,0,0,0,0,0
-1,-3,0,0,0,0,0,0,0
4,-3,0,0,0,0,0,0,0
0,0,0,0,0,0,0,0,0
-4,8,0,0,0,0,0,0,0
-3,8,0,0,0,0,0,0,0
-2,-1,0,0,0,0,0,0,0
-1,1,0,0,0,0,0,0,0
3,8,0,0,0,0,0,0,0
4,0,0,0,0,0,0,0,0
1,-6,0,0,0,0,0,0,0
-1,2,0,0,0,0,0,0,0
-3,2,0,0,0,0,0,0,0
-1,-7,0,0,0,0,0,0,0
4,-7,0,0,0,0,0,0,0
2,-1,0,0,0,0,0,0,0
-5,-1,0,0,0,0,0,0,0
-2,1,0,0,0,0,0,0,0
4,6,0,0,0,0,0,0,0
3,2,0,0,0,0,0,0,0
0,-4,0,0,0,0,0,0,0
0,-3,0,0,0,0,0,0,0
0,2,0,0,0,0,0,0,0
-3,5,0,0,0,0,0,0,0
-5,1,0,0,0,0,0,0,0
-3,-3,0,0,0,0,0,0,0
-2,2,0,0,0,0,0,0,0
-5,2,0,0,0,0,0,0,0
-6,-4,0,0,0,0,0,0,0
-1,-1,0,0,0,0,0,0,0
4,3,0,0,0,0,0,0,0
3,-1,0,0,0,0,0,0,0
3,-3,0,0,0,0,0,0,0
7,-2,0,0,0,0,0,0,0
5,0,0,0,0,0,0,0,0
1,-1,0,0,0,0,0,0,0
0,-1,0,0,0,0,0,0,0
-5,2,0,0,0,0,0,0,0
-10,5,0,0,0,0,0,0,0
-7,1,0,0,0,0,0,0,0
-3,-6,0,0,0,0,0,0,0
1,-4,0,0,0,0,0,0,0
5,6,0,0,0,0,0,0,0
4,7,0,0,0,0,0,0,0
-3,4,0,0,0,0,0,0,0
-1,4,0,0,0,0,0,0,0
5,4,0,0,0,0,0,0,0
5,4,0,0,0,0,0,0,0
2,6,0,0,0,0,0,0,0
3,2,0,0,0,0,0,0,0
5,-5,0,0,0,0,0,0,0
7,-3,0,0,0,0,0,0,0
0,-1,0,0,0,0,0,0,0
-5,-1,0,0,0,0,0,0,0
-1,2,0,0,0,0,0,0,0
-1,4,0,0,0,0,0,0,0
-4,2,0,0,0,0,0,0,0
2,3,0,0,0,0,0,0,0
1,4,0,0,0,0,0,0,0
-2,-1,0,0,0,0,0,0,0
4,-2,0,0,0,0,0,0,0
2,2,0,0,0,0,0,0,0
-4,3,0,0,0,0,0,0,0
-4,1,0,0,0,0,0,0,0
0,4,0,0,0,0,0,0,0
3,2,0,0,0,0,0,0,0
2,-2,0,0,0,0,0,0,0
0,-1,0,0,0,0,0,0,0
0,-4,0,0,0,0,0,0,0
2,-4,0,0,0,0,0,0,0
2,2,0,0,0,0,0,0,0
2,7,0,0,0,0,0,0,0
1,2,0,0,0,0,0,0,0
0,-9,0,0,0,0,0,0,0
0,-10,0,0,0,0,0,0,0
0,1,0,0,0,0,0,0,0
-1,2,0,0,0,0,0,0,0
-7,-4,0,0,0,0,0,0,0
-10,1,0,0,0,0,0,0,0
-6,2,0,0,0,0,0,0,0
1,-5,0,0,0,0,0,0,0
1,0,0,0,0,0,0,0,0
-3,7,0,0,0,0,0,0,0
-2,-2,0,0,0,0,0,0,0
4,-8,0,0,0,0,0,0,0
5,-2,0,0,0,0,0,0,0
3,2,0,0,0,0,0,0,0
0,0,0,0,0,0,0,0,0
-4,-2,0,0,0,0,0,0,0
-1,-5,0,0,0,0,0,0,0
5,-1,0,0,0,0,0,0,0
3,2,0,0,0,0,0,0,0
-2,-4,0,0,0,0,0,0,0
-5,-6,0,0,0,0,0,0,0
-5,0,0,0,0,0,0,0,0
1,3,0,0,0,0,0,0,0
5,1,0,0,0,0,0,0,0
1,0,0,0,0,0,0,0,0
3,6,0,0,0,0,0,0,0
10,5,0,0,0,0,0,0,0
6,-4,0,0,0,0,0,0,0
-2,-6,0,0,0,0,0,0,0
-1,1,0,0,0,0,0,0,0
2,0,0,0,0,0,0,0,0
0,-7,0,0,0,0,0,0,0
0,-4,0,0,0,0,0,0,0
1,6,0,0,0,0,0,0,0
-1,7,0,0,0,0,0,0,0
-1,0,0,0,0,0,0,0,0
1,-3,0,0,0,0,0,0,0
-1,-3,0,0,0,0,0,0,0
-5,-7,0,0,0,0,0,0,0
-3,-8,0,0,0,0,0,0,0
2,-2,0,0,0,0,0,0,0
2,2,0,0,0,0,0,0,0
-1,0,0,0,0,0,0,0,0
-2,-5,0,0,0,0,0,0,0
-4,-5,0,0,0,0,0,0,0
-2,0,0,0,0,0,0,0,0
2,3,0,0,0,0,0,0,0
-4,2,0,0,0,0,0,0,0
-10,0,0,0,0,0,0,0,0
-3,-1,0,0,0,0,0,0,0
9,-1,0,0,0,0,0,0,0
9,2,0,0,0,0,0,0,0
1,1,0,0,0,0,0,0,0
0,-3,0,0,0,0,0,0,0
4,2,0,0,0,0,0,0,0
0,7,0,0,0,0,0,0,0
-5,-2,0,0,0,0,0,0,0
-3,-8,0,0,0,0,0,0,0
0,-3,0,0,0,0,0,0,0
-3,-1,0,0,0,0,0,0,0
-2,-1,0,0,0,0,0,0,0
5,4,0,0,0,0,0,0,0
4,4,0,0,0,0,0,0,0
0,2,0,0,0,0,0,0,0
1,7,0,0,0,0,0,0,0
1,6,0,0,0,0,0,0,0
-4,-2,0,0,0,0,0,0,0
-3,-4,0,0,0,0,0,0,0
3,-2,0,0,0,0,0,0,0
3,-2,0,0,0,0,0,0,0
0,-3,0,0,0,0,0,0,0
1,-2,0,0,0,0,0,0,0
1,-1,0,0,0,0,0,0,0
-1,-1,0,0,0,0,0,0,0
-4,5,0,0,0,0,0,0,0
-2,8,0,0,0,0,0,0,0
5,-1,0,0,0,0,0,0,0
9,-4,0,0,0,0,0,0,0
3,6,0,0,0,0,0,0,0
-7,7,0,0,0,0,0,0,0
-4,-5,0,0,0,0,0,0,0
4,-9,0,0,0,0,0,0,0
2,1,0,0,0,0,0,0,0
-1,7,0,0,0,0,0,0,0
1,2,0,0,0,0,0,0,0
1,-2,0,0,0,0,0,0,0
0,-3,0,0,0,0,0,0,0
-1,-3,0,0,0,0,0,0,0
-6,0,0,0,0,0,0,0,0
-10,4,0,0,0,0,0,0,0
-5,4,0,0,0,0,0,0,0
2,6,0,0,0,0,0,0,0
5,7,0,0,0,0,0,0,0
4,1,0,0,0,0,0,0,0
4,-1,0,0,0,0,0,0,0
2,6,0,0,0,0,0,0,0
1,1,0,0,0,0,0,0,0
2,-6,0,0,0,0,0,0,0
1,2,0,0,0,0,0,0,0
1,4,0,0,0,0,0,0,0
1,-5,0,0,0,0,0,0,0
1,0,0,0,0,0,0,0,0
0,5,0,0,0,0,0,0,0
3,-3,0,0,0,0,0,0,0
7,-4,0,0,0,0,0,0,0
3,3,0,0,0,0,0,0,0
-5,-1,0,0,0,0,0,0,0
-7,-6,0,0,0,0,0,0,0
-2,-2,0,0,0,0,0,0,0
1,3,0,0,0,0,0,0,0
0,1,0,0,0,0,0,0,0
-3,-3,0,0,0,0,0,0,0
-5,-2,0,0,0,0,0,0,0
-2,3,0,0,0,0,0,0,0
1,0,0,0,0,0,0,0,0
-3,-5,0,0,0,0,0,0,0
-6,1,0,0,0,0,0,0,0
-4,3,0,0,0,0,0,0,0
-5,-3,0,0,0,0,0,0,0
-2,-4,0,0,0,0,0,0,0
4,-1,0,0,0,0,0,0,0
4,-2,0,0,0,0,0,0,0
1,-2,0,0,0,0,0,0,0
2,-1,0,0,0,0,0,0,0
2,2,0,0,0,0,0,0,0
1,4,0,0,0,0,0,0,0
2,2,0,0,0,0,0,0,0
3,1,0,0,0,0,0,0,0
2,-1,0,0,0,0,0,0,0
2,-3,0,0,0,0,0,0,0
4,-1,0,0,0,0,0,0,0
3,1,0,0,0,0,0,0,0
1,5,0,0,0,0,0,0,0
0,9,0,0,0,0,0,0,0
1,5,0,0,0,0,0,0,0
0,-1,0,0,0,0,0,0,0
0,2,0,0,0,0,0,0,0
-1,7,0,0,0,0,0,0,0
-1,3,0,0,0,0,0,0,0
0,-2,0,0,0,0,0,0,0
2,0,0,0,0,0,0,0,0
2,1,0,0,0,0,0,0,0
3,-6,0,0,0,0,0,0,0
5,-6,0,0,0,0,0,0,0
3,4,0,0,0,0,0,0,0
-4,5,0,0,0,0,0,0,0
-3,-5,0,0,0,0,0,0,0
0,-7,0,0,0,0,0,0,0
-2,3,0,0,0,0,0,0,0
-2,8,0,0,0,0,0,0,0
1,-2,0,0,0,0,0,0,0
1,-7,0,0,0,0,0,0,0
-1,2,0,0,0,0,0,0,0
-3,6,0,0,0,0,0,0,0
-6,-3,0,0,0,0,0,0,0
-4,-10,0,0,0,0,0,0,0
-1,-4,0,0,0,0,0,0,0
-4,4,0,0,0,0,0,0,0
-4,6,0,0,0,0,0,0,0
3,3,0,0,0,0,0,0,0
3,1,0,0,0,0,0,0,0
0,-3,0,0,0,0,0,0,0
-1,-8,0,0,0,0,0,0,0
-6,-5,0,0,0,0,0,0,0
-8,1,0,0,0,0,0,0,0
0,-1,0,0,0,0,0,0,0
2,-6,0,0,0,0,0,0,0
-6,1,0,0,0,0,0,0,0
-7,4,0,0,0,0,0,0,0
3,-1,0,0,0,0,0,0,0
8,-2,0,0,0,0,0,0,0
4,-2,0,0,0,0,0,0,0
5,-4,0,0,0,0,0,0,0
6,-3,0,0,0,0,0,0,0
1,0,0,0,0,0,0,0,0
-6,-1,0,0,0,0,0,0,0
-7,-3,0,0,0,0,0,0,0
0,-1,0,0,0,0,0,0,0
5,5,0,0,0,0,0,0,0
3,9,0,0,0,0,0,0,0
2,5,0,0,0,0,0,0,0
2,-2,0,0,0,0,0,0,0
0,0,0,0,0,0,0,0,0
-3,2,0,0,0,0,0,0,0
-2,-4,0,0,0,0,0,0,0
3,-5,0,0,0,0,0,0,0
6,2,0,0,0,0,0,0,0
3,4,0,0,0,0,0,0,0
0,-1,0,0,0,0,0,0,0
-5,-5,0,0,0,0,0,0,0
-9,-4,0,0,0,0,0,0,0
-5,-3,0,0,0,0,0,0,0
3,-3,0,0,0,0,0,0,0
5,-2,0,0,0,0,0,0,0
2,-1,0,0,0,0,0,0,0
1,-1,0,0,0,0,0,0,0
2,1,0,0,0,0,0,0,0
1,6,0,0,0,0,0,0,0
-4,9,0,0,0,0,0,0,0
-6,1,0,0,0,0,0,0,0
1,-5,0,0,0,0,0,0,0
6,0,0,0,0,0,0,0,0
1,6,0,0,0,0,0,0,0
-3,6,0,0,0,0,0,0,0
-1,-1,0,0,0,0,0,0,0
-3,-5,0,0,0,0,0,0,0
-5,1,0,0,0,0,0,0,0
2,5,0,0,0,0,0,0,0
7,1,0,0,0,0,0,0,0
1,-4,0,0,0,0,0,0,0
-3,-3,0,0,0,0,0,0,0
1,-1,0,0,0,0,0,0,0
7,-1,0,0,0,0,0,0,0
6,1,0,0,0,0,0,0,0
2,6,0,0,0,0,0,0,0
-3,8,0,0,0,0,0,0,0
-5,5,0,0,0,0,0,0,0
2,-2,0,0,0,0,0,0,0
8,-3,0,0,0,0,0,0,0
4,4,0,0,0,0,0,0,0
2,8,0,0,0,0,0,0,0
5,3,0,0,0,0,0,0,0
5,-2,0,0,0,0,0,0,0
2,-3,0,0,0,0,0,0,0
3,-2,0,0,0,0,0,0,0
4,-4,0,0,0,0,0,0,0
7,-5,0,0,0,0,0,0,0
6,-3,0,0,0,0,0,0,0
1,-2,0,0,0,0,0,0,0
1,-4,0,0,0,0,0,0,0
1,-3,0,0,0,0,0,0,0
-3,0,0,0,0,0,0,0,0
-5,4,0,0,0,0,0,0,0
-5,5,0,0,0,0,0,0,0
-2,3,0,0,0,0,0,0,0
7,0,0,0,0,0,0,0,0
5,-3,0,0,0,0,0,0,0
-4,-4,0,0,0,0,0,0,0
-2,-2,0,0,0,0,0,0,0
1,-2,0,0,0,0,0,0,0
-3,-3,0,0,0,0,0,0,0
-3,-1,0,0,0,0,0,0,0
1,0,0,0,0,0,0,0,0
1,1,0,0,0,0,0,0,0
-1,6,0,0,0,0,0,0,0
-2,10,0,0,0,0,0,0,0
-2,6,0,0,0,0,0,0,0
-4,1,0,0,0,0,0,0,0
-9,2,0,0,0,0,0,0,0
-13,5,0,0,0,0,0,0,0
-8,-2,0,0,0,0,0,0,0
0,-7,0,0,0,0,0,0,0
2,3,0,0,0,0,0,0,0
1,10,0,0,0,0,0,0,0
-1,3,0,0,0,0,0,0,0
-6,-5,0,0,0,0,0,0,0
-10,-6,0,0,0,0,0,0,0
-8,-4,0,0,0,0,0,0,0
-4,-3,0,0,0,0,0,0,0
0,-4,0,0,0,0,0,0,0
4,-2,0,0,0,0,0,0,0
2,2,0,0,0,0,0,0,0
-4,2,0,0,0,0,0,0,0
-2,2,0,0,0,0,0,0,0
4,5,0,0,0,0,0,0,0
1,1,0,0,0,0,0,0,0
-5,-7,0,0,0,0,0,0,0
-1,-4,0,0,0,0,0,0,0
6,3,0,0,0,0,0,0,0
5,0,0,0,0,0,0,0,0
1,-5,0,0,0,0,0,0,0
1,-2,0,0,0,0,0,0,0
-1,3,0,0,0,0,0,0,0
-1,0,0,0,0,0,0,0,0
5,-5,0,0,0,0,0,0,0
5,-3,0,0,0,0,0,0,0
1,4,0,0,0,0,0,0,0
1,1,0,0,0,0,0,0,0
2,-6,0,0,0,0,0,0,0
3,-4,0,0,0,0,0,0,0
3,-1,0,0,0,0,0,0,0
3,0,0,0,0,0,0,0,0
2,6,0,0,0,0,0,0,0
1,7,0,0,0,0,0,0,0
1,-2,0,0,0,0,0,0,0
0,-7,0,0,0,0,0,0,0
-4,-2,0,0,0,0,0,0,0
-3,3,0,0,0,0,0,0,0
3,1,0,0,0,0,0,0,0
1,-6,0,0,0,0,0,0,0
-4,-5,0,0,0,0,0,0,0
-3,1,0,0,0,0,0,0,0
-1,4,0,0,0,0,0,0,0
2,1,0,0,0,0,0,0,0
0,-5,0,0,0,0,0,0,0
-7,-3,0,0,0,0,0,0,0
-7,3,0,0,0,0,0,0,0
-1,3,0,0,0,0,0,0,0
-1,0,0,0,0,0,0,0,0
-5,1,0,0,0,0,0,0,0
3,1,0,0,0,0,0,0,0
9,4,0,0,0,0,0,0,0
1,8,0,0,0,0,0,0,0
-4,1,0,0,0,0,0,0,0
1,-7,0,0,0,0,0,0,0
6,-1,0,0,0,0,0,0,0
4,4,0,0,0,0,0,0,0
1,2,0,0,0,0,0,0,0
3,0,0,0,0,0,0,0,0
2,0,0,0,0,0,0,0,0
-5,2,0,0,0,0,0,0,0
-8,5,0,0,0,0,0,0,0
0,2,0,0,0,0,0,0,0
5,-2,0,0,0,0,0,0,0
1,1,0,0,0,0,0,0,0
-4,0,0,0,0,0,0,0,0
-3,-1,0,0,0,0,0,0,0
-3,0,0,0,0,0,0,0,0
-4,0,0,0,0,0,0,0,0
1,1,0,0,0,0,0,0,0
3,3,0,0,0,0,0,0,0
1,-3,0,0,0,0,0,0,0
2,-6,0,0,0,0,0,0,0
0,1,0,0,0,0,0,0,0
-3,2,0,0,0,0,0,0,0
0,-5,0,0,0,0,0,0,0
3,-1,0,0,0,0,0,0,0
4,2,0,0,0,0,0,0,0
4,-4,0,0,0,0,0,0,0
3,-6,0,0,0,0,0,0,0
3,-2,0,0,0,0,0,0,0
3,-1,0,0,0,0,0,0,0
4,1,0,0,0,0,0,0,0
4,-1,0,0,0,0,0,0,0
1,-4,0,0,0,0,0,0,0
-1,0,0,0,0,0,0,0,0
-2,2,0,0,0,0,0,0,0
-1,-5,0,0,0,0,0,0,0
4,-4,0,0,0,0,0,0,0
4,4,0,0,0,0,0,0,0
0,5,0,0,0,0,0,0,0
-3,-1,0,0,0,0,0,0,0
-4,0,0,0,0,0,0,0,0
-3,5,0,0,0,0,0,0,0
0,-1,0,0,0,0,0,0,0
4,-8,0,0,0,0,0,0,0
4,-4,0,0,0,0,0,0,0
1,-1,0,0,0,0,0,0,0
0,-3,0,0,0,0,0,0,0
1,-2,0,0,0,0,0,0,0
-1,5,0,0,0,0,0,0,0
-5,7,0,0,0,0,0,0,0
-4,0,0,0,0,0,0,0,0
1,-6,0,0,0,0,0,0,0
-1,-2,0,0,0,0,0,0,0
-4,-1,0,0,0,0,0,0,0
2,-3,0,0,0,0,0,0,0
-1,-4,0,0,0,0,0,0,0
-3,-3,0,0,0,0,0,0,0
3,1,0,0,0,0,0,0,0
4,6,0,0,0,0,0,0,0
1,6,0,0,0,0,0,0,0
3,-2,0,0,0,0,0,0,0
3,-7,0,0,0,0,0,0,0
-2,1,0,0,0,0,0,0,0
-5,7,0,0,0,0,0,0,0
-1,3,0,0,0,0,0,0,0
5,4,0,0,0,0,0,0,0
3,5,0,0,0,0,0,0,0
0,1,0,0,0,0,0,0,0
0,-2,0,0,0,0,0,0,0
-4,-3,0,0,0,0,0,0,0
-6,-3,0,0,0,0,0,0,0
-3,-2,0,0,0,0,0,0,0
-2,-3,0,0,0,0,0,0,0
-4,-2,0,0,0,0,0,0,0
-1,5,0,0,0,0,0,0,0
3,4,0,0,0,0,0,0,0
4,-3,0,0,0,0,0,0,0
-1,0,0,0,0,0,0,0,0
-5,6,0,0,0,0,0,0,0
-3,3,0,0,0,0,0,0,0
4,1,0,0,0,0,0,0,0
4,3,0,0,0,0,0,0,0
1,4,0,0,0,0,0,0,0
1,6,0,0,0,0,0,0,0
1,6,0,0,0,0,0,0,0
-1,0,0,0,0,0,0,0,0
-4,1,0,0,0,0,0,0,0
-3,5,0,0,0,0,0,0,0
1,0,0,0,0,0,0,0,0
2,-1,0,0,0,0,0,0,0
0,5,0,0,0,0,0,0,0
1,4,0,0,0,0,0,0,0
2,-4,0,0,0,0,0,0,0
2,-7,0,0,0,0,0,0,0
1,-5,0,0,0,0,0,0,0
-2,-3,0,0,0,0,0,0,0
-5,-1,0,0,0,0,0,0,0
-3,3,0,0,0,0,0,0,0
3,8,0,0,0,0,0,0,0
0,3,0,0,0,0,0,0,0
-6,-4,0,0,0,0,0,0,0
-5,-6,0,0,0,0,0,0,0
-2,-5,0,0,0,0,0,0,0
0,-4,0,0,0,0,0,0,0
3,-4,0,0,0,0,0,0,0
3,-3,0,0,0,0,0,0,0
1,0,0,0,0,0,0,0,0
0,4,0,0,0,0,0,0,0
-2,4,0,0,0,0,0,0,0
-3,2,0,0,0,0,0,0,0
-2,1,0,0,0,0,0,0,0
0,3,0,0,0,0,0,0,0
1,6,0,0,0,0,0,0,0
-4,7,0,0,0,0,0,0,0
-7,3,0,0,0,0,0,0,0
1,-2,0,0,0,0,0,0,0
5,-5,0,0,0,0,0,0,0
-2,1,0,0,0,0,0,0,0
-2,6,0,0,0,0,0,0,0
2,4,0,0,0,0,0,0,0
0,0,0,0,0,0,0,0,0
-2,-5,0,0,0,0,0,0,0
-4,-9,0,0,0,0,0,0,0
-3,-5,0,0,0,0,0,0,0
4,4,0,0,0,0,0,0,0
11,14,0,0,0,0,0,0,0
11,13,0,0,0,0,0,0,0
6,-4,0,0,0,0,0,0,0
1,-12,0,0,0,0,0,0,0
-1,-6,0,0,0,0,0,0,0
-33,-59,0,0,0,0,0,0,0
-165,-260,0,0,0,0,0,0,0
-353,-446,0,0,0,0,0,0,0
-381,-163,0,0,0,0,0,0,0
-240,396,0,0,0,0,0,0,0
-214,258,0,0,0,0,0,0,0
-246,-397,0,0,0,0,0,0,0
-33,-362,0,0,0,0,0,0,0
231,150,0,0,0,0,0,0,0
231,208,0,0,0,0,0,0,0
145,49,0,0,0,0,0,0,0
158,91,0,0,0,0,0,0,0
166,120,0,0,0,0,0,0,0
137,65,0,0,0,0,0,0,0
130,66,0,0,0,0,0,0,0
129,83,0,0,0,0,0,0,0
115,67,0,0,0,0,0,0,0
104,60,0,0,0,0,0,0,0
102,58,0,0,0,0,0,0,0
98,49,0,0,0,0,0,0,0
88,43,0,0,0,0,0,0,0
80,38,0,0,0,0,0,0,0
75,39,0,0,0,0,0,0,0
67,44,0,0,0,0,0,0,0
58,34,0,0,0,0,0,0,0
56,25,0,0,0,0,0,0,0
55,29,0,0,0,0,0,0,0
46,25,0,0,0,0,0,0,0
37,7,0,0,0,0,0,0,0
31,-7,0,0,0,0,0,0,0
26,1,0,0,0,0,0,0,0
25,25,0,0,0,0,0,0,0
23,29,0,0,0,0,0,0,0
17,10,0,0,0,0,0,0,0
16,5,0,0,0,0,0,0,0
15,14,0,0,0,0,0,0,0
9,10,0,0,0,0,0,0,0
6,-1,0,0,0,0,0,0,0
5,2,0,0,0,0,0,0,0
0,7,0,0,0,0,0,0,0
-6,2,0,0,0,0,0,0,0
-9,-5,0,0,0,0,0,0,0
-9,-4,0,0,0,0,0,0,0
-9,0,0,0,0,0,0,0,0
-11,1,0,0,0,0,0,0,0
-16,0,0,0,0,0,0,0,0
-18,-8,0,0,0,0,0,0,0
-14,-15,0,0,0,0,0,0,0
-14,-12,0,0,0,0,0,0,0
-20,-10,0,0,0,0,0,0,0
-26,-12,0,0,0,0,0,0,0
-29,-9,0,0,0,0,0,0,0
-22,-9,0,0,0,0,0,0,0
-18,-16,0,0,0,0,0,0,0
-25,-15,0,0,0,0,0,0,0
-30,-8,0,0,0,0,0,0,0
-27,-12,0,0,0,0,0,0,0
-23,-18,0,0,0,0,0,0,0
-23,-15,0,0,0,0,0,0,0
-23,-9,0,0,0,0,0,0,0
-20,-8,0,0,0,0,0,0,0
-23,-10,0,0,0,0,0,0,0
-31,-13,0,0,0,0,0,0,0
-31,-18,0,0,0,0,0,0,0
-30,-21,0,0,0,0,0,0,0
-33,-19,0,0,0,0,0,0,0
-30,-18,0,0,0,0,0,0,0
-24,-17,0,0,0,0,0,0,0
-27,-13,0,0,0,0,0,0,0
-31,-14,0,0,0,0,0,0,0
-30,-14,0,0,0,0,0,0,0
-31,-9,0,0,0,0,0,0,0
-28,-13,0,0,0,0,0,0,0
-22,-18,0,0,0,0,0,0,0
-25,-13,0,0,0,0,0,0,0
-28,-10,0,0,0,0,0,0,0
-28,-12,0,0,0,0,0,0,0
-26,-9,0,0,0,0,0,0,0
-21,-7,0,0,0,0,0,0,0
-21,-11,0,0,0,0,0,0,0
-28,-11,0,0,0,0,0,0,0
-28,-10,0,0,0,0,0,0,0
-19,-16,0,0,0,0,0,0,0
-14,-17,0,0,0,0,0,0,0
-16,-11,0,0,0,0,0,0,0
-17,-11,0,0,0,0,0,0,0
-17,-18,0,0,0,0,0,0,0
-21,-17,0,0,0,0,0,0,0
-19,-13,0,0,0,0,0,0,0
-15,-13,0,0,0,0,0,0,0
-13,-10,0,0,0,0,0,0,0
-9,-5,0,0,0,0,0,0,0
-8,-7,0,0,0,0,0,0,0
-11,-9,0,0,0,0,0,0,0
-8,-6,0,0,0,0,0,0,0
-5,-4,0,0,0,0,0,0,0
-7,-2,0,0,0,0,0,0,0
-7,-3,0,0,0,0,0,0,0
-11,-6,0,0,0,0,0,0,0
-15,-6,0,0,0,0,0,0,0
-8,-8,0,0,0,0,0,0,0
-4,-9,0,0,0,0,0,0,0
-6,-6,0,0,0,0,0,0,0
-2,-7,0,0,0,0,0,0,0
2,-6,0,0,0,0,0,0,0
-4,-3,0,0,0,0,0,0,0
-1,-2,0,0,0,0,0,0,0
10,-1,0,0,0,0,0,0,0
8,5,0,0,0,0,0,0,0
-2,9,0,0,0,0,0,0,0
1,7,0,0,0,0,0,0,0
5,5,0,0,0,0,0,0,0
0,5,0,0,0,0,0,0,0
-4,2,0,0,0,0,0,0,0
1,2,0,0,0,0,0,0,0
6,7,0,0,0,0,0,0,0
3,6,0,0,0,0,0,0,0
-1,-2,0,0,0,0,0,0,0
4,-1,0,0,0,0,0,0,0
10,6,0,0,0,0,0,0,0
10,7,0,0,0,0,0,0,0
6,-1,0,0,0,0,0,0,0
3,-5,0,0,0,0,0,0,0
4,1,0,0,0,0,0,0,0
6,6,0,0,0,0,0,0,0
7,2,0,0,0,0,0,0,0
11,-2,0,0,0,0,0,0,0
12,0,0,0,0,0,0,0,0
9,3,0,0,0,0,0,0,0
10,2,0,0,0,0,0,0,0
11,2,0,0,0,0,0,0,0
9,5,0,0,0,0,0,0,0
3,9,0,0,0,0,0,0,0
2,9,0,0,0,0,0,0,0
8,7,0,0,0,0,0,0,0
9,6,0,0,0,0,0,0,0
8,2,0,0,0,0,0,0,0
12,4,0,0,0,0,0,0,0
13,13,0,0,0,0,0,0,0
10,14,0,0,0,0,0,0,0
12,4,0,0,0,0,0,0,0
14,2,0,0,0,0,0,0,0
12,9,0,0,0,0,0,0,0
10,9,0,0,0,0,0,0,0
10,5,0,0,0,0,0,0,0
9,6,0,0,0,0,0,0,0
4,8,0,0,0,0,0,0,0
1,5,0,0,0,0,0,0,0
4,3,0,0,0,0,0,0,0
5,8,0,0,0,0,0,0,0
6,9,0,0,0,0,0,0,0
12,3,0,0,0,0,0,0,0
16,2,0,0,0,0,0,0,0
11,8,0,0,0,0,0,0,0
7,10,0,0,0,0,0,0,0
12,8,0,0,0,0,0,0,0
16,6,0,0,0,0,0,0,0
12,7,0,0,0,0,0,0,0
9,9,0,0,0,0,0,0,0
11,10,0,0,0,0,0,0,0
13,9,0,0,0,0,0,0,0
11,4,0,0,0,0,0,0,0
7,2,0,0,0,0,0,0,0
3,2,0,0,0,0,0,0,0
5,0,0,0,0,0,0,0,0
7,5,0,0,0,0,0,0,0
8,10,0,0,0,0,0,0,0
10,1,0,0,0,0,0,0,0
7,-5,0,0,0,0,0,0,0
3,1,0,0,0,0,0,0,0
4,3,0,0,0,0,0,0,0
5,0,0,0,0,0,0,0,0
3,3,0,0,0,0,0,0,0
2,2,0,0,0,0,0,0,0
5,-3,0,0,0,0,0,0,0
10,-1,0,0,0,0,0,0,0
13,6,0,0,0,0,0,0,0
6,6,0,0,0,0,0,0,0
0,5,0,0,0,0,0,0,0
5,6,0,0,0,0,0,0,0
1,4,0,0,0,0,0,0,0
-5,1,0,0,0,0,0,0,0
2,1,0,0,0,0,0,0,0
5,0,0,0,0,0,0,0,0
1,1,0,0,0,0,0,0,0
4,1,0,0,0,0,0,0,0
4,-3,0,0,0,0,0,0,0
6,1,0,0,0,0,0,0,0
10,3,0,0,0,0,0,0,0
3,-3,0,0,0,0,0,0,0
-1,-4,0,0,0,0,0,0,0
3,0,0,0,0,0,0,0,0
3,3,0,0,0,0,0,0,0
2,5,0,0,0,0,0,0,0
1,0,0,0,0,0,0,0,0
-1,-4,0,0,0,0,0,0,0
-1,3,0,0,0,0,0,0,0
-2,8,0,0,0,0,0,0,0
-6,4,0,0,0,0,0,0,0
-4,1,0,0,0,0,0,0,0
0,-1,0,0,0,0,0,0,0
-6,0,0,0,0,0,0,0,0
-10,3,0,0,0,0,0,0,0
-1,-2,0,0,0,0,0,0,0
4,-8,0,0,0,0,0,0,0
0,-8,0,0,0,0,0,0,0
-1,-5,0,0,0,0,0,0,0
0,-5,0,0,0,0,0,0,0
-2,-2,0,0,0,0,0,0,0
-4,1,0,0,0,0,0,0,0
-6,-3,0,0,0,0,0,0,0
-5,-6,0,0,0,0,0,0,0
0,1,0,0,0,0,0,0,0
0,8,0,0,0,0,0,0,0
-5,2,0,0,0,0,0,0,0
-7,-5,0,0,0,0,0,0,0
-6,-5,0,0,0,0,0,0,0
-5,0,0,0,0,0,0,0,0
-4,2,0,0,0,0,0,0,0
2,-1,0,0,0,0,0,0,0
5,-5,0,0,0,0,0,0,0
-4,-6,0,0,0,0,0,0,0
-14,-5,0,0,0,0,0,0,0
-9,-4,0,0,0,0,0,0,0
0,-2,0,0,0,0,0,0,0
0,1,0,0,0,0,0,0,0
-1,-1,0,0,0,0,0,0,0
-1,-5,0,0,0,0,0,0,0
-3,-1,0,0,0,0,0,0,0
-6,3,0,0,0,0,0,0,0
-4,-1,0,0,0,0,0,0,0
2,-3,0,0,0,0,0,0,0
0,-3,0,0,0,0,0,0,0
-4,-3,0,0,0,0,0,0,0
-3,1,0,0,0,0,0,0,0
-1,2,0,0,0,0,0,0,0
-2,-2,0,0,0,0,0,0,0
-1,-4,0,0,0,0,0,0,0
-1,1,0,0,0,0,0,0,0
-2,1,0,0,0,0,0,0,0
-2,-4,0,0,0,0,0,0,0
-1,0,0,0,0,0,0,0,0
-3,3,0,0,0,0,0,0,0
-5,-5,0,0,0,0,0,0,0
-7,-7,0,0,0,0,0,0,0
-5,-3,0,0,0,0,0,0,0
-1,-1,0,0,0,0,0,0,0
-2,-1,0,0,0,0,0,0,0
-5,0,0,0,0,0,0,0,0
-6,2,0,0,0,0,0,0,0
-7,1,0,0,0,0,0,0,0
-7,-5,0,0,0,0,0,0,0
-6,-6,0,0,0,0,0,0,0
3,-2,0,0,0,0,0,0,0
7,-2,0,0,0,0,0,0,0
-2,-3,0,0,0,0,0,0,0
-6,-3,0,0,0,0,0,0,0
-4,-2,0,0,0,0,0,0,0
-4,-1,0,0,0,0,0,0,0
1,2,0,0,0,0,0,0,0
0,5,0,0,0,0,0,0,0
-6,7,0,0,0,0,0,0,0
-3,4,0,0,0,0,0,0,0
3,4,0,0,0,0,0,0,0
-1,7,0,0,0,0,0,0,0
-8,1,0,0,0,0,0,0,0
-3,-1,0,0,0,0,0,0,0
1,8,0,0,0,0,0,0,0
-4,8,0,0,0,0,0,0,0
-6,0,0,0,0,0,0,0,0
-3,-2,0,0,0,0,0,0,0
-4,0,0,0,0,0,0,0,0
-6,-1,0,0,0,0,0,0,0
-7,-6,0,0,0,0,0,0,0
-4,-5,0,0,0,0,0,0,0
1,1,0,0,0,0,0,0,0
1,1,0,0,0,0,0,0,0
2,-3,0,0,0,0,0,0,0
6,-2,0,0,0,0,0,0,0
7,1,0,0,0,0,0,0,0
2,-1,0,0,0,0,0,0,0
-2,-3,0,0,0,0,0,0,0
-1,-2,0,0,0,0,0,0,0
-1,-1,0,0,0,0,0,0,0
-5,-2,0,0,0,0,0,0,0
0,-6,0,0,0,0,0,0,0
7,-8,0,0,0,0,0,0,0
4,-2,0,0,0,0,0,0,0
-3,4,0,0,0,0,0,0,0
-1,6,0,0,0,0,0,0,0
4,3,0,0,0,0,0,0,0
3,-2,0,0,0,0,0,0,0
0,-2,0,0,0,0,0,0,0
6,-2,0,0,0,0,0,0,0
9,-5,0,0,0,0,0,0,0
2,-3,0,0,0,0,0,0,0
-2,1,0,0,0,0,0,0,0
0,-4,0,0,0,0,0,0,0
1,-4,0,0,0,0,0,0,0
6,4,0,0,0,0,0,0,0
9,3,0,0,0,0,0,0,0
-1,-2,0,0,0,0,0,0,0
-9,0,0,0,0,0,0,0,0
0,2,0,0,0,0,0,0,0
8,2,0,0,0,0,0,0,0
3,-1,0,0,0,0,0,0,0
0,-3,0,0,0,0,0,0,0
4,0,0,0,0,0,0,0,0
4,0,0,0,0,0,0,0,0
1,-3,0,0,0,0,0,0,0
1,1,0,0,0,0,0,0,0
2,3,0,0,0,0,0,0,0
2,1,0,0,0,0,0,0,0
0,1,0,0,0,0,0,0,0
-1,2,0,0,0,0,0,0,0
0,0,0,0,0,0,0,0,0
-1,3,0,0,0,0,0,0,0
0,6,0,0,0,0,0,0,0
2,-1,0,0,0,0,0,0,0
1,-8,0,0,0,0,0,0,0
-2,-4,0,0,0,0,0,0,0
-6,-2,0,0,0,0,0,0,0
-4,-5,0,0,0,0,0,0,0
1,-3,0,0,0,0,0,0,0
-2,1,0,0,0,0,0,0,0
-4,3,0,0,0,0,0,0,0
1,0,0,0,0,0,0,0,0
2,-5,0,0,0,0,0,0,0
-1,-2,0,0,0,0,0,0,0
-2,6,0,0,0,0,0,0,0
-3,6,0,0,0,0,0,0,0
-4,-1,0,0,0,0,0,0,0
-5,-3,0,0,0,0,0,0,0
-1,5,0,0,0,0,0,0,0
5,6,0,0,0,0,0,0,0
5,-1,0,0,0,0,0,0,0
1,-1,0,0,0,0,0,0,0
-3,4,0,0,0,0,0,0,0
-1,3,0,0,0,0,0,0,0
4,-2,0,0,0,0,0,0,0
1,-2,0,0,0,0,0,0,0
-4,4,0,0,0,0,0,0,0
-1,6,0,0,0,0,0,0,0
2,-1,0,0,0,0,0,0,0
4,-3,0,0,0,0,0,0,0
10,3,0,0,0,0,0,0,0
8,2,0,0,0,0,0,0,0
-2,0,0,0,0,0,0,0,0
-6,5,0,0,0,0,0,0,0
0,7,0,0,0,0,0,0,0
3,4,0,0,0,0,0,0,0
2,2,0,0,0,0,0,0,0
-1,-3,0,0,0,0,0,0,0
-3,-6,0,0,0,0,0,0,0
0,-3,0,0,0,0,0,0,0
4,1,0,0,0,0,0,0,0
4,-2,0,0,0,0,0,0,0
3,-5,0,0,0,0,0,0,0
4,-2,0,0,0,0,0,0,0
4,3,0,0,0,0,0,0,0
1,-2,0,0,0,0,0,0,0
1,-5,0,0,0,0,0,0,0
2,2,0,0,0,0,0,0,0
1,3,0,0,0,0,0,0,0
-4,0,0,0,0,0,0,0,0
-3,4,0,0,0,0,0,0,0
2,1,0,0,0,0,0,0,0
-5,-6,0,0,0,0,0,0,0
-10,2,0,0,0,0,0,0,0
0,8,0,0,0,0,0,0,0
6,-2,0,0,0,0,0,0,0
1,-9,0,0,0,0,0,0,0
0,-2,0,0,0,0,0,0,0
2,2,0,0,0,0,0,0,0
2,-3,0,0,0,0,0,0,0
2,-5,0,0,0,0,0,0,0
2,1,0,0,0,0,0,0,0
0,2,0,0,0,0,0,0,0
-1,-4,0,0,0,0,0,0,0
3,1,0,0,0,0,0,0,0
6,3,0,0,0,0,0,0,0
1,-6,0,0,0,0,0,0,0
-1,-5,0,0,0,0,0,0,0
-1,7,0,0,0,0,0,0,0
-6,9,0,0,0,0,0,0,0
-6,4,0,0,0,0,0,0,0
-2,-1,0,0,0,0,0,0,0
-1,-4,0,0,0,0,0,0,0
-1,-4,0,0,0,0,0,0,0
0,-2,0,0,0,0,0,0,0
-3,0,0,0,0,0,0,0,0
-5,6,0,0,0,0,0,0,0
-1,7,0,0,0,0,0,0,0
3,-2,0,0,0,0,0,0,0
0,-6,0,0,0,0,0,0,0
-4,1,0,0,0,0,0,0,0
0,3,0,0,0,0,0,0,0
4,-1,0,0,0,0,0,0,0
0,-1,0,0,0,0,0,0,0
-2,1,0,0,0,0,0,0,0
2,1,0,0,0,0,0,0,0
-2,3,0,0,0,0,0,0,0
-3,4,0,0,0,0,0,0,0
3,0,0,0,0,0,0,0,0
4,-4,0,0,0,0,0,0,0
1,1,0,0,0,0,0,0,0
3,3,0,0,0,0,0,0,0
3,-4,0,0,0,0,0,0,0
-1,-4,0,0,0,0,0,0,0
-4,3,0,0,0,0,0,0,0
-3,2,0,0,0,0,0,0,0
2,-2,0,0,0,0,0,0,0
2,4,0,0,0,0,0,0,0
-2,7,0,0,0,0,0,0,0
-4,-3,0,0,0,0,0,0,0
-2,-9,0,0,0,0,0,0,0
1,-4,0,0,0,0,0,0,0
-2,-2,0,0,0,0,0,0,0
-4,-4,0,0,0,0,0,0,0
1,0,0,0,0,0,0,0,0
0,4,0,0,0,0,0,0,0
-5,0,0,0,0,0,0,0,0
-3,-5,0,0,0,0,0,0,0
-4,-3,0,0,0,0,0,0,0
-2,2,0,0,0,0,0,0,0
6,5,0,0,0,0,0,0,0
8,1,0,0,0,0,0,0,0
8,-5,0,0,0,0,0,0,0
6,-4,0,0,0,0,0,0,0
0,1,0,0,0,0,0,0,0
-2,6,0,0,0,0,0,0,0
-2,7,0,0,0,0,0,0,0
-2,1,0,0,0,0,0,0,0
-1,0,0,0,0,0,0,0,0
0,6,0,0,0,0,0,0,0
0,2,0,0,0,0,0,0,0
-4,0,0,0,0,0,0,0,0
-8,7,0,0,0,0,0,0,0
-1,6,0,0,0,0,0,0,0
2,-3,0,0,0,0,0,0,0
0,-5,0,0,0,0,0,0,0
4,-4,0,0,0,0,0,0,0
6,-4,0,0,0,0,0,0,0
2,-2,0,0,0,0,0,0,0
0,-3,0,0,0,0,0,0,0
-2,-3,0,0,0,0,0,0,0
-2,2,0,0,0,0,0,0,0
5,2,0,0,0,0,0,0,0
6,-6,0,0,0,0,0,0,0
2,-3,0,0,0,0,0,0,0
0,6,0,0,0,0,0,0,0
-3,3,0,0,0,0,0,0,0
-1,-1,0,0,0,0,0,0,0
9,3,0,0,0,0,0,0,0
7,1,0,0,0,0,0,0,0
-4,-4,0,0,0,0,0,0,0
-5,2,0,0,0,0,0,0,0
0,8,0,0,0,0,0,0,0
0,-1,0,0,0,0,0,0,0
-4,-7,0,0,0,0,0,0,0
-4,-1,0,0,0,0,0,0,0
-1,0,0,0,0,0,0,0,0
0,-3,0,0,0,0,0,0,0
3,-2,0,0,0,0,0,0,0
2,0,0,0,0,0,0,0,0
-4,2,0,0,0,0,0,0,0
-2,0,0,0,0,0,0,0,0
4,-2,0,0,0,0,0,0,0
3,4,0,0,0,0,0,0,0
0,11,0,0,0,0,0,0,0
0,5,0,0,0,0,0,0,0
-4,-5,0,0,0,0,0,0,0
-9,-6,0,0,0,0,0,0,0
-5,-2,0,0,0,0,0,0,0
3,1,0,0,0,0,0,0,0
4,2,0,0,0,0,0,0,0
2,0,0,0,0,0,0,0,0
2,-5,0,0,0,0,0,0,0
3,-4,0,0,0,0,0,0,0
-1,-1,0,0,0,0,0,0,0
-4,0,0,0,0,0,0,0,0
0,3,0,0,0,0,0,0,0
4,2,0,0,0,0,0,0,0
3,-1,0,0,0,0,0,0,0
1,2,0,0,0,0,0,0,0
2,3,0,0,0,0,0,0,0
1,-5,0,0,0,0,0,0,0
1,-5,0,0,0,0,0,0,0
0,3,0,0,0,0,0,0,0
-4,7,0,0,0,0,0,0,0
-6,7,0,0,0,0,0,0,0
-4,2,0,0,0,0,0,0,0
-5,1,0,0,0,0,0,0,0
-1,6,0,0,0,0,0,0,0
5,4,0,0,0,0,0,0,0
1,-2,0,0,0,0,0,0,0
-6,-1,0,0,0,0,0,0,0
-4,-2,0,0,0,0,0,0,0
2,-8,0,0,0,0,0,0,0
4,-7,0,0,0,0,0,0,0
-1,-2,0,0,0,0,0,0,0
0,-3,0,0,0,0,0,0,0
7,0,0,0,0,0,0,0,0
5,4,0,0,0,0,0,0,0
1,1,0,0,0,0,0,0,0
3,-1,0,0,0,0,0,0,0
1,3,0,0,0,0,0,0,0
-4,5,0,0,0,0,0,0,0
-1,3,0,0,0,0,0,0,0
4,-3,0,0,0,0,0,0,0
6,-6,0,0,0,0,0,0,0
8,-3,0,0,0,0,0,0,0
4,1,0,0,0,0,0,0,0
-7,-2,0,0,0,0,0,0,0
-3,-7,0,0,0,0,0,0,0
10,-4,0,0,0,0,0,0,0
6,4,0,0,0,0,0,0,0
-6,4,0,0,0,0,0,0,0
-5,-3,0,0,0,0,0,0,0
1,-7,0,0,0,0,0,0,0
2,0,0,0,0,0,0,0,0
-3,5,0,0,0,0,0,0,0
-8,4,0,0,0,0,0,0,0
-8,-2,0,0,0,0,0,0,0
-1,-5,0,0,0,0,0,0,0
3,1,0,0,0,0,0,0,0
-2,2,0,0,0,0,0,0,0
-8,-5,0,0,0,0,0,0,0
-8,-4,0,0,0,0,0,0,0
-5,4,0,0,0,0,0,0,0
2,3,0,0,0,0,0,0,0
5,1,0,0,0,0,0,0,0
1,4,0,0,0,0,0,0,0
-3,2,0,0,0,0,0,0,0
1,-1,0,0,0,0,0,0,0
5,1,0,0,0,0,0,0,0
2,2,0,0,0,0,0,0,0
-2,2,0,0,0,0,0,0,0
-3,0,0,0,0,0,0,0,0
1,-1,0,0,0,0,0,0,0
10,0,0,0,0,0,0,0,0
8,1,0,0,0,0,0,0,0
-2,4,0,0,0,0,0,0,0
-3,3,0,0,0,0,0,0,0
-3,-4,0,0,0,0,0,0,0
-6,-9,0,0,0,0,0,0,0
-2,-7,0,0,0,0,0,0,0
3,-5,0,0,0,0,0,0,0
6,-3,0,0,0,0,0,0,0
7,-1,0,0,0,0,0,0,0
1,3,0,0,0,0,0,0,0
-1,5,0,0,0,0,0,0,0
0,-1,0,0,0,0,0,0,0
-4,-3,0,0,0,0,0,0,0
-4,2,0,0,0,0,0,0,0
2,3,0,0,0,0,0,0,0
-2,1,0,0,0,0,0,0,0
-4,3,0,0,0,0,0,0,0
3,-1,0,0,0,0,0,0,0
3,-5,0,0,0,0,0,0,0
0,1,0,0,0,0,0,0,0
1,1,0,0,0,0,0,0,0
0,-8,0,0,0,0,0,0,0
-1,-5,0,0,0,0,0,0,0
2,0,0,0,0,0,0,0,0
2,-2,0,0,0,0,0,0,0
0,-2,0,0,0,0,0,0,0
-1,4,0,0,0,0,0,0,0
-3,6,0,0,0,0,0,0,0
-2,0,0,0,0,0,0,0,0
4,-5,0,0,0,0,0,0,0
3,-3,0,0,0,0,0,0,0
-1,-2,0,0,0,0,0,0,0
0,-2,0,0,0,0,0,0,0
-2,2,0,0,0,0,0,0,0
-6,5,0,0,0,0,0,0,0
-3,3,0,0,0,0,0,0,0
2,-3,0,0,0,0,0,0,0
2,-1,0,0,0,0,0,0,0
0,2,0,0,0,0,0,0,0
1,1,0,0,0,0,0,0,0
1,5,0,0,0,0,0,0,0
0,8,0,0,0,0,0,0,0
1,1,0,0,0,0,0,0,0
1,-4,0,0,0,0,0,0,0
0,2,0,0,0,0,0,0,0
0,2,0,0,0,0,0,0,0
1,-5,0,0,0,0,0,0,0
-1,-4,0,0,0,0,0,0,0
-6,1,0,0,0,0,0,0,0
-6,0,0,0,0,0,0,0,0
-4,-2,0,0,0,0,0,0,0
-2,2,0,0,0,0,0,0,0
2,5,0,0,0,0,0,0,0
2,2,0,0,0,0,0,0,0
-3,-3,0,0,0,0,0,0,0
-5,-1,0,0,0,0,0,0,0
-4,5,0,0,0,0,0,0,0
-2,2,0,0,0,0,0,0,0
-1,-3,0,0,0,0,0,0,0
3,-2,0,0,0,0,0,0,0
4,1,0,0,0,0,0,0,0
4,0,0,0,0,0,0,0,0
8,0,0,0,0,0,0,0,0
6,1,0,0,0,0,0,0,0
-2,2,0,0,0,0,0,0,0
-2,5,0,0,0,0,0,0,0
-2,5,0,0,0,0,0,0,0
-3,3,0,0,0,0,0,0,0
1,1,0,0,0,0,0,0,0
3,-1,0,0,0,0,0,0,0
0,0,0,0,0,0,0,0,0
1,5,0,0,0,0,0,0,0
1,2,0,0,0,0,0,0,0
1,-3,0,0,0,0,0,0,0
2,-1,0,0,0,0,0,0,0
0,3,0,0,0,0,0,0,0
-3,4,0,0,0,0,0,0,0
-5,1,0,0,0,0,0,0,0
-2,-3,0,0,0,0,0,0,0
2,-3,0,0,0,0,0,0,0
1,0,0,0,0,0,0,0,0
0,4,0,0,0,0,0,0,0
1,7,0,0,0,0,0,0,0
-2,3,0,0,0,0,0,0,0
-2,2,0,0,0,0,0,0,0
5,8,0,0,0,0,0,0,0
6,6,0,0,0,0,0,0,0
0,-3,0,0,0,0,0,0,0
1,-2,0,0,0,0,0,0,0
3,3,0,0,0,0,0,0,0
2,1,0,0,0,0,0,0,0
1,-4,0,0,0,0,0,0,0
0,-6,0,0,0,0,0,0,0
-1,-6,0,0,0,0,0,0,0
-1,-1,0,0,0,0,0,0,0
-1,4,0,0,0,0,0,0,0
-4,2,0,0,0,0,0,0,0
-3,-5,0,0,0,0,0,0,0
1,-6,0,0,0,0,0,0,0
-3,1,0,0,0,0,0,0,0
-6,1,0,0,0,0,0,0,0
-4,-5,0,0,0,0,0,0,0
-5,0,0,0,0,0,0,0,0
-2,6,0,0,0,0,0,0,0
6,-2,0,0,0,0,0,0,0
5,-2,0,0,0,0,0,0,0
1,4,0,0,0,0,0,0,0
3,-2,0,0,0,0,0,0,0
4,-9,0,0,0,0,0,0,0
2,-3,0,0,0,0,0,0,0
-3,2,0,0,0,0,0,0,0
-7,-2,0,0,0,0,0,0,0
-7,-6,0,0,0,0,0,0,0
0,-3,0,0,0,0,0,0,0
1,1,0,0,0,0,0,0,0
-2,-2,0,0,0,0,0,0,0
1,-5,0,0,0,0,0,0,0
5,-1,0,0,0,0,0,0,0
1,4,0,0,0,0,0,0,0
2,2,0,0,0,0,0,0,0
4,0,0,0,0,0,0,0,0
3,-2,0,0,0,0,0,0,0
4,-6,0,0,0,0,0,0,0
6,-6,0,0,0,0,0,0,0
-1,-2,0,0,0,0,0,0,0
-12,1,0,0,0,0,0,0,0
-8,5,0,0,0,0,0,0,0
2,7,0,0,0,0,0,0,0
4,1,0,0,0,0,0,0,0
1,-2,0,0,0,0,0,0,0
0,2,0,0,0,0,0,0,0
-4,2,0,0,0,0,0,0,0
-6,-2,0,0,0,0,0,0,0
1,-3,0,0,0,0,0,0,0
5,0,0,0,0,0,0,0,0
-2,-1,0,0,0,0,0,0,0
-2,-4,0,0,0,0,0,0,0
6,4,0,0,0,0,0,0,0
2,8,0,0,0,0,0,0,0
-5,-1,0,0,0,0,0,0,0
0,-1,0,0,0,0,0,0,0
6,8,0,0,0,0,0,0,0
6,4,0,0,0,0,0,0,0
8,-3,0,0,0,0,0,0,0
8,-1,0,0,0,0,0,0,0
-2,-2,0,0,0,0,0,0,0
-7,-8,0,0,0,0,0,0,0
-2,-7,0,0,0,0,0,0,0
-1,-3,0,0,0,0,0,0,0
-1,-2,0,0,0,0,0,0,0
4,1,0,0,0,0,0,0,0
3,2,0,0,0,0,0,0,0
0,0,0,0,0,0,0,0,0
2,-1,0,0,0,0,0,0,0
3,-2,0,0,0,0,0,0,0
0,1,0,0,0,0,0,0,0
-1,2,0,0,0,0,0,0,0
2,-3,0,0,0,0,0,0,0
0,-3,0,0,0,0,0,0,0
-8,4,0,0,0,0,0,0,0
-7,6,0,0,0,0,0,0,0
6,-2,0,0,0,0,0,0,0
8,-8,0,0,0,0,0,0,0
-2,-2,0,0,0,0,0,0,0
-3,3,0,0,0,0,0,0,0
0,0,0,0,0,0,0,0,0
-5,-4,0,0,0,0,0,0,0
-5,-1,0,0,0,0,0,0,0
-2,5,0,0,0,0,0,0,0
-1,2,0,0,0,0,0,0,0
2,-5,0,0,0,0,0,0,0
5,0,0,0,0,0,0,0,0
2,2,0,0,0,0,0,0,0
-1,-5,0,0,0,0,0,0,0
-3,-3,0,0,0,0,0,0,0
-2,5,0,0,0,0,0,0,0
2,5,0,0,0,0,0,0,0
-3,2,0,0,0,0,0,0,0
-9,2,0,0,0,0,0,0,0
-6,2,0,0,0,0,0,0,0
-1,0,0,0,0,0,0,0,0
0,0,0,0,0,0,0,0,0
-1,-1,0,0,0,0,0,0,0
-4,-2,0,0,0,0,0,0,0
-1,2,0,0,0,0,0,0,0
2,3,0,0,0,0,0,0,0
0,-1,0,0,0,0,0,0,0
1,4,0,0,0,0,0,0,0
2,6,0,0,0,0,0,0,0
-1,0,0,0,0,0,0,0,0
0,-3,0,0,0,0,0,0,0
2,-4,0,0,0,0,0,0,0
3,-2,0,0,0,0,0,0,0
0,5,0,0,0,0,0,0,0
1,6,0,0,0,0,0,0,0
6,0,0,0,0,0,0,0,0
0,-2,0,0,0,0,0,0,0
-6,-2,0,0,0,0,0,0,0
0,-6,0,0,0,0,0,0,0
4,-3,0,0,0,0,0,0,0
3,1,0,0,0,0,0,0,0
8,-2,0,0,0,0,0,0,0
7,-4,0,0,0,0,0,0,0
1,-1,0,0,0,0,0,0,0
3,-1,0,0,0,0,0,0,0
6,-2,0,0,0,0,0,0,0
5,-1,0,0,0,0,0,0,0
1,-1,0,0,0,0,0,0,0
-3,-1,0,0,0,0,0,0,0
-1,2,0,0,0,0,0,0,0
5,5,0,0,0,0,0,0,0
4,3,0,0,0,0,0,0,0
0,-1,0,0,0,0,0,0,0
-2,5,0,0,0,0,0,0,0
-4,11,0,0,0,0,0,0,0
1,7,0,0,0,0,0,0,0
10,-1,0,0,0,0,0,0,0
5,-1,0,0,0,0,0,0,0
-9,4,0,0,0,0,0,0,0
-5,6,0,0,0,0,0,0,0
6,-1,0,0,0,0,0,0,0
4,-4,0,0,0,0,0,0,0
-2,4,0,0,0,0,0,0,0
-2,9,0,0,0,0,0,0,0
-1,3,0,0,0,0,0,0,0
0,-2,0,0,0,0,0,0,0
-1,1,0,0,0,0,0,0,0
-2,2,0,0,0,0,0,0,0
-1,-5,0,0,0,0,0,0,0
-1,-8,0,0,0,0,0,0,0
-2,-4,0,0,0,0,0,0,0
-1,-3,0,0,0,0,0,0,0
0,-4,0,0,0,0,0,0,0
0,-2,0,0,0,0,0,0,0
-2,-1,0,0,0,0,0,0,0
-7,-3,0,0,0,0,0,0,0
-10,-2,0,0,0,0,0,0,0
-5,6,0,0,0,0,0,0,0
-4,11,0,0,0,0,0,0,0
-8,6,0,0,0,0,0,0,0
-1,1,0,0,0,0,0,0,0
6,-3,0,0,0,0,0,0,0
1,-5,0,0,0,0,0,0,0
-1,2,0,0,0,0,0,0,0
3,2,0,0,0,0,0,0,0
1,-6,0,0,0,0,0,0,0
-1,-6,0,0,0,0,0,0,0
-1,-2,0,0,0,0,0,0,0
-4,-3,0,0,0,0,0,0,0
-4,-3,0,0,0,0,0,0,0
2,-3,0,0,0,0,0,0,0
1,-3,0,0,0,0,0,0,0
-1,-2,0,0,0,0,0,0,0
2,-1,0,0,0,0,0,0,0
0,0,0,0,0,0,0,0,0
-6,3,0,0,0,0,0,0,0
-3,2,0,0,0,0,0,0,0
4,-3,0,0,0,0,0,0,0
2,1,0,0,0,0,0,0,0
-6,7,0,0,0,0,0,0,0
-3,4,0,0,0,0,0,0,0
4,1,0,0,0,0,0,0,0
4,2,0,0,0,0,0,0,0
2,-2,0,0,0,0,0,0,0
0,-5,0,0,0,0,0,0,0
-5,-1,0,0,0,0,0,0,0
-4,4,0,0,0,0,0,0,0
4,4,0,0,0,0,0,0,0
5,1,0,0,0,0,0,0,0
-2,5,0,0,0,0,0,0,0
-7,5,0,0,0,0,0,0,0
-8,-3,0,0,0,0,0,0,0
-1,-2,0,0,0,0,0,0,0
4,1,0,0,0,0,0,0,0
3,-3,0,0,0,0,0,0,0
1,1,0,0,0,0,0,0,0
2,7,0,0,0,0,0,0,0
1,-1,0,0,0,0,0,0,0
1,-8,0,0,0,0,0,0,0
1,-4,0,0,0,0,0,0,0
-4,-3,0,0,0,0,0,0,0
-3,-4,0,0,0,0,0,0,0
1,3,0,0,0,0,0,0,0
-3,7,0,0,0,0,0,0,0
-4,2,0,0,0,0,0,0,0
4,-2,0,0,0,0,0,0,0
4,1,0,0,0,0,0,0,0
-1,0,0,0,0,0,0,0,0
0,-5,0,0,0,0,0,0,0
-3,0,0,0,0,0,0,0,0
-2,6,0,0,0,0,0,0,0
2,0,0,0,0,0,0,0,0
-1,-4,0,0,0,0,0,0,0
-3,-1,0,0,0,0,0,0,0
4,-5,0,0,0,0,0,0,0
3,-5,0,0,0,0,0,0,0
-4,2,0,0,0,0,0,0,0
-1,6,0,0,0,0,0,0,0
6,1,0,0,0,0,0,0,0
4,-5,0,0,0,0,0,0,0
-1,-7,0,0,0,0,0,0,0
5,-1,0,0,0,0,0,0,0
9,-1,0,0,0,0,0,0,0
1,-5,0,0,0,0,0,0,0
0,-3,0,0,0,0,0,0,0
5,1,0,0,0,0,0,0,0
1,1,0,0,0,0,0,0,0
-6,-1,0,0,0,0,0,0,0
-3,-5,0,0,0,0,0,0,0
3,-3,0,0,0,0,0,0,0
3,5,0,0,0,0,0,0,0
-2,9,0,0,0,0,0,0,0
-6,4,0,0,0,0,0,0,0
-6,-2,0,0,0,0,0,0,0
1,0,0,0,0,0,0,0,0
5,1,0,0,0,0,0,0,0
-1,-6,0,0,0,0,0,0,0
-6,-6,0,0,0,0,0,0,0
-4,0,0,0,0,0,0,0,0
2,2,0,0,0,0,0,0,0
5,1,0,0,0,0,0,0,0
3,2,0,0,0,0,0,0,0
1,6,0,0,0,0,0,0,0
-1,5,0,0,0,0,0,0,0
-2,3,0,0,0,0,0,0,0
0,2,0,0,0,0,0,0,0
4,-3,0,0,0,0,0,0,0
9,-5,0,0,0,0,0,0,0
7,1,0,0,0,0,0,0,0
0,5,0,0,0,0,0,0,0
0,-4,0,0,0,0,0,0,0
-2,-5,0,0,0,0,0,0,0
-7,2,0,0,0,0,0,0,0
0,-1,0,0,0,0,0,0,0
7,-8,0,0,0,0,0,0,0
1,-3,0,0,0,0,0,0,0
-5,3,0,0,0,0,0,0,0
-1,-1,0,0,0,0,0,0,0
4,-3,0,0,0,0,0,0,0
5,3,0,0,0,0,0,0,0
6,8,0,0,0,0,0,0,0
6,4,0,0,0,0,0,0,0
-2,2,0,0,0,0,0,0,0
-6,1,0,0,0,0,0,0,0
-2,1,0,0,0,0,0,0,0
-2,3,0,0,0,0,0,0,0
-2,-2,0,0,0,0,0,0,0
2,-6,0,0,0,0,0,0,0
3,0,0,0,0,0,0,0,0
0,1,0,0,0,0,0,0,0
-1,-5,0,0,0,0,0,0,0
-3,0,0,0,0,0,0,0,0
-3,6,0,0,0,0,0,0,0
3,0,0,0,0,0,0,0,0
1,-1,0,0,0,0,0,0,0
-7,5,0,0,0,0,0,0,0
-5,-2,0,0,0,0,0,0,0
8,-7,0,0,0,0,0,0,0
9,3,0,0,0,0,0,0,0
-5,6,0,0,0,0,0,0,0
-5,-4,0,0,0,0,0,0,0
5,-8,0,0,0,0,0,0,0
3,1,0,0,0,0,0,0,0
-4,3,0,0,0,0,0,0,0
-5,-5,0,0,0,0,0,0,0
-2,-3,0,0,0,0,0,0,0
0,2,0,0,0,0,0,0,0
-5,0,0,0,0,0,0,0,0
-8,0,0,0,0,0,0,0,0
-1,4,0,0,0,0,0,0,0
1,0,0,0,0,0,0,0,0
-1,-6,0,0,0,0,0,0,0
4,-4,0,0,0,0,0,0,0
5,0,0,0,0,0,0,0,0
1,4,0,0,0,0,0,0,0
2,8,0,0,0,0,0,0,0
4,2,0,0,0,0,0,0,0
2,-3,0,0,0,0,0,0,0
1,-1,0,0,0,0,0,0,0
0,-1,0,0,0,0,0,0,0
-4,0,0,0,0,0,0,0,0
-5,0,0,0,0,0,0,0,0
-2,-4,0,0,0,0,0,0,0
1,2,0,0,0,0,0,0,0
4,9,0,0,0,0,0,0,0
4,4,0,0,0,0,0,0,0
0,-2,0,0,0,0,0,0,0
1,-3,0,0,0,0,0,0,0
3,-2,0,0,0,0,0,0,0
0,-3,0,0,0,0,0,0,0
-6,-2,0,0,0,0,0,0,0
-3,-1,0,0,0,0,0,0,0
3,-1,0,0,0,0,0,0,0
2,-2,0,0,0,0,0,0,0
0,-3,0,0,0,0,0,0,0
3,1,0,0,0,0,0,0,0
1,5,0,0,0,0,0,0,0
-6,4,0,0,0,0,0,0,0
-4,1,0,0,0,0,0,0,0
0,0,0,0,0,0,0,0,0
-4,-3,0,0,0,0,0,0,0
-3,-4,0,0,0,0,0,0,0
4,1,0,0,0,0,0,0,0
3,4,0,0,0,0,0,0,0
0,2,0,0,0,0,0,0,0
1,1,0,0,0,0,0,0,0
0,1,0,0,0,0,0,0,0
-1,-3,0,0,0,0,0,0,0
0,-4,0,0,0,0,0,0,0
-1,0,0,0,0,0,0,0,0
-5,0,0,0,0,0,0,0,0
-4,-1,0,0,0,0,0,0,0
2,0,0,0,0,0,0,0,0
2,-2,0,0,0,0,0,0,0
-1,-2,0,0,0,0,0,0,0
-2,1,0,0,0,0,0,0,0
-4,7,0,0,0,0,0,0,0
-4,9,0,0,0,0,0,0,0
-2,1,0,0,0,0,0,0,0
-3,-2,0,0,0,0,0,0,0
-4,6,0,0,0,0,0,0,0
-1,9,0,0,0,0,0,0,0
0,2,0,0,0,0,0,0,0
-2,0,0,0,0,0,0,0,0
1,3,0,0,0,0,0,0,0
6,4,0,0,0,0,0,0,0
4,7,0,0,0,0,0,0,0
0,6,0,0,0,0,0,0,0
1,-1,0,0,0,0,0,0,0
-1,-3,0,0,0,0,0,0,0
-5,3,0,0,0,0,0,0,0
-3,5,0,0,0,0,0,0,0
-1,0,0,0,0,0,0,0,0
0,-2,0,0,0,0,0,0,0
1,-1,0,0,0,0,0,0,0
-3,1,0,0,0,0,0,0,0
-6,4,0,0,0,0,0,0,0
1,4,0,0,0,0,0,0,0
3,1,0,0,0,0,0,0,0
0,0,0,0,0,0,0,0,0
4,-4,0,0,0,0,0,0,0
4,-8,0,0,0,0,0,0,0
-4,-5,0,0,0,0,0,0,0
-5,-3,0,0,0,0,0,0,0
4,-4,0,0,0,0,0,0,0
7,-1,0,0,0,0,0,0,0
3,0,0,0,0,0,0,0,0
2,-3,0,0,0,0,0,0,0
2,-2,0,0,0,0,0,0,0
-1,-1,0,0,0,0,0,0,0
-1,-2,0,0,0,0,0,0,0
4,1,0,0,0,0,0,0,0
2,2,0,0,0,0,0,0,0
-5,-4,0,0,0,0,0,0,0
0,-10,0,0,0,0,0,0,0
6,-5,0,0,0,0,0,0,0
4,-3,0,0,0,0,0,0,0
2,-3,0,0,0,0,0,0,0
5,3,0,0,0,0,0,0,0
3,7,0,0,0,0,0,0,0
1,3,0,0,0,0,0,0,0
0,-2,0,0,0,0,0,0,0
-4,-5,0,0,0,0,0,0,0
-6,-7,0,0,0,0,0,0,0
2,-9,0,0,0,0,0,0,0
8,-8,0,0,0,0,0,0,0
3,-3,0,0,0,0,0,0,0
1,0,0,0,0,0,0,0,0
1,0,0,0,0,0,0,0,0
-6,2,0,0,0,0,0,0,0
-8,4,0,0,0,0,0,0,0
0,2,0,0,0,0,0,0,0
4,-4,0,0,0,0,0,0,0
-4,-4,0,0,0,0,0,0,0
-4,-2,0,0,0,0,0,0,0
5,0,0,0,0,0,0,0,0
7,4,0,0,0,0,0,0,0
0,4,0,0,0,0,0,0,0
-6,-1,0,0,0,0,0,0,0
-6,5,0,0,0,0,0,0,0
1,10,0,0,0,0,0,0,0
6,0,0,0,0,0,0,0,0
3,-2,0,0,0,0,0,0,0
1,5,0,0,0,0,0,0,0
2,4,0,0,0,0,0,0,0
1,3,0,0,0,0,0,0,0
1,3,0,0,0,0,0,0,0
2,0,0,0,0,0,0,0,0
0,-2,0,0,0,0,0,0,0
-2,-5,0,0,0,0,0,0,0
-4,-3,0,0,0,0,0,0,0
-3,3,0,0,0,0,0,0,0
2,3,0,0,0,0,0,0,0
3,-2,0,0,0,0,0,0,0
-1,-2,0,0,0,0,0,0,0
-2,-1,0,0,0,0,0,0,0
-5,-4,0,0,0,0,0,0,0
-8,-3,0,0,0,0,0,0,0
-2,0,0,0,0,0,0,0,0
3,1,0,0,0,0,0,0,0
-4,0,0,0,0,0,0,0,0
-8,-1,0,0,0,0,0,0,0
-1,1,0,0,0,0,0,0,0
-1,6,0,0,0,0,0,0,0
-8,8,0,0,0,0,0,0,0
-5,0,0,0,0,0,0,0,0
4,-6,0,0,0,0,0,0,0
7,-2,0,0,0,0,0,0,0
5,4,0,0,0,0,0,0,0
3,4,0,0,0,0,0,0,0
2,3,0,0,0,0,0,0,0
-3,2,0,0,0,0,0,0,0
-7,-2,0,0,0,0,0,0,0
1,-1,0,0,0,0,0,0,0
7,5,0,0,0,0,0,0,0
3,2,0,0,0,0,0,0,0
1,-6,0,0,0,0,0,0,0
4,-2,0,0,0,0,0,0,0
4,5,0,0,0,0,0,0,0
1,2,0,0,0,0,0,0,0
-2,0,0,0,0,0,0,0,0
-2,2,0,0,0,0,0,0,0
-1,-2,0,0,0,0,0,0,0
-1,-4,0,0,0,0,0,0,0
2,0,0,0,0,0,0,0,0
3,6,0,0,0,0,0,0,0
-1,8,0,0,0,0,0,0,0
-4,2,0,0,0,0,0,0,0
-1,-3,0,0,0,0,0,0,0
3,-2,0,0,0,0,0,0,0
3,-1,0,0,0,0,0,0,0
1,-4,0,0,0,0,0,0,0
1,0,0,0,0,0,0,0,0
3,1,0,0,0,0,0,0,0
2,-5,0,0,0,0,0,0,0
-1,-5,0,0,0,0,0,0,0
0,0,0,0,0,0,0,0,0
2,4,0,0,0,0,0,0,0
4,6,0,0,0,0,0,0,0
3,-1,0,0,0,0,0,0,0
-1,-7,0,0,0,0,0,0,0
-5,2,0,0,0,0,0,0,0
-4,9,0,0,0,0,0,0,0
0,2,0,0,0,0,0,0,0
-3,-3,0,0,0,0,0,0,0
-4,0,0,0,0,0,0,0,0
3,0,0,0,0,0,0,0,0
5,-3,0,0,0,0,0,0,0
1,-5,0,0,0,0,0,0,0
-2,-1,0,0,0,0,0,0,0
-4,1,0,0,0,0,0,0,0
-5,-1,0,0,0,0,0,0,0
-3,0,0,0,0,0,0,0,0
-1,3,0,0,0,0,0,0,0
2,3,0,0,0,0,0,0,0
3,-1,0,0,0,0,0,0,0
-1,-1,0,0,0,0,0,0,0
-5,5,0,0,0,0,0,0,0
-4,3,0,0,0,0,0,0,0
-2,-5,0,0,0,0,0,0,0
0,-5,0,0,0,0,0,0,0
3,1,0,0,0,0,0,0,0
3,-1,0,0,0,0,0,0,0
0,-8,0,0,0,0,0,0,0
1,-4,0,0,0,0,0,0,0
2,5,0,0,0,0,0,0,0
1,4,0,0,0,0,0,0,0
-1,-2,0,0,0,0,0,0,0
0,-2,0,0,0,0,0,0,0
1,1,0,0,0,0,0,0,0
0,0,0,0,0,0,0,0,0
-5,-3,0,0,0,0,0,0,0
-4,-3,0,0,0,0,0,0,0
0,-1,0,0,0,0,0,0,0
-3,-1,0,0,0,0,0,0,0
-3,-4,0,0,0,0,0,0,0
7,2,0,0,0,0,0,0,0
11,6,0,0,0,0,0,0,0
3,-3,0,0,0,0,0,0,0
-3,-9,0,0,0,0,0,0,0
-1,-3,0,0,0,0,0,0,0
1,1,0,0,0,0,0,0,0
0,3,0,0,0,0,0,0,0
-1,7,0,0,0,0,0,0,0
-1,3,0,0,0,0,0,0,0
-2,-3,0,0,0,0,0,0,0
-5,0,0,0,0,0,0,0,0
-6,5,0,0,0,0,0,0,0
-3,-2,0,0,0,0,0,0,0
0,-8,0,0,0,0,0,0,0
2,-5,0,0,0,0,0,0,0
3,-1,0,0,0,0,0,0,0
1,1,0,0,0,0,0,0,0
1,0,0,0,0,0,0,0,0
2,-3,0,0,0,0,0,0,0
-1,0,0,0,0,0,0,0,0
-6,2,0,0,0,0,0,0,0
-6,-3,0,0,0,0,0,0,0
-3,-3,0,0,0,0,0,0,0
-2,4,0,0,0,0,0,0,0
2,2,0,0,0,0,0,0,0
4,-3,0,0,0,0,0,0,0
-1,0,0,0,0,0,0,0,0
-6,6,0,0,0,0,0,0,0
-7,7,0,0,0,0,0,0,0
-5,6,0,0,0,0,0,0,0
-1,5,0,0,0,0,0,0,0
0,3,0,0,0,0,0,0,0
0,-1,0,0,0,0,0,0,0
3,-1,0,0,0,0,0,0,0
-1,1,0,0,0,0,0,0,0
-5,0,0,0,0,0,0,0,0
2,-1,0,0,0,0,0,0,0
6,2,0,0,0,0,0,0,0
-1,5,0,0,0,0,0,0,0
0,5,0,0,0,0,0,0,0
7,3,0,0,0,0,0,0,0
1,3,0,0,0,0,0,0,0
-1,3,0,0,0,0,0,0,0
7,2,0,0,0,0,0,0,0
8,1,0,0,0,0,0,0,0
0,1,0,0,0,0,0,0,0
-2,1,0,0,0,0,0,0,0
1,0,0,0,0,0,0,0,0
5,-6,0,0,0,0,0,0,0
4,-8,0,0,0,0,0,0,0
1,0,0,0,0,0,0,0,0
-1,5,0,0,0,0,0,0,0
1,1,0,0,0,0,0,0,0
4,0,0,0,0,0,0,0,0
5,2,0,0,0,0,0,0,0
6,2,0,0,0,0,0,0,0
1,1,0,0,0,0,0,0,0
-8,-1,0,0,0,0,0,0,0
-1,-4,0,0,0,0,0,0,0
8,-2,0,0,0,0,0,0,0
2,2,0,0,0,0,0,0,0
-2,-1,0,0,0,0,0,0,0
6,-8,0,0,0,0,0,0,0
9,-4,0,0,0,0,0,0,0
-1,1,0,0,0,0,0,0,0
-9,-4,0,0,0,0,0,0,0
-6,-9,0,0,0,0,0,0,0
1,-3,0,0,0,0,0,0,0
5,-2,0,0,0,0,0,0,0
3,-7,0,0,0,0,0,0,0
1,-3,0,0,0,0,0,0,0
1,-1,0,0,0,0,0,0,0
0,-8,0,0,0,0,0,0,0
1,-5,0,0,0,0,0,0,0
2,5,0,0,0,0,0,0,0
-1,6,0,0,0,0,0,0,0
-3,1,0,0,0,0,0,0,0
-5,-3,0,0,0,0,0,0,0
-2,-6,0,0,0,0,0,0,0
1,-4,0,0,0,0,0,0,0
-3,-2,0,0,0,0,0,0,0
-3,-1,0,0,0,0,0,0,0
3,2,0,0,0,0,0,0,0
3,2,0,0,0,0,0,0,0
0,0,0,0,0,0,0,0,0
1,-1,0,0,0,0,0,0,0
1,-4,0,0,0,0,0,0,0
1,-5,0,0,0,0,0,0,0
3,-1,0,0,0,0,0,0,0
6,-1,0,0,0,0,0,0,0
3,-2,0,0,0,0,0,0,0
-2,1,0,0,0,0,0,0,0
-2,5,0,0,0,0,0,0,0
0,4,0,0,0,0,0,0,0
-3,2,0,0,0,0,0,0,0
-6,4,0,0,0,0,0,0,0
-3,5,0,0,0,0,0,0,0
1,4,0,0,0,0,0,0,0
-1,3,0,0,0,0,0,0,0
-8,1,0,0,0,0,0,0,0
-9,-2,0,0,0,0,0,0,0
-2,-2,0,0,0,0,0,0,0
2,1,0,0,0,0,0,0,0
-4,4,0,0,0,0,0,0,0
-4,1,0,0,0,0,0,0,0
2,-3,0,0,0,0,0,0,0
4,-3,0,0,0,0,0,0,0
3,-1,0,0,0,0,0,0,0
5,0,0,0,0,0,0,0,0
0,5,0,0,0,0,0,0,0
-6,6,0,0,0,0,0,0,0
0,4,0,0,0,0,0,0,0
4,4,0,0,0,0,0,0,0
-2,7,0,0,0,0,0,0,0
-7,9,0,0,0,0,0,0,0
-7,8,0,0,0,0,0,0,0
-1,1,0,0,0,0,0,0,0
3,2,0,0,0,0,0,0,0
2,8,0,0,0,0,0,0,0
2,5,0,0,0,0,0,0,0
1,-3,0,0,0,0,0,0,0
-4,-5,0,0,0,0,0,0,0
-3,-2,0,0,0,0,0,0,0
4,-2,0,0,0,0,0,0,0
5,-3,0,0,0,0,0,0,0
3,-2,0,0,0,0,0,0,0
8,2,0,0,0,0,0,0,0
5,4,0,0,0,0,0,0,0
-8,4,0,0,0,0,0,0,0
-11,7,0,0,0,0,0,0,0
-3,7,0,0,0,0,0,0,0
-1,2,0,0,0,0,0,0,0
-4,0,0,0,0,0,0,0,0
-3,2,0,0,0,0,0,0,0
2,4,0,0,0,0,0,0,0
6,5,0,0,0,0,0,0,0
6,3,0,0,0,0,0,0,0
2,0,0,0,0,0,0,0,0
1,-4,0,0,0,0,0,0,0
2,-8,0,0,0,0,0,0,0
1,-5,0,0,0,0,0,0,0
1,0,0,0,0,0,0,0,0
1,-1,0,0,0,0,0,0,0
-2,-3,0,0,0,0,0,0,0
-7,-1,0,0,0,0,0,0,0
-7,-1,0,0,0,0,0,0,0
0,-4,0,0,0,0,0,0,0
3,-6,0,0,0,0,0,0,0
-5,-3,0,0,0,0,0,0,0
-11,0,0,0,0,0,0,0,0
-4,-1,0,0,0,0,0,0,0
5,-2,0,0,0,0,0,0,0
7,0,0,0,0,0,0,0,0
4,0,0,0,0,0,0,0,0
2,-1,0,0,0,0,0,0,0
3,-3,0,0,0,0,0,0,0
2,-5,0,0,0,0,0,0,0
2,-5,0,0,0,0,0,0,0
2,-4,0,0,0,0,0,0,0
2,-3,0,0,0,0,0,0,0
3,-2,0,0,0,0,0,0,0
4,-1,0,0,0,0,0,0,0
3,2,0,0,0,0,0,0,0
0,1,0,0,0,0,0,0,0
-3,-4,0,0,0,0,0,0,0
-5,0,0,0,0,0,0,0,0
-5,2,0,0,0,0,0,0,0
-2,-4,0,0,0,0,0,0,0
0,-6,0,0,0,0,0,0,0
2,-1,0,0,0,0,0,0,0
1,2,0,0,0,0,0,0,0
-3,0,0,0,0,0,0,0,0
0,-4,0,0,0,0,0,0,0
5,-1,0,0,0,0,0,0,0
4,7,0,0,0,0,0,0,0
2,7,0,0,0,0,0,0,0
2,0,0,0,0,0,0,0,0
2,1,0,0,0,0,0,0,0
1,2,0,0,0,0,0,0,0
-1,-4,0,0,0,0,0,0,0
-5,-4,0,0,0,0,0,0,0
-2,5,0,0,0,0,0,0,0
4,7,0,0,0,0,0,0,0
4,0,0,0,0,0,0,0,0
-1,-2,0,0,0,0,0,0,0
-6,2,0,0,0,0,0,0,0
-7,1,0,0,0,0,0,0,0
-1,0,0,0,0,0,0,0,0
4,2,0,0,0,0,0,0,0
1,1,0,0,0,0,0,0,0
1,-5,0,0,0,0,0,0,0
3,-3,0,0,0,0,0,0,0
2,2,0,0,0,0,0,0,0
0,2,0,0,0,0,0,0,0
-2,0,0,0,0,0,0,0,0
-3,-1,0,0,0,0,0,0,0
3,-2,0,0,0,0,0,0,0
4,3,0,0,0,0,0,0,0
-1,6,0,0,0,0,0,0,0
-1,-3,0,0,0,0,0,0,0
3,-6,0,0,0,0,0,0,0
1,2,0,0,0,0,0,0,0
-4,3,0,0,0,0,0,0,0
-3,0,0,0,0,0,0,0,0
3,-1,0,0,0,0,0,0,0
1,-4,0,0,0,0,0,0,0
-5,-6,0,0,0,0,0,0,0
0,-1,0,0,0,0,0,0,0
6,3,0,0,0,0,0,0,0
1,2,0,0,0,0,0,0,0
-3,-1,0,0,0,0,0,0,0
-3,-1,0,0,0,0,0,0,0
-1,0,0,0,0,0,0,0,0
2,1,0,0,0,0,0,0,0
0,2,0,0,0,0,0,0,0
-7,3,0,0,0,0,0,0,0
-6,0,0,0,0,0,0,0,0
3,-1,0,0,0,0,0,0,0
8,4,0,0,0,0,0,0,0
4,0,0,0,0,0,0,0,0
0,-5,0,0,0,0,0,0,0
1,1,0,0,0,0,0,0,0
3,0,0,0,0,0,0,0,0
3,-8,0,0,0,0,0,0,0
2,-5,0,0,0,0,0,0,0
0,0,0,0,0,0,0,0,0
-3,-4,0,0,0,0,0,0,0
-1,-3,0,0,0,0,0,0,0
4,5,0,0,0,0,0,0,0
1,10,0,0,0,0,0,0,0
-5,4,0,0,0,0,0,0,0
-3,-4,0,0,0,0,0,0,0
2,-6,0,0,0,0,0,0,0
2,-4,0,0,0,0,0,0,0
1,-4,0,0,0,0,0,0,0
1,-4,0,0,0,0,0,0,0
-2,-2,0,0,0,0,0,0,0
-5,0,0,0,0,0,0,0,0
-3,3,0,0,0,0,0,0,0
3,2,0,0,0,0,0,0,0
6,-3,0,0,0,0,0,0,0
7,-1,0,0,0,0,0,0,0
5,5,0,0,0,0,0,0,0
-5,3,0,0,0,0,0,0,0
-6,-4,0,0,0,0,0,0,0
2,-3,0,0,0,0,0,0,0
-1,3,0,0,0,0,0,0,0
-8,5,0,0,0,0,0,0,0
-4,4,0,0,0,0,0,0,0
-1,3,0,0,0,0,0,0,0
-2,2,0,0,0,0,0,0,0
-4,4,0,0,0,0,0,0,0
-5,5,0,0,0,0,0,0,0
-3,2,0,0,0,0,0,0,0
-1,-1,0,0,0,0,0,0,0
-1,-1,0,0,0,0,0,0,0
3,-2,0,0,0,0,0,0,0
6,1,0,0,0,0,0,0,0
3,4,0,0,0,0,0,0,0
-3,1,0,0,0,0,0,0,0
-2,-1,0,0,0,0,0,0,0
-1,-4,0,0,0,0,0,0,0
0,-4,0,0,0,0,0,0,0
3,2,0,0,0,0,0,0,0
5,3,0,0,0,0,0,0,0
2,-3,0,0,0,0,0,0,0
2,-2,0,0,0,0,0,0,0
3,1,0,0,0,0,0,0,0
1,-1,0,0,0,0,0,0,0
-1,-2,0,0,0,0,0,0,0
-3,-1,0,0,0,0,0,0,0
-2,3,0,0,0,0,0,0,0
4,1,0,0,0,0,0,0,0
5,-5,0,0,0,0,0,0,0
0,-4,0,0,0,0,0,0,0
2,1,0,0,0,0,0,0,0
7,0,0,0,0,0,0,0,0
5,4,0,0,0,0,0,0,0
-2,9,0,0,0,0,0,0,0
-1,7,0,0,0,0,0,0,0
1,0,0,0,0,0,0,0,0
-4,-1,0,0,0,0,0,0,0
-6,4,0,0,0,0,0,0,0
-3,8,0,0,0,0,0,0,0
2,4,0,0,0,0,0,0,0
2,-4,0,0,0,0,0,0,0
0,-5,0,0,0,0,0,0,0
0,1,0,0,0,0,0,0,0
0,2,0,0,0,0,0,0,0
-3,-4,0,0,0,0,0,0,0
-5,-3,0,0,0,0,0,0,0
-3,2,0,0,0,0,0,0,0
1,-1,0,0,0,0,0,0,0
1,-7,0,0,0,0,0,0,0
-2,-6,0,0,0,0,0,0,0
-6,-2,0,0,0,0,0,0,0
-7,1,0,0,0,0,0,0,0
-1,0,0,0,0,0,0,0,0
4,-5,0,0,0,0,0,0,0
2,-4,0,0,0,0,0,0,0
1,-1,0,0,0,0,0,0,0
1,-3,0,0,0,0,0,0,0
-5,-3,0,0,0,0,0,0,0
-9,5,0,0,0,0,0,0,0
-1,9,0,0,0,0,0,0,0
5,4,0,0,0,0,0,0,0
1,-1,0,0,0,0,0,0,0
-3,0,0,0,0,0,0,0,0
-1,0,0,0,0,0,0,0,0
0,-4,0,0,0,0,0,0,0
0,-3,0,0,0,0,0,0,0
3,-2,0,0,0,0,0,0,0
2,-2,0,0,0,0,0,0,0
-3,3,0,0,0,0,0,0,0
0,7,0,0,0,0,0,0,0
6,0,0,0,0,0,0,0,0
4,0,0,0,0,0,0,0,0
1,8,0,0,0,0,0,0,0
2,5,0,0,0,0,0,0,0
-2,-3,0,0,0,0,0,0,0
-3,-2,0,0,0,0,0,0,0
4,-1,0,0,0,0,0,0,0
5,-5,0,0,0,0,0,0,0
1,-1,0,0,0,0,0,0,0
2,5,0,0,0,0,0,0,0
2,1,0,0,0,0,0,0,0
1,-1,0,0,0,0,0,0,0
1,1,0,0,0,0,0,0,0
-3,-1,0,0,0,0,0,0,0
-4,-6,0,0,0,0,0,0,0
3,-6,0,0,0,0,0,0,0
3,-1,0,0,0,0,0,0,0
-1,3,0,0,0,0,0,0,0
2,3,0,0,0,0,0,0,0
4,2,0,0,0,0,0,0,0
-1,3,0,0,0,0,0,0,0
-5,0,0,0,0,0,0,0,0
-3,0,0,0,0,0,0,0,0
2,4,0,0,0,0,0,0,0
0,1,0,0,0,0,0,0,0
-7,-1,0,0,0,0,0,0,0
-6,6,0,0,0,0,0,0,0
-1,4,0,0,0,0,0,0,0
-1,-5,0,0,0,0,0,0,0
-6,-3,0,0,0,0,0,0,0
-1,0,0,0,0,0,0,0,0
6,-4,0,0,0,0,0,0,0
3,-2,0,0,0,0,0,0,0
1,0,0,0,0,0,0,0,0
-2,-6,0,0,0,0,0,0,0
-4,-6,0,0,0,0,0,0,0
3,-3,0,0,0,0,0,0,0
5,-3,0,0,0,0,0,0,0
-3,-3,0,0,0,0,0,0,0
-4,-1,0,0,0,0,0,0,0
2,-1,0,0,0,0,0,0,0
2,2,0,0,0,0,0,0,0
2,1,0,0,0,0,0,0,0
1,-4,0,0,0,0,0,0,0
-2,1,0,0,0,0,0,0,0
-1,5,0,0,0,0,0,0,0
1,0,0,0,0,0,0,0,0
3,-1,0,0,0,0,0,0,0
3,0,0,0,0,0,0,0,0
2,2,0,0,0,0,0,0,0
4,0,0,0,0,0,0,0,0
4,-4,0,0,0,0,0,0,0
0,2,0,0,0,0,0,0,0
-3,8,0,0,0,0,0,0,0
-1,0,0,0,0,0,0,0,0
4,-7,0,0,0,0,0,0,0
4,0,0,0,0,0,0,0,0
2,4,0,0,0,0,0,0,0
3,0,0,0,0,0,0,0,0
3,1,0,0,0,0,0,0,0
2,7,0,0,0,0,0,0,0
2,3,0,0,0,0,0,0,0
0,-3,0,0,0,0,0,0,0
-1,-1,0,0,0,0,0,0,0
2,-3,0,0,0,0,0,0,0
2,-7,0,0,0,0,0,0,0
0,-2,0,0,0,0,0,0,0
0,2,0,0,0,0,0,0,0
-1,0,0,0,0,0,0,0,0
-8,0,0,0,0,0,0,0,0
-9,5,0,0,0,0,0,0,0
-1,6,0,0,0,0,0,0,0
2,2,0,0,0,0,0,0,0
-3,-1,0,0,0,0,0,0,0
4,1,0,0,0,0,0,0,0
14,4,0,0,0,0,0,0,0
3,1,0,0,0,0,0,0,0
-7,-1,0,0,0,0,0,0,0
-3,5,0,0,0,0,0,0,0
-4,5,0,0,0,0,0,0,0
-6,-2,0,0,0,0,0,0,0
2,-6,0,0,0,0,0,0,0
4,-6,0,0,0,0,0,0,0
-2,-1,0,0,0,0,0,0,0
-2,-1,0,0,0,0,0,0,0
2,-6,0,0,0,0,0,0,0
1,-2,0,0,0,0,0,0,0
-1,2,0,0,0,0,0,0,0
-1,-6,0,0,0,0,0,0,0
-1,-7,0,0,0,0,0,0,0
-2,-1,0,0,0,0,0,0,0
-2,-2,0,0,0,0,0,0,0
-1,-1,0,0,0,0,0,0,0
-1,3,0,0,0,0,0,0,0
-1,3,0,0,0,0,0,0,0
-2,1,0,0,0,0,0,0,0
-3,2,0,0,0,0,0,0,0
-7,4,0,0,0,0,0,0,0
-9,4,0,0,0,0,0,0,0
-2,-2,0,0,0,0,0,0,0
2,-7,0,0,0,0,0,0,0
-5,-5,0,0,0,0,0,0,0
-5,-2,0,0,0,0,0,0,0
2,0,0,0,0,0,0,0,0
2,4,0,0,0,0,0,0,0
0,9,0,0,0,0,0,0,0
3,6,0,0,0,0,0,0,0
4,-2,0,0,0,0,0,0,0
0,-5,0,0,0,0,0,0,0
-2,-3,0,0,0,0,0,0,0
0,-1,0,0,0,0,0,0,0
1,-2,0,0,0,0,0,0,0
-3,-5,0,0,0,0,0,0,0
-6,0,0,0,0,0,0,0,0
-3,10,0,0,0,0,0,0,0
1,7,0,0,0,0,0,0,0
-3,-3,0,0,0,0,0,0,0
-3,-5,0,0,0,0,0,0,0
5,2,0,0,0,0,0,0,0
4,5,0,0,0,0,0,0,0
-7,2,0,0,0,0,0,0,0
-8,1,0,0,0,0,0,0,0
0,4,0,0,0,0,0,0,0
6,6,0,0,0,0,0,0,0
5,2,0,0,0,0,0,0,0
3,-2,0,0,0,0,0,0,0
1,-1,0,0,0,0,0,0,0
1,-1,0,0,0,0,0,0,0
3,-5,0,0,0,0,0,0,0
4,-6,0,0,0,0,0,0,0
1,0,0,0,0,0,0,0,0
-4,3,0,0,0,0,0,0,0
-3,1,0,0,0,0,0,0,0
2,-1,0,0,0,0,0,0,0
-1,-1,0,0,0,0,0,0,0
-2,-3,0,0,0,0,0,0,0
5,0,0,0,0,0,0,0,0
5,1,0,0,0,0,0,0,0
0,-4,0,0,0,0,0,0,0
1,-1,0,0,0,0,0,0,0
1,3,0,0,0,0,0,0,0
-4,-2,0,0,0,0,0,0,0
-3,-3,0,0,0,0,0,0,0
5,1,0,0,0,0,0,0,0
9,2,0,0,0,0,0,0,0
6,0,0,0,0,0,0,0,0
-1,-4,0,0,0,0,0,0,0
-7,-2,0,0,0,0,0,0,0
-7,4,0,0,0,0,0,0,0
0,2,0,0,0,0,0,0,0
5,-3,0,0,0,0,0,0,0
2,2,0,0,0,0,0,0,0
-1,6,0,0,0,0,0,0,0
1,2,0,0,0,0,0,0,0
1,0,0,0,0,0,0,0,0
1,2,0,0,0,0,0,0,0
2,-2,0,0,0,0,0,0,0
2,-2,0,0,0,0,0,0,0
0,6,0,0,0,0,0,0,0
0,7,0,0,0,0,0,0,0
1,-3,0,0,0,0,0,0,0
2,-6,0,0,0,0,0,0,0
1,-1,0,0,0,0,0,0,0
1,1,0,0,0,0,0,0,0
1,2,0,0,0,0,0,0,0
0,4,0,0,0,0,0,0,0
1,2,0,0,0,0,0,0,0
4,1,0,0,0,0,0,0,0
7,0,0,0,0,0,0,0,0
4,-2,0,0,0,0,0,0,0
-2,-3,0,0,0,0,0,0,0
-1,4,0,0,0,0,0,0,0
1,10,0,0,0,0,0,0,0
-1,5,0,0,0,0,0,0,0
-1,-2,0,0,0,0,0,0,0
0,-1,0,0,0,0,0,0,0
-3,-2,0,0,0,0,0,0,0
-6,-5,0,0,0,0,0,0,0
-3,-5,0,0,0,0,0,0,0
3,-2,0,0,0,0,0,0,0
2,-2,0,0,0,0,0,0,0
-2,2,0,0,0,0,0,0,0
0,4,0,0,0,0,0,0,0
2,-2,0,0,0,0,0,0,0
-1,-5,0,0,0,0,0,0,0
-3,3,0,0,0,0,0,0,0
-1,6,0,0,0,0,0,0,0
0,-3,0,0,0,0,0,0,0
1,-8,0,0,0,0,0,0,0
2,-4,0,0,0,0,0,0,0
0,-1,0,0,0,0,0,0,0
-2,1,0,0,0,0,0,0,0
-1,1,0,0,0,0,0,0,0
0,0,0,0,0,0,0,0,0
-1,6,0,0,0,0,0,0,0
0,4,0,0,0,0,0,0,0
-1,-8,0,0,0,0,0,0,0
-5,-3,0,0,0,0,0,0,0
-6,6,0,0,0,0,0,0,0
-4,0,0,0,0,0,0,0,0
-2,-4,0,0,0,0,0,0,0
-1,-2,0,0,0,0,0,0,0
-2,0,0,0,0,0,0,0,0
-3,2,0,0,0,0,0,0,0
0,1,0,0,0,0,0,0,0
-2,1,0,0,0,0,0,0,0
-3,1,0,0,0,0,0,0,0
3,-1,0,0,0,0,0,0,0
6,-1,0,0,0,0,0,0,0
7,-2,0,0,0,0,0,0,0
6,-6,0,0,0,0,0,0,0
0,-6,0,0,0,0,0,0,0
-2,-1,0,0,0,0,0,0,0
-1,4,0,0,0,0,0,0,0
-6,5,0,0,0,0,0,0,0
-8,-2,0,0,0,0,0,0,0
1,-7,0,0,0,0,0,0,0
6,-2,0,0,0,0,0,0,0
2,1,0,0,0,0,0,0,0
0,1,0,0,0,0,0,0,0
3,0,0,0,0,0,0,0,0
0,-3,0,0,0,0,0,0,0
-5,-3,0,0,0,0,0,0,0
-2,0,0,0,0,0,0,0,0
3,1,0,0,0,0,0,0,0
2,3,0,0,0,0,0,0,0
0,2,0,0,0,0,0,0,0
2,-2,0,0,0,0,0,0,0
3,-3,0,0,0,0,0,0,0
5,-1,0,0,0,0,0,0,0
8,4,0,0,0,0,0,0,0
5,7,0,0,0,0,0,0,0
-4,0,0,0,0,0,0,0,0
-8,-4,0,0,0,0,0,0,0
-8,3,0,0,0,0,0,0,0
-6,4,0,0,0,0,0,0,0
-1,-3,0,0,0,0,0,0,0
-3,-3,0,0,0,0,0,0,0
-6,-1,0,0,0,0,0,0,0
2,-4,0,0,0,0,0,0,0
6,-4,0,0,0,0,0,0,0
-4,-1,0,0,0,0,0,0,0
-7,0,0,0,0,0,0,0,0
4,1,0,0,0,0,0,0,0
7,5,0,0,0,0,0,0,0
3,2,0,0,0,0,0,0,0
2,-5,0,0,0,0,0,0,0
3,-1,0,0,0,0,0,0,0
0,8,0,0,0,0,0,0,0
-3,9,0,0,0,0,0,0,0
-1,5,0,0,0,0,0,0,0
3,2,0,0,0,0,0,0,0
3,2,0,0,0,0,0,0,0
2,0,0,0,0,0,0,0,0
4,-1,0,0,0,0,0,0,0
2,2,0,0,0,0,0,0,0
-3,4,0,0,0,0,0,0,0
-4,2,0,0,0,0,0,0,0
-1,5,0,0,0,0,0,0,0
1,6,0,0,0,0,0,0,0
5,4,0,0,0,0,0,0,0
4,3,0,0,0,0,0,0,0
1,-4,0,0,0,0,0,0,0
3,-10,0,0,0,0,0,0,0
3,-5,0,0,0,0,0,0,0
0,-2,0,0,0,0,0,0,0
1,-2,0,0,0,0,0,0,0
3,1,0,0,0,0,0,0,0
2,2,0,0,0,0,0,0,0
0,0,0,0,0,0,0,0,0
1,5,0,0,0,0,0,0,0
-1,6,0,0,0,0,0,0,0
-5,0,0,0,0,0,0,0,0
-2,-5,0,0,0,0,0,0,0
4,-5,0,0,0,0,0,0,0
4,2,0,0,0,0,0,0,0
2,6,0,0,0,0,0,0,0
3,-1,0,0,0,0,0,0,0
2,-4,0,0,0,0,0,0,0
4,-2,0,0,0,0,0,0,0
2,-3,0,0,0,0,0,0,0
-7,-1,0,0,0,0,0,0,0
-7,0,0,0,0,0,0,0,0
0,-5,0,0,0,0,0,0,0
-2,-2,0,0,0,0,0,0,0
2,3,0,0,0,0,0,0,0
13,2,0,0,0,0,0,0,0
4,1,0,0,0,0,0,0,0
-7,0,0,0,0,0,0,0,0
-1,-6,0,0,0,0,0,0,0
0,-4,0,0,0,0,0,0,0
-5,1,0,0,0,0,0,0,0
-2,-3,0,0,0,0,0,0,0
0,-8,0,0,0,0,0,0,0
-6,-5,0,0,0,0,0,0,0
-8,-2,0,0,0,0,0,0,0
-5,-5,0,0,0,0,0,0,0
-4,-2,0,0,0,0,0,0,0
-7,5,0,0,0,0,0,0,0
-7,7,0,0,0,0,0,0,0
-1,5,0,0,0,0,0,0,0
3,2,0,0,0,0,0,0,0
1,-1,0,0,0,0,0,0,0
-1,0,0,0,0,0,0,0,0
2,4,0,0,0,0,0,0,0
1,1,0,0,0,0,0,0,0
0,-3,0,0,0,0,0,0,0
3,-1,0,0,0,0,0,0,0
5,-4,0,0,0,0,0,0,0
-1,-6,0,0,0,0,0,0,0
-7,-2,0,0,0,0,0,0,0
0,-1,0,0,0,0,0,0,0
3,0,0,0,0,0,0,0,0
-4,1,0,0,0,0,0,0,0
-7,-4,0,0,0,0,0,0,0
-6,-3,0,0,0,0,0,0,0
0,4,0,0,0,0,0,0,0
5,3,0,0,0,0,0,0,0
1,-4,0,0,0,0,0,0,0
-4,-4,0,0,0,0,0,0,0
-2,-2,0,0,0,0,0,0,0
0,-2,0,0,0,0,0,0,0
-1,1,0,0,0,0,0,0,0
1,6,0,0,0,0,0,0,0
4,6,0,0,0,0,0,0,0
2,0,0,0,0,0,0,0,0
3,-5,0,0,0,0,0,0,0
3,-1,0,0,0,0,0,0,0
-1,3,0,0,0,0,0,0,0
-4,5,0,0,0,0,0,0,0
-2,1,0,0,0,0,0,0,0
-1,-4,0,0,0,0,0,0,0
-1,-1,0,0,0,0,0,0,0
3,5,0,0,0,0,0,0,0
5,3,0,0,0,0,0,0,0
2,3,0,0,0,0,0,0,0
1,7,0,0,0,0,0,0,0
-1,3,0,0,0,0,0,0,0
-2,-2,0,0,0,0,0,0,0
3,-2,0,0,0,0,0,0,0
4,-2,0,0,0,0,0,0,0
1,1,0,0,0,0,0,0,0
-1,2,0,0,0,0,0,0,0
-3,-2,0,0,0,0,0,0,0
-4,0,0,0,0,0,0,0,0
-3,3,0,0,0,0,0,0,0
-4,0,0,0,0,0,0,0,0
1,-1,0,0,0,0,0,0,0
7,1,0,0,0,0,0,0,0
4,-2,0,0,0,0,0,0,0
2,-5,0,0,0,0,0,0,0
4,-3,0,0,0,0,0,0,0
4,-1,0,0,0,0,0,0,0
2,-3,0,0,0,0,0,0,0
2,0,0,0,0,0,0,0,0
1,8,0,0,0,0,0,0,0
3,9,0,0,0,0,0,0,0
3,3,0,0,0,0,0,0,0
1,-1,0,0,0,0,0,0,0
3,-1,0,0,0,0,0,0,0
1,-1,0,0,0,0,0,0,0
-4,-3,0,0,0,0,0,0,0
-4,0,0,0,0,0,0,0,0
-1,4,0,0,0,0,0,0,0
-1,-1,0,0,0,0,0,0,0
2,-5,0,0,0,0,0,0,0
7,1,0,0,0,0,0,0,0
1,3,0,0,0,0,0,0,0
-3,-2,0,0,0,0,0,0,0
2,3,0,0,0,0,0,0,0
3,7,0,0,0,0,0,0,0
0,-1,0,0,0,0,0,0,0
1,-6,0,0,0,0,0,0,0
-2,3,0,0,0,0,0,0,0
-7,7,0,0,0,0,0,0,0
-7,-2,0,0,0,0,0,0,0
0,-7,0,0,0,0,0,0,0
3,2,0,0,0,0,0,0,0
0,6,0,0,0,0,0,0,0
-4,0,0,0,0,0,0,0,0
-3,-3,0,0,0,0,0,0,0
-1,-3,0,0,0,0,0,0,0
0,-1,0,0,0,0,0,0,0
1,-1,0,0,0,0,0,0,0
-3,-5,0,0,0,0,0,0,0
-3,-4,0,0,0,0,0,0,0
3,-1,0,0,0,0,0,0,0
5,-2,0,0,0,0,0,0,0
7,1,0,0,0,0,0,0,0
5,4,0,0,0,0,0,0,0
-5,3,0,0,0,0,0,0,0
-4,5,0,0,0,0,0,0,0
5,6,0,0,0,0,0,0,0
4,1,0,0,0,0,0,0,0
4,0,0,0,0,0,0,0,0
4,-1,0,0,0,0,0,0,0
-6,-7,0,0,0,0,0,0,0
-9,-6,0,0,0,0,0,0,0
-3,0,0,0,0,0,0,0,0
-1,0,0,0,0,0,0,0,0
-1,0,0,0,0,0,0,0,0
-2,0,0,0,0,0,0,0,0
-3,-2,0,0,0,0,0,0,0
2,1,0,0,0,0,0,0,0
2,0,0,0,0,0,0,0,0
-1,-1,0,0,0,0,0,0,0
2,6,0,0,0,0,0,0,0
5,1,0,0,0,0,0,0,0
3,-3,0,0,0,0,0,0,0
3,6,0,0,0,0,0,0,0
8,8,0,0,0,0,0,0,0
5,3,0,0,0,0,0,0,0
-3,4,0,0,0,0,0,0,0
-5,3,0,0,0,0,0,0,0
-7,-1,0,0,0,0,0,0,0
-9,-5,0,0,0,0,0,0,0
-3,-7,0,0,0,0,0,0,0
3,-5,0,0,0,0,0,0,0
-1,-4,0,0,0,0,0,0,0
-5,-6,0,0,0,0,0,0,0
-2,-6,0,0,0,0,0,0,0
1,-4,0,0,0,0,0,0,0
-4,-3,0,0,0,0,0,0,0
-2,0,0,0,0,0,0,0,0
10,3,0,0,0,0,0,0,0
8,1,0,0,0,0,0,0,0
-3,-1,0,0,0,0,0,0,0
-2,1,0,0,0,0,0,0,0
1,3,0,0,0,0,0,0,0
-5,0,0,0,0,0,0,0,0
-4,-2,0,0,0,0,0,0,0
4,0,0,0,0,0,0,0,0
2,2,0,0,0,0,0,0,0
0,3,0,0,0,0,0,0,0
5,1,0,0,0,0,0,0,0
1,-2,0,0,0,0,0,0,0
-7,0,0,0,0,0,0,0,0
0,-1,0,0,0,0,0,0,0
4,1,0,0,0,0,0,0,0
-1,5,0,0,0,0,0,0,0
2,3,0,0,0,0,0,0,0
8,-4,0,0,0,0,0,0,0
1,-5,0,0,0,0,0,0,0
-9,-3,0,0,0,0,0,0,0
-5,-4,0,0,0,0,0,0,0
3,-3,0,0,0,0,0,0,0
-1,3,0,0,0,0,0,0,0
-4,6,0,0,0,0,0,0,0
-4,1,0,0,0,0,0,0,0
-2,-1,0,0,0,0,0,0,0
4,1,0,0,0,0,0,0,0
9,-3,0,0,0,0,0,0,0
3,-7,0,0,0,0,0,0,0
-9,-4,0,0,0,0,0,0,0
-10,-3,0,0,0,0,0,0,0
-2,-3,0,0,0,0,0,0,0
-1,-1,0,0,0,0,0,0,0
-4,3,0,0,0,0,0,0,0
0,5,0,0,0,0,0,0,0
-1,-1,0,0,0,0,0,0,0
-3,-4,0,0,0,0,0,0,0
2,4,0,0,0,0,0,0,0
2,3,0,0,0,0,0,0,0
-1,-4,0,0,0,0,0,0,0
2,3,0,0,0,0,0,0,0
5,9,0,0,0,0,0,0,0
3,-1,0,0,0,0,0,0,0
-1,-8,0,0,0,0,0,0,0
-4,-3,0,0,0,0,0,0,0
-3,0,0,0,0,0,0,0,0
1,4,0,0,0,0,0,0,0
-2,6,0,0,0,0,0,0,0
-4,0,0,0,0,0,0,0,0
2,-1,0,0,0,0,0,0,0
3,2,0,0,0,0,0,0,0
1,0,0,0,0,0,0,0,0
3,0,0,0,0,0,0,0,0
4,1,0,0,0,0,0,0,0
2,-4,0,0,0,0,0,0,0
1,-2,0,0,0,0,0,0,0
1,4,0,0,0,0,0,0,0
2,2,0,0,0,0,0,0,0
3,0,0,0,0,0,0,0,0
2,2,0,0,0,0,0,0,0
-2,-2,0,0,0,0,0,0,0
-5,-5,0,0,0,0,0,0,0
-3,3,0,0,0,0,0,0,0
-3,5,0,0,0,0,0,0,0
-6,4,0,0,0,0,0,0,0
-1,8,0,0,0,0,0,0,0
6,8,0,0,0,0,0,0,0
3,-2,0,0,0,0,0,0,0
0,-6,0,0,0,0,0,0,0
3,-3,0,0,0,0,0,0,0
3,-4,0,0,0,0,0,0,0
0,-3,0,0,0,0,0,0,0
-4,2,0,0,0,0,0,0,0
-1,6,0,0,0,0,0,0,0
4,1,0,0,0,0,0,0,0
3,-4,0,0,0,0,0,0,0
2,0,0,0,0,0,0,0,0
4,8,0,0,0,0,0,0,0
3,8,0,0,0,0,0,0,0
-1,2,0,0,0,0,0,0,0
-3,-4,0,0,0,0,0,0,0
-2,-5,0,0,0,0,0,0,0
2,0,0,0,0,0,0,0,0
-1,1,0,0,0,0,0,0,0
-3,-5,0,0,0,0,0,0,0
4,-5,0,0,0,0,0,0,0
4,1,0,0,0,0,0,0,0
-1,3,0,0,0,0,0,0,0
0,4,0,0,0,0,0,0,0
2,2,0,0,0,0,0,0,0
-2,-2,0,0,0,0,0,0,0
-4,-3,0,0,0,0,0,0,0
1,3,0,0,0,0,0,0,0
5,8,0,0,0,0,0,0,0
4,6,0,0,0,0,0,0,0
5,4,0,0,0,0,0,0,0
4,5,0,0,0,0,0,0,0
0,1,0,0,0,0,0,0,0
4,-4,0,0,0,0,0,0,0
5,-2,0,0,0,0,0,0,0
-3,-2,0,0,0,0,0,0,0
-4,-5,0,0,0,0,0,0,0
0,-2,0,0,0,0,0,0,0
-2,0,0,0,0,0,0,0,0
-3,-5,0,0,0,0,0,0,0
-2,-6,0,0,0,0,0,0,0
-6,-3,0,0,0,0,0,0,0
-6,-4,0,0,0,0,0,0,0
0,-2,0,0,0,0,0,0,0
0,4,0,0,0,0,0,0,0
-3,5,0,0,0,0,0,0,0
-1,0,0,0,0,0,0,0,0
0,0,0,0,0,0,0,0,0
-3,4,0,0,0,0,0,0,0
-7,1,0,0,0,0,0,0,0
-9,-1,0,0,0,0,0,0,0
-5,4,0,0,0,0,0,0,0
2,1,0,0,0,0,0,0,0
4,-1,0,0,0,0,0,0,0
2,6,0,0,0,0,0,0,0
1,5,0,0,0,0,0,0,0
-1,-2,0,0,0,0,0,0,0
-4,-4,0,0,0,0,0,0,0
-3,-2,0,0,0,0,0,0,0
-2,0,0,0,0,0,0,0,0
-5,1,0,0,0,0,0,0,0
-1,5,0,0,0,0,0,0,0
6,4,0,0,0,0,0,0,0
2,0,0,0,0,0,0,0,0
-3,-2,0,0,0,0,0,0,0
0,-5,0,0,0,0,0,0,0
5,-9,0,0,0,0,0,0,0
3,-8,0,0,0,0,0,0,0
-3,-5,0,0,0,0,0,0,0
-3,-1,0,0,0,0,0,0,0
-1,2,0,0,0,0,0,0,0
-4,-4,0,0,0,0,0,0,0
1,-8,0,0,0,0,0,0,0
6,-5,0,0,0,0,0,0,0
0,-5,0,0,0,0,0,0,0
-1,-7,0,0,0,0,0,0,0
4,-2,0,0,0,0,0,0,0
2,5,0,0,0,0,0,0,0
-1,8,0,0,0,0,0,0,0
5,3,0,0,0,0,0,0,0
5,-5,0,0,0,0,0,0,0
2,-7,0,0,0,0,0,0,0
3,-1,0,0,0,0,0,0,0
2,5,0,0,0,0,0,0,0
0,7,0,0,0,0,0,0,0
0,4,0,0,0,0,0,0,0
4,-3,0,0,0,0,0,0,0
1,-6,0,0,0,0,0,0,0
-7,-5,0,0,0,0,0,0,0
0,-2,0,0,0,0,0,0,0
10,-2,0,0,0,0,0,0,0
5,-1,0,0,0,0,0,0,0
0,5,0,0,0,0,0,0,0
2,8,0,0,0,0,0,0,0
3,0,0,0,0,0,0,0,0
1,-4,0,0,0,0,0,0,0
0,6,0,0,0,0,0,0,0
-3,11,0,0,0,0,0,0,0
-2,3,0,0,0,0,0,0,0
1,-2,0,0,0,0,0,0,0
-3,2,0,0,0,0,0,0,0
-4,6,0,0,0,0,0,0,0
3,5,0,0,0,0,0,0,0
3,1,0,0,0,0,0,0,0
-1,-1,0,0,0,0,0,0,0
-4,-1,0,0,0,0,0,0,0
-6,-2,0,0,0,0,0,0,0
0,-5,0,0,0,0,0,0,0
6,-2,0,0,0,0,0,0,0
4,2,0,0,0,0,0,0,0
6,0,0,0,0,0,0,0,0
8,4,0,0,0,0,0,0,0
5,6,0,0,0,0,0,0,0
2,1,0,0,0,0,0,0,0
-3,-1,0,0,0,0,0,0,0
-8,-4,0,0,0,0,0,0,0
-3,-7,0,0,0,0,0,0,0
2,0,0,0,0,0,0,0,0
-4,6,0,0,0,0,0,0,0
-3,2,0,0,0,0,0,0,0
2,-3,0,0,0,0,0,0,0
-3,-3,0,0,0,0,0,0,0
-5,2,0,0,0,0,0,0,0
2,2,0,0,0,0,0,0,0
1,-4,0,0,0,0,0,0,0
-2,-5,0,0,0,0,0,0,0
2,1,0,0,0,0,0,0,0
1,0,0,0,0,0,0,0,0
-5,-7,0,0,0,0,0,0,0
-8,-5,0,0,0,0,0,0,0
-3,-2,0,0,0,0,0,0,0
1,-5,0,0,0,0,0,0,0
-5,-5,0,0,0,0,0,0,0
-9,0,0,0,0,0,0,0,0
-2,5,0,0,0,0,0,0,0
1,7,0,0,0,0,0,0,0
-5,2,0,0,0,0,0,0,0
-4,0,0,0,0,0,0,0,0
0,4,0,0,0,0,0,0,0
3,0,0,0,0,0,0,0,0
4,-5,0,0,0,0,0,0,0
3,1,0,0,0,0,0,0,0
1,2,0,0,0,0,0,0,0
1,-2,0,0,0,0,0,0,0
0,0,0,0,0,0,0,0,0
-3,3,0,0,0,0,0,0,0
-1,4,0,0,0,0,0,0,0
4,-1,0,0,0,0,0,0,0
3,-6,0,0,0,0,0,0,0
0,-4,0,0,0,0,0,0,0
0,2,0,0,0,0,0,0,0
-3,4,0,0,0,0,0,0,0
-2,2,0,0,0,0,0,0,0
9,1,0,0,0,0,0,0,0
8,0,0,0,0,0,0,0,0
-3,-2,0,0,0,0,0,0,0
-2,-3,0,0,0,0,0,0,0
4,-3,0,0,0,0,0,0,0
1,-4,0,0,0,0,0,0,0
-1,-1,0,0,0,0,0,0,0
1,4,0,0,0,0,0,0,0
0,2,0,0,0,0,0,0,0
0,-1,0,0,0,0,0,0,0
1,2,0,0,0,0,0,0,0
0,2,0,0,0,0,0,0,0
-3,-3,0,0,0,0,0,0,0
-4,2,0,0,0,0,0,0,0
-2,6,0,0,0,0,0,0,0
2,-1,0,0,0,0,0,0,0
1,-2,0,0,0,0,0,0,0
-3,5,0,0,0,0,0,0,0
-4,4,0,0,0,0,0,0,0
-1,-1,0,0,0,0,0,0,0
3,2,0,0,0,0,0,0,0
0,1,0,0,0,0,0,0,0
-8,-5,0,0,0,0,0,0,0
-8,-4,0,0,0,0,0,0,0
0,3,0,0,0,0,0,0,0
4,4,0,0,0,0,0,0,0
2,2,0,0,0,0,0,0,0
-1,-2,0,0,0,0,0,0,0
-3,-2,0,0,0,0,0,0,0
-3,0,0,0,0,0,0,0,0
3,0,0,0,0,0,0,0,0
2,0,0,0,0,0,0,0,0
-7,2,0,0,0,0,0,0,0
-9,5,0,0,0,0,0,0,0
-4,9,0,0,0,0,0,0,0
2,6,0,0,0,0,0,0,0
3,-2,0,0,0,0,0,0,0
-1,-5,0,0,0,0,0,0,0
-1,-2,0,0,0,0,0,0,0
6,2,0,0,0,0,0,0,0
5,6,0,0,0,0,0,0,0
1,7,0,0,0,0,0,0,0
1,1,0,0,0,0,0,0,0
0,0,0,0,0,0,0,0,0
-1,6,0,0,0,0,0,0,0
2,5,0,0,0,0,0,0,0
2,0,0,0,0,0,0,0,0
5,2,0,0,0,0,0,0,0
4,5,0,0,0,0,0,0,0
-3,0,0,0,0,0,0,0,0
-3,-2,0,0,0,0,0,0,0
0,1,0,0,0,0,0,0,0
2,0,0,0,0,0,0,0,0
3,1,0,0,0,0,0,0,0
0,-2,0,0,0,0,0,0,0
-1,-7,0,0,0,0,0,0,0
2,-4,0,0,0,0,0,0,0
-1,1,0,0,0,0,0,0,0
-8,-3,0,0,0,0,0,0,0
-4,-7,0,0,0,0,0,0,0
4,-1,0,0,0,0,0,0,0
7,1,0,0,0,0,0,0,0
5,-4,0,0,0,0,0,0,0
3,-5,0,0,0,0,0,0,0
3,-3,0,0,0,0,0,0,0
2,-4,0,0,0,0,0,0,0
-1,-2,0,0,0,0,0,0,0
0,4,0,0,0,0,0,0,0
5,6,0,0,0,0,0,0,0
4,1,0,0,0,0,0,0,0
2,-3,0,0,0,0,0,0,0
5,-2,0,0,0,0,0,0,0
6,-1,0,0,0,0,0,0,0
3,-2,0,0,0,0,0,0,0
2,-2,0,0,0,0,0,0,0
2,-3,0,0,0,0,0,0,0
1,2,0,0,0,0,0,0,0
2,8,0,0,0,0,0,0,0
2,5,0,0,0,0,0,0,0
0,0,0,0,0,0,0,0,0
-4,-4,0,0,0,0,0,0,0
-4,-9,0,0,0,0,0,0,0
2,-8,0,0,0,0,0,0,0
2,-5,0,0,0,0,0,0,0
0,-4,0,0,0,0,0,0,0
1,2,0,0,0,0,0,0,0
1,1,0,0,0,0,0,0,0
0,-7,0,0,0,0,0,0,0
-2,-6,0,0,0,0,0,0,0
-5,-2,0,0,0,0,0,0,0
-4,-3,0,0,0,0,0,0,0
1,-2,0,0,0,0,0,0,0
2,0,0,0,0,0,0,0,0
1,1,0,0,0,0,0,0,0
6,3,0,0,0,0,0,0,0
5,2,0,0,0,0,0,0,0
-4,-3,0,0,0,0,0,0,0
-3,-3,0,0,0,0,0,0,0
0,1,0,0,0,0,0,0,0
-1,5,0,0,0,0,0,0,0
-3,4,0,0,0,0,0,0,0
-5,1,0,0,0,0,0,0,0
-8,2,0,0,0,0,0,0,0
-6,3,0,0,0,0,0,0,0
-3,1,0,0,0,0,0,0,0
-1,1,0,0,0,0,0,0,0
-4,1,0,0,0,0,0,0,0
-4,1,0,0,0,0,0,0,0
-1,1,0,0,0,0,0,0,0
0,1,0,0,0,0,0,0,0
3,2,0,0,0,0,0,0,0
4,1,0,0,0,0,0,0,0
0,-5,0,0,0,0,0,0,0
-1,-2,0,0,0,0,0,0,0
1,4,0,0,0,0,0,0,0
1,1,0,0,0,0,0,0,0
1,-4,0,0,0,0,0,0,0
-1,0,0,0,0,0,0,0,0
-5,5,0,0,0,0,0,0,0
-4,2,0,0,0,0,0,0,0
3,-3,0,0,0,0,0,0,0
2,-2,0,0,0,0,0,0,0
-2,-1,0,0,0,0,0,0,0
1,-5,0,0,0,0,0,0,0
4,-4,0,0,0,0,0,0,0
1,-1,0,0,0,0,0,0,0
-3,-2,0,0,0,0,0,0,0
-3,0,0,0,0,0,0,0,0
-5,5,0,0,0,0,0,0,0
-5,5,0,0,0,0,0,0,0
-3,1,0,0,0,0,0,0,0
-2,-1,0,0,0,0,0,0,0
0,0,0,0,0,0,0,0,0
5,5,0,0,0,0,0,0,0
6,10,0,0,0,0,0,0,0
0,7,0,0,0,0,0,0,0
0,4,0,0,0,0,0,0,0
1,3,0,0,0,0,0,0,0
-6,-1,0,0,0,0,0,0,0
-9,0,0,0,0,0,0,0,0
1,6,0,0,0,0,0,0,0
5,1,0,0,0,0,0,0,0
0,-8,0,0,0,0,0,0,0
0,-6,0,0,0,0,0,0,0
3,-1,0,0,0,0,0,0,0
2,5,0,0,0,0,0,0,0
3,7,0,0,0,0,0,0,0
3,-2,0,0,0,0,0,0,0
-3,-9,0,0,0,0,0,0,0
-5,-4,0,0,0,0,0,0,0
-2,2,0,0,0,0,0,0,0
1,5,0,0,0,0,0,0,0
3,7,0,0,0,0,0,0,0
3,2,0,0,0,0,0,0,0
-5,-4,0,0,0,0,0,0,0
-10,-5,0,0,0,0,0,0,0
-31,-45,0,0,0,0,0,0,0
-143,-220,0,0,0,0,0,0,0
-332,-432,0,0,0,0,0,0,0
-392,-234,0,0,0,0,0,0,0
-263,336,0,0,0,0,0,0,0
-211,323,0,0,0,0,0,0,0
-246,-323,0,0,0,0,0,0,0
-65,-397,0,0,0,0,0,0,0
211,106,0,0,0,0,0,0,0
244,222,0,0,0,0,0,0,0
153,55,0,0,0,0,0,0,0
156,74,0,0,0,0,0,0,0
171,117,0,0,0,0,0,0,0
142,73,0,0,0,0,0,0,0
130,71,0,0,0,0,0,0,0
131,83,0,0,0,0,0,0,0
117,60,0,0,0,0,0,0,0
104,49,0,0,0,0,0,0,0
103,55,0,0,0,0,0,0,0
103,51,0,0,0,0,0,0,0
99,50,0,0,0,0,0,0,0
87,52,0,0,0,0,0,0,0
75,46,0,0,0,0,0,0,0
71,39,0,0,0,0,0,0,0
66,30,0,0,0,0,0,0,0
57,22,0,0,0,0,0,0,0
51,25,0,0,0,0,0,0,0
47,28,0,0,0,0,0,0,0
40,10,0,0,0,0,0,0,0
30,-13,0,0,0,0,0,0,0
24,-4,0,0,0,0,0,0,0
27,29,0,0,0,0,0,0,0
29,37,0,0,0,0,0,0,0
23,14,0,0,0,0,0,0,0
15,5,0,0,0,0,0,0,0
8,14,0,0,0,0,0,0,0
3,13,0,0,0,0,0,0,0
6,5,0,0,0,0,0,0,0
7,2,0,0,0,0,0,0,0
-3,-2,0,0,0,0,0,0,0
-6,-5,0,0,0,0,0,0,0
0,-2,0,0,0,0,0,0,0
-4,0,0,0,0,0,0,0,0
-11,-3,0,0,0,0,0,0,0
-11,-7,0,0,0,0,0,0,0
-11,-8,0,0,0,0,0,0,0
-13,-8,0,0,0,0,0,0,0
-17,-11,0,0,0,0,0,0,0
-23,-9,0,0,0,0,0,0,0
-23,-7,0,0,0,0,0,0,0
-18,-9,0,0,0,0,0,0,0
-21,-11,0,0,0,0,0,0,0
-28,-12,0,0,0,0,0,0,0
-26,-13,0,0,0,0,0,0,0
-21,-8,0,0,0,0,0,0,0
-26,-6,0,0,0,0,0,0,0
-34,-16,0,0,0,0,0,0,0
-34,-20,0,0,0,0,0,0,0
-27,-8,0,0,0,0,0,0,0
-25,-6,0,0,0,0,0,0,0
-31,-17,0,0,0,0,0,0,0
-30,-18,0,0,0,0,0,0,0
-24,-15,0,0,0,0,0,0,0
-29,-19,0,0,0,0,0,0,0
-32,-16,0,0,0,0,0,0,0
-24,-13,0,0,0,0,0,0,0
-23,-17,0,0,0,0,0,0,0
-30,-17,0,0,0,0,0,0,0
-34,-16,0,0,0,0,0,0,0
-33,-21,0,0,0,0,0,0,0
-27,-21,0,0,0,0,0,0,0
-21,-16,0,0,0,0,0,0,0
-23,-13,0,0,0,0,0,0,0
-27,-13,0,0,0,0,0,0,0
-30,-10,0,0,0,0,0,0,0
-30,-8,0,0,0,0,0,0,0
-23,-15,0,0,0,0,0,0,0
-19,-22,0,0,0,0,0,0,0
-24,-17,0,0,0,0,0,0,0
-24,-13,0,0,0,0,0,0,0
-17,-14,0,0,0,0,0,0,0
-18,-7,0,0,0,0,0,0,0
-24,-2,0,0,0,0,0,0,0
-20,-7,0,0,0,0,0,0,0
-13,-10,0,0,0,0,0,0,0
-14,-13,0,0,0,0,0,0,0
-17,-15,0,0,0,0,0,0,0
-14,-8,0,0,0,0,0,0,0
-14,-2,0,0,0,0,0,0,0
-19,-10,0,0,0,0,0,0,0
-15,-16,0,0,0,0,0,0,0
-8,-10,0,0,0,0,0,0,0
-9,-3,0,0,0,0,0,0,0
-12,-2,0,0,0,0,0,0,0
-10,-4,0,0,0,0,0,0,0
-14,-9,0,0,0,0,0,0,0
-17,-10,0,0,0,0,0,0,0
-7,-4,0,0,0,0,0,0,0
-1,-3,0,0,0,0,0,0,0
-7,-4,0,0,0,0,0,0,0
-12,1,0,0,0,0,0,0,0
-6,1,0,0,0,0,0,0,0
1,-6,0,0,0,0,0,0,0
0,-9,0,0,0,0,0,0,0
-3,-5,0,0,0,0,0,0,0
-5,0,0,0,0,0,0,0,0
-5,1,0,0,0,0,0,0,0
-3,-5,0,0,0,0,0,0,0
0,-9,0,0,0,0,0,0,0
2,-3,0,0,0,0,0,0,0
0,4,0,0,0,0,0,0,0
-1,7,0,0,0,0,0,0,0
2,7,0,0,0,0,0,0,0
4,4,0,0,0,0,0,0,0
7,1,0,0,0,0,0,0,0
9,0,0,0,0,0,0,0,0
7,0,0,0,0,0,0,0,0
5,0,0,0,0,0,0,0,0
3,-3,0,0,0,0,0,0,0
3,-3,0,0,0,0,0,0,0
9,5,0,0,0,0,0,0,0
12,8,0,0,0,0,0,0,0
10,2,0,0,0,0,0,0,0
9,2,0,0,0,0,0,0,0
10,6,0,0,0,0,0,0,0
10,1,0,0,0,0,0,0,0
10,-4,0,0,0,0,0,0,0
9,6,0,0,0,0,0,0,0
9,10,0,0,0,0,0,0,0
8,1,0,0,0,0,0,0,0
8,-3,0,0,0,0,0,0,0
9,3,0,0,0,0,0,0,0
8,9,0,0,0,0,0,0,0
3,10,0,0,0,0,0,0,0
0,8,0,0,0,0,0,0,0
9,5,0,0,0,0,0,0,0
15,5,0,0,0,0,0,0,0
7,7,0,0,0,0,0,0,0
4,7,0,0,0,0,0,0,0
13,9,0,0,0,0,0,0,0
11,8,0,0,0,0,0,0,0
4,3,0,0,0,0,0,0,0
8,5,0,0,0,0,0,0,0
13,9,0,0,0,0,0,0,0
7,5,0,0,0,0,0,0,0
2,2,0,0,0,0,0,0,0
11,6,0,0,0,0,0,0,0
17,7,0,0,0,0,0,0,0
11,3,0,0,0,0,0,0,0
9,-2,0,0,0,0,0,0,0
13,0,0,0,0,0,0,0,0
11,5,0,0,0,0,0,0,0
5,7,0,0,0,0,0,0,0
7,6,0,0,0,0,0,0,0
11,4,0,0,0,0,0,0,0
5,5,0,0,0,0,0,0,0
-1,3,0,0,0,0,0,0,0
5,-5,0,0,0,0,0,0,0
11,-3,0,0,0,0,0,0,0
13,6,0,0,0,0,0,0,0
14,8,0,0,0,0,0,0,0
13,5,0,0,0,0,0,0,0
11,3,0,0,0,0,0,0,0
9,4,0,0,0,0,0,0,0
12,6,0,0,0,0,0,0,0
16,4,0,0,0,0,0,0,0
12,2,0,0,0,0,0,0,0
5,6,0,0,0,0,0,0,0
4,13,0,0,0,0,0,0,0
3,13,0,0,0,0,0,0,0
3,5,0,0,0,0,0,0,0
8,5,0,0,0,0,0,0,0
8,12,0,0,0,0,0,0,0
1,9,0,0,0,0,0,0,0
-1,0,0,0,0,0,0,0,0
2,-1,0,0,0,0,0,0,0
5,6,0,0,0,0,0,0,0
4,9,0,0,0,0,0,0,0
1,3,0,0,0,0,0,0,0
-1,1,0,0,0,0,0,0,0
1,5,0,0,0,0,0,0,0
6,3,0,0,0,0,0,0,0
5,0,0,0,0,0,0,0,0
2,4,0,0,0,0,0,0,0
0,8,0,0,0,0,0,0,0
2,8,0,0,0,0,0,0,0
5,5,0,0,0,0,0,0,0
2,4,0,0,0,0,0,0,0
-4,2,0,0,0,0,0,0,0
-1,-2,0,0,0,0,0,0,0
4,-3,0,0,0,0,0,0,0
3,-1,0,0,0,0,0,0,0
1,0,0,0,0,0,0,0,0
2,-2,0,0,0,0,0,0,0
-1,-2,0,0,0,0,0,0,0
-5,-1,0,0,0,0,0,0,0
-4,-1,0,0,0,0,0,0,0
1,-6,0,0,0,0,0,0,0
1,-6,0,0,0,0,0,0,0
-2,-3,0,0,0,0,0,0,0
-3,-1,0,0,0,0,0,0,0
-5,3,0,0,0,0,0,0,0
-3,7,0,0,0,0,0,0,0
1,5,0,0,0,0,0,0,0
-3,3,0,0,0,0,0,0,0
-7,1,0,0,0,0,0,0,0
-4,-5,0,0,0,0,0,0,0
-1,-9,0,0,0,0,0,0,0
1,-9,0,0,0,0,0,0,0
3,-4,0,0,0,0,0,0,0
0,0,0,0,0,0,0,0,0
-7,-1,0,0,0,0,0,0,0
-9,-3,0,0,0,0,0,0,0
-3,-2,0,0,0,0,0,0,0
1,-1,0,0,0,0,0,0,0
-5,-4,0,0,0,0,0,0,0
-4,-4,0,0,0,0,0,0,0
4,1,0,0,0,0,0,0,0
2,5,0,0,0,0,0,0,0
-1,0,0,0,0,0,0,0,0
0,-7,0,0,0,0,0,0,0
-1,-9,0,0,0,0,0,0,0
-4,-5,0,0,0,0,0,0,0
-7,0,0,0,0,0,0,0,0
-4,-2,0,0,0,0,0,0,0
2,-7,0,0,0,0,0,0,0
1,-8,0,0,0,0,0,0,0
-4,-3,0,0,0,0,0,0,0
-1,-1,0,0,0,0,0,0,0
2,2,0,0,0,0,0,0,0
-2,4,0,0,0,0,0,0,0
-5,-1,0,0,0,0,0,0,0
-2,-5,0,0,0,0,0,0,0
-1,0,0,0,0,0,0,0,0
-6,2,0,0,0,0,0,0,0
-7,-1,0,0,0,0,0,0,0
-2,-2,0,0,0,0,0,0,0
-4,-4,0,0,0,0,0,0,0
-4,-7,0,0,0,0,0,0,0
2,-6,0,0,0,0,0,0,0
0,-2,0,0,0,0,0,0,0
-5,2,0,0,0,0,0,0,0
-5,2,0,0,0,0,0,0,0
-6,-1,0,0,0,0,0,0,0
-5,3,0,0,0,0,0,0,0
0,6,0,0,0,0,0,0,0
-2,-4,0,0,0,0,0,0,0
-9,-7,0,0,0,0,0,0,0
-11,2,0,0,0,0,0,0,0
-7,2,0,0,0,0,0,0,0
-1,-2,0,0,0,0,0,0,0
3,-1,0,0,0,0,0,0,0
2,0,0,0,0,0,0,0,0
-1,2,0,0,0,0,0,0,0
0,7,0,0,0,0,0,0,0
-1,4,0,0,0,0,0,0,0
-6,-5,0,0,0,0,0,0,0
-5,-7,0,0,0,0,0,0,0
-2,-4,0,0,0,0,0,0,0
-2,-1,0,0,0,0,0,0,0
1,-1,0,0,0,0,0,0,0
2,0,0,0,0,0,0,0,0
1,4,0,0,0,0,0,0,0
1,-1,0,0,0,0,0,0,0
1,-8,0,0,0,0,0,0,0
0,1,0,0,0,0,0,0,0
2,7,0,0,0,0,0,0,0
2,-1,0,0,0,0,0,0,0
0,-2,0,0,0,0,0,0,0
-1,5,0,0,0,0,0,0,0
-1,3,0,0,0,0,0,0,0
1,-4,0,0,0,0,0,0,0
5,-3,0,0,0,0,0,0,0
3,2,0,0,0,0,0,0,0
-3,3,0,0,0,0,0,0,0
-5,-2,0,0,0,0,0,0,0
-6,-3,0,0,0,0,0,0,0
-5,-1,0,0,0,0,0,0,0
1,0,0,0,0,0,0,0,0
2,2,0,0,0,0,0,0,0
-3,1,0,0,0,0,0,0,0
-5,-4,0,0,0,0,0,0,0
-4,-2,0,0,0,0,0,0,0
-4,3,0,0,0,0,0,0,0
-2,-1,0,0,0,0,0,0,0
2,-3,0,0,0,0,0,0,0
2,3,0,0,0,0,0,0,0
0,3,0,0,0,0,0,0,0
1,0,0,0,0,0,0,0,0
2,-1,0,0,0,0,0,0,0
1,-4,0,0,0,0,0,0,0
1,-5,0,0,0,0,0,0,0
1,-1,0,0,0,0,0,0,0
-1,-1,0,0,0,0,0,0,0
-6,-4,0,0,0,0,0,0,0
-4,-7,0,0,0,0,0,0,0
2,-8,0,0,0,0,0,0,0
-1,-4,0,0,0,0,0,0,0
-3,1,0,0,0,0,0,0,0
4,1,0,0,0,0,0,0,0
4,0,0,0,0,0,0,0,0
-1,1,0,0,0,0,0,0,0
-3,0,0,0,0,0,0,0,0
0,-3,0,0,0,0,0,0,0
6,-5,0,0,0,0,0,0,0
4,-4,0,0,0,0,0,0,0
-1,-1,0,0,0,0,0,0,0
0,1,0,0,0,0,0,0,0
3,-1,0,0,0,0,0,0,0
1,-3,0,0,0,0,0,0,0
-3,0,0,0,0,0,0,0,0
-3,4,0,0,0,0,0,0,0
-3,2,0,0,0,0,0,0,0
-7,-4,0,0,0,0,0,0,0
-5,-4,0,0,0,0,0,0,0
3,-1,0,0,0,0,0,0,0
4,2,0,0,0,0,0,0,0
-1,5,0,0,0,0,0,0,0
-1,3,0,0,0,0,0,0,0
2,4,0,0,0,0,0,0,0
2,9,0,0,0,0,0,0,0
7,7,0,0,0,0,0,0,0
10,-1,0,0,0,0,0,0,0
3,0,0,0,0,0,0,0,0
-3,2,0,0,0,0,0,0,0
0,-3,0,0,0,0,0,0,0
3,-3,0,0,0,0,0,0,0
3,4,0,0,0,0,0,0,0
-2,3,0,0,0,0,0,0,0
-6,2,0,0,0,0,0,0,0
-1,7,0,0,0,0,0,0,0
3,2,0,0,0,0,0,0,0
1,-7,0,0,0,0,0,0,0
5,-2,0,0,0,0,0,0,0
6,2,0,0,0,0,0,0,0
4,-2,0,0,0,0,0,0,0
2,-4,0,0,0,0,0,0,0
-1,-2,0,0,0,0,0,0,0
0,-1,0,0,0,0,0,0,0
6,-1,0,0,0,0,0,0,0
6,0,0,0,0,0,0,0,0
2,1,0,0,0,0,0,0,0
4,4,0,0,0,0,0,0,0
2,2,0,0,0,0,0,0,0
-4,-2,0,0,0,0,0,0,0
0,3,0,0,0,0,0,0,0
11,5,0,0,0,0,0,0,0
8,-2,0,0,0,0,0,0,0
-2,-2,0,0,0,0,0,0,0
0,7,0,0,0,0,0,0,0
3,11,0,0,0,0,0,0,0
0,8,0,0,0,0,0,0,0
-1,4,0,0,0,0,0,0,0
1,-3,0,0,0,0,0,0,0
-2,-5,0,0,0,0,0,0,0
-7,4,0,0,0,0,0,0,0
-8,8,0,0,0,0,0,0,0
-2,-2,0,0,0,0,0,0,0
4,-7,0,0,0,0,0,0,0
1,-2,0,0,0,0,0,0,0
-3,0,0,0,0,0,0,0,0
5,1,0,0,0,0,0,0,0
8,0,0,0,0,0,0,0,0
0,-4,0,0,0,0,0,0,0
-3,-1,0,0,0,0,0,0,0
-4,6,0,0,0,0,0,0,0
-10,7,0,0,0,0,0,0,0
-10,3,0,0,0,0,0,0,0
-4,0,0,0,0,0,0,0,0
1,-1,0,0,0,0,0,0,0
4,3,0,0,0,0,0,0,0
3,7,0,0,0,0,0,0,0
-1,4,0,0,0,0,0,0,0
-3,3,0,0,0,0,0,0,0
-2,3,0,0,0,0,0,0,0
3,-4,0,0,0,0,0,0,0
1,-8,0,0,0,0,0,0,0
-6,-3,0,0,0,0,0,0,0
-6,2,0,0,0,0,0,0,0
1,-2,0,0,0,0,0,0,0
5,-6,0,0,0,0,0,0,0
0,1,0,0,0,0,0,0,0
-5,7,0,0,0,0,0,0,0
-6,2,0,0,0,0,0,0,0
-3,-3,0,0,0,0,0,0,0
1,-1,0,0,0,0,0,0,0
1,0,0,0,0,0,0,0,0
1,-1,0,0,0,0,0,0,0
4,-1,0,0,0,0,0,0,0
2,-5,0,0,0,0,0,0,0
-2,-7,0,0,0,0,0,0,0
-1,-3,0,0,0,0,0,0,0
-2,3,0,0,0,0,0,0,0
2,4,0,0,0,0,0,0,0
7,-2,0,0,0,0,0,0,0
4,-5,0,0,0,0,0,0,0
3,2,0,0,0,0,0,0,0
5,5,0,0,0,0,0,0,0
3,-1,0,0,0,0,0,0,0
1,-3,0,0,0,0,0,0,0
0,0,0,0,0,0,0,0,0
2,-3,0,0,0,0,0,0,0
6,-2,0,0,0,0,0,0,0
3,0,0,0,0,0,0,0,0
-3,-4,0,0,0,0,0,0,0
-4,-1,0,0,0,0,0,0,0
-3,3,0,0,0,0,0,0,0
-4,1,0,0,0,0,0,0,0
-6,1,0,0,0,0,0,0,0
-6,1,0,0,0,0,0,0,0
-2,-3,0,0,0,0,0,0,0
2,-2,0,0,0,0,0,0,0
6,0,0,0,0,0,0,0,0
4,-1,0,0,0,0,0,0,0
-1,-3,0,0,0,0,0,0,0
-1,-6,0,0,0,0,0,0,0
5,-6,0,0,0,0,0,0,0
4,-3,0,0,0,0,0,0,0
3,0,0,0,0,0,0,0,0
3,4,0,0,0,0,0,0,0
-3,2,0,0,0,0,0,0,0
-7,-4,0,0,0,0,0,0,0
1,-4,0,0,0,0,0,0,0
5,1,0,0,0,0,0,0,0
-1,4,0,0,0,0,0,0,0
-2,5,0,0,0,0,0,0,0
5,4,0,0,0,0,0,0,0
5,1,0,0,0,0,0,0,0
0,1,0,0,0,0,0,0,0
-3,0,0,0,0,0,0,0,0
-1,-1,0,0,0,0,0,0,0
3,0,0,0,0,0,0,0,0
2,2,0,0,0,0,0,0,0
-4,5,0,0,0,0,0,0,0
0,4,0,0,0,0,0,0,0
5,0,0,0,0,0,0,0,0
-1,-1,0,0,0,0,0,0,0
-6,-2,0,0,0,0,0,0,0
-3,-6,0,0,0,0,0,0,0
-1,-4,0,0,0,0,0,0,0
2,4,0,0,0,0,0,0,0
9,7,0,0,0,0,0,0,0
6,2,0,0,0,0,0,0,0
-2,-3,0,0,0,0,0,0,0
0,-4,0,0,0,0,0,0,0
2,2,0,0,0,0,0,0,0
-7,0,0,0,0,0,0,0,0
-9,-7,0,0,0,0,0,0,0
-2,-4,0,0,0,0,0,0,0
-2,2,0,0,0,0,0,0,0
-9,0,0,0,0,0,0,0,0
-5,-2,0,0,0,0,0,0,0
2,3,0,0,0,0,0,0,0
1,5,0,0,0,0,0,0,0
-2,3,0,0,0,0,0,0,0
1,-4,0,0,0,0,0,0,0
-1,-8,0,0,0,0,0,0,0
-3,-5,0,0,0,0,0,0,0
3,0,0,0,0,0,0,0,0
1,3,0,0,0,0,0,0,0
-2,1,0,0,0,0,0,0,0
5,-4,0,0,0,0,0,0,0
3,-3,0,0,0,0,0,0,0
-5,3,0,0,0,0,0,0,0
-4,1,0,0,0,0,0,0,0
-1,-3,0,0,0,0,0,0,0
0,1,0,0,0,0,0,0,0
2,1,0,0,0,0,0,0,0
0,-5,0,0,0,0,0,0,0
-1,-1,0,0,0,0,0,0,0
4,5,0,0,0,0,0,0,0
4,0,0,0,0,0,0,0,0
0,-6,0,0,0,0,0,0,0
2,-4,0,0,0,0,0,0,0
3,0,0,0,0,0,0,0,0
2,3,0,0,0,0,0,0,0
1,2,0,0,0,0,0,0,0
0,-1,0,0,0,0,0,0,0
1,5,0,0,0,0,0,0,0
2,10,0,0,0,0,0,0,0
1,5,0,0,0,0,0,0,0
1,0,0,0,0,0,0,0,0
-1,2,0,0,0,0,0,0,0
-5,4,0,0,0,0,0,0,0
-5,0,0,0,0,0,0,0,0
-4,0,0,0,0,0,0,0,0
-7,4,0,0,0,0,0,0,0
-3,6,0,0,0,0,0,0,0
5,2,0,0,0,0,0,0,0
4,-6,0,0,0,0,0,0,0
1,-7,0,0,0,0,0,0,0
1,-4,0,0,0,0,0,0,0
-5,-1,0,0,0,0,0,0,0
-8,2,0,0,0,0,0,0,0
2,3,0,0,0,0,0,0,0
9,-3,0,0,0,0,0,0,0
1,-5,0,0,0,0,0,0,0
-6,-1,0,0,0,0,0,0,0
-2,3,0,0,0,0,0,0,0
3,4,0,0,0,0,0,0,0
1,-1,0,0,0,0,0,0,0
0,-6,0,0,0,0,0,0,0
2,0,0,0,0,0,0,0,0
3,5,0,0,0,0,0,0,0
1,5,0,0,0,0,0,0,0
0,4,0,0,0,0,0,0,0
1,2,0,0,0,0,0,0,0
0,-3,0,0,0,0,0,0,0
-4,-7,0,0,0,0,0,0,0
-4,-5,0,0,0,0,0,0,0
2,2,0,0,0,0,0,0,0
2,0,0,0,0,0,0,0,0
0,-7,0,0,0,0,0,0,0
1,-5,0,0,0,0,0,0,0
1,-1,0,0,0,0,0,0,0
-2,-2,0,0,0,0,0,0,0
-5,-1,0,0,0,0,0,0,0
-2,4,0,0,0,0,0,0,0
3,0,0,0,0,0,0,0,0
1,-4,0,0,0,0,0,0,0
0,3,0,0,0,0,0,0,0
2,8,0,0,0,0,0,0,0
1,1,0,0,0,0,0,0,0
-5,1,0,0,0,0,0,0,0
-4,6,0,0,0,0,0,0,0
3,0,0,0,0,0,0,0,0
4,-6,0,0,0,0,0,0,0
1,2,0,0,0,0,0,0,0
-1,3,0,0,0,0,0,0,0
0,-6,0,0,0,0,0,0,0
0,-3,0,0,0,0,0,0,0
-3,4,0,0,0,0,0,0,0
-5,1,0,0,0,0,0,0,0
-3,-1,0,0,0,0,0,0,0
-2,1,0,0,0,0,0,0,0
-4,1,0,0,0,0,0,0,0
-1,0,0,0,0,0,0,0,0
3,1,0,0,0,0,0,0,0
-1,-2,0,0,0,0,0,0,0
-2,-6,0,0,0,0,0,0,0
4,-5,0,0,0,0,0,0,0
5,-3,0,0,0,0,0,0,0
0,-3,0,0,0,0,0,0,0
0,-1,0,0,0,0,0,0,0
3,5,0,0,0,0,0,0,0
2,7,0,0,0,0,0,0,0
1,3,0,0,0,0,0,0,0
-2,1,0,0,0,0,0,0,0
-2,0,0,0,0,0,0,0,0
3,-4,0,0,0,0,0,0,0
4,-1,0,0,0,0,0,0,0
0,2,0,0,0,0,0,0,0
1,-3,0,0,0,0,0,0,0
2,-2,0,0,0,0,0,0,0
1,5,0,0,0,0,0,0,0
0,-1,0,0,0,0,0,0,0
-5,-11,0,0,0,0,0,0,0
-8,-6,0,0,0,0,0,0,0
-3,3,0,0,0,0,0,0,0
0,4,0,0,0,0,0,0,0
0,3,0,0,0,0,0,0,0
4,3,0,0,0,0,0,0,0
4,3,0,0,0,0,0,0,0
2,3,0,0,0,0,0,0,0
7,1,0,0,0,0,0,0,0
7,-3,0,0,0,0,0,0,0
0,3,0,0,0,0,0,0,0
2,8,0,0,0,0,0,0,0
3,3,0,0,0,0,0,0,0
-5,3,0,0,0,0,0,0,0
-4,8,0,0,0,0,0,0,0
1,2,0,0,0,0,0,0,0
-3,-2,0,0,0,0,0,0,0
-4,6,0,0,0,0,0,0,0
2,8,0,0,0,0,0,0,0
-1,3,0,0,0,0,0,0,0
-4,1,0,0,0,0,0,0,0
1,-4,0,0,0,0,0,0,0
-3,-7,0,0,0,0,0,0,0
-11,-1,0,0,0,0,0,0,0
-5,-1,0,0,0,0,0,0,0
3,-6,0,0,0,0,0,0,0
4,1,0,0,0,0,0,0,0
3,7,0,0,0,0,0,0,0
3,-1,0,0,0,0,0,0,0
4,-5,0,0,0,0,0,0,0
4,0,0,0,0,0,0,0,0
4,0,0,0,0,0,0,0,0
3,-4,0,0,0,0,0,0,0
-2,-5,0,0,0,0,0,0,0
-1,-6,0,0,0,0,0,0,0
4,-5,0,0,0,0,0,0,0
4,2,0,0,0,0,0,0,0
0,6,0,0,0,0,0,0,0
2,3,0,0,0,0,0,0,0
2,1,0,0,0,0,0,0,0
0,3,0,0,0,0,0,0,0
-1,3,0,0,0,0,0,0,0
1,0,0,0,0,0,0,0,0
1,-2,0,0,0,0,0,0,0
1,1,0,0,0,0,0,0,0
1,6,0,0,0,0,0,0,0
0,1,0,0,0,0,0,0,0
0,-7,0,0,0,0,0,0,0
1,-8,0,0,0,0,0,0,0
1,-6,0,0,0,0,0,0,0
0,-7,0,0,0,0,0,0,0
2,-7,0,0,0,0,0,0,0
5,-4,0,0,0,0,0,0,0
-3,2,0,0,0,0,0,0,0
-11,6,0,0,0,0,0,0,0
-3,4,0,0,0,0,0,0,0
5,-1,0,0,0,0,0,0,0
0,-5,0,0,0,0,0,0,0
-3,-6,0,0,0,0,0,0,0
-4,-5,0,0,0,0,0,0,0
-3,-4,0,0,0,0,0,0,0
3,-3,0,0,0,0,0,0,0
4,3,0,0,0,0,0,0,0
-1,5,0,0,0,0,0,0,0
0,-2,0,0,0,0,0,0,0
2,-3,0,0,0,0,0,0,0
0,-2,0,0,0,0,0,0,0
-1,-4,0,0,0,0,0,0,0
-4,0,0,0,0,0,0,0,0
-3,3,0,0,0,0,0,0,0
1,-4,0,0,0,0,0,0,0
-3,-2,0,0,0,0,0,0,0
-6,7,0,0,0,0,0,0,0
-4,8,0,0,0,0,0,0,0
-8,5,0,0,0,0,0,0,0
-9,3,0,0,0,0,0,0,0
-5,-3,0,0,0,0,0,0,0
-3,-7,0,0,0,0,0,0,0
1,-4,0,0,0,0,0,0,0
5,-1,0,0,0,0,0,0,0
-1,2,0,0,0,0,0,0,0
-3,0,0,0,0,0,0,0,0
0,-5,0,0,0,0,0,0,0
-2,-2,0,0,0,0,0,0,0
1,4,0,0,0,0,0,0,0
6,1,0,0,0,0,0,0,0
-1,-3,0,0,0,0,0,0,0
-7,4,0,0,0,0,0,0,0
2,10,0,0,0,0,0,0,0
12,6,0,0,0,0,0,0,0
12,4,0,0,0,0,0,0,0
2,3,0,0,0,0,0,0,0
-3,-2,0,0,0,0,0,0,0
0,-4,0,0,0,0,0,0,0
-1,-2,0,0,0,0,0,0,0
-4,-3,0,0,0,0,0,0,0
2,-6,0,0,0,0,0,0,0
9,-4,0,0,0,0,0,0,0
6,0,0,0,0,0,0,0,0
3,4,0,0,0,0,0,0,0
4,7,0,0,0,0,0,0,0
3,1,0,0,0,0,0,0,0
2,1,0,0,0,0,0,0,0
4,8,0,0,0,0,0,0,0
5,5,0,0,0,0,0,0,0
2,-4,0,0,0,0,0,0,0
0,-6,0,0,0,0,0,0,0
1,-3,0,0,0,0,0,0,0
-1,-2,0,0,0,0,0,0,0
-4,-1,0,0,0,0,0,0,0
-1,5,0,0,0,0,0,0,0
4,7,0,0,0,0,0,0,0
2,2,0,0,0,0,0,0,0
-2,-1,0,0,0,0,0,0,0
-1,2,0,0,0,0,0,0,0
-2,3,0,0,0,0,0,0,0
-3,6,0,0,0,0,0,0,0
1,4,0,0,0,0,0,0,0
-5,-3,0,0,0,0,0,0,0
-9,-4,0,0,0,0,0,0,0
-2,2,0,0,0,0,0,0,0
-2,1,0,0,0,0,0,0,0
-6,-4,0,0,0,0,0,0,0
1,-4,0,0,0,0,0,0,0
6,-2,0,0,0,0,0,0,0
3,-2,0,0,0,0,0,0,0
2,-2,0,0,0,0,0,0,0
3,-3,0,0,0,0,0,0,0
0,-1,0,0,0,0,0,0,0
-3,4,0,0,0,0,0,0,0
-2,2,0,0,0,0,0,0,0
3,-5,0,0,0,0,0,0,0
4,-3,0,0,0,0,0,0,0
2,2,0,0,0,0,0,0,0
2,4,0,0,0,0,0,0,0
2,1,0,0,0,0,0,0,0
2,-3,0,0,0,0,0,0,0
1,-2,0,0,0,0,0,0,0
-1,3,0,0,0,0,0,0,0
-4,8,0,0,0,0,0,0,0
-2,9,0,0,0,0,0,0,0
4,6,0,0,0,0,0,0,0
4,-2,0,0,0,0,0,0,0
-3,-4,0,0,0,0,0,0,0
-6,4,0,0,0,0,0,0,0
-2,9,0,0,0,0,0,0,0
2,4,0,0,0,0,0,0,0
-2,3,0,0,0,0,0,0,0
-6,5,0,0,0,0,0,0,0
-4,2,0,0,0,0,0,0,0
-4,-3,0,0,0,0,0,0,0
-7,0,0,0,0,0,0,0,0
-1,5,0,0,0,0,0,0,0
6,4,0,0,0,0,0,0,0
1,1,0,0,0,0,0,0,0
-5,2,0,0,0,0,0,0,0
-2,0,0,0,0,0,0,0,0
4,-5,0,0,0,0,0,0,0
3,-8,0,0,0,0,0,0,0
1,-6,0,0,0,0,0,0,0
2,-5,0,0,0,0,0,0,0
2,-3,0,0,0,0,0,0,0
1,1,0,0,0,0,0,0,0
2,4,0,0,0,0,0,0,0
2,-3,0,0,0,0,0,0,0
1,-8,0,0,0,0,0,0,0
-3,-6,0,0,0,0,0,0,0
-4,-4,0,0,0,0,0,0,0
0,-5,0,0,0,0,0,0,0
-2,-3,0,0,0,0,0,0,0
-2,3,0,0,0,0,0,0,0
9,5,0,0,0,0,0,0,0
9,0,0,0,0,0,0,0,0
-3,1,0,0,0,0,0,0,0
-3,4,0,0,0,0,0,0,0
3,-3,0,0,0,0,0,0,0
2,-6,0,0,0,0,0,0,0
0,3,0,0,0,0,0,0,0
-1,7,0,0,0,0,0,0,0
-7,2,0,0,0,0,0,0,0
-5,-3,0,0,0,0,0,0,0
1,-4,0,0,0,0,0,0,0
1,-1,0,0,0,0,0,0,0
-2,0,0,0,0,0,0,0,0
-1,-2,0,0,0,0,0,0,0
-3,-2,0,0,0,0,0,0,0
-4,-1,0,0,0,0,0,0,0
3,-1,0,0,0,0,0,0,0
5,-4,0,0,0,0,0,0,0
-6,-9,0,0,0,0,0,0,0
-7,-10,0,0,0,0,0,0,0
3,-2,0,0,0,0,0,0,0
0,4,0,0,0,0,0,0,0
-7,0,0,0,0,0,0,0,0
-2,-3,0,0,0,0,0,0,0
4,3,0,0,0,0,0,0,0
1,8,0,0,0,0,0,0,0
-1,2,0,0,0,0,0,0,0
-1,-2,0,0,0,0,0,0,0
-5,3,0,0,0,0,0,0,0
-3,2,0,0,0,0,0,0,0
3,-2,0,0,0,0,0,0,0
1,1,0,0,0,0,0,0,0
-5,5,0,0,0,0,0,0,0
-1,0,0,0,0,0,0,0,0
4,1,0,0,0,0,0,0,0
3,8,0,0,0,0,0,0,0
2,5,0,0,0,0,0,0,0
4,-6,0,0,0,0,0,0,0
2,-6,0,0,0,0,0,0,0
-1,-1,0,0,0,0,0,0,0
1,2,0,0,0,0,0,0,0
1,2,0,0,0,0,0,0,0
-1,0,0,0,0,0,0,0,0
-4,1,0,0,0,0,0,0,0
-4,2,0,0,0,0,0,0,0
-2,-2,0,0,0,0,0,0,0
-2,-4,0,0,0,0,0,0,0
2,2,0,0,0,0,0,0,0
2,8,0,0,0,0,0,0,0
-3,4,0,0,0,0,0,0,0
-1,1,0,0,0,0,0,0,0
5,-3,0,0,0,0,0,0,0
2,-8,0,0,0,0,0,0,0
-4,-5,0,0,0,0,0,0,0
1,4,0,0,0,0,0,0,0
4,4,0,0,0,0,0,0,0
-2,-3,0,0,0,0,0,0,0
-4,-3,0,0,0,0,0,0,0
1,2,0,0,0,0,0,0,0
1,-1,0,0,0,0,0,0,0
2,-6,0,0,0,0,0,0,0
4,-10,0,0,0,0,0,0,0
2,-7,0,0,0,0,0,0,0
0,4,0,0,0,0,0,0,0
-3,6,0,0,0,0,0,0,0
-1,2,0,0,0,0,0,0,0
2,4,0,0,0,0,0,0,0
-2,1,0,0,0,0,0,0,0
-2,-7,0,0,0,0,0,0,0
5,-4,0,0,0,0,0,0,0
3,0,0,0,0,0,0,0,0
-5,-3,0,0,0,0,0,0,0
0,-1,0,0,0,0,0,0,0
7,4,0,0,0,0,0,0,0
2,0,0,0,0,0,0,0,0
-5,-3,0,0,0,0,0,0,0
-5,1,0,0,0,0,0,0,0
2,1,0,0,0,0,0,0,0
6,-5,0,0,0,0,0,0,0
2,-2,0,0,0,0,0,0,0
-3,7,0,0,0,0,0,0,0
0,7,0,0,0,0,0,0,0
4,2,0,0,0,0,0,0,0
3,3,0,0,0,0,0,0,0
2,8,0,0,0,0,0,0,0
3,5,0,0,0,0,0,0,0
3,-2,0,0,0,0,0,0,0
1,-3,0,0,0,0,0,0,0
3,3,0,0,0,0,0,0,0
3,1,0,0,0,0,0,0,0
-2,-5,0,0,0,0,0,0,0
-1,-3,0,0,0,0,0,0,0
2,4,0,0,0,0,0,0,0
-4,4,0,0,0,0,0,0,0
-8,-3,0,0,0,0,0,0,0
-1,-6,0,0,0,0,0,0,0
-1,-4,0,0,0,0,0,0,0
-8,-2,0,0,0,0,0,0,0
-5,1,0,0,0,0,0,0,0
4,2,0,0,0,0,0,0,0
6,-4,0,0,0,0,0,0,0
3,-5,0,0,0,0,0,0,0
3,2,0,0,0,0,0,0,0
4,5,0,0,0,0,0,0,0
3,1,0,0,0,0,0,0,0
-2,-1,0,0,0,0,0,0,0
1,2,0,0,0,0,0,0,0
8,2,0,0,0,0,0,0,0
6,-4,0,0,0,0,0,0,0
-1,-2,0,0,0,0,0,0,0
-4,5,0,0,0,0,0,0,0
-1,2,0,0,0,0,0,0,0
-2,-3,0,0,0,0,0,0,0
-7,-1,0,0,0,0,0,0,0
-5,2,0,0,0,0,0,0,0
3,6,0,0,0,0,0,0,0
0,9,0,0,0,0,0,0,0
-7,5,0,0,0,0,0,0,0
-4,-3,0,0,0,0,0,0,0
4,-3,0,0,0,0,0,0,0
4,4,0,0,0,0,0,0,0
0,7,0,0,0,0,0,0,0
1,5,0,0,0,0,0,0,0
6,1,0,0,0,0,0,0,0
5,-3,0,0,0,0,0,0,0
2,-6,0,0,0,0,0,0,0
3,-3,0,0,0,0,0,0,0
4,-2,0,0,0,0,0,0,0
2,-5,0,0,0,0,0,0,0
-4,-3,0,0,0,0,0,0,0
-7,-1,0,0,0,0,0,0,0
-1,0,0,0,0,0,0,0,0
4,2,0,0,0,0,0,0,0
6,1,0,0,0,0,0,0,0
6,-5,0,0,0,0,0,0,0
1,-4,0,0,0,0,0,0,0
0,1,0,0,0,0,0,0,0
4,2,0,0,0,0,0,0,0
3,2,0,0,0,0,0,0,0
-1,5,0,0,0,0,0,0,0
-2,5,0,0,0,0,0,0,0
-5,-1,0,0,0,0,0,0,0
-3,-6,0,0,0,0,0,0,0
2,-4,0,0,0,0,0,0,0
2,-2,0,0,0,0,0,0,0
-2,-2,0,0,0,0,0,0,0
-5,0,0,0,0,0,0,0,0
-2,4,0,0,0,0,0,0,0
4,2,0,0,0,0,0,0,0
3,-5,0,0,0,0,0,0,0
-1,-5,0,0,0,0,0,0,0
0,2,0,0,0,0,0,0,0
1,5,0,0,0,0,0,0,0
0,-1,0,0,0,0,0,0,0
-3,-4,0,0,0,0,0,0,0
-5,3,0,0,0,0,0,0,0
-4,6,0,0,0,0,0,0,0
-3,0,0,0,0,0,0,0,0
0,-2,0,0,0,0,0,0,0
8,-3,0,0,0,0,0,0,0
5,-4,0,0,0,0,0,0,0
-7,-2,0,0,0,0,0,0,0
-6,-3,0,0,0,0,0,0,0
3,-1,0,0,0,0,0,0,0
0,5,0,0,0,0,0,0,0
-8,4,0,0,0,0,0,0,0
-5,0,0,0,0,0,0,0,0
-3,-1,0,0,0,0,0,0,0
-4,-1,0,0,0,0,0,0,0
0,1,0,0,0,0,0,0,0
2,2,0,0,0,0,0,0,0
0,-2,0,0,0,0,0,0,0
0,0,0,0,0,0,0,0,0
1,3,0,0,0,0,0,0,0
0,-3,0,0,0,0,0,0,0
1,-5,0,0,0,0,0,0,0
2,1,0,0,0,0,0,0,0
0,4,0,0,0,0,0,0,0
-2,3,0,0,0,0,0,0,0
-1,3,0,0,0,0,0,0,0
-4,3,0,0,0,0,0,0,0
-5,3,0,0,0,0,0,0,0
0,0,0,0,0,0,0,0,0
-3,-1,0,0,0,0,0,0,0
-5,1,0,0,0,0,0,0,0
1,1,0,0,0,0,0,0,0
3,1,0,0,0,0,0,0,0
-1,7,0,0,0,0,0,0,0
1,8,0,0,0,0,0,0,0
2,1,0,0,0,0,0,0,0
2,-2,0,0,0,0,0,0,0
-1,0,0,0,0,0,0,0,0
-7,4,0,0,0,0,0,0,0
-8,3,0,0,0,0,0,0,0
1,-5,0,0,0,0,0,0,0
6,-10,0,0,0,0,0,0,0
-2,-6,0,0,0,0,0,0,0
-4,-5,0,0,0,0,0,0,0
5,-5,0,0,0,0,0,0,0
6,2,0,0,0,0,0,0,0
-8,6,0,0,0,0,0,0,0
-13,-2,0,0,0,0,0,0,0
-4,-4,0,0,0,0,0,0,0
2,0,0,0,0,0,0,0,0
3,1,0,0,0,0,0,0,0
3,1,0,0,0,0,0,0,0
3,-3,0,0,0,0,0,0,0
3,-6,0,0,0,0,0,0,0
2,0,0,0,0,0,0,0,0
2,0,0,0,0,0,0,0,0
2,-9,0,0,0,0,0,0,0
2,-6,0,0,0,0,0,0,0
1,6,0,0,0,0,0,0,0
0,7,0,0,0,0,0,0,0
1,2,0,0,0,0,0,0,0
0,2,0,0,0,0,0,0,0
-4,2,0,0,0,0,0,0,0
-3,-3,0,0,0,0,0,0,0
2,-2,0,0,0,0,0,0,0
-1,4,0,0,0,0,0,0,0
-2,4,0,0,0,0,0,0,0
2,1,0,0,0,0,0,0,0
-1,2,0,0,0,0,0,0,0
-4,0,0,0,0,0,0,0,0
5,-3,0,0,0,0,0,0,0
11,0,0,0,0,0,0,0,0
5,2,0,0,0,0,0,0,0
-1,-4,0,0,0,0,0,0,0
0,-4,0,0,0,0,0,0,0
3,4,0,0,0,0,0,0,0
1,3,0,0,0,0,0,0,0
-3,-3,0,0,0,0,0,0,0
-2,-6,0,0,0,0,0,0,0
4,-8,0,0,0,0,0,0,0
2,-6,0,0,0,0,0,0,0
-1,-1,0,0,0,0,0,0,0
1,-3,0,0,0,0,0,0,0
3,-8,0,0,0,0,0,0,0
1,-5,0,0,0,0,0,0,0
2,0,0,0,0,0,0,0,0
1,3,0,0,0,0,0,0,0
-6,5,0,0,0,0,0,0,0
-10,4,0,0,0,0,0,0,0
-5,1,0,0,0,0,0,0,0
0,-2,0,0,0,0,0,0,0
-1,-4,0,0,0,0,0,0,0
0,0,0,0,0,0,0,0,0
5,4,0,0,0,0,0,0,0
2,-3,0,0,0,0,0,0,0
-7,-7,0,0,0,0,0,0,0
-8,-3,0,0,0,0,0,0,0
-1,4,0,0,0,0,0,0,0
10,5,0,0,0,0,0,0,0
10,0,0,0,0,0,0,0,0
1,-2,0,0,0,0,0,0,0
-1,0,0,0,0,0,0,0,0
4,2,0,0,0,0,0,0,0
2,4,0,0,0,0,0,0,0
-5,2,0,0,0,0,0,0,0
-7,2,0,0,0,0,0,0,0
1,7,0,0,0,0,0,0,0
4,4,0,0,0,0,0,0,0
-4,-5,0,0,0,0,0,0,0
-7,-5,0,0,0,0,0,0,0
0,1,0,0,0,0,0,0,0
2,-1,0,0,0,0,0,0,0
2,-7,0,0,0,0,0,0,0
6,-5,0,0,0,0,0,0,0
5,-1,0,0,0,0,0,0,0
3,1,0,0,0,0,0,0,0
5,1,0,0,0,0,0,0,0
3,2,0,0,0,0,0,0,0
-3,6,0,0,0,0,0,0,0
-3,3,0,0,0,0,0,0,0
0,-2,0,0,0,0,0,0,0
0,-2,0,0,0,0,0,0,0
3,-3,0,0,0,0,0,0,0
3,-3,0,0,0,0,0,0,0
-2,4,0,0,0,0,0,0,0
-2,9,0,0,0,0,0,0,0
0,5,0,0,0,0,0,0,0
-6,-1,0,0,0,0,0,0,0
-6,1,0,0,0,0,0,0,0
3,4,0,0,0,0,0,0,0
5,-2,0,0,0,0,0,0,0
-1,-7,0,0,0,0,0,0,0
-3,-4,0,0,0,0,0,0,0
0,-1,0,0,0,0,0,0,0
2,-1,0,0,0,0,0,0,0
5,1,0,0,0,0,0,0,0
5,2,0,0,0,0,0,0,0
2,2,0,0,0,0,0,0,0
3,5,0,0,0,0,0,0,0
2,0,0,0,0,0,0,0,0
-2,-6,0,0,0,0,0,0,0
0,1,0,0,0,0,0,0,0
6,3,0,0,0,0,0,0,0
6,-5,0,0,0,0,0,0,0
2,-5,0,0,0,0,0,0,0
1,0,0,0,0,0,0,0,0
1,-2,0,0,0,0,0,0,0
0,-1,0,0,0,0,0,0,0
1,0,0,0,0,0,0,0,0
1,0,0,0,0,0,0,0,0
1,5,0,0,0,0,0,0,0
1,10,0,0,0,0,0,0,0
0,6,0,0,0,0,0,0,0
0,-1,0,0,0,0,0,0,0
1,-1,0,0,0,0,0,0,0
0,4,0,0,0,0,0,0,0
-1,4,0,0,0,0,0,0,0
0,3,0,0,0,0,0,0,0
1,7,0,0,0,0,0,0,0
1,7,0,0,0,0,0,0,0
-1,1,0,0,0,0,0,0,0
-8,0,0,0,0,0,0,0,0
-10,1,0,0,0,0,0,0,0
0,-4,0,0,0,0,0,0,0
6,-4,0,0,0,0,0,0,0
1,0,0,0,0,0,0,0,0
-1,2,0,0,0,0,0,0,0
2,-1,0,0,0,0,0,0,0
0,-2,0,0,0,0,0,0,0
-7,2,0,0,0,0,0,0,0
-6,4,0,0,0,0,0,0,0
-4,3,0,0,0,0,0,0,0
-9,5,0,0,0,0,0,0,0
-8,4,0,0,0,0,0,0,0
0,-4,0,0,0,0,0,0,0
-1,-6,0,0,0,0,0,0,0
-3,2,0,0,0,0,0,0,0
2,6,0,0,0,0,0,0,0
4,-1,0,0,0,0,0,0,0
1,-3,0,0,0,0,0,0,0
-1,2,0,0,0,0,0,0,0
-5,3,0,0,0,0,0,0,0
-7,5,0,0,0,0,0,0,0
-1,5,0,0,0,0,0,0,0
6,1,0,0,0,0,0,0,0
4,-5,0,0,0,0,0,0,0
2,-4,0,0,0,0,0,0,0
4,-2,0,0,0,0,0,0,0
3,-2,0,0,0,0,0,0,0
0,-4,0,0,0,0,0,0,0
1,-7,0,0,0,0,0,0,0
1,-6,0,0,0,0,0,0,0
0,-1,0,0,0,0,0,0,0
-5,2,0,0,0,0,0,0,0
-7,-1,0,0,0,0,0,0,0
-1,-4,0,0,0,0,0,0,0
6,-5,0,0,0,0,0,0,0
2,-3,0,0,0,0,0,0,0
0,0,0,0,0,0,0,0,0
3,-2,0,0,0,0,0,0,0
2,-4,0,0,0,0,0,0,0
1,-2,0,0,0,0,0,0,0
1,1,0,0,0,0,0,0,0
1,4,0,0,0,0,0,0,0
1,6,0,0,0,0,0,0,0
0,4,0,0,0,0,0,0,0
0,3,0,0,0,0,0,0,0
0,4,0,0,0,0,0,0,0
-3,2,0,0,0,0,0,0,0
-5,-4,0,0,0,0,0,0,0
-4,-6,0,0,0,0,0,0,0
-2,-3,0,0,0,0,0,0,0
-2,-3,0,0,0,0,0,0,0
-1,-6,0,0,0,0,0,0,0
-5,-6,0,0,0,0,0,0,0
-9,-1,0,0,0,0,0,0,0
-1,4,0,0,0,0,0,0,0
5,5,0,0,0,0,0,0,0
1,-2,0,0,0,0,0,0,0
-1,-6,0,0,0,0,0,0,0
-1,-3,0,0,0,0,0,0,0
-1,-2,0,0,0,0,0,0,0
4,-4,0,0,0,0,0,0,0
2,-2,0,0,0,0,0,0,0
-6,0,0,0,0,0,0,0,0
-6,5,0,0,0,0,0,0,0
0,9,0,0,0,0,0,0,0
1,5,0,0,0,0,0,0,0
0,-3,0,0,0,0,0,0,0
8,-6,0,0,0,0,0,0,0
12,-1,0,0,0,0,0,0,0
5,5,0,0,0,0,0,0,0
-4,7,0,0,0,0,0,0,0
-4,3,0,0,0,0,0,0,0
-1,-4,0,0,0,0,0,0,0
1,-6,0,0,0,0,0,0,0
-3,-1,0,0,0,0,0,0,0
-2,2,0,0,0,0,0,0,0
4,-2,0,0,0,0,0,0,0
5,-5,0,0,0,0,0,0,0
0,2,0,0,0,0,0,0,0
-5,9,0,0,0,0,0,0,0
-6,4,0,0,0,0,0,0,0
0,-3,0,0,0,0,0,0,0
5,1,0,0,0,0,0,0,0
6,6,0,0,0,0,0,0,0
9,0,0,0,0,0,0,0,0
8,-5,0,0,0,0,0,0,0
-1,-2,0,0,0,0,0,0,0
-1,-3,0,0,0,0,0,0,0
1,-1,0,0,0,0,0,0,0
-4,2,0,0,0,0,0,0,0
-6,0,0,0,0,0,0,0,0
0,1,0,0,0,0,0,0,0
3,2,0,0,0,0,0,0,0
1,1,0,0,0,0,0,0,0
-3,1,0,0,0,0,0,0,0
-2,5,0,0,0,0,0,0,0
-4,5,0,0,0,0,0,0,0
-6,2,0,0,0,0,0,0,0
5,0,0,0,0,0,0,0,0
11,-5,0,0,0,0,0,0,0
2,-9,0,0,0,0,0,0,0
-1,-7,0,0,0,0,0,0,0
-1,-5,0,0,0,0,0,0,0
-4,-3,0,0,0,0,0,0,0
-2,1,0,0,0,0,0,0,0
1,1,0,0,0,0,0,0,0
0,-2,0,0,0,0,0,0,0
-4,4,0,0,0,0,0,0,0
-3,8,0,0,0,0,0,0,0
3,4,0,0,0,0,0,0,0
3,2,0,0,0,0,0,0,0
0,5,0,0,0,0,0,0,0
1,3,0,0,0,0,0,0,0
4,-5,0,0,0,0,0,0,0
5,-8,0,0,0,0,0,0,0
-2,-3,0,0,0,0,0,0,0
-10,2,0,0,0,0,0,0,0
-4,-1,0,0,0,0,0,0,0
2,-6,0,0,0,0,0,0,0
-1,-3,0,0,0,0,0,0,0
1,0,0,0,0,0,0,0,0
-2,0,0,0,0,0,0,0,0
-8,-1,0,0,0,0,0,0,0
-2,-1,0,0,0,0,0,0,0
3,-3,0,0,0,0,0,0,0
0,-1,0,0,0,0,0,0,0
3,0,0,0,0,0,0,0,0
4,-4,0,0,0,0,0,0,0
-3,1,0,0,0,0,0,0,0
-3,5,0,0,0,0,0,0,0
1,-4,0,0,0,0,0,0,0
2,-5,0,0,0,0,0,0,0
7,6,0,0,0,0,0,0,0
11,7,0,0,0,0,0,0,0
6,0,0,0,0,0,0,0,0
-6,1,0,0,0,0,0,0,0
-8,2,0,0,0,0,0,0,0
2,-4,0,0,0,0,0,0,0
6,-7,0,0,0,0,0,0,0
0,-3,0,0,0,0,0,0,0
0,1,0,0,0,0,0,0,0
5,7,0,0,0,0,0,0,0
7,9,0,0,0,0,0,0,0
4,1,0,0,0,0,0,0,0
0,-1,0,0,0,0,0,0,0
0,2,0,0,0,0,0,0,0
1,-1,0,0,0,0,0,0,0
-1,2,0,0,0,0,0,0,0
0,7,0,0,0,0,0,0,0
0,-1,0,0,0,0,0,0,0
-1,-4,0,0,0,0,0,0,0
-1,5,0,0,0,0,0,0,0
0,7,0,0,0,0,0,0,0
1,1,0,0,0,0,0,0,0
1,-4,0,0,0,0,0,0,0
-1,-6,0,0,0,0,0,0,0
-2,-6,0,0,0,0,0,0,0
-2,-1,0,0,0,0,0,0,0
-3,3,0,0,0,0,0,0,0
-3,3,0,0,0,0,0,0,0
0,1,0,0,0,0,0,0,0
0,-1,0,0,0,0,0,0,0
-4,-3,0,0,0,0,0,0,0
-7,1,0,0,0,0,0,0,0
-3,4,0,0,0,0,0,0,0
1,3,0,0,0,0,0,0,0
-4,4,0,0,0,0,0,0,0
-6,2,0,0,0,0,0,0,0
0,1,0,0,0,0,0,0,0
2,5,0,0,0,0,0,0,0
0,-1,0,0,0,0,0,0,0
-2,-9,0,0,0,0,0,0,0
-6,-3,0,0,0,0,0,0,0
-5,3,0,0,0,0,0,0,0
-2,-2,0,0,0,0,0,0,0
1,-4,0,0,0,0,0,0,0
7,4,0,0,0,0,0,0,0
6,8,0,0,0,0,0,0,0
-8,2,0,0,0,0,0,0,0
-10,-3,0,0,0,0,0,0,0
0,-2,0,0,0,0,0,0,0
-1,1,0,0,0,0,0,0,0
-5,0,0,0,0,0,0,0,0
-2,-8,0,0,0,0,0,0,0
1,-5,0,0,0,0,0,0,0
2,5,0,0,0,0,0,0,0
-1,5,0,0,0,0,0,0,0
-2,-5,0,0,0,0,0,0,0
0,-6,0,0,0,0,0,0,0
2,1,0,0,0,0,0,0,0
2,2,0,0,0,0,0,0,0
0,-5,0,0,0,0,0,0,0
0,-2,0,0,0,0,0,0,0
5,4,0,0,0,0,0,0,0
3,1,0,0,0,0,0,0,0
-2,-4,0,0,0,0,0,0,0
0,-2,0,0,0,0,0,0,0
0,3,0,0,0,0,0,0,0
-4,1,0,0,0,0,0,0,0
1,-1,0,0,0,0,0,0,0
8,4,0,0,0,0,0,0,0
5,1,0,0,0,0,0,0,0
3,-7,0,0,0,0,0,0,0
5,-5,0,0,0,0,0,0,0
3,-1,0,0,0,0,0,0,0
-2,0,0,0,0,0,0,0,0
-5,3,0,0,0,0,0,0,0
-4,1,0,0,0,0,0,0,0
2,-5,0,0,0,0,0,0,0
6,-1,0,0,0,0,0,0,0
3,7,0,0,0,0,0,0,0
0,2,0,0,0,0,0,0,0
-4,-6,0,0,0,0,0,0,0
-8,-2,0,0,0,0,0,0,0
-3,3,0,0,0,0,0,0,0
3,5,0,0,0,0,0,0,0
-1,8,0,0,0,0,0,0,0
-4,7,0,0,0,0,0,0,0
3,5,0,0,0,0,0,0,0
10,1,0,0,0,0,0,0,0
6,-4,0,0,0,0,0,0,0
4,-4,0,0,0,0,0,0,0
5,-3,0,0,0,0,0,0,0
3,-1,0,0,0,0,0,0,0
-1,3,0,0,0,0,0,0,0
0,2,0,0,0,0,0,0,0
4,-3,0,0,0,0,0,0,0
0,2,0,0,0,0,0,0,0
-3,8,0,0,0,0,0,0,0
0,1,0,0,0,0,0,0,0
-1,-3,0,0,0,0,0,0,0
-4,0,0,0,0,0,0,0,0
-4,-1,0,0,0,0,0,0,0
1,0,0,0,0,0,0,0,0
6,1,0,0,0,0,0,0,0
5,-6,0,0,0,0,0,0,0
5,-6,0,0,0,0,0,0,0
3,4,0,0,0,0,0,0,0
0,6,0,0,0,0,0,0,0
0,-1,0,0,0,0,0,0,0
1,-2,0,0,0,0,0,0,0
1,1,0,0,0,0,0,0,0
2,2,0,0,0,0,0,0,0
1,5,0,0,0,0,0,0,0
-1,5,0,0,0,0,0,0,0
1,-4,0,0,0,0,0,0,0
3,-6,0,0,0,0,0,0,0
3,0,0,0,0,0,0,0,0
6,3,0,0,0,0,0,0,0
3,3,0,0,0,0,0,0,0
-7,5,0,0,0,0,0,0,0
-6,-2,0,0,0,0,0,0,0
3,-8,0,0,0,0,0,0,0
-1,-2,0,0,0,0,0,0,0
-8,1,0,0,0,0,0,0,0
-3,-3,0,0,0,0,0,0,0
3,-1,0,0,0,0,0,0,0
-1,0,0,0,0,0,0,0,0
-3,-4,0,0,0,0,0,0,0
-4,-6,0,0,0,0,0,0,0
-4,-4,0,0,0,0,0,0,0
1,4,0,0,0,0,0,0,0
2,5,0,0,0,0,0,0,0
-3,-2,0,0,0,0,0,0,0
-7,-7,0,0,0,0,0,0,0
-8,-4,0,0,0,0,0,0,0
-2,-1,0,0,0,0,0,0,0
3,3,0,0,0,0,0,0,0
1,5,0,0,0,0,0,0,0
-2,0,0,0,0,0,0,0,0
-4,-2,0,0,0,0,0,0,0
-3,1,0,0,0,0,0,0,0
2,1,0,0,0,0,0,0,0
4,-2,0,0,0,0,0,0,0
2,-1,0,0,0,0,0,0,0
1,0,0,0,0,0,0,0,0
5,1,0,0,0,0,0,0,0
6,4,0,0,0,0,0,0,0
-2,0,0,0,0,0,0,0,0
-7,-5,0,0,0,0,0,0,0
-2,-3,0,0,0,0,0,0,0
-3,-4,0,0,0,0,0,0,0
-6,-4,0,0,0,0,0,0,0
-3,2,0,0,0,0,0,0,0
-3,0,0,0,0,0,0,0,0
-6,-7,0,0,0,0,0,0,0
-6,-4,0,0,0,0,0,0,0
0,2,0,0,0,0,0,0,0
3,2,0,0,0,0,0,0,0
-5,2,0,0,0,0,0,0,0
-10,5,0,0,0,0,0,0,0
-4,0,0,0,0,0,0,0,0
4,-6,0,0,0,0,0,0,0
7,3,0,0,0,0,0,0,0
5,8,0,0,0,0,0,0,0
4,0,0,0,0,0,0,0,0
1,-2,0,0,0,0,0,0,0
-4,3,0,0,0,0,0,0,0
2,3,0,0,0,0,0,0,0
12,4,0,0,0,0,0,0,0
7,3,0,0,0,0,0,0,0
-3,-6,0,0,0,0,0,0,0
0,-10,0,0,0,0,0,0,0
5,-4,0,0,0,0,0,0,0
4,2,0,0,0,0,0,0,0
-1,1,0,0,0,0,0,0,0
-5,-2,0,0,0,0,0,0,0
1,2,0,0,0,0,0,0,0
4,7,0,0,0,0,0,0,0
-2,2,0,0,0,0,0,0,0
-1,-3,0,0,0,0,0,0,0
0,-1,0,0,0,0,0,0,0
-5,0,0,0,0,0,0,0,0
-4,-2,0,0,0,0,0,0,0
3,0,0,0,0,0,0,0,0
2,3,0,0,0,0,0,0,0
-3,-1,0,0,0,0,0,0,0
-7,-1,0,0,0,0,0,0,0
-9,2,0,0,0,0,0,0,0
-5,2,0,0,0,0,0,0,0
3,3,0,0,0,0,0,0,0
7,4,0,0,0,0,0,0,0
4,-1,0,0,0,0,0,0,0
1,-8,0,0,0,0,0,0,0
1,-4,0,0,0,0,0,0,0
0,3,0,0,0,0,0,0,0
4,3,0,0,0,0,0,0,0
8,3,0,0,0,0,0,0,0
1,3,0,0,0,0,0,0,0
-2,-1,0,0,0,0,0,0,0
1,-3,0,0,0,0,0,0,0
2,-2,0,0,0,0,0,0,0
0,-5,0,0,0,0,0,0,0
-5,-4,0,0,0,0,0,0,0
-11,3,0,0,0,0,0,0,0
-6,1,0,0,0,0,0,0,0
2,-1,0,0,0,0,0,0,0
4,4,0,0,0,0,0,0,0
1,0,0,0,0,0,0,0,0
0,-7,0,0,0,0,0,0,0
2,-2,0,0,0,0,0,0,0
3,7,0,0,0,0,0,0,0
1,7,0,0,0,0,0,0,0
1,5,0,0,0,0,0,0,0
1,3,0,0,0,0,0,0,0
-1,-1,0,0,0,0,0,0,0
-4,0,0,0,0,0,0,0,0
-1,5,0,0,0,0,0,0,0
4,2,0,0,0,0,0,0,0
3,-6,0,0,0,0,0,0,0
0,-6,0,0,0,0,0,0,0
4,-1,0,0,0,0,0,0,0
5,0,0,0,0,0,0,0,0
-1,1,0,0,0,0,0,0,0
-6,6,0,0,0,0,0,0,0
-2,4,0,0,0,0,0,0,0
4,-5,0,0,0,0,0,0,0
2,-6,0,0,0,0,0,0,0
-1,4,0,0,0,0,0,0,0
1,8,0,0,0,0,0,0,0
3,1,0,0,0,0,0,0,0
0,-7,0,0,0,0,0,0,0
-4,-5,0,0,0,0,0,0,0
-3,0,0,0,0,0,0,0,0
3,0,0,0,0,0,0,0,0
2,-1,0,0,0,0,0,0,0
0,5,0,0,0,0,0,0,0
1,4,0,0,0,0,0,0,0
2,-5,0,0,0,0,0,0,0
-1,-5,0,0,0,0,0,0,0
-5,0,0,0,0,0,0,0,0
-4,-1,0,0,0,0,0,0,0
3,-4,0,0,0,0,0,0,0
5,-2,0,0,0,0,0,0,0
-2,1,0,0,0,0,0,0,0
-5,0,0,0,0,0,0,0,0
2,0,0,0,0,0,0,0,0
4,3,0,0,0,0,0,0,0
-1,5,0,0,0,0,0,0,0
-3,3,0,0,0,0,0,0,0
-5,2,0,0,0,0,0,0,0
-4,-3,0,0,0,0,0,0,0
2,-6,0,0,0,0,0,0,0
1,-2,0,0,0,0,0,0,0
-7,1,0,0,0,0,0,0,0
-7,0,0,0,0,0,0,0,0
2,1,0,0,0,0,0,0,0
6,-1,0,0,0,0,0,0,0
1,-2,0,0,0,0,0,0,0
1,0,0,0,0,0,0,0,0
2,1,0,0,0,0,0,0,0
-4,1,0,0,0,0,0,0,0
-5,-2,0,0,0,0,0,0,0
-1,-2,0,0,0,0,0,0,0
-2,5,0,0,0,0,0,0,0
-5,6,0,0,0,0,0,0,0
-5,2,0,0,0,0,0,0,0
1,-3,0,0,0,0,0,0,0
5,-5,0,0,0,0,0,0,0
2,0,0,0,0,0,0,0,0
-2,4,0,0,0,0,0,0,0
0,-1,0,0,0,0,0,0,0
5,0,0,0,0,0,0,0,0
4,5,0,0,0,0,0,0,0
1,-3,0,0,0,0,0,0,0
-1,-11,0,0,0,0,0,0,0
1,-5,0,0,0,0,0,0,0
5,-2,0,0,0,0,0,0,0
2,-6,0,0,0,0,0,0,0
-4,-3,0,0,0,0,0,0,0
0,3,0,0,0,0,0,0,0
6,0,0,0,0,0,0,0,0
4,-4,0,0,0,0,0,0,0
1,2,0,0,0,0,0,0,0
1,6,0,0,0,0,0,0,0
-4,-3,0,0,0,0,0,0,0
-6,-8,0,0,0,0,0,0,0
1,-3,0,0,0,0,0,0,0
5,-1,0,0,0,0,0,0,0
3,-3,0,0,0,0,0,0,0
3,0,0,0,0,0,0,0,0
2,5,0,0,0,0,0,0,0
-3,3,0,0,0,0,0,0,0
0,0,0,0,0,0,0,0,0
10,1,0,0,0,0,0,0,0
3,1,0,0,0,0,0,0,0
-7,4,0,0,0,0,0,0,0
-1,7,0,0,0,0,0,0,0
1,4,0,0,0,0,0,0,0
-2,2,0,0,0,0,0,0,0
2,4,0,0,0,0,0,0,0
-1,4,0,0,0,0,0,0,0
-3,5,0,0,0,0,0,0,0
5,4,0,0,0,0,0,0,0
5,-3,0,0,0,0,0,0,0
-1,-6,0,0,0,0,0,0,0
2,-4,0,0,0,0,0,0,0
3,-5,0,0,0,0,0,0,0
-4,-3,0,0,0,0,0,0,0
-5,2,0,0,0,0,0,0,0
-3,1,0,0,0,0,0,0,0
-4,-1,0,0,0,0,0,0,0
0,2,0,0,0,0,0,0,0
5,1,0,0,0,0,0,0,0
1,-4,0,0,0,0,0,0,0
-1,3,0,0,0,0,0,0,0
3,6,0,0,0,0,0,0,0
4,2,0,0,0,0,0,0,0
1,4,0,0,0,0,0,0,0
-5,3,0,0,0,0,0,0,0
-9,2,0,0,0,0,0,0,0
-4,7,0,0,0,0,0,0,0
2,4,0,0,0,0,0,0,0
4,-3,0,0,0,0,0,0,0
0,-2,0,0,0,0,0,0,0
-4,1,0,0,0,0,0,0,0
-2,1,0,0,0,0,0,0,0
3,2,0,0,0,0,0,0,0
3,2,0,0,0,0,0,0,0
-1,0,0,0,0,0,0,0,0
-4,-1,0,0,0,0,0,0,0
-6,-5,0,0,0,0,0,0,0
1,-4,0,0,0,0,0,0,0
6,1,0,0,0,0,0,0,0
3,3,0,0,0,0,0,0,0
0,-1,0,0,0,0,0,0,0
-1,-3,0,0,0,0,0,0,0
-3,-6,0,0,0,0,0,0,0
-4,-5,0,0,0,0,0,0,0
-7,0,0,0,0,0,0,0,0
-7,2,0,0,0,0,0,0,0
-3,0,0,0,0,0,0,0,0
1,-4,0,0,0,0,0,0,0
3,-1,0,0,0,0,0,0,0
0,5,0,0,0,0,0,0,0
0,4,0,0,0,0,0,0,0
6,2,0,0,0,0,0,0,0
4,2,0,0,0,0,0,0,0
-3,-2,0,0,0,0,0,0,0
2,-6,0,0,0,0,0,0,0
14,-1,0,0,0,0,0,0,0
10,4,0,0,0,0,0,0,0
-1,3,0,0,0,0,0,0,0
0,1,0,0,0,0,0,0,0
5,6,0,0,0,0,0,0,0
2,6,0,0,0,0,0,0,0
-1,0,0,0,0,0,0,0,0
1,0,0,0,0,0,0,0,0
3,7,0,0,0,0,0,0,0
2,4,0,0,0,0,0,0,0
1,-5,0,0,0,0,0,0,0
-2,-3,0,0,0,0,0,0,0
-8,1,0,0,0,0,0,0,0
-10,0,0,0,0,0,0,0,0
-4,1,0,0,0,0,0,0,0
-3,-5,0,0,0,0,0,0,0
-6,-12,0,0,0,0,0,0,0
1,-3,0,0,0,0,0,0,0
6,7,0,0,0,0,0,0,0
-3,0,0,0,0,0,0,0,0
-7,-3,0,0,0,0,0,0,0
-1,4,0,0,0,0,0,0,0
-1,0,0,0,0,0,0,0,0
-4,-7,0,0,0,0,0,0,0
-5,-3,0,0,0,0,0,0,0
1,4,0,0,0,0,0,0,0
6,5,0,0,0,0,0,0,0
3,3,0,0,0,0,0,0,0
-1,-1,0,0,0,0,0,0,0
-2,-5,0,0,0,0,0,0,0
-2,-5,0,0,0,0,0,0,0
-3,2,0,0,0,0,0,0,0
-4,1,0,0,0,0,0,0,0
1,-8,0,0,0,0,0,0,0
6,-6,0,0,0,0,0,0,0
1,3,0,0,0,0,0,0,0
-4,6,0,0,0,0,0,0,0
1,3,0,0,0,0,0,0,0
6,3,0,0,0,0,0,0,0
4,4,0,0,0,0,0,0,0
1,2,0,0,0,0,0,0,0
4,1,0,0,0,0,0,0,0
4,0,0,0,0,0,0,0,0
0,-6,0,0,0,0,0,0,0
-6,-8,0,0,0,0,0,0,0
-7,0,0,0,0,0,0,0,0
-2,6,0,0,0,0,0,0,0
-1,1,0,0,0,0,0,0,0
-7,-7,0,0,0,0,0,0,0
-6,-7,0,0,0,0,0,0,0
-3,-2,0,0,0,0,0,0,0
-4,1,0,0,0,0,0,0,0
-3,-2,0,0,0,0,0,0,0
-1,-1,0,0,0,0,0,0,0
4,0,0,0,0,0,0,0,0
3,-3,0,0,0,0,0,0,0
-4,-7,0,0,0,0,0,0,0
-2,-4,0,0,0,0,0,0,0
8,1,0,0,0,0,0,0,0
12,-1,0,0,0,0,0,0,0
3,-5,0,0,0,0,0,0,0
-7,1,0,0,0,0,0,0,0
-3,7,0,0,0,0,0,0,0
8,1,0,0,0,0,0,0,0
7,-3,0,0,0,0,0,0,0
-3,0,0,0,0,0,0,0,0
-4,1,0,0,0,0,0,0,0
4,-2,0,0,0,0,0,0,0
8,-7,0,0,0,0,0,0,0
3,-4,0,0,0,0,0,0,0
3,5,0,0,0,0,0,0,0
6,6,0,0,0,0,0,0,0
4,-2,0,0,0,0,0,0,0
3,-4,0,0,0,0,0,0,0
4,3,0,0,0,0,0,0,0
2,1,0,0,0,0,0,0,0
-3,-6,0,0,0,0,0,0,0
-2,1,0,0,0,0,0,0,0
3,10,0,0,0,0,0,0,0
5,5,0,0,0,0,0,0,0
2,1,0,0,0,0,0,0,0
1,-1,0,0,0,0,0,0,0
2,-3,0,0,0,0,0,0,0
0,1,0,0,0,0,0,0,0
-4,2,0,0,0,0,0,0,0
-2,-4,0,0,0,0,0,0,0
4,-5,0,0,0,0,0,0,0
1,-1,0,0,0,0,0,0,0
-2,1,0,0,0,0,0,0,0
1,3,0,0,0,0,0,0,0
1,0,0,0,0,0,0,0,0
-6,-9,0,0,0,0,0,0,0
-8,-8,0,0,0,0,0,0,0
0,0,0,0,0,0,0,0,0
4,3,0,0,0,0,0,0,0
-2,5,0,0,0,0,0,0,0
-5,9,0,0,0,0,0,0,0
-1,4,0,0,0,0,0,0,0
-1,2,0,0,0,0,0,0,0
-2,8,0,0,0,0,0,0,0
-1,8,0,0,0,0,0,0,0
-4,3,0,0,0,0,0,0,0
-4,-1,0,0,0,0,0,0,0
3,-3,0,0,0,0,0,0,0
-1,-1,0,0,0,0,0,0,0
-5,3,0,0,0,0,0,0,0
2,0,0,0,0,0,0,0,0
3,-1,0,0,0,0,0,0,0
-3,3,0,0,0,0,0,0,0
-5,8,0,0,0,0,0,0,0
-3,5,0,0,0,0,0,0,0
-2,0,0,0,0,0,0,0,0
0,2,0,0,0,0,0,0,0
2,1,0,0,0,0,0,0,0
-1,-2,0,0,0,0,0,0,0
-1,-1,0,0,0,0,0,0,0
4,-1,0,0,0,0,0,0,0
4,-2,0,0,0,0,0,0,0
0,-2,0,0,0,0,0,0,0
1,-4,0,0,0,0,0,0,0
1,2,0,0,0,0,0,0,0
-1,7,0,0,0,0,0,0,0
-3,0,0,0,0,0,0,0,0
-3,-3,0,0,0,0,0,0,0
-4,0,0,0,0,0,0,0,0
-7,-1,0,0,0,0,0,0,0
-2,-2,0,0,0,0,0,0,0
5,-4,0,0,0,0,0,0,0
4,-4,0,0,0,0,0,0,0
2,2,0,0,0,0,0,0,0
-1,2,0,0,0,0,0,0,0
-2,-2,0,0,0,0,0,0,0
3,1,0,0,0,0,0,0,0
5,0,0,0,0,0,0,0,0
2,-7,0,0,0,0,0,0,0
-2,-4,0,0,0,0,0,0,0
-1,3,0,0,0,0,0,0,0
3,1,0,0,0,0,0,0,0
3,2,0,0,0,0,0,0,0
-1,7,0,0,0,0,0,0,0
-6,1,0,0,0,0,0,0,0
-9,-7,0,0,0,0,0,0,0
-5,-1,0,0,0,0,0,0,0
2,4,0,0,0,0,0,0,0
4,1,0,0,0,0,0,0,0
3,0,0,0,0,0,0,0,0
4,1,0,0,0,0,0,0,0
3,1,0,0,0,0,0,0,0
1,-1,0,0,0,0,0,0,0
2,-2,0,0,0,0,0,0,0
2,1,0,0,0,0,0,0,0
-2,0,0,0,0,0,0,0,0
-2,-4,0,0,0,0,0,0,0
3,3,0,0,0,0,0,0,0
2,8,0,0,0,0,0,0,0
1,3,0,0,0,0,0,0,0
3,0,0,0,0,0,0,0,0
0,-2,0,0,0,0,0,0,0
-5,-7,0,0,0,0,0,0,0
-2,-6,0,0,0,0,0,0,0
3,-2,0,0,0,0,0,0,0
-1,-3,0,0,0,0,0,0,0
-7,-5,0,0,0,0,0,0,0
-6,-3,0,0,0,0,0,0,0
3,-2,0,0,0,0,0,0,0
5,-3,0,0,0,0,0,0,0
-2,-2,0,0,0,0,0,0,0
-5,2,0,0,0,0,0,0,0
-3,3,0,0,0,0,0,0,0
-5,1,0,0,0,0,0,0,0
0,-1,0,0,0,0,0,0,0
7,-2,0,0,0,0,0,0,0
3,-2,0,0,0,0,0,0,0
0,1,0,0,0,0,0,0,0
3,3,0,0,0,0,0,0,0
6,3,0,0,0,0,0,0,0
8,4,0,0,0,0,0,0,0
5,7,0,0,0,0,0,0,0
-8,1,0,0,0,0,0,0,0
-9,-8,0,0,0,0,0,0,0
1,-4,0,0,0,0,0,0,0
6,1,0,0,0,0,0,0,0
3,-1,0,0,0,0,0,0,0
3,-2,0,0,0,0,0,0,0
3,5,0,0,0,0,0,0,0
1,6,0,0,0,0,0,0,0
-3,3,0,0,0,0,0,0,0
-5,0,0,0,0,0,0,0,0
-3,-2,0,0,0,0,0,0,0
-2,3,0,0,0,0,0,0,0
1,9,0,0,0,0,0,0,0
3,5,0,0,0,0,0,0,0
0,2,0,0,0,0,0,0,0
-3,2,0,0,0,0,0,0,0
0,-2,0,0,0,0,0,0,0
4,-2,0,0,0,0,0,0,0
1,6,0,0,0,0,0,0,0
1,5,0,0,0,0,0,0,0
7,-1,0,0,0,0,0,0,0
4,-2,0,0,0,0,0,0,0
-8,-1,0,0,0,0,0,0,0
-10,-3,0,0,0,0,0,0,0
0,-7,0,0,0,0,0,0,0
6,-4,0,0,0,0,0,0,0
0,3,0,0,0,0,0,0,0
-5,3,0,0,0,0,0,0,0
-4,-2,0,0,0,0,0,0,0
-3,-2,0,0,0,0,0,0,0
-8,0,0,0,0,0,0,0,0
-7,-2,0,0,0,0,0,0,0
-4,-3,0,0,0,0,0,0,0
-1,-1,0,0,0,0,0,0,0
8,-3,0,0,0,0,0,0,0
9,-6,0,0,0,0,0,0,0
-3,-6,0,0,0,0,0,0,0
-4,-3,0,0,0,0,0,0,0
6,-1,0,0,0,0,0,0,0
2,-2,0,0,0,0,0,0,0
-6,-5,0,0,0,0,0,0,0
0,-1,0,0,0,0,0,0,0
6,7,0,0,0,0,0,0,0
2,5,0,0,0,0,0,0,0
-6,-2,0,0,0,0,0,0,0
-5,1,0,0,0,0,0,0,0
3,6,0,0,0,0,0,0,0
8,-3,0,0,0,0,0,0,0
5,-9,0,0,0,0,0,0,0
1,-2,0,0,0,0,0,0,0
2,3,0,0,0,0,0,0,0
3,-1,0,0,0,0,0,0,0
3,-4,0,0,0,0,0,0,0
3,-3,0,0,0,0,0,0,0
1,-2,0,0,0,0,0,0,0
-3,-3,0,0,0,0,0,0,0
-1,0,0,0,0,0,0,0,0
4,5,0,0,0,0,0,0,0
4,2,0,0,0,0,0,0,0
0,-3,0,0,0,0,0,0,0
-1,-2,0,0,0,0,0,0,0
6,4,0,0,0,0,0,0,0
13,3,0,0,0,0,0,0,0
5,-4,0,0,0,0,0,0,0
-7,-5,0,0,0,0,0,0,0
-8,1,0,0,0,0,0,0,0
-7,6,0,0,0,0,0,0,0
-5,2,0,0,0,0,0,0,0
-2,-4,0,0,0,0,0,0,0
-2,-3,0,0,0,0,0,0,0
-1,0,0,0,0,0,0,0,0
-5,1,0,0,0,0,0,0,0
-9,3,0,0,0,0,0,0,0
-5,3,0,0,0,0,0,0,0
1,-3,0,0,0,0,0,0,0
0,-4,0,0,0,0,0,0,0
1,-1,0,0,0,0,0,0,0
6,-1,0,0,0,0,0,0,0
2,-2,0,0,0,0,0,0,0
-6,2,0,0,0,0,0,0,0
-8,6,0,0,0,0,0,0,0
-4,3,0,0,0,0,0,0,0
1,0,0,0,0,0,0,0,0
2,6,0,0,0,0,0,0,0
-1,10,0,0,0,0,0,0,0
0,0,0,0,0,0,0,0,0
6,-4,0,0,0,0,0,0,0
3,1,0,0,0,0,0,0,0
-5,0,0,0,0,0,0,0,0
-4,-2,0,0,0,0,0,0,0
3,-2,0,0,0,0,0,0,0
6,-3,0,0,0,0,0,0,0
0,-2,0,0,0,0,0,0,0
-1,0,0,0,0,0,0,0,0
1,-1,0,0,0,0,0,0,0
-1,-1,0,0,0,0,0,0,0
-2,3,0,0,0,0,0,0,0
2,8,0,0,0,0,0,0,0
5,10,0,0,0,0,0,0,0
4,7,0,0,0,0,0,0,0
3,2,0,0,0,0,0,0,0
3,3,0,0,0,0,0,0,0
3,4,0,0,0,0,0,0,0
3,2,0,0,0,0,0,0,0
4,4,0,0,0,0,0,0,0
3,0,0,0,0,0,0,0,0
2,-4,0,0,0,0,0,0,0
3,2,0,0,0,0,0,0,0
2,3,0,0,0,0,0,0,0
1,1,0,0,0,0,0,0,0
2,4,0,0,0,0,0,0,0
1,-1,0,0,0,0,0,0,0
1,-8,0,0,0,0,0,0,0
0,-3,0,0,0,0,0,0,0
1,2,0,0,0,0,0,0,0
6,-1,0,0,0,0,0,0,0
5,-2,0,0,0,0,0,0,0
-4,3,0,0,0,0,0,0,0
-6,6,0,0,0,0,0,0,0
-7,0,0,0,0,0,0,0,0
-9,-3,0,0,0,0,0,0,0
-4,0,0,0,0,0,0,0,0
-1,-3,0,0,0,0,0,0,0
-4,-3,0,0,0,0,0,0,0
-1,2,0,0,0,0,0,0,0
-2,0,0,0,0,0,0,0,0
-4,-4,0,0,0,0,0,0,0
1,-4,0,0,0,0,0,0,0
3,0,0,0,0,0,0,0,0
2,3,0,0,0,0,0,0,0
2,1,0,0,0,0,0,0,0
4,-1,0,0,0,0,0,0,0
6,0,0,0,0,0,0,0,0
4,-2,0,0,0,0,0,0,0
-4,-7,0,0,0,0,0,0,0
-9,-5,0,0,0,0,0,0,0
-9,3,0,0,0,0,0,0,0
-4,1,0,0,0,0,0,0,0
2,-7,0,0,0,0,0,0,0
0,-4,0,0,0,0,0,0,0
-2,2,0,0,0,0,0,0,0
2,-2,0,0,0,0,0,0,0
2,-5,0,0,0,0,0,0,0
-3,3,0,0,0,0,0,0,0
-8,8,0,0,0,0,0,0,0
-8,4,0,0,0,0,0,0,0
-1,2,0,0,0,0,0,0,0
2,4,0,0,0,0,0,0,0
-3,3,0,0,0,0,0,0,0
0,0,0,0,0,0,0,0,0
11,-4,0,0,0,0,0,0,0
8,-6,0,0,0,0,0,0,0
-3,-6,0,0,0,0,0,0,0
-1,-4,0,0,0,0,0,0,0
3,-2,0,0,0,0,0,0,0
0,-1,0,0,0,0,0,0,0
0,-5,0,0,0,0,0,0,0
1,-5,0,0,0,0,0,0,0
-2,-1,0,0,0,0,0,0,0
-4,2,0,0,0,0,0,0,0
3,1,0,0,0,0,0,0,0
5,2,0,0,0,0,0,0,0
-7,4,0,0,0,0,0,0,0
-7,2,0,0,0,0,0,0,0
2,-1,0,0,0,0,0,0,0
-3,-1,0,0,0,0,0,0,0
-7,-3,0,0,0,0,0,0,0
2,-2,0,0,0,0,0,0,0
4,0,0,0,0,0,0,0,0
-1,-5,0,0,0,0,0,0,0
0,-5,0,0,0,0,0,0,0
-1,0,0,0,0,0,0,0,0
-6,-1,0,0,0,0,0,0,0
-4,1,0,0,0,0,0,0,0
4,6,0,0,0,0,0,0,0
4,2,0,0,0,0,0,0,0
1,-2,0,0,0,0,0,0,0
2,-1,0,0,0,0,0,0,0
2,-3,0,0,0,0,0,0,0
-5,-1,0,0,0,0,0,0,0
-4,1,0,0,0,0,0,0,0
2,-5,0,0,0,0,0,0,0
-2,-3,0,0,0,0,0,0,0
-3,4,0,0,0,0,0,0,0
6,1,0,0,0,0,0,0,0
5,-4,0,0,0,0,0,0,0
-5,0,0,0,0,0,0,0,0
-4,4,0,0,0,0,0,0,0
4,0,0,0,0,0,0,0,0
1,-3,0,0,0,0,0,0,0
-6,3,0,0,0,0,0,0,0
-2,3,0,0,0,0,0,0,0
5,-3,0,0,0,0,0,0,0
3,-3,0,0,0,0,0,0,0
0,0,0,0,0,0,0,0,0
-2,-1,0,0,0,0,0,0,0
-1,-2,0,0,0,0,0,0,0
3,0,0,0,0,0,0,0,0
3,2,0,0,0,0,0,0,0
1,5,0,0,0,0,0,0,0
3,3,0,0,0,0,0,0,0
3,0,0,0,0,0,0,0,0
1,4,0,0,0,0,0,0,0
0,6,0,0,0,0,0,0,0
1,4,0,0,0,0,0,0,0
2,7,0,0,0,0,0,0,0
2,7,0,0,0,0,0,0,0
1,-1,0,0,0,0,0,0,0
0,-5,0,0,0,0,0,0,0
-5,-2,0,0,0,0,0,0,0
-6,1,0,0,0,0,0,0,0
2,3,0,0,0,0,0,0,0
5,2,0,0,0,0,0,0,0
-3,1,0,0,0,0,0,0,0
-2,-3,0,0,0,0,0,0,0
7,-7,0,0,0,0,0,0,0
5,-1,0,0,0,0,0,0,0
1,4,0,0,0,0,0,0,0
0,-1,0,0,0,0,0,0,0
-5,1,0,0,0,0,0,0,0
-7,6,0,0,0,0,0,0,0
2,3,0,0,0,0,0,0,0
8,4,0,0,0,0,0,0,0
2,2,0,0,0,0,0,0,0
0,-4,0,0,0,0,0,0,0
2,1,0,0,0,0,0,0,0
2,3,0,0,0,0,0,0,0
0,-3,0,0,0,0,0,0,0
-5,0,0,0,0,0,0,0,0
-9,1,0,0,0,0,0,0,0
-7,-6,0,0,0,0,0,0,0
-5,-6,0,0,0,0,0,0,0
-3,-1,0,0,0,0,0,0,0
2,0,0,0,0,0,0,0,0
7,0,0,0,0,0,0,0,0
4,3,0,0,0,0,0,0,0
3,1,0,0,0,0,0,0,0
4,-4,0,0,0,0,0,0,0
3,-2,0,0,0,0,0,0,0
2,1,0,0,0,0,0,0,0
2,-1,0,0,0,0,0,0,0
1,-1,0,0,0,0,0,0,0
-2,4,0,0,0,0,0,0,0
-2,8,0,0,0,0,0,0,0
-1,5,0,0,0,0,0,0,0
-6,2,0,0,0,0,0,0,0
-7,1,0,0,0,0,0,0,0
-2,-2,0,0,0,0,0,0,0
3,2,0,0,0,0,0,0,0
6,11,0,0,0,0,0,0,0
3,8,0,0,0,0,0,0,0
-3,3,0,0,0,0,0,0,0
0,5,0,0,0,0,0,0,0
7,2,0,0,0,0,0,0,0
4,-6,0,0,0,0,0,0,0
-3,-8,0,0,0,0,0,0,0
1,-5,0,0,0,0,0,0,0
7,-2,0,0,0,0,0,0,0
-2,2,0,0,0,0,0,0,0
-8,5,0,0,0,0,0,0,0
3,-3,0,0,0,0,0,0,0
6,-8,0,0,0,0,0,0,0
-4,-3,0,0,0,0,0,0,0
-2,5,0,0,0,0,0,0,0
4,5,0,0,0,0,0,0,0
-3,2,0,0,0,0,0,0,0
-8,-2,0,0,0,0,0,0,0
1,-3,0,0,0,0,0,0,0
7,3,0,0,0,0,0,0,0
3,4,0,0,0,0,0,0,0
2,-2,0,0,0,0,0,0,0
4,-4,0,0,0,0,0,0,0
2,-1,0,0,0,0,0,0,0
2,-2,0,0,0,0,0,0,0
0,-1,0,0,0,0,0,0,0
-3,1,0,0,0,0,0,0,0
-2,-1,0,0,0,0,0,0,0
3,0,0,0,0,0,0,0,0
4,0,0,0,0,0,0,0,0
0,-4,0,0,0,0,0,0,0
-5,-7,0,0,0,0,0,0,0
-7,-11,0,0,0,0,0,0,0
-1,-9,0,0,0,0,0,0,0
0,-2,0,0,0,0,0,0,0
-5,-2,0,0,0,0,0,0,0
1,0,0,0,0,0,0,0,0
8,7,0,0,0,0,0,0,0
4,3,0,0,0,0,0,0,0
4,-5,0,0,0,0,0,0,0
10,-5,0,0,0,0,0,0,0
8,2,0,0,0,0,0,0,0
0,5,0,0,0,0,0,0,0
-1,-1,0,0,0,0,0,0,0
1,-3,0,0,0,0,0,0,0
-2,1,0,0,0,0,0,0,0
-8,1,0,0,0,0,0,0,0
-9,0,0,0,0,0,0,0,0
-2,2,0,0,0,0,0,0,0
3,4,0,0,0,0,0,0,0
0,2,0,0,0,0,0,0,0
-3,-5,0,0,0,0,0,0,0
2,-7,0,0,0,0,0,0,0
0,-1,0,0,0,0,0,0,0
-11,0,0,0,0,0,0,0,0
-9,-3,0,0,0,0,0,0,0
4,0,0,0,0,0,0,0,0
5,2,0,0,0,0,0,0,0
-1,1,0,0,0,0,0,0,0
-2,5,0,0,0,0,0,0,0
-3,2,0,0,0,0,0,0,0
-4,-7,0,0,0,0,0,0,0
-3,-7,0,0,0,0,0,0,0
-2,-4,0,0,0,0,0,0,0
-1,-2,0,0,0,0,0,0,0
-3,3,0,0,0,0,0,0,0
-8,6,0,0,0,0,0,0,0
-4,-1,0,0,0,0,0,0,0
3,-2,0,0,0,0,0,0,0
3,5,0,0,0,0,0,0,0
-2,1,0,0,0,0,0,0,0
-1,-3,0,0,0,0,0,0,0
3,0,0,0,0,0,0,0,0
-1,0,0,0,0,0,0,0,0
-1,6,0,0,0,0,0,0,0
6,11,0,0,0,0,0,0,0
4,1,0,0,0,0,0,0,0
-3,-7,0,0,0,0,0,0,0
0,-5,0,0,0,0,0,0,0
4,-3,0,0,0,0,0,0,0
-3,-3,0,0,0,0,0,0,0
-8,-3,0,0,0,0,0,0,0
-4,-2,0,0,0,0,0,0,0
0,3,0,0,0,0,0,0,0
3,8,0,0,0,0,0,0,0
6,5,0,0,0,0,0,0,0
4,3,0,0,0,0,0,0,0
1,4,0,0,0,0,0,0,0
-2,0,0,0,0,0,0,0,0
-5,-3,0,0,0,0,0,0,0
2,0,0,0,0,0,0,0,0
7,2,0,0,0,0,0,0,0
3,3,0,0,0,0,0,0,0
0,-1,0,0,0,0,0,0,0
-1,-6,0,0,0,0,0,0,0
-1,-4,0,0,0,0,0,0,0
5,-1,0,0,0,0,0,0,0
10,0,0,0,0,0,0,0,0
6,-1,0,0,0,0,0,0,0
2,-1,0,0,0,0,0,0,0
8,-1,0,0,0,0,0,0,0
8,-4,0,0,0,0,0,0,0
-2,-3,0,0,0,0,0,0,0
-2,5,0,0,0,0,0,0,0
2,2,0,0,0,0,0,0,0
-4,-3,0,0,0,0,0,0,0
-5,-2,0,0,0,0,0,0,0
0,-4,0,0,0,0,0,0,0
-5,-3,0,0,0,0,0,0,0
-9,6,0,0,0,0,0,0,0
-3,7,0,0,0,0,0,0,0
2,-3,0,0,0,0,0,0,0
7,-4,0,0,0,0,0,0,0
7,5,0,0,0,0,0,0,0
-1,8,0,0,0,0,0,0,0
-3,5,0,0,0,0,0,0,0
-1,6,0,0,0,0,0,0,0
2,8,0,0,0,0,0,0,0
3,4,0,0,0,0,0,0,0
-6,-3,0,0,0,0,0,0,0
-8,-4,0,0,0,0,0,0,0
-2,2,0,0,0,0,0,0,0
-3,-1,0,0,0,0,0,0,0
-1,-10,0,0,0,0,0,0,0
0,-6,0,0,0,0,0,0,0
-8,3,0,0,0,0,0,0,0
-9,0,0,0,0,0,0,0,0
0,-5,0,0,0,0,0,0,0
5,-3,0,0,0,0,0,0,0
1,2,0,0,0,0,0,0,0
0,0,0,0,0,0,0,0,0
0,-3,0,0,0,0,0,0,0
-6,1,0,0,0,0,0,0,0
-10,3,0,0,0,0,0,0,0
-6,0,0,0,0,0,0,0,0
-3,1,0,0,0,0,0,0,0
1,1,0,0,0,0,0,0,0
3,-5,0,0,0,0,0,0,0
-3,-2,0,0,0,0,0,0,0
-8,4,0,0,0,0,0,0,0
-4,1,0,0,0,0,0,0,0
-1,0,0,0,0,0,0,0,0
0,3,0,0,0,0,0,0,0
0,3,0,0,0,0,0,0,0
1,1,0,0,0,0,0,0,0
6,2,0,0,0,0,0,0,0
7,2,0,0,0,0,0,0,0
5,-2,0,0,0,0,0,0,0
3,-4,0,0,0,0,0,0,0
0,-2,0,0,0,0,0,0,0
2,0,0,0,0,0,0,0,0
7,4,0,0,0,0,0,0,0
4,5,0,0,0,0,0,0,0
-3,4,0,0,0,0,0,0,0
-1,4,0,0,0,0,0,0,0
0,1,0,0,0,0,0,0,0
-4,-1,0,0,0,0,0,0,0
0,2,0,0,0,0,0,0,0
3,2,0,0,0,0,0,0,0
2,0,0,0,0,0,0,0,0
2,4,0,0,0,0,0,0,0
1,5,0,0,0,0,0,0,0
1,-1,0,0,0,0,0,0,0
6,-2,0,0,0,0,0,0,0
4,0,0,0,0,0,0,0,0
-3,-3,0,0,0,0,0,0,0
1,-2,0,0,0,0,0,0,0
8,3,0,0,0,0,0,0,0
4,0,0,0,0,0,0,0,0
0,-1,0,0,0,0,0,0,0
2,-2,0,0,0,0,0,0,0
-1,-4,0,0,0,0,0,0,0
-1,-3,0,0,0,0,0,0,0
3,-3,0,0,0,0,0,0,0
0,-4,0,0,0,0,0,0,0
-3,-3,0,0,0,0,0,0,0
5,-1,0,0,0,0,0,0,0
6,1,0,0,0,0,0,0,0
-1,3,0,0,0,0,0,0,0
-5,1,0,0,0,0,0,0,0
-7,-2,0,0,0,0,0,0,0
-5,2,0,0,0,0,0,0,0
2,4,0,0,0,0,0,0,0
5,-1,0,0,0,0,0,0,0
3,2,0,0,0,0,0,0,0
3,3,0,0,0,0,0,0,0
4,-6,0,0,0,0,0,0,0
5,-4,0,0,0,0,0,0,0
6,6,0,0,0,0,0,0,0
1,6,0,0,0,0,0,0,0
-3,-2,0,0,0,0,0,0,0
4,-3,0,0,0,0,0,0,0
7,5,0,0,0,0,0,0,0
5,7,0,0,0,0,0,0,0
4,4,0,0,0,0,0,0,0
-1,2,0,0,0,0,0,0,0
-3,-1,0,0,0,0,0,0,0
0,-5,0,0,0,0,0,0,0
-1,0,0,0,0,0,0,0,0
-2,5,0,0,0,0,0,0,0
-3,-1,0,0,0,0,0,0,0
-9,-3,0,0,0,0,0,0,0
-14,0,0,0,0,0,0,0,0
-9,-3,0,0,0,0,0,0,0
-1,-2,0,0,0,0,0,0,0
1,2,0,0,0,0,0,0,0
-2,0,0,0,0,0,0,0,0
-5,-2,0,0,0,0,0,0,0
-3,-1,0,0,0,0,0,0,0
2,-1,0,0,0,0,0,0,0
3,1,0,0,0,0,0,0,0
0,4,0,0,0,0,0,0,0
-1,-2,0,0,0,0,0,0,0
-6,-8,0,0,0,0,0,0,0
-9,-6,0,0,0,0,0,0,0
-2,-3,0,0,0,0,0,0,0
6,-3,0,0,0,0,0,0,0
7,-4,0,0,0,0,0,0,0
2,-3,0,0,0,0,0,0,0
-6,2,0,0,0,0,0,0,0
-4,-1,0,0,0,0,0,0,0
3,-5,0,0,0,0,0,0,0
1,3,0,0,0,0,0,0,0
-3,10,0,0,0,0,0,0,0
-2,-1,0,0,0,0,0,0,0
-1,-7,0,0,0,0,0,0,0
2,3,0,0,0,0,0,0,0
1,8,0,0,0,0,0,0,0
-3,-1,0,0,0,0,0,0,0
4,-4,0,0,0,0,0,0,0
11,10,0,0,0,0,0,0,0
8,18,0,0,0,0,0,0,0
0,4,0,0,0,0,0,0,0
-7,-10,0,0,0,0,0,0,0
-7,-9,0,0,0,0,0,0,0
-15,-23,0,0,0,0,0,0,0
-92,-135,0,0,0,0,0,0,0
-267,-381,0,0,0,0,0,0,0
-399,-407,0,0,0,0,0,0,0
-327,134,0,0,0,0,0,0,0
-217,486,0,0,0,0,0,0,0
-246,-69,0,0,0,0,0,0,0
-165,-511,0,0,0,0,0,0,0
121,-95,0,0,0,0,0,0,0
263,256,0,0,0,0,0,0,0
186,111,0,0,0,0,0,0,0
147,40,0,0,0,0,0,0,0
169,114,0,0,0,0,0,0,0
153,90,0,0,0,0,0,0,0
138,63,0,0,0,0,0,0,0
138,89,0,0,0,0,0,0,0
122,81,0,0,0,0,0,0,0
110,60,0,0,0,0,0,0,0
106,59,0,0,0,0,0,0,0
92,57,0,0,0,0,0,0,0
81,51,0,0,0,0,0,0,0
85,47,0,0,0,0,0,0,0
85,43,0,0,0,0,0,0,0
79,38,0,0,0,0,0,0,0
72,38,0,0,0,0,0,0,0
61,40,0,0,0,0,0,0,0
52,36,0,0,0,0,0,0,0
49,30,0,0,0,0,0,0,0
44,16,0,0,0,0,0,0,0
36,-8,0,0,0,0,0,0,0
29,-13,0,0,0,0,0,0,0
27,16,0,0,0,0,0,0,0
28,35,0,0,0,0,0,0,0
23,20,0,0,0,0,0,0,0
18,7,0,0,0,0,0,0,0
16,12,0,0,0,0,0,0,0
12,10,0,0,0,0,0,0,0
7,1,0,0,0,0,0,0,0
4,1,0,0,0,0,0,0,0
2,1,0,0,0,0,0,0,0
-1,-2,0,0,0,0,0,0,0
-4,1,0,0,0,0,0,0,0
-7,1,0,0,0,0,0,0,0
-13,-5,0,0,0,0,0,0,0
-15,-4,0,0,0,0,0,0,0
-13,-5,0,0,0,0,0,0,0
-18,-14,0,0,0,0,0,0,0
-20,-12,0,0,0,0,0,0,0
-13,-2,0,0,0,0,0,0,0
-18,-4,0,0,0,0,0,0,0
-27,-13,0,0,0,0,0,0,0
-24,-16,0,0,0,0,0,0,0
-20,-13,0,0,0,0,0,0,0
-27,-11,0,0,0,0,0,0,0
-31,-13,0,0,0,0,0,0,0
-27,-13,0,0,0,0,0,0,0
-25,-10,0,0,0,0,0,0,0
-24,-13,0,0,0,0,0,0,0
-26,-17,0,0,0,0,0,0,0
-31,-15,0,0,0,0,0,0,0
-30,-17,0,0,0,0,0,0,0
-30,-16,0,0,0,0,0,0,0
-34,-12,0,0,0,0,0,0,0
-29,-14,0,0,0,0,0,0,0
-22,-16,0,0,0,0,0,0,0
-22,-13,0,0,0,0,0,0,0
-21,-13,0,0,0,0,0,0,0
-22,-19,0,0,0,0,0,0,0
-32,-23,0,0,0,0,0,0,0
-32,-19,0,0,0,0,0,0,0
-23,-16,0,0,0,0,0,0,0
-24,-13,0,0,0,0,0,0,0
-30,-8,0,0,0,0,0,0,0
-32,-8,0,0,0,0,0,0,0
-32,-13,0,0,0,0,0,0,0
-27,-17,0,0,0,0,0,0,0
-25,-19,0,0,0,0,0,0,0
-25,-15,0,0,0,0,0,0,0
-21,-13,0,0,0,0,0,0,0
-19,-20,0,0,0,0,0,0,0
-20,-20,0,0,0,0,0,0,0
-18,-14,0,0,0,0,0,0,0
-18,-7,0,0,0,0,0,0,0
-24,-6,0,0,0,0,0,0,0
-25,-12,0,0,0,0,0,0,0
-17,-13,0,0,0,0,0,0,0
-15,-10,0,0,0,0,0,0,0
-17,-12,0,0,0,0,0,0,0
-15,-12,0,0,0,0,0,0,0
-17,-6,0,0,0,0,0,0,0
-22,-9,0,0,0,0,0,0,0
-16,-12,0,0,0,0,0,0,0
-9,-6,0,0,0,0,0,0,0
-10,-5,0,0,0,0,0,0,0
-8,-11,0,0,0,0,0,0,0
-3,-12,0,0,0,0,0,0,0
-4,-6,0,0,0,0,0,0,0
-6,-1,0,0,0,0,0,0,0
-6,-3,0,0,0,0,0,0,0
-8,-6,0,0,0,0,0,0,0
-6,-1,0,0,0,0,0,0,0
1,2,0,0,0,0,0,0,0
-1,-6,0,0,0,0,0,0,0
-7,-10,0,0,0,0,0,0,0
-3,-5,0,0,0,0,0,0,0
0,-1,0,0,0,0,0,0,0
-4,0,0,0,0,0,0,0,0
-5,0,0,0,0,0,0,0,0
-4,-4,0,0,0,0,0,0,0
0,-3,0,0,0,0,0,0,0
8,1,0,0,0,0,0,0,0
5,0,0,0,0,0,0,0,0
-2,-1,0,0,0,0,0,0,0
5,1,0,0,0,0,0,0,0
16,2,0,0,0,0,0,0,0
14,6,0,0,0,0,0,0,0
8,10,0,0,0,0,0,0,0
10,4,0,0,0,0,0,0,0
7,0,0,0,0,0,0,0,0
2,7,0,0,0,0,0,0,0
0,9,0,0,0,0,0,0,0
2,7,0,0,0,0,0,0,0
6,11,0,0,0,0,0,0,0
4,13,0,0,0,0,0,0,0
3,10,0,0,0,0,0,0,0
10,8,0,0,0,0,0,0,0
10,4,0,0,0,0,0,0,0
5,1,0,0,0,0,0,0,0
3,4,0,0,0,0,0,0,0
5,5,0,0,0,0,0,0,0
4,3,0,0,0,0,0,0,0
3,1,0,0,0,0,0,0,0
9,3,0,0,0,0,0,0,0
13,7,0,0,0,0,0,0,0
7,6,0,0,0,0,0,0,0
6,2,0,0,0,0,0,0,0
15,7,0,0,0,0,0,0,0
17,12,0,0,0,0,0,0,0
17,4,0,0,0,0,0,0,0
16,-1,0,0,0,0,0,0,0
10,3,0,0,0,0,0,0,0
8,4,0,0,0,0,0,0,0
12,7,0,0,0,0,0,0,0
17,11,0,0,0,0,0,0,0
14,6,0,0,0,0,0,0,0
6,3,0,0,0,0,0,0,0
2,6,0,0,0,0,0,0,0
7,6,0,0,0,0,0,0,0
14,2,0,0,0,0,0,0,0
18,-1,0,0,0,0,0,0,0
12,2,0,0,0,0,0,0,0
1,6,0,0,0,0,0,0,0
0,9,0,0,0,0,0,0,0
5,10,0,0,0,0,0,0,0
7,7,0,0,0,0,0,0,0
8,5,0,0,0,0,0,0,0
6,4,0,0,0,0,0,0,0
3,2,0,0,0,0,0,0,0
9,5,0,0,0,0,0,0,0
13,7,0,0,0,0,0,0,0
7,6,0,0,0,0,0,0,0
3,8,0,0,0,0,0,0,0
6,4,0,0,0,0,0,0,0
8,0,0,0,0,0,0,0,0
0,7,0,0,0,0,0,0,0
-4,10,0,0,0,0,0,0,0
5,1,0,0,0,0,0,0,0
11,2,0,0,0,0,0,0,0
6,9,0,0,0,0,0,0,0
1,3,0,0,0,0,0,0,0
2,-6,0,0,0,0,0,0,0
4,-2,0,0,0,0,0,0,0
5,7,0,0,0,0,0,0,0
7,8,0,0,0,0,0,0,0
4,2,0,0,0,0,0,0,0
0,1,0,0,0,0,0,0,0
0,4,0,0,0,0,0,0,0
-3,6,0,0,0,0,0,0,0
-3,6,0,0,0,0,0,0,0
6,0,0,0,0,0,0,0,0
9,-3,0,0,0,0,0,0,0
6,4,0,0,0,0,0,0,0
4,9,0,0,0,0,0,0,0
2,4,0,0,0,0,0,0,0
3,3,0,0,0,0,0,0,0
8,5,0,0,0,0,0,0,0
6,3,0,0,0,0,0,0,0
-2,-4,0,0,0,0,0,0,0
-1,-9,0,0,0,0,0,0,0
3,-5,0,0,0,0,0,0,0
3,2,0,0,0,0,0,0,0
4,5,0,0,0,0,0,0,0
0,1,0,0,0,0,0,0,0
-3,-3,0,0,0,0,0,0,0
8,-1,0,0,0,0,0,0,0
12,3,0,0,0,0,0,0,0
1,-1,0,0,0,0,0,0,0
-1,-4,0,0,0,0,0,0,0
5,-3,0,0,0,0,0,0,0
1,-6,0,0,0,0,0,0,0
-5,-6,0,0,0,0,0,0,0
-4,-3,0,0,0,0,0,0,0
-2,1,0,0,0,0,0,0,0
-1,6,0,0,0,0,0,0,0
2,5,0,0,0,0,0,0,0
3,-1,0,0,0,0,0,0,0
-1,-6,0,0,0,0,0,0,0
-4,-7,0,0,0,0,0,0,0
-2,1,0,0,0,0,0,0,0
3,5,0,0,0,0,0,0,0
1,-5,0,0,0,0,0,0,0
-3,-8,0,0,0,0,0,0,0
0,4,0,0,0,0,0,0,0
0,6,0,0,0,0,0,0,0
-2,-2,0,0,0,0,0,0,0
-1,-6,0,0,0,0,0,0,0
-1,-7,0,0,0,0,0,0,0
-6,-6,0,0,0,0,0,0,0
-6,-3,0,0,0,0,0,0,0
-2,0,0,0,0,0,0,0,0
-5,0,0,0,0,0,0,0,0
-6,-2,0,0,0,0,0,0,0
0,-3,0,0,0,0,0,0,0
0,0,0,0,0,0,0,0,0
-6,5,0,0,0,0,0,0,0
-5,3,0,0,0,0,0,0,0
2,-5,0,0,0,0,0,0,0
1,-4,0,0,0,0,0,0,0
-4,1,0,0,0,0,0,0,0
-10,1,0,0,0,0,0,0,0
-12,2,0,0,0,0,0,0,0
-8,1,0,0,0,0,0,0,0
-3,-4,0,0,0,0,0,0,0
-3,-5,0,0,0,0,0,0,0
-4,-4,0,0,0,0,0,0,0
-1,-8,0,0,0,0,0,0,0
-5,-9,0,0,0,0,0,0,0
-12,-6,0,0,0,0,0,0,0
-7,-6,0,0,0,0,0,0,0
0,-6,0,0,0,0,0,0,0
2,-3,0,0,0,0,0,0,0
0,0,0,0,0,0,0,0,0
0,-2,0,0,0,0,0,0,0
-2,-7,0,0,0,0,0,0,0
-9,-3,0,0,0,0,0,0,0
-6,4,0,0,0,0,0,0,0
8,0,0,0,0,0,0,0,0
9,-7,0,0,0,0,0,0,0
-4,-5,0,0,0,0,0,0,0
-7,-2,0,0,0,0,0,0,0
0,-1,0,0,0,0,0,0,0
2,0,0,0,0,0,0,0,0
-3,-2,0,0,0,0,0,0,0
-7,-4,0,0,0,0,0,0,0
-10,-3,0,0,0,0,0,0,0
-7,0,0,0,0,0,0,0,0
-1,5,0,0,0,0,0,0,0
1,8,0,0,0,0,0,0,0
3,2,0,0,0,0,0,0,0
1,-2,0,0,0,0,0,0,0
-7,3,0,0,0,0,0,0,0
-1,2,0,0,0,0,0,0,0
7,-5,0,0,0,0,0,0,0
1,0,0,0,0,0,0,0,0
-1,8,0,0,0,0,0,0,0
6,6,0,0,0,0,0,0,0
6,-1,0,0,0,0,0,0,0
2,0,0,0,0,0,0,0,0
-2,4,0,0,0,0,0,0,0
-8,4,0,0,0,0,0,0,0
-9,5,0,0,0,0,0,0,0
2,1,0,0,0,0,0,0,0
10,-5,0,0,0,0,0,0,0
3,-1,0,0,0,0,0,0,0
-10,6,0,0,0,0,0,0,0
-10,3,0,0,0,0,0,0,0
0,1,0,0,0,0,0,0,0
1,4,0,0,0,0,0,0,0
-4,-1,0,0,0,0,0,0,0
-5,-10,0,0,0,0,0,0,0
0,-5,0,0,0,0,0,0,0
7,1,0,0,0,0,0,0,0
5,3,0,0,0,0,0,0,0
-7,5,0,0,0,0,0,0,0
-12,2,0,0,0,0,0,0,0
-4,-2,0,0,0,0,0,0,0
2,-1,0,0,0,0,0,0,0
3,-2,0,0,0,0,0,0,0
3,-4,0,0,0,0,0,0,0
3,-3,0,0,0,0,0,0,0
3,-5,0,0,0,0,0,0,0
3,-4,0,0,0,0,0,0,0
-1,2,0,0,0,0,0,0,0
-4,2,0,0,0,0,0,0,0
-2,-2,0,0,0,0,0,0,0
2,3,0,0,0,0,0,0,0
1,9,0,0,0,0,0,0,0
-5,6,0,0,0,0,0,0,0
-5,4,0,0,0,0,0,0,0
3,5,0,0,0,0,0,0,0
7,3,0,0,0,0,0,0,0
4,-2,0,0,0,0,0,0,0
1,-4,0,0,0,0,0,0,0
-3,-7,0,0,0,0,0,0,0
-8,-8,0,0,0,0,0,0,0
-5,-1,0,0,0,0,0,0,0
3,6,0,0,0,0,0,0,0
6,1,0,0,0,0,0,0,0
4,-4,0,0,0,0,0,0,0
2,1,0,0,0,0,0,0,0
2,4,0,0,0,0,0,0,0
3,1,0,0,0,0,0,0,0
1,3,0,0,0,0,0,0,0
0,6,0,0,0,0,0,0,0
5,1,0,0,0,0,0,0,0
7,-5,0,0,0,0,0,0,0
-2,-6,0,0,0,0,0,0,0
-7,-1,0,0,0,0,0,0,0
-2,0,0,0,0,0,0,0,0
-1,-7,0,0,0,0,0,0,0
-2,-5,0,0,0,0,0,0,0
2,3,0,0,0,0,0,0,0
1,2,0,0,0,0,0,0,0
-2,1,0,0,0,0,0,0,0
4,6,0,0,0,0,0,0,0
5,1,0,0,0,0,0,0,0
0,-7,0,0,0,0,0,0,0
1,0,0,0,0,0,0,0,0
2,8,0,0,0,0,0,0,0
2,4,0,0,0,0,0,0,0
2,0,0,0,0,0,0,0,0
3,-1,0,0,0,0,0,0,0
1,-1,0,0,0,0,0,0,0
0,-1,0,0,0,0,0,0,0
0,-2,0,0,0,0,0,0,0
-1,1,0,0,0,0,0,0,0
-6,1,0,0,0,0,0,0,0
-10,-8,0,0,0,0,0,0,0
-5,-7,0,0,0,0,0,0,0
2,-3,0,0,0,0,0,0,0
5,-5,0,0,0,0,0,0,0
8,-3,0,0,0,0,0,0,0
5,3,0,0,0,0,0,0,0
-1,2,0,0,0,0,0,0,0
0,1,0,0,0,0,0,0,0
2,7,0,0,0,0,0,0,0
1,5,0,0,0,0,0,0,0
0,-5,0,0,0,0,0,0,0
4,-7,0,0,0,0,0,0,0
9,-1,0,0,0,0,0,0,0
5,4,0,0,0,0,0,0,0
-3,1,0,0,0,0,0,0,0
-3,-3,0,0,0,0,0,0,0
2,1,0,0,0,0,0,0,0
1,2,0,0,0,0,0,0,0
-3,-5,0,0,0,0,0,0,0
-7,-3,0,0,0,0,0,0,0
-4,5,0,0,0,0,0,0,0
5,3,0,0,0,0,0,0,0
8,-2,0,0,0,0,0,0,0
3,4,0,0,0,0,0,0,0
-4,8,0,0,0,0,0,0,0
-5,-1,0,0,0,0,0,0,0
-8,-6,0,0,0,0,0,0,0
-12,-3,0,0,0,0,0,0,0
-9,-1,0,0,0,0,0,0,0
-4,0,0,0,0,0,0,0,0
0,6,0,0,0,0,0,0,0
4,6,0,0,0,0,0,0,0
3,-1,0,0,0,0,0,0,0
0,-4,0,0,0,0,0,0,0
-1,-1,0,0,0,0,0,0,0
-5,-1,0,0,0,0,0,0,0
-8,-2,0,0,0,0,0,0,0
-4,-1,0,0,0,0,0,0,0
2,0,0,0,0,0,0,0,0
5,0,0,0,0,0,0,0,0
4,6,0,0,0,0,0,0,0
1,11,0,0,0,0,0,0,0
-1,8,0,0,0,0,0,0,0
1,4,0,0,0,0,0,0,0
6,4,0,0,0,0,0,0,0
4,0,0,0,0,0,0,0,0
-3,-3,0,0,0,0,0,0,0
0,2,0,0,0,0,0,0,0
6,7,0,0,0,0,0,0,0
2,2,0,0,0,0,0,0,0
-4,-5,0,0,0,0,0,0,0
1,-6,0,0,0,0,0,0,0
8,-1,0,0,0,0,0,0,0
6,6,0,0,0,0,0,0,0
1,5,0,0,0,0,0,0,0
1,-4,0,0,0,0,0,0,0
2,-9,0,0,0,0,0,0,0
0,-5,0,0,0,0,0,0,0
-4,-3,0,0,0,0,0,0,0
-1,-3,0,0,0,0,0,0,0
4,0,0,0,0,0,0,0,0
4,0,0,0,0,0,0,0,0
0,-3,0,0,0,0,0,0,0
-5,1,0,0,0,0,0,0,0
-7,1,0,0,0,0,0,0,0
1,-7,0,0,0,0,0,0,0
7,-2,0,0,0,0,0,0,0
2,9,0,0,0,0,0,0,0
-2,0,0,0,0,0,0,0,0
0,-8,0,0,0,0,0,0,0
3,-1,0,0,0,0,0,0,0
-1,6,0,0,0,0,0,0,0
-1,5,0,0,0,0,0,0,0
5,1,0,0,0,0,0,0,0
3,1,0,0,0,0,0,0,0
-3,2,0,0,0,0,0,0,0
2,2,0,0,0,0,0,0,0
6,-1,0,0,0,0,0,0,0
2,-4,0,0,0,0,0,0,0
1,1,0,0,0,0,0,0,0
6,6,0,0,0,0,0,0,0
9,0,0,0,0,0,0,0,0
3,-3,0,0,0,0,0,0,0
-6,0,0,0,0,0,0,0,0
-4,0,0,0,0,0,0,0,0
6,-1,0,0,0,0,0,0,0
4,1,0,0,0,0,0,0,0
-4,0,0,0,0,0,0,0,0
-8,-1,0,0,0,0,0,0,0
-7,-1,0,0,0,0,0,0,0
-2,-4,0,0,0,0,0,0,0
1,-6,0,0,0,0,0,0,0
-4,-2,0,0,0,0,0,0,0
-1,2,0,0,0,0,0,0,0
4,3,0,0,0,0,0,0,0
-3,3,0,0,0,0,0,0,0
-6,4,0,0,0,0,0,0,0
2,1,0,0,0,0,0,0,0
2,-2,0,0,0,0,0,0,0
0,-2,0,0,0,0,0,0,0
2,-3,0,0,0,0,0,0,0
-1,0,0,0,0,0,0,0,0
-2,2,0,0,0,0,0,0,0
2,1,0,0,0,0,0,0,0
2,3,0,0,0,0,0,0,0
0,0,0,0,0,0,0,0,0
-1,-7,0,0,0,0,0,0,0
-1,-6,0,0,0,0,0,0,0
-4,-5,0,0,0,0,0,0,0
-4,-8,0,0,0,0,0,0,0
-3,-6,0,0,0,0,0,0,0
-2,2,0,0,0,0,0,0,0
2,5,0,0,0,0,0,0,0
3,0,0,0,0,0,0,0,0
0,-4,0,0,0,0,0,0,0
-2,-2,0,0,0,0,0,0,0
-3,6,0,0,0,0,0,0,0
0,4,0,0,0,0,0,0,0
5,-3,0,0,0,0,0,0,0
1,-3,0,0,0,0,0,0,0
-7,1,0,0,0,0,0,0,0
-4,-1,0,0,0,0,0,0,0
3,-3,0,0,0,0,0,0,0
2,1,0,0,0,0,0,0,0
0,6,0,0,0,0,0,0,0
1,5,0,0,0,0,0,0,0
-1,4,0,0,0,0,0,0,0
-2,9,0,0,0,0,0,0,0
-1,6,0,0,0,0,0,0,0
-6,-1,0,0,0,0,0,0,0
-9,0,0,0,0,0,0,0,0
-1,2,0,0,0,0,0,0,0
6,-3,0,0,0,0,0,0,0
1,-5,0,0,0,0,0,0,0
-5,-1,0,0,0,0,0,0,0
0,0,0,0,0,0,0,0,0
4,-1,0,0,0,0,0,0,0
-3,-2,0,0,0,0,0,0,0
-8,0,0,0,0,0,0,0,0
-2,5,0,0,0,0,0,0,0
1,5,0,0,0,0,0,0,0
0,1,0,0,0,0,0,0,0
7,-1,0,0,0,0,0,0,0
12,-1,0,0,0,0,0,0,0
5,-1,0,0,0,0,0,0,0
2,1,0,0,0,0,0,0,0
8,3,0,0,0,0,0,0,0
7,1,0,0,0,0,0,0,0
-3,-5,0,0,0,0,0,0,0
-6,-5,0,0,0,0,0,0,0
-6,-1,0,0,0,0,0,0,0
-8,1,0,0,0,0,0,0,0
-2,4,0,0,0,0,0,0,0
6,5,0,0,0,0,0,0,0
3,5,0,0,0,0,0,0,0
0,5,0,0,0,0,0,0,0
2,-1,0,0,0,0,0,0,0
3,-7,0,0,0,0,0,0,0
-1,-2,0,0,0,0,0,0,0
-5,5,0,0,0,0,0,0,0
-5,8,0,0,0,0,0,0,0
-2,4,0,0,0,0,0,0,0
-1,-1,0,0,0,0,0,0,0
2,-1,0,0,0,0,0,0,0
3,0,0,0,0,0,0,0,0
1,1,0,0,0,0,0,0,0
3,5,0,0,0,0,0,0,0
7,4,0,0,0,0,0,0,0
4,-5,0,0,0,0,0,0,0
-2,-6,0,0,0,0,0,0,0
-3,4,0,0,0,0,0,0,0
-3,7,0,0,0,0,0,0,0
-5,-4,0,0,0,0,0,0,0
-5,-9,0,0,0,0,0,0,0
-9,-4,0,0,0,0,0,0,0
-7,-3,0,0,0,0,0,0,0
2,-6,0,0,0,0,0,0,0
5,-3,0,0,0,0,0,0,0
2,4,0,0,0,0,0,0,0
4,5,0,0,0,0,0,0,0
8,-2,0,0,0,0,0,0,0
7,-6,0,0,0,0,0,0,0
-2,0,0,0,0,0,0,0,0
-8,3,0,0,0,0,0,0,0
-4,0,0,0,0,0,0,0,0
-2,-3,0,0,0,0,0,0,0
-5,-3,0,0,0,0,0,0,0
-6,-1,0,0,0,0,0,0,0
0,2,0,0,0,0,0,0,0
5,2,0,0,0,0,0,0,0
2,-2,0,0,0,0,0,0,0
2,-5,0,0,0,0,0,0,0
9,-4,0,0,0,0,0,0,0
8,-5,0,0,0,0,0,0,0
0,-7,0,0,0,0,0,0,0
0,-1,0,0,0,0,0,0,0
1,7,0,0,0,0,0,0,0
-2,1,0,0,0,0,0,0,0
-6,-3,0,0,0,0,0,0,0
-3,5,0,0,0,0,0,0,0
2,2,0,0,0,0,0,0,0
4,-6,0,0,0,0,0,0,0
7,-4,0,0,0,0,0,0,0
6,-1,0,0,0,0,0,0,0
-2,-1,0,0,0,0,0,0,0
-2,3,0,0,0,0,0,0,0
3,7,0,0,0,0,0,0,0
1,4,0,0,0,0,0,0,0
-2,-2,0,0,0,0,0,0,0
-1,-2,0,0,0,0,0,0,0
0,1,0,0,0,0,0,0,0
-1,0,0,0,0,0,0,0,0
-7,-2,0,0,0,0,0,0,0
-12,-5,0,0,0,0,0,0,0
-8,-6,0,0,0,0,0,0,0
-4,-3,0,0,0,0,0,0,0
-1,0,0,0,0,0,0,0,0
0,4,0,0,0,0,0,0,0
-3,6,0,0,0,0,0,0,0
-1,1,0,0,0,0,0,0,0
4,2,0,0,0,0,0,0,0
3,8,0,0,0,0,0,0,0
2,5,0,0,0,0,0,0,0
4,0,0,0,0,0,0,0,0
2,-2,0,0,0,0,0,0,0
0,-1,0,0,0,0,0,0,0
2,-2,0,0,0,0,0,0,0
4,-3,0,0,0,0,0,0,0
2,0,0,0,0,0,0,0,0
-2,3,0,0,0,0,0,0,0
-1,3,0,0,0,0,0,0,0
4,-1,0,0,0,0,0,0,0
3,-6,0,0,0,0,0,0,0
-1,-5,0,0,0,0,0,0,0
-3,0,0,0,0,0,0,0,0
-3,1,0,0,0,0,0,0,0
3,-2,0,0,0,0,0,0,0
4,-1,0,0,0,0,0,0,0
1,-1,0,0,0,0,0,0,0
1,2,0,0,0,0,0,0,0
0,6,0,0,0,0,0,0,0
-3,-2,0,0,0,0,0,0,0
-3,-7,0,0,0,0,0,0,0
-1,0,0,0,0,0,0,0,0
-3,4,0,0,0,0,0,0,0
-4,2,0,0,0,0,0,0,0
-2,5,0,0,0,0,0,0,0
-4,6,0,0,0,0,0,0,0
-5,2,0,0,0,0,0,0,0
0,3,0,0,0,0,0,0,0
0,3,0,0,0,0,0,0,0
-4,-4,0,0,0,0,0,0,0
2,-6,0,0,0,0,0,0,0
6,0,0,0,0,0,0,0,0
-1,1,0,0,0,0,0,0,0
-1,-3,0,0,0,0,0,0,0
7,2,0,0,0,0,0,0,0
5,6,0,0,0,0,0,0,0
2,-3,0,0,0,0,0,0,0
4,-9,0,0,0,0,0,0,0
4,1,0,0,0,0,0,0,0
3,7,0,0,0,0,0,0,0
4,4,0,0,0,0,0,0,0
2,3,0,0,0,0,0,0,0
-3,2,0,0,0,0,0,0,0
-2,-5,0,0,0,0,0,0,0
2,-8,0,0,0,0,0,0,0
-3,-1,0,0,0,0,0,0,0
-9,2,0,0,0,0,0,0,0
-4,-1,0,0,0,0,0,0,0
5,-2,0,0,0,0,0,0,0
6,-1,0,0,0,0,0,0,0
2,-3,0,0,0,0,0,0,0
1,-5,0,0,0,0,0,0,0
1,-2,0,0,0,0,0,0,0
-3,2,0,0,0,0,0,0,0
-2,0,0,0,0,0,0,0,0
2,0,0,0,0,0,0,0,0
-1,4,0,0,0,0,0,0,0
-3,-1,0,0,0,0,0,0,0
0,-7,0,0,0,0,0,0,0
1,-3,0,0,0,0,0,0,0
2,3,0,0,0,0,0,0,0
4,2,0,0,0,0,0,0,0
2,0,0,0,0,0,0,0,0
2,-2,0,0,0,0,0,0,0
4,-5,0,0,0,0,0,0,0
7,-5,0,0,0,0,0,0,0
9,0,0,0,0,0,0,0,0
6,5,0,0,0,0,0,0,0
-3,5,0,0,0,0,0,0,0
-6,0,0,0,0,0,0,0,0
-1,-5,0,0,0,0,0,0,0
1,-4,0,0,0,0,0,0,0
-7,-1,0,0,0,0,0,0,0
-11,2,0,0,0,0,0,0,0
-5,3,0,0,0,0,0,0,0
1,3,0,0,0,0,0,0,0
1,5,0,0,0,0,0,0,0
-3,4,0,0,0,0,0,0,0
-3,2,0,0,0,0,0,0,0
2,1,0,0,0,0,0,0,0
0,-2,0,0,0,0,0,0,0
-6,4,0,0,0,0,0,0,0
-6,9,0,0,0,0,0,0,0
-1,-1,0,0,0,0,0,0,0
-2,-8,0,0,0,0,0,0,0
-7,-1,0,0,0,0,0,0,0
-4,3,0,0,0,0,0,0,0
5,1,0,0,0,0,0,0,0
5,2,0,0,0,0,0,0,0
-3,2,0,0,0,0,0,0,0
-5,0,0,0,0,0,0,0,0
4,2,0,0,0,0,0,0,0
6,4,0,0,0,0,0,0,0
-1,1,0,0,0,0,0,0,0
0,-2,0,0,0,0,0,0,0
8,2,0,0,0,0,0,0,0
6,4,0,0,0,0,0,0,0
0,1,0,0,0,0,0,0,0
-4,3,0,0,0,0,0,0,0
-6,0,0,0,0,0,0,0,0
2,-6,0,0,0,0,0,0,0
13,-5,0,0,0,0,0,0,0
9,-2,0,0,0,0,0,0,0
-2,-4,0,0,0,0,0,0,0
0,-3,0,0,0,0,0,0,0
4,-2,0,0,0,0,0,0,0
-1,-1,0,0,0,0,0,0,0
-1,-1,0,0,0,0,0,0,0
2,-1,0,0,0,0,0,0,0
2,-3,0,0,0,0,0,0,0
1,-2,0,0,0,0,0,0,0
2,0,0,0,0,0,0,0,0
2,1,0,0,0,0,0,0,0
-1,3,0,0,0,0,0,0,0
-6,2,0,0,0,0,0,0,0
-9,-3,0,0,0,0,0,0,0
-1,0,0,0,0,0,0,0,0
5,6,0,0,0,0,0,0,0
2,3,0,0,0,0,0,0,0
-3,-2,0,0,0,0,0,0,0
-4,4,0,0,0,0,0,0,0
-1,10,0,0,0,0,0,0,0
1,7,0,0,0,0,0,0,0
-4,2,0,0,0,0,0,0,0
-5,0,0,0,0,0,0,0,0
1,0,0,0,0,0,0,0,0
1,2,0,0,0,0,0,0,0
0,1,0,0,0,0,0,0,0
2,-2,0,0,0,0,0,0,0
1,-3,0,0,0,0,0,0,0
-1,3,0,0,0,0,0,0,0
0,6,0,0,0,0,0,0,0
0,-1,0,0,0,0,0,0,0
-1,-4,0,0,0,0,0,0,0
-1,2,0,0,0,0,0,0,0
-2,1,0,0,0,0,0,0,0
-6,-1,0,0,0,0,0,0,0
-4,4,0,0,0,0,0,0,0
3,1,0,0,0,0,0,0,0
2,-7,0,0,0,0,0,0,0
0,-6,0,0,0,0,0,0,0
7,0,0,0,0,0,0,0,0
7,4,0,0,0,0,0,0,0
-1,5,0,0,0,0,0,0,0
-5,2,0,0,0,0,0,0,0
-7,-1,0,0,0,0,0,0,0
-9,0,0,0,0,0,0,0,0
-4,1,0,0,0,0,0,0,0
0,0,0,0,0,0,0,0,0
-5,3,0,0,0,0,0,0,0
-7,1,0,0,0,0,0,0,0
-7,-1,0,0,0,0,0,0,0
-6,3,0,0,0,0,0,0,0
0,2,0,0,0,0,0,0,0
-1,-3,0,0,0,0,0,0,0
-6,-3,0,0,0,0,0,0,0
1,-6,0,0,0,0,0,0,0
9,-5,0,0,0,0,0,0,0
7,-2,0,0,0,0,0,0,0
3,-7,0,0,0,0,0,0,0
3,-6,0,0,0,0,0,0,0
3,3,0,0,0,0,0,0,0
3,4,0,0,0,0,0,0,0
1,-5,0,0,0,0,0,0,0
1,-7,0,0,0,0,0,0,0
2,0,0,0,0,0,0,0,0
2,-1,0,0,0,0,0,0,0
-1,-8,0,0,0,0,0,0,0
-3,-3,0,0,0,0,0,0,0
-3,5,0,0,0,0,0,0,0
-2,5,0,0,0,0,0,0,0
-1,0,0,0,0,0,0,0,0
0,0,0,0,0,0,0,0,0
-3,7,0,0,0,0,0,0,0
-6,4,0,0,0,0,0,0,0
0,-3,0,0,0,0,0,0,0
4,-3,0,0,0,0,0,0,0
-2,0,0,0,0,0,0,0,0
-3,-2,0,0,0,0,0,0,0
0,-3,0,0,0,0,0,0,0
1,0,0,0,0,0,0,0,0
4,-3,0,0,0,0,0,0,0
5,-9,0,0,0,0,0,0,0
4,-3,0,0,0,0,0,0,0
4,7,0,0,0,0,0,0,0
5,0,0,0,0,0,0,0,0
4,-8,0,0,0,0,0,0,0
3,-2,0,0,0,0,0,0,0
3,-1,0,0,0,0,0,0,0
3,-4,0,0,0,0,0,0,0
2,-1,0,0,0,0,0,0,0
1,5,0,0,0,0,0,0,0
1,6,0,0,0,0,0,0,0
2,-1,0,0,0,0,0,0,0
1,-6,0,0,0,0,0,0,0
2,-1,0,0,0,0,0,0,0
2,3,0,0,0,0,0,0,0
-4,0,0,0,0,0,0,0,0
-9,0,0,0,0,0,0,0,0
-2,7,0,0,0,0,0,0,0
5,7,0,0,0,0,0,0,0
2,2,0,0,0,0,0,0,0
-5,0,0,0,0,0,0,0,0
-3,2,0,0,0,0,0,0,0
2,5,0,0,0,0,0,0,0
1,0,0,0,0,0,0,0,0
2,-4,0,0,0,0,0,0,0
1,0,0,0,0,0,0,0,0
-7,-4,0,0,0,0,0,0,0
-4,-7,0,0,0,0,0,0,0
1,0,0,0,0,0,0,0,0
-7,4,0,0,0,0,0,0,0
-9,-1,0,0,0,0,0,0,0
-1,-6,0,0,0,0,0,0,0
3,-3,0,0,0,0,0,0,0
2,2,0,0,0,0,0,0,0
0,4,0,0,0,0,0,0,0
5,6,0,0,0,0,0,0,0
7,6,0,0,0,0,0,0,0
3,3,0,0,0,0,0,0,0
0,-2,0,0,0,0,0,0,0
-1,-1,0,0,0,0,0,0,0
0,-1,0,0,0,0,0,0,0
5,-2,0,0,0,0,0,0,0
6,0,0,0,0,0,0,0,0
3,1,0,0,0,0,0,0,0
3,-3,0,0,0,0,0,0,0
3,2,0,0,0,0,0,0,0
1,5,0,0,0,0,0,0,0
-5,-3,0,0,0,0,0,0,0
-6,-7,0,0,0,0,0,0,0
0,-2,0,0,0,0,0,0,0
0,3,0,0,0,0,0,0,0
-3,4,0,0,0,0,0,0,0
-1,-2,0,0,0,0,0,0,0
0,-7,0,0,0,0,0,0,0
-1,-4,0,0,0,0,0,0,0
1,0,0,0,0,0,0,0,0
5,2,0,0,0,0,0,0,0
4,1,0,0,0,0,0,0,0
1,-3,0,0,0,0,0,0,0
1,1,0,0,0,0,0,0,0
2,7,0,0,0,0,0,0,0
1,2,0,0,0,0,0,0,0
1,-1,0,0,0,0,0,0,0
2,1,0,0,0,0,0,0,0
2,-3,0,0,0,0,0,0,0
0,-6,0,0,0,0,0,0,0
-4,-2,0,0,0,0,0,0,0
-4,-1,0,0,0,0,0,0,0
-2,-1,0,0,0,0,0,0,0
-2,5,0,0,0,0,0,0,0
-3,9,0,0,0,0,0,0,0
0,8,0,0,0,0,0,0,0
3,5,0,0,0,0,0,0,0
2,0,0,0,0,0,0,0,0
-4,-6,0,0,0,0,0,0,0
0,-3,0,0,0,0,0,0,0
8,1,0,0,0,0,0,0,0
0,-1,0,0,0,0,0,0,0
-10,2,0,0,0,0,0,0,0
-3,9,0,0,0,0,0,0,0
2,6,0,0,0,0,0,0,0
-2,4,0,0,0,0,0,0,0
2,6,0,0,0,0,0,0,0
4,-1,0,0,0,0,0,0,0
1,-9,0,0,0,0,0,0,0
1,-5,0,0,0,0,0,0,0
1,-2,0,0,0,0,0,0,0
-1,-4,0,0,0,0,0,0,0
0,3,0,0,0,0,0,0,0
0,10,0,0,0,0,0,0,0
0,6,0,0,0,0,0,0,0
1,1,0,0,0,0,0,0,0
1,0,0,0,0,0,0,0,0
0,1,0,0,0,0,0,0,0
0,3,0,0,0,0,0,0,0
-2,-3,0,0,0,0,0,0,0
-8,-9,0,0,0,0,0,0,0
-10,-5,0,0,0,0,0,0,0
-5,-1,0,0,0,0,0,0,0
-2,1,0,0,0,0,0,0,0
-3,0,0,0,0,0,0,0,0
1,-4,0,0,0,0,0,0,0
2,0,0,0,0,0,0,0,0
0,1,0,0,0,0,0,0,0
0,-4,0,0,0,0,0,0,0
-5,3,0,0,0,0,0,0,0
-8,8,0,0,0,0,0,0,0
-2,-1,0,0,0,0,0,0,0
5,-1,0,0,0,0,0,0,0
2,6,0,0,0,0,0,0,0
-4,-2,0,0,0,0,0,0,0
-2,-9,0,0,0,0,0,0,0
3,-3,0,0,0,0,0,0,0
4,0,0,0,0,0,0,0,0
2,1,0,0,0,0,0,0,0
-2,2,0,0,0,0,0,0,0
-3,-2,0,0,0,0,0,0,0
-2,0,0,0,0,0,0,0,0
0,3,0,0,0,0,0,0,0
2,-4,0,0,0,0,0,0,0
3,-8,0,0,0,0,0,0,0
2,-3,0,0,0,0,0,0,0
2,-2,0,0,0,0,0,0,0
3,-2,0,0,0,0,0,0,0
0,1,0,0,0,0,0,0,0
-3,3,0,0,0,0,0,0,0
-1,4,0,0,0,0,0,0,0
4,6,0,0,0,0,0,0,0
4,3,0,0,0,0,0,0,0
4,-2,0,0,0,0,0,0,0
2,0,0,0,0,0,0,0,0
-6,1,0,0,0,0,0,0,0
-6,1,0,0,0,0,0,0,0
0,4,0,0,0,0,0,0,0
2,3,0,0,0,0,0,0,0
2,-1,0,0,0,0,0,0,0
1,-2,0,0,0,0,0,0,0
-5,1,0,0,0,0,0,0,0
-9,0,0,0,0,0,0,0,0
-5,-4,0,0,0,0,0,0,0
2,-4,0,0,0,0,0,0,0
4,2,0,0,0,0,0,0,0
3,7,0,0,0,0,0,0,0
2,6,0,0,0,0,0,0,0
3,1,0,0,0,0,0,0,0
1,-3,0,0,0,0,0,0,0
-3,-5,0,0,0,0,0,0,0
-3,-1,0,0,0,0,0,0,0
0,-1,0,0,0,0,0,0,0
1,-6,0,0,0,0,0,0,0
3,0,0,0,0,0,0,0,0
4,6,0,0,0,0,0,0,0
2,-1,0,0,0,0,0,0,0
0,-3,0,0,0,0,0,0,0
-3,5,0,0,0,0,0,0,0
-2,4,0,0,0,0,0,0,0
1,-3,0,0,0,0,0,0,0
1,0,0,0,0,0,0,0,0
2,3,0,0,0,0,0,0,0
0,-4,0,0,0,0,0,0,0
-1,-8,0,0,0,0,0,0,0
4,-6,0,0,0,0,0,0,0
3,-5,0,0,0,0,0,0,0
-2,-6,0,0,0,0,0,0,0
3,-2,0,0,0,0,0,0,0
4,5,0,0,0,0,0,0,0
-3,5,0,0,0,0,0,0,0
2,-1,0,0,0,0,0,0,0
5,-1,0,0,0,0,0,0,0
-6,1,0,0,0,0,0,0,0
-9,2,0,0,0,0,0,0,0
1,4,0,0,0,0,0,0,0
-1,2,0,0,0,0,0,0,0
-7,-3,0,0,0,0,0,0,0
1,-1,0,0,0,0,0,0,0
6,2,0,0,0,0,0,0,0
-4,4,0,0,0,0,0,0,0
-7,0,0,0,0,0,0,0,0
3,-9,0,0,0,0,0,0,0
7,-7,0,0,0,0,0,0,0
2,3,0,0,0,0,0,0,0
-1,0,0,0,0,0,0,0,0
-1,-8,0,0,0,0,0,0,0
0,-3,0,0,0,0,0,0,0
3,5,0,0,0,0,0,0,0
1,5,0,0,0,0,0,0,0
0,-1,0,0,0,0,0,0,0
5,-6,0,0,0,0,0,0,0
5,-5,0,0,0,0,0,0,0
2,-1,0,0,0,0,0,0,0
1,4,0,0,0,0,0,0,0
-5,9,0,0,0,0,0,0,0
-7,8,0,0,0,0,0,0,0
2,2,0,0,0,0,0,0,0
5,-2,0,0,0,0,0,0,0
-2,-4,0,0,0,0,0,0,0
-2,1,0,0,0,0,0,0,0
4,1,0,0,0,0,0,0,0
1,-6,0,0,0,0,0,0,0
-4,-4,0,0,0,0,0,0,0
3,5,0,0,0,0,0,0,0
12,1,0,0,0,0,0,0,0
5,-4,0,0,0,0,0,0,0
-8,4,0,0,0,0,0,0,0
-3,10,0,0,0,0,0,0,0
6,4,0,0,0,0,0,0,0
3,-3,0,0,0,0,0,0,0
-2,-4,0,0,0,0,0,0,0
-3,-1,0,0,0,0,0,0,0
-1,5,0,0,0,0,0,0,0
3,9,0,0,0,0,0,0,0
3,5,0,0,0,0,0,0,0
2,-3,0,0,0,0,0,0,0
2,-3,0,0,0,0,0,0,0
2,1,0,0,0,0,0,0,0
1,-2,0,0,0,0,0,0,0
0,0,0,0,0,0,0,0,0
0,6,0,0,0,0,0,0,0
0,5,0,0,0,0,0,0,0
1,1,0,0,0,0,0,0,0
0,-3,0,0,0,0,0,0,0
-7,-6,0,0,0,0,0,0,0
-11,0,0,0,0,0,0,0,0
-7,6,0,0,0,0,0,0,0
0,0,0,0,0,0,0,0,0
2,-4,0,0,0,0,0,0,0
0,-1,0,0,0,0,0,0,0
-2,-3,0,0,0,0,0,0,0
-5,0,0,0,0,0,0,0,0
-7,5,0,0,0,0,0,0,0
-3,-3,0,0,0,0,0,0,0
0,-6,0,0,0,0,0,0,0
0,3,0,0,0,0,0,0,0
6,8,0,0,0,0,0,0,0
6,4,0,0,0,0,0,0,0
-3,3,0,0,0,0,0,0,0
-3,2,0,0,0,0,0,0,0
3,-6,0,0,0,0,0,0,0
-2,-9,0,0,0,0,0,0,0
-6,-4,0,0,0,0,0,0,0
-1,1,0,0,0,0,0,0,0
2,1,0,0,0,0,0,0,0
2,-1,0,0,0,0,0,0,0
3,-3,0,0,0,0,0,0,0
3,-2,0,0,0,0,0,0,0
2,1,0,0,0,0,0,0,0
1,0,0,0,0,0,0,0,0
2,-4,0,0,0,0,0,0,0
3,2,0,0,0,0,0,0,0
2,9,0,0,0,0,0,0,0
1,5,0,0,0,0,0,0,0
1,-4,0,0,0,0,0,0,0
1,-8,0,0,0,0,0,0,0
-1,-6,0,0,0,0,0,0,0
-1,2,0,0,0,0,0,0,0
-1,7,0,0,0,0,0,0,0
0,3,0,0,0,0,0,0,0
1,-3,0,0,0,0,0,0,0
2,0,0,0,0,0,0,0,0
5,5,0,0,0,0,0,0,0
1,-3,0,0,0,0,0,0,0
-10,-11,0,0,0,0,0,0,0
-11,-7,0,0,0,0,0,0,0
0,-3,0,0,0,0,0,0,0
1,-5,0,0,0,0,0,0,0
-7,-2,0,0,0,0,0,0,0
-3,4,0,0,0,0,0,0,0
5,6,0,0,0,0,0,0,0
3,0,0,0,0,0,0,0,0
-1,-5,0,0,0,0,0,0,0
2,0,0,0,0,0,0,0,0
4,5,0,0,0,0,0,0,0
1,1,0,0,0,0,0,0,0
-1,-6,0,0,0,0,0,0,0
1,-5,0,0,0,0,0,0,0
1,0,0,0,0,0,0,0,0
-1,4,0,0,0,0,0,0,0
-4,3,0,0,0,0,0,0,0
-5,-2,0,0,0,0,0,0,0
-2,2,0,0,0,0,0,0,0
1,6,0,0,0,0,0,0,0
-4,2,0,0,0,0,0,0,0
-5,-1,0,0,0,0,0,0,0
1,0,0,0,0,0,0,0,0
-4,5,0,0,0,0,0,0,0
-6,9,0,0,0,0,0,0,0
6,4,0,0,0,0,0,0,0
3,-1,0,0,0,0,0,0,0
-11,3,0,0,0,0,0,0,0
-6,5,0,0,0,0,0,0,0
1,-2,0,0,0,0,0,0,0
-5,-6,0,0,0,0,0,0,0
1,-1,0,0,0,0,0,0,0
8,1,0,0,0,0,0,0,0
-3,3,0,0,0,0,0,0,0
-9,6,0,0,0,0,0,0,0
-1,4,0,0,0,0,0,0,0
5,-1,0,0,0,0,0,0,0
5,1,0,0,0,0,0,0,0
4,6,0,0,0,0,0,0,0
4,6,0,0,0,0,0,0,0
5,3,0,0,0,0,0,0,0
4,4,0,0,0,0,0,0,0
3,2,0,0,0,0,0,0,0
3,-3,0,0,0,0,0,0,0
-1,-3,0,0,0,0,0,0,0
-1,-2,0,0,0,0,0,0,0
3,-4,0,0,0,0,0,0,0
-2,-1,0,0,0,0,0,0,0
-6,5,0,0,0,0,0,0,0
3,1,0,0,0,0,0,0,0
8,-5,0,0,0,0,0,0,0
1,-1,0,0,0,0,0,0,0
-4,2,0,0,0,0,0,0,0
0,-3,0,0,0,0,0,0,0
6,-5,0,0,0,0,0,0,0
4,-3,0,0,0,0,0,0,0
2,-5,0,0,0,0,0,0,0
4,-3,0,0,0,0,0,0,0
5,-2,0,0,0,0,0,0,0
3,-8,0,0,0,0,0,0,0
2,-7,0,0,0,0,0,0,0
-1,2,0,0,0,0,0,0,0
-4,4,0,0,0,0,0,0,0
-2,-2,0,0,0,0,0,0,0
5,-1,0,0,0,0,0,0,0
6,4,0,0,0,0,0,0,0
1,-2,0,0,0,0,0,0,0
-6,-7,0,0,0,0,0,0,0
-9,-1,0,0,0,0,0,0,0
-5,3,0,0,0,0,0,0,0
1,-2,0,0,0,0,0,0,0
-1,-3,0,0,0,0,0,0,0
-1,0,0,0,0,0,0,0,0
5,-2,0,0,0,0,0,0,0
7,-5,0,0,0,0,0,0,0
3,-3,0,0,0,0,0,0,0
1,2,0,0,0,0,0,0,0
1,1,0,0,0,0,0,0,0
-5,-5,0,0,0,0,0,0,0
-8,-4,0,0,0,0,0,0,0
0,1,0,0,0,0,0,0,0
3,5,0,0,0,0,0,0,0
-3,5,0,0,0,0,0,0,0
-3,-1,0,0,0,0,0,0,0
1,-2,0,0,0,0,0,0,0
2,5,0,0,0,0,0,0,0
5,7,0,0,0,0,0,0,0
6,0,0,0,0,0,0,0,0
1,-1,0,0,0,0,0,0,0
-5,2,0,0,0,0,0,0,0
-7,0,0,0,0,0,0,0,0
0,-1,0,0,0,0,0,0,0
3,3,0,0,0,0,0,0,0
-3,7,0,0,0,0,0,0,0
-2,3,0,0,0,0,0,0,0
4,-3,0,0,0,0,0,0,0
-1,-1,0,0,0,0,0,0,0
-2,1,0,0,0,0,0,0,0
8,-3,0,0,0,0,0,0,0
2,0,0,0,0,0,0,0,0
-10,2,0,0,0,0,0,0,0
-2,-5,0,0,0,0,0,0,0
6,-7,0,0,0,0,0,0,0
0,-3,0,0,0,0,0,0,0
-2,-1,0,0,0,0,0,0,0
3,1,0,0,0,0,0,0,0
2,1,0,0,0,0,0,0,0
1,-1,0,0,0,0,0,0,0
0,1,0,0,0,0,0,0,0
1,4,0,0,0,0,0,0,0
2,4,0,0,0,0,0,0,0
2,0,0,0,0,0,0,0,0
1,-3,0,0,0,0,0,0,0
2,3,0,0,0,0,0,0,0
2,8,0,0,0,0,0,0,0
-1,1,0,0,0,0,0,0,0
-1,-2,0,0,0,0,0,0,0
-1,0,0,0,0,0,0,0,0
-6,-5,0,0,0,0,0,0,0
-4,-5,0,0,0,0,0,0,0
3,3,0,0,0,0,0,0,0
3,3,0,0,0,0,0,0,0
-2,1,0,0,0,0,0,0,0
-1,4,0,0,0,0,0,0,0
0,0,0,0,0,0,0,0,0
-5,-7,0,0,0,0,0,0,0
-5,-4,0,0,0,0,0,0,0
1,4,0,0,0,0,0,0,0
4,4,0,0,0,0,0,0,0
-1,0,0,0,0,0,0,0,0
-8,1,0,0,0,0,0,0,0
-9,5,0,0,0,0,0,0,0
-3,6,0,0,0,0,0,0,0
-1,2,0,0,0,0,0,0,0
-3,-4,0,0,0,0,0,0,0
-4,-5,0,0,0,0,0,0,0
-5,0,0,0,0,0,0,0,0
-2,1,0,0,0,0,0,0,0
3,-2,0,0,0,0,0,0,0
-1,-1,0,0,0,0,0,0,0
-3,2,0,0,0,0,0,0,0
3,2,0,0,0,0,0,0,0
0,-1,0,0,0,0,0,0,0
-1,-3,0,0,0,0,0,0,0
7,0,0,0,0,0,0,0,0
6,0,0,0,0,0,0,0,0
-1,-1,0,0,0,0,0,0,0
-3,2,0,0,0,0,0,0,0
0,5,0,0,0,0,0,0,0
3,0,0,0,0,0,0,0,0
4,-3,0,0,0,0,0,0,0
1,0,0,0,0,0,0,0,0
-2,0,0,0,0,0,0,0,0
2,-3,0,0,0,0,0,0,0
10,-4,0,0,0,0,0,0,0
7,0,0,0,0,0,0,0,0
-2,0,0,0,0,0,0,0,0
-1,-4,0,0,0,0,0,0,0
-1,-1,0,0,0,0,0,0,0
-4,1,0,0,0,0,0,0,0
-3,-3,0,0,0,0,0,0,0
0,1,0,0,0,0,0,0,0
3,5,0,0,0,0,0,0,0
4,0,0,0,0,0,0,0,0
2,-4,0,0,0,0,0,0,0
1,-5,0,0,0,0,0,0,0
4,-4,0,0,0,0,0,0,0
7,3,0,0,0,0,0,0,0
3,4,0,0,0,0,0,0,0
-6,1,0,0,0,0,0,0,0
-6,0,0,0,0,0,0,0,0
-1,1,0,0,0,0,0,0,0
-3,0,0,0,0,0,0,0,0
-6,-1,0,0,0,0,0,0,0
-6,0,0,0,0,0,0,0,0
-2,0,0,0,0,0,0,0,0
5,-5,0,0,0,0,0,0,0
5,-6,0,0,0,0,0,0,0
2,-1,0,0,0,0,0,0,0
2,4,0,0,0,0,0,0,0
1,8,0,0,0,0,0,0,0
-3,7,0,0,0,0,0,0,0
-2,2,0,0,0,0,0,0,0
4,-1,0,0,0,0,0,0,0
3,0,0,0,0,0,0,0,0
-2,6,0,0,0,0,0,0,0
-2,5,0,0,0,0,0,0,0
-4,2,0,0,0,0,0,0,0
-2,2,0,0,0,0,0,0,0
4,-1,0,0,0,0,0,0,0
3,-3,0,0,0,0,0,0,0
-3,-2,0,0,0,0,0,0,0
-5,-2,0,0,0,0,0,0,0
-1,-1,0,0,0,0,0,0,0
3,-1,0,0,0,0,0,0,0
3,-2,0,0,0,0,0,0,0
-2,-1,0,0,0,0,0,0,0
-5,0,0,0,0,0,0,0,0
-2,-3,0,0,0,0,0,0,0
2,-4,0,0,0,0,0,0,0
2,-4,0,0,0,0,0,0,0
1,-4,0,0,0,0,0,0,0
0,-3,0,0,0,0,0,0,0
-3,-1,0,0,0,0,0,0,0
-1,2,0,0,0,0,0,0,0
5,4,0,0,0,0,0,0,0
4,2,0,0,0,0,0,0,0
0,-1,0,0,0,0,0,0,0
0,-3,0,0,0,0,0,0,0
-1,0,0,0,0,0,0,0,0
-5,2,0,0,0,0,0,0,0
-2,0,0,0,0,0,0,0,0
3,1,0,0,0,0,0,0,0
-2,2,0,0,0,0,0,0,0
-6,0,0,0,0,0,0,0,0
-1,1,0,0,0,0,0,0,0
3,1,0,0,0,0,0,0,0
4,-2,0,0,0,0,0,0,0
3,1,0,0,0,0,0,0,0
1,2,0,0,0,0,0,0,0
2,-3,0,0,0,0,0,0,0
0,-3,0,0,0,0,0,0,0
-5,3,0,0,0,0,0,0,0
-2,2,0,0,0,0,0,0,0
4,-5,0,0,0,0,0,0,0
3,-2,0,0,0,0,0,0,0
-1,4,0,0,0,0,0,0,0
-3,3,0,0,0,0,0,0,0
-2,2,0,0,0,0,0,0,0
-2,5,0,0,0,0,0,0,0
-1,0,0,0,0,0,0,0,0
2,-8,0,0,0,0,0,0,0
3,-5,0,0,0,0,0,0,0
1,-1,0,0,0,0,0,0,0
2,-1,0,0,0,0,0,0,0
1,-2,0,0,0,0,0,0,0
-2,-3,0,0,0,0,0,0,0
3,0,0,0,0,0,0,0,0
6,6,0,0,0,0,0,0,0
-5,5,0,0,0,0,0,0,0
-7,0,0,0,0,0,0,0,0
-2,1,0,0,0,0,0,0,0
-5,-1,0,0,0,0,0,0,0
-2,-3,0,0,0,0,0,0,0
7,4,0,0,0,0,0,0,0
4,4,0,0,0,0,0,0,0
0,-2,0,0,0,0,0,0,0
2,-1,0,0,0,0,0,0,0
3,0,0,0,0,0,0,0,0
1,-4,0,0,0,0,0,0,0
1,-1,0,0,0,0,0,0,0
-1,5,0,0,0,0,0,0,0
-5,3,0,0,0,0,0,0,0
-3,2,0,0,0,0,0,0,0
3,6,0,0,0,0,0,0,0
4,1,0,0,0,0,0,0,0
2,-4,0,0,0,0,0,0,0
2,4,0,0,0,0,0,0,0
2,5,0,0,0,0,0,0,0
0,-5,0,0,0,0,0,0,0
-2,-3,0,0,0,0,0,0,0
-2,5,0,0,0,0,0,0,0
3,2,0,0,0,0,0,0,0
4,1,0,0,0,0,0,0,0
6,7,0,0,0,0,0,0,0
6,9,0,0,0,0,0,0,0
0,4,0,0,0,0,0,0,0
-3,-2,0,0,0,0,0,0,0
-6,-7,0,0,0,0,0,0,0
-11,-5,0,0,0,0,0,0,0
-7,-1,0,0,0,0,0,0,0
1,0,0,0,0,0,0,0,0
2,1,0,0,0,0,0,0,0
1,1,0,0,0,0,0,0,0
0,-1,0,0,0,0,0,0,0
-3,-1,0,0,0,0,0,0,0
-4,-3,0,0,0,0,0,0,0
-2,-1,0,0,0,0,0,0,0
1,2,0,0,0,0,0,0,0
2,2,0,0,0,0,0,0,0
-2,4,0,0,0,0,0,0,0
-4,0,0,0,0,0,0,0,0
-1,-7,0,0,0,0,0,0,0
0,-3,0,0,0,0,0,0,0
2,1,0,0,0,0,0,0,0
3,0,0,0,0,0,0,0,0
3,-5,0,0,0,0,0,0,0
4,-6,0,0,0,0,0,0,0
4,3,0,0,0,0,0,0,0
3,3,0,0,0,0,0,0,0
3,-5,0,0,0,0,0,0,0
2,-4,0,0,0,0,0,0,0
0,0,0,0,0,0,0,0,0
2,-2,0,0,0,0,0,0,0
7,-4,0,0,0,0,0,0,0
5,-3,0,0,0,0,0,0,0
-3,-2,0,0,0,0,0,0,0
-5,-1,0,0,0,0,0,0,0
-4,1,0,0,0,0,0,0,0
-4,0,0,0,0,0,0,0,0
0,4,0,0,0,0,0,0,0
2,4,0,0,0,0,0,0,0
-2,-2,0,0,0,0,0,0,0
-7,1,0,0,0,0,0,0,0
-7,4,0,0,0,0,0,0,0
-1,0,0,0,0,0,0,0,0
1,1,0,0,0,0,0,0,0
-4,5,0,0,0,0,0,0,0
-5,3,0,0,0,0,0,0,0
-3,6,0,0,0,0,0,0,0
-1,8,0,0,0,0,0,0,0
-1,6,0,0,0,0,0,0,0
-5,5,0,0,0,0,0,0,0
1,3,0,0,0,0,0,0,0
6,-2,0,0,0,0,0,0,0
-3,-3,0,0,0,0,0,0,0
-7,-2,0,0,0,0,0,0,0
2,-6,0,0,0,0,0,0,0
3,-7,0,0,0,0,0,0,0
-2,-5,0,0,0,0,0,0,0
-1,-2,0,0,0,0,0,0,0
3,1,0,0,0,0,0,0,0
6,0,0,0,0,0,0,0,0
6,-4,0,0,0,0,0,0,0
3,-5,0,0,0,0,0,0,0
2,-4,0,0,0,0,0,0,0
0,-4,0,0,0,0,0,0,0
0,-3,0,0,0,0,0,0,0
5,1,0,0,0,0,0,0,0
5,3,0,0,0,0,0,0,0
1,0,0,0,0,0,0,0,0
2,-4,0,0,0,0,0,0,0
4,3,0,0,0,0,0,0,0
1,11,0,0,0,0,0,0,0
-2,6,0,0,0,0,0,0,0
1,-3,0,0,0,0,0,0,0
4,-2,0,0,0,0,0,0,0
2,1,0,0,0,0,0,0,0
0,-4,0,0,0,0,0,0,0
3,-5,0,0,0,0,0,0,0
3,-2,0,0,0,0,0,0,0
4,-4,0,0,0,0,0,0,0
8,-3,0,0,0,0,0,0,0
5,-1,0,0,0,0,0,0,0
-3,1,0,0,0,0,0,0,0
-2,4,0,0,0,0,0,0,0
3,6,0,0,0,0,0,0,0
-1,0,0,0,0,0,0,0,0
-8,-2,0,0,0,0,0,0,0
-10,1,0,0,0,0,0,0,0
-2,-3,0,0,0,0,0,0,0
3,-6,0,0,0,0,0,0,0
1,-1,0,0,0,0,0,0,0
0,1,0,0,0,0,0,0,0
-1,-2,0,0,0,0,0,0,0
-7,-1,0,0,0,0,0,0,0
-9,5,0,0,0,0,0,0,0
-2,8,0,0,0,0,0,0,0
2,4,0,0,0,0,0,0,0
-4,-2,0,0,0,0,0,0,0
-5,-3,0,0,0,0,0,0,0
-3,3,0,0,0,0,0,0,0
-5,6,0,0,0,0,0,0,0
-2,1,0,0,0,0,0,0,0
1,0,0,0,0,0,0,0,0
0,7,0,0,0,0,0,0,0
1,5,0,0,0,0,0,0,0
-1,-5,0,0,0,0,0,0,0
-2,-9,0,0,0,0,0,0,0
4,-5,0,0,0,0,0,0,0
5,-3,0,0,0,0,0,0,0
2,-4,0,0,0,0,0,0,0
2,-2,0,0,0,0,0,0,0
0,3,0,0,0,0,0,0,0
-5,1,0,0,0,0,0,0,0
-5,-2,0,0,0,0,0,0,0
2,1,0,0,0,0,0,0,0
6,2,0,0,0,0,0,0,0
3,-6,0,0,0,0,0,0,0
2,-7,0,0,0,0,0,0,0
3,1,0,0,0,0,0,0,0
-2,5,0,0,0,0,0,0,0
-2,7,0,0,0,0,0,0,0
6,4,0,0,0,0,0,0,0
7,-3,0,0,0,0,0,0,0
1,-5,0,0,0,0,0,0,0
1,1,0,0,0,0,0,0,0
4,1,0,0,0,0,0,0,0
1,-3,0,0,0,0,0,0,0
-5,2,0,0,0,0,0,0,0
-4,2,0,0,0,0,0,0,0
2,-5,0,0,0,0,0,0,0
2,-2,0,0,0,0,0,0,0
0,3,0,0,0,0,0,0,0
2,1,0,0,0,0,0,0,0
0,3,0,0,0,0,0,0,0
-5,4,0,0,0,0,0,0,0
-4,2,0,0,0,0,0,0,0
3,-1,0,0,0,0,0,0,0
5,-5,0,0,0,0,0,0,0
2,-4,0,0,0,0,0,0,0
1,-1,0,0,0,0,0,0,0
1,-3,0,0,0,0,0,0,0
0,-1,0,0,0,0,0,0,0
-1,6,0,0,0,0,0,0,0
-2,4,0,0,0,0,0,0,0
2,-4,0,0,0,0,0,0,0
6,-2,0,0,0,0,0,0,0
-1,6,0,0,0,0,0,0,0
-7,9,0,0,0,0,0,0,0
0,5,0,0,0,0,0,0,0
2,0,0,0,0,0,0,0,0
-4,-1,0,0,0,0,0,0,0
-2,2,0,0,0,0,0,0,0
1,-2,0,0,0,0,0,0,0
-2,-5,0,0,0,0,0,0,0
-3,-1,0,0,0,0,0,0,0
-4,0,0,0,0,0,0,0,0
-4,-2,0,0,0,0,0,0,0
2,-2,0,0,0,0,0,0,0
3,0,0,0,0,0,0,0,0
-2,5,0,0,0,0,0,0,0
-6,5,0,0,0,0,0,0,0
-3,1,0,0,0,0,0,0,0
2,-1,0,0,0,0,0,0,0
0,-3,0,0,0,0,0,0,0
-6,2,0,0,0,0,0,0,0
-3,7,0,0,0,0,0,0,0
5,2,0,0,0,0,0,0,0
4,0,0,0,0,0,0,0,0
-2,5,0,0,0,0,0,0,0
-5,0,0,0,0,0,0,0,0
-3,-4,0,0,0,0,0,0,0
1,3,0,0,0,0,0,0,0
3,3,0,0,0,0,0,0,0
-1,-3,0,0,0,0,0,0,0
-4,-3,0,0,0,0,0,0,0
0,-2,0,0,0,0,0,0,0
9,0,0,0,0,0,0,0,0
7,6,0,0,0,0,0,0,0
-4,2,0,0,0,0,0,0,0
-6,-6,0,0,0,0,0,0,0
-1,-6,0,0,0,0,0,0,0
2,-1,0,0,0,0,0,0,0
2,-1,0,0,0,0,0,0,0
-2,-6,0,0,0,0,0,0,0
-4,-4,0,0,0,0,0,0,0
-1,-2,0,0,0,0,0,0,0
3,2,0,0,0,0,0,0,0
2,6,0,0,0,0,0,0,0
-2,1,0,0,0,0,0,0,0
-4,-4,0,0,0,0,0,0,0
-2,0,0,0,0,0,0,0,0
2,1,0,0,0,0,0,0,0
2,-1,0,0,0,0,0,0,0
-6,1,0,0,0,0,0,0,0
-8,4,0,0,0,0,0,0,0
1,-1,0,0,0,0,0,0,0
6,-8,0,0,0,0,0,0,0
3,-6,0,0,0,0,0,0,0
2,-3,0,0,0,0,0,0,0
5,-4,0,0,0,0,0,0,0
3,-3,0,0,0,0,0,0,0
3,-2,0,0,0,0,0,0,0
9,-2,0,0,0,0,0,0,0
7,3,0,0,0,0,0,0,0
-1,9,0,0,0,0,0,0,0
-2,7,0,0,0,0,0,0,0
3,4,0,0,0,0,0,0,0
2,5,0,0,0,0,0,0,0
-1,1,0,0,0,0,0,0,0
-1,-4,0,0,0,0,0,0,0
0,2,0,0,0,0,0,0,0
-2,4,0,0,0,0,0,0,0
-8,-5,0,0,0,0,0,0,0
-9,-3,0,0,0,0,0,0,0
-1,5,0,0,0,0,0,0,0
4,1,0,0,0,0,0,0,0
-1,1,0,0,0,0,0,0,0
-6,1,0,0,0,0,0,0,0
-2,-1,0,0,0,0,0,0,0
5,-1,0,0,0,0,0,0,0
4,-5,0,0,0,0,0,0,0
0,-5,0,0,0,0,0,0,0
1,3,0,0,0,0,0,0,0
2,5,0,0,0,0,0,0,0
1,-1,0,0,0,0,0,0,0
1,0,0,0,0,0,0,0,0
0,6,0,0,0,0,0,0,0
0,6,0,0,0,0,0,0,0
2,1,0,0,0,0,0,0,0
5,-5,0,0,0,0,0,0,0
7,-9,0,0,0,0,0,0,0
3,-4,0,0,0,0,0,0,0
-7,4,0,0,0,0,0,0,0
-5,5,0,0,0,0,0,0,0
5,-3,0,0,0,0,0,0,0
8,-6,0,0,0,0,0,0,0
3,2,0,0,0,0,0,0,0
-2,5,0,0,0,0,0,0,0
0,-3,0,0,0,0,0,0,0
6,-7,0,0,0,0,0,0,0
1,2,0,0,0,0,0,0,0
-10,5,0,0,0,0,0,0,0
-5,-4,0,0,0,0,0,0,0
4,-9,0,0,0,0,0,0,0
1,-1,0,0,0,0,0,0,0
-3,6,0,0,0,0,0,0,0
0,5,0,0,0,0,0,0,0
0,1,0,0,0,0,0,0,0
-1,-5,0,0,0,0,0,0,0
-2,-5,0,0,0,0,0,0,0
-5,2,0,0,0,0,0,0,0
-3,4,0,0,0,0,0,0,0
2,-2,0,0,0,0,0,0,0
0,-5,0,0,0,0,0,0,0
-3,1,0,0,0,0,0,0,0
-1,1,0,0,0,0,0,0,0
-4,1,0,0,0,0,0,0,0
-4,5,0,0,0,0,0,0,0
1,1,0,0,0,0,0,0,0
2,-4,0,0,0,0,0,0,0
0,0,0,0,0,0,0,0,0
1,0,0,0,0,0,0,0,0
0,-4,0,0,0,0,0,0,0
0,-5,0,0,0,0,0,0,0
1,-1,0,0,0,0,0,0,0
1,1,0,0,0,0,0,0,0
1,-3,0,0,0,0,0,0,0
-2,1,0,0,0,0,0,0,0
-5,5,0,0,0,0,0,0,0
-2,3,0,0,0,0,0,0,0
1,4,0,0,0,0,0,0,0
-4,0,0,0,0,0,0,0,0
-5,-6,0,0,0,0,0,0,0
-1,0,0,0,0,0,0,0,0
-1,0,0,0,0,0,0,0,0
1,-8,0,0,0,0,0,0,0
4,-5,0,0,0,0,0,0,0
4,0,0,0,0,0,0,0,0
3,-3,0,0,0,0,0,0,0
1,-3,0,0,0,0,0,0,0
1,0,0,0,0,0,0,0,0
1,1,0,0,0,0,0,0,0
2,3,0,0,0,0,0,0,0
1,3,0,0,0,0,0,0,0
-4,-2,0,0,0,0,0,0,0
-8,-1,0,0,0,0,0,0,0
-5,4,0,0,0,0,0,0,0
1,5,0,0,0,0,0,0,0
0,5,0,0,0,0,0,0,0
-1,8,0,0,0,0,0,0,0
3,5,0,0,0,0,0,0,0
3,0,0,0,0,0,0,0,0
1,4,0,0,0,0,0,0,0
1,8,0,0,0,0,0,0,0
-2,-1,0,0,0,0,0,0,0
-1,-7,0,0,0,0,0,0,0
4,-2,0,0,0,0,0,0,0
4,2,0,0,0,0,0,0,0
1,2,0,0,0,0,0,0,0
0,-1,0,0,0,0,0,0,0
2,-7,0,0,0,0,0,0,0
5,-3,0,0,0,0,0,0,0
4,4,0,0,0,0,0,0,0
1,1,0,0,0,0,0,0,0
2,-3,0,0,0,0,0,0,0
3,-3,0,0,0,0,0,0,0
1,-2,0,0,0,0,0,0,0
-3,0,0,0,0,0,0,0,0
-3,0,0,0,0,0,0,0,0
-2,1,0,0,0,0,0,0,0
-4,7,0,0,0,0,0,0,0
0,9,0,0,0,0,0,0,0
2,0,0,0,0,0,0,0,0
-3,-6,0,0,0,0,0,0,0
-3,0,0,0,0,0,0,0,0
3,5,0,0,0,0,0,0,0
6,-1,0,0,0,0,0,0,0
3,-4,0,0,0,0,0,0,0
-2,3,0,0,0,0,0,0,0
0,7,0,0,0,0,0,0,0
5,-2,0,0,0,0,0,0,0
4,-6,0,0,0,0,0,0,0
2,-2,0,0,0,0,0,0,0
1,-1,0,0,0,0,0,0,0
-4,-2,0,0,0,0,0,0,0
-8,3,0,0,0,0,0,0,0
-5,3,0,0,0,0,0,0,0
3,-2,0,0,0,0,0,0,0
5,0,0,0,0,0,0,0,0
5,1,0,0,0,0,0,0,0
5,-5,0,0,0,0,0,0,0
2,-2,0,0,0,0,0,0,0
-3,5,0,0,0,0,0,0,0
-1,1,0,0,0,0,0,0,0
4,-4,0,0,0,0,0,0,0
3,-1,0,0,0,0,0,0,0
0,1,0,0,0,0,0,0,0
2,-1,0,0,0,0,0,0,0
1,-2,0,0,0,0,0,0,0
-5,-1,0,0,0,0,0,0,0
-6,0,0,0,0,0,0,0,0
3,-1,0,0,0,0,0,0,0
7,-1,0,0,0,0,0,0,0
1,4,0,0,0,0,0,0,0
0,9,0,0,0,0,0,0,0
5,6,0,0,0,0,0,0,0
8,-4,0,0,0,0,0,0,0
5,-8,0,0,0,0,0,0,0
-1,3,0,0,0,0,0,0,0
-3,12,0,0,0,0,0,0,0
0,7,0,0,0,0,0,0,0
2,3,0,0,0,0,0,0,0
3,5,0,0,0,0,0,0,0
-3,4,0,0,0,0,0,0,0
-8,2,0,0,0,0,0,0,0
-2,-3,0,0,0,0,0,0,0
0,-6,0,0,0,0,0,0,0
-8,-1,0,0,0,0,0,0,0
-5,0,0,0,0,0,0,0,0
4,-7,0,0,0,0,0,0,0
0,-7,0,0,0,0,0,0,0
-9,1,0,0,0,0,0,0,0
-5,1,0,0,0,0,0,0,0
3,-3,0,0,0,0,0,0,0
1,3,0,0,0,0,0,0,0
-4,8,0,0,0,0,0,0,0
-1,4,0,0,0,0,0,0,0
1,2,0,0,0,0,0,0,0
-3,1,0,0,0,0,0,0,0
1,-3,0,0,0,0,0,0,0
3,-3,0,0,0,0,0,0,0
-3,0,0,0,0,0,0,0,0
-3,1,0,0,0,0,0,0,0
0,0,0,0,0,0,0,0,0
-1,-5,0,0,0,0,0,0,0
-2,-10,0,0,0,0,0,0,0
-1,-6,0,0,0,0,0,0,0
-1,-2,0,0,0,0,0,0,0
-1,0,0,0,0,0,0,0,0
0,1,0,0,0,0,0,0,0
0,-4,0,0,0,0,0,0,0
-3,-7,0,0,0,0,0,0,0
-8,-3,0,0,0,0,0,0,0
-9,-3,0,0,0,0,0,0,0
-4,-4,0,0,0,0,0,0,0
-2,3,0,0,0,0,0,0,0
-1,5,0,0,0,0,0,0,0
4,-1,0,0,0,0,0,0,0
4,-3,0,0,0,0,0,0,0
0,-3,0,0,0,0,0,0,0
5,-7,0,0,0,0,0,0,0
9,-6,0,0,0,0,0,0,0
3,0,0,0,0,0,0,0,0
-1,0,0,0,0,0,0,0,0
4,-4,0,0,0,0,0,0,0
0,-5,0,0,0,0,0,0,0
-7,-5,0,0,0,0,0,0,0
-2,-5,0,0,0,0,0,0,0
-2,-5,0,0,0,0,0,0,0
-4,1,0,0,0,0,0,0,0
5,6,0,0,0,0,0,0,0
1,5,0,0,0,0,0,0,0
-9,6,0,0,0,0,0,0,0
-1,2,0,0,0,0,0,0,0
4,-7,0,0,0,0,0,0,0
-3,-6,0,0,0,0,0,0,0
-5,3,0,0,0,0,0,0,0
-2,4,0,0,0,0,0,0,0
-2,1,0,0,0,0,0,0,0
-3,3,0,0,0,0,0,0,0
3,4,0,0,0,0,0,0,0
4,-3,0,0,0,0,0,0,0
0,-2,0,0,0,0,0,0,0
0,6,0,0,0,0,0,0,0
1,4,0,0,0,0,0,0,0
1,-2,0,0,0,0,0,0,0
-1,4,0,0,0,0,0,0,0
-6,10,0,0,0,0,0,0,0
-7,7,0,0,0,0,0,0,0
1,3,0,0,0,0,0,0,0
6,5,0,0,0,0,0,0,0
2,4,0,0,0,0,0,0,0
0,1,0,0,0,0,0,0,0
0,0,0,0,0,0,0,0,0
-4,1,0,0,0,0,0,0,0
-6,1,0,0,0,0,0,0,0
1,0,0,0,0,0,0,0,0
4,-1,0,0,0,0,0,0,0
-1,-3,0,0,0,0,0,0,0
0,-3,0,0,0,0,0,0,0
6,3,0,0,0,0,0,0,0
4,8,0,0,0,0,0,0,0
0,4,0,0,0,0,0,0,0
-2,3,0,0,0,0,0,0,0
-6,2,0,0,0,0,0,0,0
-4,-4,0,0,0,0,0,0,0
4,-5,0,0,0,0,0,0,0
7,-3,0,0,0,0,0,0,0
5,-7,0,0,0,0,0,0,0
3,-8,0,0,0,0,0,0,0
1,-2,0,0,0,0,0,0,0
-1,0,0,0,0,0,0,0,0
1,3,0,0,0,0,0,0,0
4,3,0,0,0,0,0,0,0
1,1,0,0,0,0,0,0,0
2,4,0,0,0,0,0,0,0
8,3,0,0,0,0,0,0,0
6,-6,0,0,0,0,0,0,0
3,-8,0,0,0,0,0,0,0
5,-3,0,0,0,0,0,0,0
3,-2,0,0,0,0,0,0,0
2,-2,0,0,0,0,0,0,0
1,2,0,0,0,0,0,0,0
-4,4,0,0,0,0,0,0,0
-7,3,0,0,0,0,0,0,0
1,4,0,0,0,0,0,0,0
6,4,0,0,0,0,0,0,0
1,-4,0,0,0,0,0,0,0
-4,-8,0,0,0,0,0,0,0
0,-5,0,0,0,0,0,0,0
5,-2,0,0,0,0,0,0,0
3,-4,0,0,0,0,0,0,0
1,-5,0,0,0,0,0,0,0
0,-4,0,0,0,0,0,0,0
-4,-1,0,0,0,0,0,0,0
-4,0,0,0,0,0,0,0,0
-3,-1,0,0,0,0,0,0,0
-5,0,0,0,0,0,0,0,0
0,6,0,0,0,0,0,0,0
7,9,0,0,0,0,0,0,0
2,2,0,0,0,0,0,0,0
-4,-2,0,0,0,0,0,0,0
0,0,0,0,0,0,0,0,0
5,3,0,0,0,0,0,0,0
1,5,0,0,0,0,0,0,0
-5,-1,0,0,0,0,0,0,0
-3,-5,0,0,0,0,0,0,0
0,0,0,0,0,0,0,0,0
-1,4,0,0,0,0,0,0,0
-2,1,0,0,0,0,0,0,0
1,-2,0,0,0,0,0,0,0
3,4,0,0,0,0,0,0,0
3,6,0,0,0,0,0,0,0
3,1,0,0,0,0,0,0,0
5,0,0,0,0,0,0,0,0
4,-2,0,0,0,0,0,0,0
2,-3,0,0,0,0,0,0,0
2,-2,0,0,0,0,0,0,0
2,-1,0,0,0,0,0,0,0
1,0,0,0,0,0,0,0,0
-1,-1,0,0,0,0,0,0,0
-6,-2,0,0,0,0,0,0,0
-9,-1,0,0,0,0,0,0,0
-2,0,0,0,0,0,0,0,0
4,2,0,0,0,0,0,0,0
1,5,0,0,0,0,0,0,0
-1,4,0,0,0,0,0,0,0
1,-4,0,0,0,0,0,0,0
0,-5,0,0,0,0,0,0,0
-2,-2,0,0,0,0,0,0,0
3,3,0,0,0,0,0,0,0
5,10,0,0,0,0,0,0,0
-8,9,0,0,0,0,0,0,0
-14,3,0,0,0,0,0,0,0
-6,0,0,0,0,0,0,0,0
0,-1,0,0,0,0,0,0,0
0,1,0,0,0,0,0,0,0
0,1,0,0,0,0,0,0,0
4,2,0,0,0,0,0,0,0
3,6,0,0,0,0,0,0,0
-4,2,0,0,0,0,0,0,0
-1,-1,0,0,0,0,0,0,0
0,4,0,0,0,0,0,0,0
-3,-1,0,0,0,0,0,0,0
2,-9,0,0,0,0,0,0,0
5,-5,0,0,0,0,0,0,0
-2,0,0,0,0,0,0,0,0
-7,2,0,0,0,0,0,0,0
-5,1,0,0,0,0,0,0,0
0,-5,0,0,0,0,0,0,0
1,-3,0,0,0,0,0,0,0
-1,6,0,0,0,0,0,0,0
3,8,0,0,0,0,0,0,0
4,5,0,0,0,0,0,0,0
1,3,0,0,0,0,0,0,0
0,0,0,0,0,0,0,0,0
-2,-1,0,0,0,0,0,0,0
-2,-2,0,0,0,0,0,0,0
5,-7,0,0,0,0,0,0,0
5,-6,0,0,0,0,0,0,0
1,2,0,0,0,0,0,0,0
1,0,0,0,0,0,0,0,0
-2,-5,0,0,0,0,0,0,0
-7,0,0,0,0,0,0,0,0
-5,3,0,0,0,0,0,0,0
-5,-1,0,0,0,0,0,0,0
0,-5,0,0,0,0,0,0,0
4,-7,0,0,0,0,0,0,0
-3,-6,0,0,0,0,0,0,0
-10,-4,0,0,0,0,0,0,0
-4,-3,0,0,0,0,0,0,0
5,-3,0,0,0,0,0,0,0
5,-1,0,0,0,0,0,0,0
0,-1,0,0,0,0,0,0,0
-3,-1,0,0,0,0,0,0,0
1,1,0,0,0,0,0,0,0
7,0,0,0,0,0,0,0,0
5,-3,0,0,0,0,0,0,0
2,0,0,0,0,0,0,0,0
2,5,0,0,0,0,0,0,0
-3,3,0,0,0,0,0,0,0
-8,3,0,0,0,0,0,0,0
-1,7,0,0,0,0,0,0,0
6,7,0,0,0,0,0,0,0
1,2,0,0,0,0,0,0,0
-5,-2,0,0,0,0,0,0,0
-1,-6,0,0,0,0,0,0,0
5,-3,0,0,0,0,0,0,0
5,3,0,0,0,0,0,0,0
7,1,0,0,0,0,0,0,0
6,-1,0,0,0,0,0,0,0
-4,3,0,0,0,0,0,0,0
-4,1,0,0,0,0,0,0,0
5,-3,0,0,0,0,0,0,0
3,0,0,0,0,0,0,0,0
-8,0,0,0,0,0,0,0,0
-8,-2,0,0,0,0,0,0,0
2,0,0,0,0,0,0,0,0
5,3,0,0,0,0,0,0,0
0,-3,0,0,0,0,0,0,0
-2,-8,0,0,0,0,0,0,0
-4,-3,0,0,0,0,0,0,0
-8,5,0,0,0,0,0,0,0
-2,7,0,0,0,0,0,0,0
6,2,0,0,0,0,0,0,0
2,-3,0,0,0,0,0,0,0
-4,-2,0,0,0,0,0,0,0
-2,-2,0,0,0,0,0,0,0
-2,-8,0,0,0,0,0,0,0
-6,-8,0,0,0,0,0,0,0
-2,-1,0,0,0,0,0,0,0
2,2,0,0,0,0,0,0,0
0,1,0,0,0,0,0,0,0
3,0,0,0,0,0,0,0,0
5,0,0,0,0,0,0,0,0
3,0,0,0,0,0,0,0,0
4,-2,0,0,0,0,0,0,0
4,-4,0,0,0,0,0,0,0
3,-3,0,0,0,0,0,0,0
1,-1,0,0,0,0,0,0,0
-5,-2,0,0,0,0,0,0,0
-5,-1,0,0,0,0,0,0,0
5,0,0,0,0,0,0,0,0
4,-2,0,0,0,0,0,0,0
-2,0,0,0,0,0,0,0,0
5,5,0,0,0,0,0,0,0
3,8,0,0,0,0,0,0,0
-10,4,0,0,0,0,0,0,0
-4,-1,0,0,0,0,0,0,0
3,2,0,0,0,0,0,0,0
-3,7,0,0,0,0,0,0,0
-4,1,0,0,0,0,0,0,0
2,-4,0,0,0,0,0,0,0
2,2,0,0,0,0,0,0,0
-2,3,0,0,0,0,0,0,0
-4,-2,0,0,0,0,0,0,0
-1,-2,0,0,0,0,0,0,0
0,-3,0,0,0,0,0,0,0
-2,-5,0,0,0,0,0,0,0
0,-2,0,0,0,0,0,0,0
4,4,0,0,0,0,0,0,0
3,7,0,0,0,0,0,0,0
-4,0,0,0,0,0,0,0,0
-6,-4,0,0,0,0,0,0,0
1,4,0,0,0,0,0,0,0
6,4,0,0,0,0,0,0,0
2,-2,0,0,0,0,0,0,0
-3,3,0,0,0,0,0,0,0
-1,8,0,0,0,0,0,0,0
3,1,0,0,0,0,0,0,0
0,-3,0,0,0,0,0,0,0
0,0,0,0,0,0,0,0,0
7,0,0,0,0,0,0,0,0
4,-2,0,0,0,0,0,0,0
-5,-4,0,0,0,0,0,0,0
-2,-4,0,0,0,0,0,0,0
6,-2,0,0,0,0,0,0,0
5,-1,0,0,0,0,0,0,0
0,0,0,0,0,0,0,0,0
0,2,0,0,0,0,0,0,0
-2,0,0,0,0,0,0,0,0
-1,-2,0,0,0,0,0,0,0
3,4,0,0,0,0,0,0,0
-3,9,0,0,0,0,0,0,0
-8,4,0,0,0,0,0,0,0
-1,-2,0,0,0,0,0,0,0
0,-4,0,0,0,0,0,0,0
-6,-2,0,0,0,0,0,0,0
0,3,0,0,0,0,0,0,0
8,2,0,0,0,0,0,0,0
2,-5,0,0,0,0,0,0,0
-5,-4,0,0,0,0,0,0,0
0,1,0,0,0,0,0,0,0
5,1,0,0,0,0,0,0,0
2,-2,0,0,0,0,0,0,0
-4,-6,0,0,0,0,0,0,0
-6,-4,0,0,0,0,0,0,0
-3,-1,0,0,0,0,0,0,0
3,-3,0,0,0,0,0,0,0
8,-3,0,0,0,0,0,0,0
6,2,0,0,0,0,0,0,0
2,5,0,0,0,0,0,0,0
3,3,0,0,0,0,0,0,0
4,-2,0,0,0,0,0,0,0
3,-2,0,0,0,0,0,0,0
1,-1,0,0,0,0,0,0,0
-2,0,0,0,0,0,0,0,0
-3,6,0,0,0,0,0,0,0
-3,11,0,0,0,0,0,0,0
-7,6,0,0,0,0,0,0,0
-5,-3,0,0,0,0,0,0,0
4,-6,0,0,0,0,0,0,0
6,-2,0,0,0,0,0,0,0
1,3,0,0,0,0,0,0,0
2,1,0,0,0,0,0,0,0
3,-5,0,0,0,0,0,0,0
0,-4,0,0,0,0,0,0,0
-3,1,0,0,0,0,0,0,0
0,4,0,0,0,0,0,0,0
3,2,0,0,0,0,0,0,0
4,-3,0,0,0,0,0,0,0
2,-2,0,0,0,0,0,0,0
0,5,0,0,0,0,0,0,0
1,8,0,0,0,0,0,0,0
2,4,0,0,0,0,0,0,0
0,-2,0,0,0,0,0,0,0
-1,-3,0,0,0,0,0,0,0
0,-1,0,0,0,0,0,0,0
1,-1,0,0,0,0,0,0,0
2,-3,0,0,0,0,0,0,0
2,-4,0,0,0,0,0,0,0
-1,-4,0,0,0,0,0,0,0
-8,-1,0,0,0,0,0,0,0
-10,3,0,0,0,0,0,0,0
-3,4,0,0,0,0,0,0,0
1,2,0,0,0,0,0,0,0
-5,-1,0,0,0,0,0,0,0
-4,-5,0,0,0,0,0,0,0
1,-3,0,0,0,0,0,0,0
-2,0,0,0,0,0,0,0,0
-4,-2,0,0,0,0,0,0,0
3,-4,0,0,0,0,0,0,0
5,-2,0,0,0,0,0,0,0
1,0,0,0,0,0,0,0,0
-1,4,0,0,0,0,0,0,0
-5,4,0,0,0,0,0,0,0
-8,0,0,0,0,0,0,0,0
0,2,0,0,0,0,0,0,0
5,4,0,0,0,0,0,0,0
0,3,0,0,0,0,0,0,0
-6,5,0,0,0,0,0,0,0
-5,0,0,0,0,0,0,0,0
2,-7,0,0,0,0,0,0,0
6,-2,0,0,0,0,0,0,0
3,8,0,0,0,0,0,0,0
0,8,0,0,0,0,0,0,0
-2,-1,0,0,0,0,0,0,0
-2,-5,0,0,0,0,0,0,0
1,4,0,0,0,0,0,0,0
-4,8,0,0,0,0,0,0,0
-7,1,0,0,0,0,0,0,0
2,-3,0,0,0,0,0,0,0
7,2,0,0,0,0,0,0,0
-1,1,0,0,0,0,0,0,0
-4,-5,0,0,0,0,0,0,0
1,0,0,0,0,0,0,0,0
4,2,0,0,0,0,0,0,0
2,-5,0,0,0,0,0,0,0
1,-7,0,0,0,0,0,0,0
2,-2,0,0,0,0,0,0,0
1,1,0,0,0,0,0,0,0
0,1,0,0,0,0,0,0,0
-1,-2,0,0,0,0,0,0,0
-6,-6,0,0,0,0,0,0,0
-9,-5,0,0,0,0,0,0,0
-6,4,0,0,0,0,0,0,0
-1,3,0,0,0,0,0,0,0
4,-5,0,0,0,0,0,0,0
6,-2,0,0,0,0,0,0,0
2,7,0,0,0,0,0,0,0
-1,3,0,0,0,0,0,0,0
-2,-6,0,0,0,0,0,0,0
-1,-6,0,0,0,0,0,0,0
3,-1,0,0,0,0,0,0,0
1,2,0,0,0,0,0,0,0
1,4,0,0,0,0,0,0,0
9,1,0,0,0,0,0,0,0
3,-3,0,0,0,0,0,0,0
-10,1,0,0,0,0,0,0,0
-1,3,0,0,0,0,0,0,0
8,-3,0,0,0,0,0,0,0
4,2,0,0,0,0,0,0,0
7,10,0,0,0,0,0,0,0
10,2,0,0,0,0,0,0,0
0,-1,0,0,0,0,0,0,0
-5,5,0,0,0,0,0,0,0
-3,1,0,0,0,0,0,0,0
-2,-7,0,0,0,0,0,0,0
1,-5,0,0,0,0,0,0,0
3,-3,0,0,0,0,0,0,0
1,-1,0,0,0,0,0,0,0
0,5,0,0,0,0,0,0,0
-6,6,0,0,0,0,0,0,0
-8,2,0,0,0,0,0,0,0
-3,3,0,0,0,0,0,0,0
0,2,0,0,0,0,0,0,0
-2,-1,0,0,0,0,0,0,0
1,-1,0,0,0,0,0,0,0
-1,3,0,0,0,0,0,0,0
-2,5,0,0,0,0,0,0,0
4,-1,0,0,0,0,0,0,0
4,-3,0,0,0,0,0,0,0
-2,-1,0,0,0,0,0,0,0
-4,-6,0,0,0,0,0,0,0
-1,-9,0,0,0,0,0,0,0
4,-4,0,0,0,0,0,0,0
3,0,0,0,0,0,0,0,0
-3,3,0,0,0,0,0,0,0
-2,6,0,0,0,0,0,0,0
2,2,0,0,0,0,0,0,0
-2,-6,0,0,0,0,0,0,0
-3,-8,0,0,0,0,0,0,0
0,-2,0,0,0,0,0,0,0
0,5,0,0,0,0,0,0,0
3,5,0,0,0,0,0,0,0
7,-4,0,0,0,0,0,0,0
2,-5,0,0,0,0,0,0,0
-4,3,0,0,0,0,0,0,0
-1,0,0,0,0,0,0,0,0
5,-7,0,0,0,0,0,0,0
4,-1,0,0,0,0,0,0,0
2,1,0,0,0,0,0,0,0
3,-7,0,0,0,0,0,0,0
2,-3,0,0,0,0,0,0,0
-1,6,0,0,0,0,0,0,0
-5,2,0,0,0,0,0,0,0
-8,-1,0,0,0,0,0,0,0
-7,2,0,0,0,0,0,0,0
-4,1,0,0,0,0,0,0,0
0,-3,0,0,0,0,0,0,0
3,-5,0,0,0,0,0,0,0
-1,-6,0,0,0,0,0,0,0
-1,-5,0,0,0,0,0,0,0
6,-1,0,0,0,0,0,0,0
7,1,0,0,0,0,0,0,0
7,-4,0,0,0,0,0,0,0
5,-4,0,0,0,0,0,0,0
-3,2,0,0,0,0,0,0,0
2,6,0,0,0,0,0,0,0
10,8,0,0,0,0,0,0,0
3,7,0,0,0,0,0,0,0
-1,3,0,0,0,0,0,0,0
3,4,0,0,0,0,0,0,0
-1,6,0,0,0,0,0,0,0
-1,-2,0,0,0,0,0,0,0
0,-8,0,0,0,0,0,0,0
-7,-3,0,0,0,0,0,0,0
-8,-1,0,0,0,0,0,0,0
5,-2,0,0,0,0,0,0,0
7,2,0,0,0,0,0,0,0
-6,4,0,0,0,0,0,0,0
-8,0,0,0,0,0,0,0,0
0,0,0,0,0,0,0,0,0
2,1,0,0,0,0,0,0,0
-1,-3,0,0,0,0,0,0,0
-2,2,0,0,0,0,0,0,0
0,9,0,0,0,0,0,0,0
3,7,0,0,0,0,0,0,0
5,3,0,0,0,0,0,0,0
-1,0,0,0,0,0,0,0,0
-6,-6,0,0,0,0,0,0,0
2,-2,0,0,0,0,0,0,0
4,4,0,0,0,0,0,0,0
-3,1,0,0,0,0,0,0,0
-4,-3,0,0,0,0,0,0,0
-4,3,0,0,0,0,0,0,0
-5,6,0,0,0,0,0,0,0
0,-2,0,0,0,0,0,0,0
-3,-5,0,0,0,0,0,0,0
-8,4,0,0,0,0,0,0,0
-4,8,0,0,0,0,0,0,0
1,1,0,0,0,0,0,0,0
2,-2,0,0,0,0,0,0,0
1,2,0,0,0,0,0,0,0
-2,4,0,0,0,0,0,0,0
-5,-2,0,0,0,0,0,0,0
0,-8,0,0,0,0,0,0,0
4,-5,0,0,0,0,0,0,0
1,-3,0,0,0,0,0,0,0
-3,-4,0,0,0,0,0,0,0
-4,-2,0,0,0,0,0,0,0
0,3,0,0,0,0,0,0,0
9,1,0,0,0,0,0,0,0
6,-3,0,0,0,0,0,0,0
-3,2,0,0,0,0,0,0,0
-1,3,0,0,0,0,0,0,0
4,2,0,0,0,0,0,0,0
1,3,0,0,0,0,0,0,0
-1,1,0,0,0,0,0,0,0
1,-2,0,0,0,0,0,0,0
1,-1,0,0,0,0,0,0,0
-3,-6,0,0,0,0,0,0,0
-6,-7,0,0,0,0,0,0,0
-4,0,0,0,0,0,0,0,0
2,4,0,0,0,0,0,0,0
3,6,0,0,0,0,0,0,0
1,5,0,0,0,0,0,0,0
1,3,0,0,0,0,0,0,0
-1,1,0,0,0,0,0,0,0
-5,-3,0,0,0,0,0,0,0
-2,0,0,0,0,0,0,0,0
3,5,0,0,0,0,0,0,0
1,-1,0,0,0,0,0,0,0
0,-9,0,0,0,0,0,0,0
3,-6,0,0,0,0,0,0,0
1,-3,0,0,0,0,0,0,0
-5,-5,0,0,0,0,0,0,0
-3,-4,0,0,0,0,0,0,0
3,-3,0,0,0,0,0,0,0
0,-2,0,0,0,0,0,0,0
-5,1,0,0,0,0,0,0,0
-3,2,0,0,0,0,0,0,0
-1,-3,0,0,0,0,0,0,0
-2,-3,0,0,0,0,0,0,0
2,3,0,0,0,0,0,0,0
4,4,0,0,0,0,0,0,0
2,4,0,0,0,0,0,0,0
2,8,0,0,0,0,0,0,0
3,5,0,0,0,0,0,0,0
2,-1,0,0,0,0,0,0,0
-2,0,0,0,0,0,0,0,0
-3,1,0,0,0,0,0,0,0
3,-5,0,0,0,0,0,0,0
4,-5,0,0,0,0,0,0,0
1,-2,0,0,0,0,0,0,0
7,0,0,0,0,0,0,0,0
7,4,0,0,0,0,0,0,0
0,2,0,0,0,0,0,0,0
-1,-2,0,0,0,0,0,0,0
1,4,0,0,0,0,0,0,0
2,9,0,0,0,0,0,0,0
2,2,0,0,0,0,0,0,0
-1,-3,0,0,0,0,0,0,0
-7,1,0,0,0,0,0,0,0
-8,3,0,0,0,0,0,0,0
-1,1,0,0,0,0,0,0,0
4,-4,0,0,0,0,0,0,0
2,-6,0,0,0,0,0,0,0
-1,0,0,0,0,0,0,0,0
-3,3,0,0,0,0,0,0,0
-1,-1,0,0,0,0,0,0,0
4,-4,0,0,0,0,0,0,0
-1,-3,0,0,0,0,0,0,0
-3,0,0,0,0,0,0,0,0
2,0,0,0,0,0,0,0,0
0,-3,0,0,0,0,0,0,0
1,2,0,0,0,0,0,0,0
8,9,0,0,0,0,0,0,0
0,5,0,0,0,0,0,0,0
-6,-1,0,0,0,0,0,0,0
5,-2,0,0,0,0,0,0,0
9,0,0,0,0,0,0,0,0
-1,-1,0,0,0,0,0,0,0
-4,-5,0,0,0,0,0,0,0
-3,-2,0,0,0,0,0,0,0
-3,0,0,0,0,0,0,0,0
-3,-6,0,0,0,0,0,0,0
-1,-4,0,0,0,0,0,0,0
1,3,0,0,0,0,0,0,0
4,8,0,0,0,0,0,0,0
8,15,0,0,0,0,0,0,0
2,16,0,0,0,0,0,0,0
-8,2,0,0,0,0,0,0,0
-4,-11,0,0,0,0,0,0,0
3,-17,0,0,0,0,0,0,0
-35,-70,0,0,0,0,0,0,0
-171,-258,0,0,0,0,0,0,0
-348,-438,0,0,0,0,0,0,0
-372,-152,0,0,0,0,0,0,0
-247,406,0,0,0,0,0,0,0
-227,256,0,0,0,0,0,0,0
-246,-399,0,0,0,0,0,0,0
-31,-354,0,0,0,0,0,0,0
230,152,0,0,0,0,0,0,0
238,206,0,0,0,0,0,0,0
154,54,0,0,0,0,0,0,0
155,89,0,0,0,0,0,0,0
159,112,0,0,0,0,0,0,0
133,69,0,0,0,0,0,0,0
124,70,0,0,0,0,0,0,0
123,71,0,0,0,0,0,0,0
115,56,0,0,0,0,0,0,0
108,62,0,0,0,0,0,0,0
101,64,0,0,0,0,0,0,0
93,48,0,0,0,0,0,0,0
85,42,0,0,0,0,0,0,0
74,46,0,0,0,0,0,0,0
66,42,0,0,0,0,0,0,0
66,31,0,0,0,0,0,0,0
66,33,0,0,0,0,0,0,0
58,37,0,0,0,0,0,0,0
51,26,0,0,0,0,0,0,0
46,14,0,0,0,0,0,0,0
37,6,0,0,0,0,0,0,0
33,-9,0,0,0,0,0,0,0
36,-6,0,0,0,0,0,0,0
30,22,0,0,0,0,0,0,0
23,32,0,0,0,0,0,0,0
23,20,0,0,0,0,0,0,0
21,15,0,0,0,0,0,0,0
12,14,0,0,0,0,0,0,0
7,7,0,0,0,0,0,0,0
4,6,0,0,0,0,0,0,0
6,6,0,0,0,0,0,0,0
5,1,0,0,0,0,0,0,0
-4,-4,0,0,0,0,0,0,0
-7,-3,0,0,0,0,0,0,0
-7,3,0,0,0,0,0,0,0
-13,4,0,0,0,0,0,0,0
-12,-4,0,0,0,0,0,0,0
-3,-10,0,0,0,0,0,0,0
-9,-5,0,0,0,0,0,0,0
-21,-1,0,0,0,0,0,0,0
-20,-5,0,0,0,0,0,0,0
-17,-7,0,0,0,0,0,0,0
-21,-6,0,0,0,0,0,0,0
-23,-8,0,0,0,0,0,0,0
-23,-12,0,0,0,0,0,0,0
-24,-19,0,0,0,0,0,0,0
-28,-23,0,0,0,0,0,0,0
-32,-19,0,0,0,0,0,0,0
-30,-16,0,0,0,0,0,0,0
-25,-18,0,0,0,0,0,0,0
-27,-16,0,0,0,0,0,0,0
-30,-15,0,0,0,0,0,0,0
-33,-21,0,0,0,0,0,0,0
-38,-20,0,0,0,0,0,0,0
-35,-12,0,0,0,0,0,0,0
-27,-11,0,0,0,0,0,0,0
-24,-19,0,0,0,0,0,0,0
-28,-24,0,0,0,0,0,0,0
-28,-19,0,0,0,0,0,0,0
-26,-12,0,0,0,0,0,0,0
-25,-13,0,0,0,0,0,0,0
-28,-15,0,0,0,0,0,0,0
-31,-15,0,0,0,0,0,0,0
-28,-17,0,0,0,0,0,0,0
-22,-14,0,0,0,0,0,0,0
-22,-8,0,0,0,0,0,0,0
-24,-12,0,0,0,0,0,0,0
-24,-13,0,0,0,0,0,0,0
-27,-7,0,0,0,0,0,0,0
-27,-6,0,0,0,0,0,0,0
-22,-11,0,0,0,0,0,0,0
-25,-15,0,0,0,0,0,0,0
-29,-16,0,0,0,0,0,0,0
-19,-10,0,0,0,0,0,0,0
-12,-7,0,0,0,0,0,0,0
-19,-15,0,0,0,0,0,0,0
-23,-17,0,0,0,0,0,0,0
-18,-7,0,0,0,0,0,0,0
-12,-3,0,0,0,0,0,0,0
-12,-8,0,0,0,0,0,0,0
-13,-9,0,0,0,0,0,0,0
-13,-9,0,0,0,0,0,0,0
-13,-12,0,0,0,0,0,0,0
-15,-14,0,0,0,0,0,0,0
-12,-14,0,0,0,0,0,0,0
-8,-8,0,0,0,0,0,0,0
-8,0,0,0,0,0,0,0,0
-9,-4,0,0,0,0,0,0,0
-7,-10,0,0,0,0,0,0,0
-12,-8,0,0,0,0,0,0,0
-15,-2,0,0,0,0,0,0,0
-7,0,0,0,0,0,0,0,0
-1,-1,0,0,0,0,0,0,0
-3,-1,0,0,0,0,0,0,0
-2,0,0,0,0,0,0,0,0
-1,-1,0,0,0,0,0,0,0
-7,-2,0,0,0,0,0,0,0
-9,-6,0,0,0,0,0,0,0
-1,-10,0,0,0,0,0,0,0
3,-6,0,0,0,0,0,0,0
-5,-1,0,0,0,0,0,0,0
-6,-3,0,0,0,0,0,0,0
3,-7,0,0,0,0,0,0,0
4,-3,0,0,0,0,0,0,0
2,5,0,0,0,0,0,0,0
6,4,0,0,0,0,0,0,0
9,-2,0,0,0,0,0,0,0
5,1,0,0,0,0,0,0,0
3,6,0,0,0,0,0,0,0
7,1,0,0,0,0,0,0,0
12,-5,0,0,0,0,0,0,0
10,-1,0,0,0,0,0,0,0
8,3,0,0,0,0,0,0,0
10,6,0,0,0,0,0,0,0
10,9,0,0,0,0,0,0,0
9,4,0,0,0,0,0,0,0
10,4,0,0,0,0,0,0,0
10,11,0,0,0,0,0,0,0
7,9,0,0,0,0,0,0,0
5,-1,0,0,0,0,0,0,0
7,-2,0,0,0,0,0,0,0
10,5,0,0,0,0,0,0,0
12,6,0,0,0,0,0,0,0
11,2,0,0,0,0,0,0,0
6,7,0,0,0,0,0,0,0
5,13,0,0,0,0,0,0,0
8,9,0,0,0,0,0,0,0
9,4,0,0,0,0,0,0,0
13,6,0,0,0,0,0,0,0
12,3,0,0,0,0,0,0,0
5,-3,0,0,0,0,0,0,0
3,2,0,0,0,0,0,0,0
12,9,0,0,0,0,0,0,0
17,3,0,0,0,0,0,0,0
12,1,0,0,0,0,0,0,0
11,7,0,0,0,0,0,0,0
15,7,0,0,0,0,0,0,0
13,4,0,0,0,0,0,0,0
7,6,0,0,0,0,0,0,0
8,7,0,0,0,0,0,0,0
12,10,0,0,0,0,0,0,0
8,14,0,0,0,0,0,0,0
4,12,0,0,0,0,0,0,0
8,6,0,0,0,0,0,0,0
11,6,0,0,0,0,0,0,0
11,7,0,0,0,0,0,0,0
9,8,0,0,0,0,0,0,0
5,10,0,0,0,0,0,0,0
6,6,0,0,0,0,0,0,0
9,2,0,0,0,0,0,0,0
10,9,0,0,0,0,0,0,0
6,13,0,0,0,0,0,0,0
5,8,0,0,0,0,0,0,0
11,7,0,0,0,0,0,0,0
10,9,0,0,0,0,0,0,0
7,7,0,0,0,0,0,0,0
8,0,0,0,0,0,0,0,0
5,-5,0,0,0,0,0,0,0
5,0,0,0,0,0,0,0,0
11,5,0,0,0,0,0,0,0
7,4,0,0,0,0,0,0,0
1,3,0,0,0,0,0,0,0
3,3,0,0,0,0,0,0,0
4,3,0,0,0,0,0,0,0
4,2,0,0,0,0,0,0,0
7,4,0,0,0,0,0,0,0
6,5,0,0,0,0,0,0,0
4,0,0,0,0,0,0,0,0
7,1,0,0,0,0,0,0,0
9,8,0,0,0,0,0,0,0
5,6,0,0,0,0,0,0,0
4,-1,0,0,0,0,0,0,0
2,3,0,0,0,0,0,0,0
-2,6,0,0,0,0,0,0,0
0,-2,0,0,0,0,0,0,0
7,-8,0,0,0,0,0,0,0
5,-4,0,0,0,0,0,0,0
0,-1,0,0,0,0,0,0,0
0,5,0,0,0,0,0,0,0
-1,8,0,0,0,0,0,0,0
0,1,0,0,0,0,0,0,0
3,-3,0,0,0,0,0,0,0
-2,0,0,0,0,0,0,0,0
-7,1,0,0,0,0,0,0,0
-5,0,0,0,0,0,0,0,0
-5,1,0,0,0,0,0,0,0
-1,3,0,0,0,0,0,0,0
5,-2,0,0,0,0,0,0,0
2,-2,0,0,0,0,0,0,0
0,6,0,0,0,0,0,0,0
4,0,0,0,0,0,0,0,0
5,-11,0,0,0,0,0,0,0
2,-5,0,0,0,0,0,0,0
-1,2,0,0,0,0,0,0,0
-2,-3,0,0,0,0,0,0,0
-1,-8,0,0,0,0,0,0,0
-2,-4,0,0,0,0,0,0,0
-1,1,0,0,0,0,0,0,0
1,-2,0,0,0,0,0,0,0
-1,-5,0,0,0,0,0,0,0
-3,-1,0,0,0,0,0,0,0
-4,0,0,0,0,0,0,0,0
-7,-6,0,0,0,0,0,0,0
-7,-6,0,0,0,0,0,0,0
-3,0,0,0,0,0,0,0,0
-7,4,0,0,0,0,0,0,0
-14,4,0,0,0,0,0,0,0
-9,-3,0,0,0,0,0,0,0
-2,-7,0,0,0,0,0,0,0
-3,-3,0,0,0,0,0,0,0
-4,-2,0,0,0,0,0,0,0
2,-6,0,0,0,0,0,0,0
2,-4,0,0,0,0,0,0,0
-2,1,0,0,0,0,0,0,0
-3,2,0,0,0,0,0,0,0
-6,0,0,0,0,0,0,0,0
-5,0,0,0,0,0,0,0,0
3,-1,0,0,0,0,0,0,0
5,2,0,0,0,0,0,0,0
-3,6,0,0,0,0,0,0,0
-9,3,0,0,0,0,0,0,0
-6,-5,0,0,0,0,0,0,0
-5,-6,0,0,0,0,0,0,0
-7,-3,0,0,0,0,0,0,0
-6,-2,0,0,0,0,0,0,0
-5,2,0,0,0,0,0,0,0
-3,5,0,0,0,0,0,0,0
1,-1,0,0,0,0,0,0,0
-4,-7,0,0,0,0,0,0,0
-12,-3,0,0,0,0,0,0,0
-10,-3,0,0,0,0,0,0,0
-5,-4,0,0,0,0,0,0,0
-3,1,0,0,0,0,0,0,0
-4,3,0,0,0,0,0,0,0
-6,0,0,0,0,0,0,0,0
-1,-1,0,0,0,0,0,0,0
6,2,0,0,0,0,0,0,0
4,0,0,0,0,0,0,0,0
1,-7,0,0,0,0,0,0,0
3,-8,0,0,0,0,0,0,0
2,-3,0,0,0,0,0,0,0
-3,3,0,0,0,0,0,0,0
-3,5,0,0,0,0,0,0,0
2,-1,0,0,0,0,0,0,0
2,-7,0,0,0,0,0,0,0
0,-6,0,0,0,0,0,0,0
2,-3,0,0,0,0,0,0,0
2,-3,0,0,0,0,0,0,0
-3,-3,0,0,0,0,0,0,0
-4,-2,0,0,0,0,0,0,0
-4,2,0,0,0,0,0,0,0
-6,1,0,0,0,0,0,0,0
-1,-3,0,0,0,0,0,0,0
5,1,0,0,0,0,0,0,0
2,4,0,0,0,0,0,0,0
-1,4,0,0,0,0,0,0,0
1,6,0,0,0,0,0,0,0
0,2,0,0,0,0,0,0,0
-6,0,0,0,0,0,0,0,0
-7,7,0,0,0,0,0,0,0
-1,7,0,0,0,0,0,0,0
0,-2,0,0,0,0,0,0,0
-4,-6,0,0,0,0,0,0,0
-4,-5,0,0,0,0,0,0,0
-4,-5,0,0,0,0,0,0,0
1,-6,0,0,0,0,0,0,0
6,-5,0,0,0,0,0,0,0
3,0,0,0,0,0,0,0,0
0,7,0,0,0,0,0,0,0
1,5,0,0,0,0,0,0,0
-3,-6,0,0,0,0,0,0,0
-6,-6,0,0,0,0,0,0,0
2,4,0,0,0,0,0,0,0
6,2,0,0,0,0,0,0,0
-2,-2,0,0,0,0,0,0,0
-3,2,0,0,0,0,0,0,0
5,6,0,0,0,0,0,0,0
6,3,0,0,0,0,0,0,0
6,-5,0,0,0,0,0,0,0
2,-6,0,0,0,0,0,0,0
-3,2,0,0,0,0,0,0,0
3,2,0,0,0,0,0,0,0
5,-1,0,0,0,0,0,0,0
-3,1,0,0,0,0,0,0,0
-2,-2,0,0,0,0,0,0,0
5,-10,0,0,0,0,0,0,0
1,-5,0,0,0,0,0,0,0
-5,2,0,0,0,0,0,0,0
0,0,0,0,0,0,0,0,0
3,-3,0,0,0,0,0,0,0
-3,2,0,0,0,0,0,0,0
-5,0,0,0,0,0,0,0,0
-1,-6,0,0,0,0,0,0,0
1,-4,0,0,0,0,0,0,0
3,-1,0,0,0,0,0,0,0
0,-4,0,0,0,0,0,0,0
-3,-2,0,0,0,0,0,0,0
-1,1,0,0,0,0,0,0,0
1,-1,0,0,0,0,0,0,0
4,0,0,0,0,0,0,0,0
4,8,0,0,0,0,0,0,0
3,4,0,0,0,0,0,0,0
2,0,0,0,0,0,0,0,0
0,8,0,0,0,0,0,0,0
-5,9,0,0,0,0,0,0,0
-3,1,0,0,0,0,0,0,0
3,-2,0,0,0,0,0,0,0
1,-1,0,0,0,0,0,0,0
-2,2,0,0,0,0,0,0,0
5,2,0,0,0,0,0,0,0
8,0,0,0,0,0,0,0,0
0,-2,0,0,0,0,0,0,0
0,-4,0,0,0,0,0,0,0
4,-3,0,0,0,0,0,0,0
-2,3,0,0,0,0,0,0,0
-9,3,0,0,0,0,0,0,0
-8,0,0,0,0,0,0,0,0
-4,1,0,0,0,0,0,0,0
1,3,0,0,0,0,0,0,0
3,1,0,0,0,0,0,0,0
2,1,0,0,0,0,0,0,0
1,2,0,0,0,0,0,0,0
-1,0,0,0,0,0,0,0,0
-5,-1,0,0,0,0,0,0,0
-2,6,0,0,0,0,0,0,0
5,6,0,0,0,0,0,0,0
4,-3,0,0,0,0,0,0,0
2,-3,0,0,0,0,0,0,0
4,-1,0,0,0,0,0,0,0
2,-5,0,0,0,0,0,0,0
-5,-5,0,0,0,0,0,0,0
-4,-3,0,0,0,0,0,0,0
3,-5,0,0,0,0,0,0,0
3,-2,0,0,0,0,0,0,0
-1,2,0,0,0,0,0,0,0
1,1,0,0,0,0,0,0,0
0,-1,0,0,0,0,0,0,0
-7,1,0,0,0,0,0,0,0
-7,4,0,0,0,0,0,0,0
3,4,0,0,0,0,0,0,0
11,0,0,0,0,0,0,0,0
7,0,0,0,0,0,0,0,0
-2,4,0,0,0,0,0,0,0
0,0,0,0,0,0,0,0,0
3,-1,0,0,0,0,0,0,0
0,3,0,0,0,0,0,0,0
-1,-1,0,0,0,0,0,0,0
2,-4,0,0,0,0,0,0,0
2,-1,0,0,0,0,0,0,0
0,-2,0,0,0,0,0,0,0
0,-2,0,0,0,0,0,0,0
1,2,0,0,0,0,0,0,0
1,2,0,0,0,0,0,0,0
0,2,0,0,0,0,0,0,0
-1,1,0,0,0,0,0,0,0
-3,-2,0,0,0,0,0,0,0
-7,-1,0,0,0,0,0,0,0
-8,3,0,0,0,0,0,0,0
-2,5,0,0,0,0,0,0,0
-1,0,0,0,0,0,0,0,0
-2,-7,0,0,0,0,0,0,0
3,-6,0,0,0,0,0,0,0
3,-2,0,0,0,0,0,0,0
-1,4,0,0,0,0,0,0,0
1,6,0,0,0,0,0,0,0
3,0,0,0,0,0,0,0,0
1,0,0,0,0,0,0,0,0
1,6,0,0,0,0,0,0,0
2,4,0,0,0,0,0,0,0
3,-5,0,0,0,0,0,0,0
3,-9,0,0,0,0,0,0,0
0,-4,0,0,0,0,0,0,0
-2,-2,0,0,0,0,0,0,0
-3,-3,0,0,0,0,0,0,0
-6,1,0,0,0,0,0,0,0
-9,2,0,0,0,0,0,0,0
-5,-1,0,0,0,0,0,0,0
2,-2,0,0,0,0,0,0,0
5,-3,0,0,0,0,0,0,0
4,1,0,0,0,0,0,0,0
1,4,0,0,0,0,0,0,0
0,2,0,0,0,0,0,0,0
-3,4,0,0,0,0,0,0,0
-2,1,0,0,0,0,0,0,0
3,-6,0,0,0,0,0,0,0
6,-2,0,0,0,0,0,0,0
5,4,0,0,0,0,0,0,0
0,-1,0,0,0,0,0,0,0
-4,-6,0,0,0,0,0,0,0
2,-5,0,0,0,0,0,0,0
3,-4,0,0,0,0,0,0,0
-5,1,0,0,0,0,0,0,0
-3,10,0,0,0,0,0,0,0
5,7,0,0,0,0,0,0,0
2,-2,0,0,0,0,0,0,0
-1,1,0,0,0,0,0,0,0
1,5,0,0,0,0,0,0,0
-5,1,0,0,0,0,0,0,0
-9,2,0,0,0,0,0,0,0
-2,5,0,0,0,0,0,0,0
1,3,0,0,0,0,0,0,0
-2,0,0,0,0,0,0,0,0
2,-3,0,0,0,0,0,0,0
6,-4,0,0,0,0,0,0,0
2,-1,0,0,0,0,0,0,0
-2,3,0,0,0,0,0,0,0
-1,1,0,0,0,0,0,0,0
4,-2,0,0,0,0,0,0,0
2,2,0,0,0,0,0,0,0
-1,3,0,0,0,0,0,0,0
-1,-2,0,0,0,0,0,0,0
-2,0,0,0,0,0,0,0,0
-3,8,0,0,0,0,0,0,0
-2,9,0,0,0,0,0,0,0
-4,3,0,0,0,0,0,0,0
3,-1,0,0,0,0,0,0,0
11,0,0,0,0,0,0,0,0
0,5,0,0,0,0,0,0,0
-11,0,0,0,0,0,0,0,0
-1,-7,0,0,0,0,0,0,0
8,-3,0,0,0,0,0,0,0
0,1,0,0,0,0,0,0,0
-4,2,0,0,0,0,0,0,0
1,3,0,0,0,0,0,0,0
5,1,0,0,0,0,0,0,0
3,0,0,0,0,0,0,0,0
1,2,0,0,0,0,0,0,0
3,-1,0,0,0,0,0,0,0
2,-3,0,0,0,0,0,0,0
-3,1,0,0,0,0,0,0,0
-3,-1,0,0,0,0,0,0,0
3,-6,0,0,0,0,0,0,0
2,-6,0,0,0,0,0,0,0
-3,-1,0,0,0,0,0,0,0
-2,-1,0,0,0,0,0,0,0
0,-6,0,0,0,0,0,0,0
0,-6,0,0,0,0,0,0,0
3,-1,0,0,0,0,0,0,0
3,-3,0,0,0,0,0,0,0
3,-2,0,0,0,0,0,0,0
7,3,0,0,0,0,0,0,0
3,3,0,0,0,0,0,0,0
-4,0,0,0,0,0,0,0,0
-1,-1,0,0,0,0,0,0,0
-1,-1,0,0,0,0,0,0,0
-4,1,0,0,0,0,0,0,0
-1,2,0,0,0,0,0,0,0
1,0,0,0,0,0,0,0,0
2,0,0,0,0,0,0,0,0
3,1,0,0,0,0,0,0,0
1,1,0,0,0,0,0,0,0
0,4,0,0,0,0,0,0,0
-1,6,0,0,0,0,0,0,0
-5,3,0,0,0,0,0,0,0
-3,0,0,0,0,0,0,0,0
2,1,0,0,0,0,0,0,0
-4,1,0,0,0,0,0,0,0
-8,-3,0,0,0,0,0,0,0
-1,-6,0,0,0,0,0,0,0
0,-5,0,0,0,0,0,0,0
-6,2,0,0,0,0,0,0,0
1,-1,0,0,0,0,0,0,0
9,-10,0,0,0,0,0,0,0
5,-5,0,0,0,0,0,0,0
2,5,0,0,0,0,0,0,0
6,0,0,0,0,0,0,0,0
3,-2,0,0,0,0,0,0,0
-4,4,0,0,0,0,0,0,0
-3,5,0,0,0,0,0,0,0
3,-1,0,0,0,0,0,0,0
3,-1,0,0,0,0,0,0,0
1,2,0,0,0,0,0,0,0
1,1,0,0,0,0,0,0,0
-4,0,0,0,0,0,0,0,0
-4,3,0,0,0,0,0,0,0
-1,4,0,0,0,0,0,0,0
0,0,0,0,0,0,0,0,0
2,-1,0,0,0,0,0,0,0
3,4,0,0,0,0,0,0,0
-2,2,0,0,0,0,0,0,0
-2,-6,0,0,0,0,0,0,0
4,-4,0,0,0,0,0,0,0
4,1,0,0,0,0,0,0,0
1,1,0,0,0,0,0,0,0
2,2,0,0,0,0,0,0,0
0,2,0,0,0,0,0,0,0
-7,-6,0,0,0,0,0,0,0
-8,-11,0,0,0,0,0,0,0
0,-5,0,0,0,0,0,0,0
4,3,0,0,0,0,0,0,0
1,4,0,0,0,0,0,0,0
0,2,0,0,0,0,0,0,0
0,2,0,0,0,0,0,0,0
-4,0,0,0,0,0,0,0,0
-2,-5,0,0,0,0,0,0,0
5,-7,0,0,0,0,0,0,0
3,-4,0,0,0,0,0,0,0
-2,-2,0,0,0,0,0,0,0
-4,0,0,0,0,0,0,0,0
-5,0,0,0,0,0,0,0,0
-3,-5,0,0,0,0,0,0,0
-1,-7,0,0,0,0,0,0,0
1,-2,0,0,0,0,0,0,0
-4,4,0,0,0,0,0,0,0
-9,5,0,0,0,0,0,0,0
-3,0,0,0,0,0,0,0,0
1,-2,0,0,0,0,0,0,0
0,-1,0,0,0,0,0,0,0
4,-3,0,0,0,0,0,0,0
0,1,0,0,0,0,0,0,0
-2,7,0,0,0,0,0,0,0
9,0,0,0,0,0,0,0,0
7,-2,0,0,0,0,0,0,0
-7,7,0,0,0,0,0,0,0
-2,2,0,0,0,0,0,0,0
7,-8,0,0,0,0,0,0,0
1,-3,0,0,0,0,0,0,0
-1,6,0,0,0,0,0,0,0
4,6,0,0,0,0,0,0,0
2,2,0,0,0,0,0,0,0
-1,-3,0,0,0,0,0,0,0
0,-4,0,0,0,0,0,0,0
1,1,0,0,0,0,0,0,0
-2,2,0,0,0,0,0,0,0
-4,1,0,0,0,0,0,0,0
-2,4,0,0,0,0,0,0,0
1,5,0,0,0,0,0,0,0
-3,1,0,0,0,0,0,0,0
-3,-4,0,0,0,0,0,0,0
5,-4,0,0,0,0,0,0,0
5,2,0,0,0,0,0,0,0
0,7,0,0,0,0,0,0,0
1,2,0,0,0,0,0,0,0
4,-5,0,0,0,0,0,0,0
3,-6,0,0,0,0,0,0,0
1,-4,0,0,0,0,0,0,0
0,-1,0,0,0,0,0,0,0
-3,3,0,0,0,0,0,0,0
-6,5,0,0,0,0,0,0,0
-3,-2,0,0,0,0,0,0,0
-2,-8,0,0,0,0,0,0,0
-4,-5,0,0,0,0,0,0,0
0,-1,0,0,0,0,0,0,0
1,1,0,0,0,0,0,0,0
-6,1,0,0,0,0,0,0,0
-7,-4,0,0,0,0,0,0,0
1,-3,0,0,0,0,0,0,0
7,5,0,0,0,0,0,0,0
3,3,0,0,0,0,0,0,0
0,-4,0,0,0,0,0,0,0
1,-1,0,0,0,0,0,0,0
1,6,0,0,0,0,0,0,0
0,3,0,0,0,0,0,0,0
0,1,0,0,0,0,0,0,0
2,5,0,0,0,0,0,0,0
2,1,0,0,0,0,0,0,0
0,-5,0,0,0,0,0,0,0
-1,1,0,0,0,0,0,0,0
0,3,0,0,0,0,0,0,0
0,-4,0,0,0,0,0,0,0
0,2,0,0,0,0,0,0,0
1,9,0,0,0,0,0,0,0
-2,1,0,0,0,0,0,0,0
-7,-3,0,0,0,0,0,0,0
-9,2,0,0,0,0,0,0,0
-5,0,0,0,0,0,0,0,0
4,2,0,0,0,0,0,0,0
9,8,0,0,0,0,0,0,0
1,7,0,0,0,0,0,0,0
-7,3,0,0,0,0,0,0,0
-2,4,0,0,0,0,0,0,0
0,4,0,0,0,0,0,0,0
-4,1,0,0,0,0,0,0,0
-5,-5,0,0,0,0,0,0,0
1,-6,0,0,0,0,0,0,0
6,0,0,0,0,0,0,0,0
4,2,0,0,0,0,0,0,0
2,-2,0,0,0,0,0,0,0
3,-3,0,0,0,0,0,0,0
3,-5,0,0,0,0,0,0,0
3,-6,0,0,0,0,0,0,0
2,-2,0,0,0,0,0,0,0
-1,1,0,0,0,0,0,0,0
-2,-2,0,0,0,0,0,0,0
0,-3,0,0,0,0,0,0,0
-1,2,0,0,0,0,0,0,0
2,1,0,0,0,0,0,0,0
2,-5,0,0,0,0,0,0,0
-3,-1,0,0,0,0,0,0,0
0,2,0,0,0,0,0,0,0
7,-4,0,0,0,0,0,0,0
3,0,0,0,0,0,0,0,0
-1,9,0,0,0,0,0,0,0
1,8,0,0,0,0,0,0,0
2,4,0,0,0,0,0,0,0
0,1,0,0,0,0,0,0,0
-3,-1,0,0,0,0,0,0,0
-4,-3,0,0,0,0,0,0,0
-4,-4,0,0,0,0,0,0,0
-6,1,0,0,0,0,0,0,0
-1,4,0,0,0,0,0,0,0
6,-2,0,0,0,0,0,0,0
3,-4,0,0,0,0,0,0,0
-1,-1,0,0,0,0,0,0,0
-2,-5,0,0,0,0,0,0,0
2,-5,0,0,0,0,0,0,0
9,1,0,0,0,0,0,0,0
1,0,0,0,0,0,0,0,0
-7,-6,0,0,0,0,0,0,0
6,-3,0,0,0,0,0,0,0
12,0,0,0,0,0,0,0,0
-1,-1,0,0,0,0,0,0,0
-3,3,0,0,0,0,0,0,0
5,1,0,0,0,0,0,0,0
2,-7,0,0,0,0,0,0,0
-6,-5,0,0,0,0,0,0,0
-9,2,0,0,0,0,0,0,0
-5,5,0,0,0,0,0,0,0
3,5,0,0,0,0,0,0,0
6,1,0,0,0,0,0,0,0
2,-5,0,0,0,0,0,0,0
-4,-3,0,0,0,0,0,0,0
-7,-2,0,0,0,0,0,0,0
-1,0,0,0,0,0,0,0,0
5,4,0,0,0,0,0,0,0
2,4,0,0,0,0,0,0,0
2,2,0,0,0,0,0,0,0
4,4,0,0,0,0,0,0,0
2,4,0,0,0,0,0,0,0
2,0,0,0,0,0,0,0,0
3,-4,0,0,0,0,0,0,0
2,-3,0,0,0,0,0,0,0
0,-1,0,0,0,0,0,0,0
0,1,0,0,0,0,0,0,0
-4,6,0,0,0,0,0,0,0
-3,7,0,0,0,0,0,0,0
1,1,0,0,0,0,0,0,0
-2,-1,0,0,0,0,0,0,0
-5,2,0,0,0,0,0,0,0
-3,-1,0,0,0,0,0,0,0
-1,-2,0,0,0,0,0,0,0
0,6,0,0,0,0,0,0,0
-1,11,0,0,0,0,0,0,0
-1,7,0,0,0,0,0,0,0
2,1,0,0,0,0,0,0,0
-2,-1,0,0,0,0,0,0,0
-2,-3,0,0,0,0,0,0,0
5,-4,0,0,0,0,0,0,0
4,-1,0,0,0,0,0,0,0
2,1,0,0,0,0,0,0,0
8,-3,0,0,0,0,0,0,0
7,0,0,0,0,0,0,0,0
0,5,0,0,0,0,0,0,0
-2,-2,0,0,0,0,0,0,0
-5,-8,0,0,0,0,0,0,0
-9,-4,0,0,0,0,0,0,0
-2,-1,0,0,0,0,0,0,0
5,1,0,0,0,0,0,0,0
-1,1,0,0,0,0,0,0,0
-6,-5,0,0,0,0,0,0,0
-2,-5,0,0,0,0,0,0,0
3,4,0,0,0,0,0,0,0
1,6,0,0,0,0,0,0,0
-1,-1,0,0,0,0,0,0,0
0,-2,0,0,0,0,0,0,0
-3,-1,0,0,0,0,0,0,0
-3,-4,0,0,0,0,0,0,0
3,-3,0,0,0,0,0,0,0
4,1,0,0,0,0,0,0,0
0,1,0,0,0,0,0,0,0
-2,1,0,0,0,0,0,0,0
-6,4,0,0,0,0,0,0,0
-9,0,0,0,0,0,0,0,0
-5,-4,0,0,0,0,0,0,0
4,-2,0,0,0,0,0,0,0
7,2,0,0,0,0,0,0,0
2,5,0,0,0,0,0,0,0
-4,4,0,0,0,0,0,0,0
-4,0,0,0,0,0,0,0,0
-3,2,0,0,0,0,0,0,0
-4,3,0,0,0,0,0,0,0
2,-2,0,0,0,0,0,0,0
8,-4,0,0,0,0,0,0,0
5,-2,0,0,0,0,0,0,0
2,-1,0,0,0,0,0,0,0
2,-1,0,0,0,0,0,0,0
1,-3,0,0,0,0,0,0,0
-5,-4,0,0,0,0,0,0,0
-8,-2,0,0,0,0,0,0,0
0,-2,0,0,0,0,0,0,0
6,-6,0,0,0,0,0,0,0
-3,-7,0,0,0,0,0,0,0
-8,-5,0,0,0,0,0,0,0
2,-3,0,0,0,0,0,0,0
6,-1,0,0,0,0,0,0,0
-2,0,0,0,0,0,0,0,0
-1,0,0,0,0,0,0,0,0
7,1,0,0,0,0,0,0,0
5,3,0,0,0,0,0,0,0
2,4,0,0,0,0,0,0,0
2,5,0,0,0,0,0,0,0
-3,2,0,0,0,0,0,0,0
-7,-2,0,0,0,0,0,0,0
0,-4,0,0,0,0,0,0,0
2,0,0,0,0,0,0,0,0
0,3,0,0,0,0,0,0,0
5,0,0,0,0,0,0,0,0
6,-2,0,0,0,0,0,0,0
0,-2,0,0,0,0,0,0,0
2,-1,0,0,0,0,0,0,0
3,1,0,0,0,0,0,0,0
0,4,0,0,0,0,0,0,0
1,-1,0,0,0,0,0,0,0
2,-8,0,0,0,0,0,0,0
1,-3,0,0,0,0,0,0,0
1,5,0,0,0,0,0,0,0
1,7,0,0,0,0,0,0,0
1,2,0,0,0,0,0,0,0
3,-4,0,0,0,0,0,0,0
0,-5,0,0,0,0,0,0,0
-5,1,0,0,0,0,0,0,0
-5,5,0,0,0,0,0,0,0
-1,-3,0,0,0,0,0,0,0
-2,-6,0,0,0,0,0,0,0
-3,2,0,0,0,0,0,0,0
0,2,0,0,0,0,0,0,0
2,-5,0,0,0,0,0,0,0
0,1,0,0,0,0,0,0,0
-5,10,0,0,0,0,0,0,0
-2,7,0,0,0,0,0,0,0
3,2,0,0,0,0,0,0,0
3,-3,0,0,0,0,0,0,0
1,-8,0,0,0,0,0,0,0
-1,-6,0,0,0,0,0,0,0
-4,-1,0,0,0,0,0,0,0
-3,3,0,0,0,0,0,0,0
3,3,0,0,0,0,0,0,0
5,2,0,0,0,0,0,0,0
1,3,0,0,0,0,0,0,0
-1,2,0,0,0,0,0,0,0
0,0,0,0,0,0,0,0,0
1,-1,0,0,0,0,0,0,0
-1,-2,0,0,0,0,0,0,0
-6,2,0,0,0,0,0,0,0
-9,8,0,0,0,0,0,0,0
-7,5,0,0,0,0,0,0,0
-3,3,0,0,0,0,0,0,0
-2,3,0,0,0,0,0,0,0
-1,-3,0,0,0,0,0,0,0
1,-7,0,0,0,0,0,0,0
2,-2,0,0,0,0,0,0,0
-2,3,0,0,0,0,0,0,0
-5,-2,0,0,0,0,0,0,0
3,-6,0,0,0,0,0,0,0
9,-4,0,0,0,0,0,0,0
5,-2,0,0,0,0,0,0,0
3,-4,0,0,0,0,0,0,0
3,-2,0,0,0,0,0,0,0
3,-1,0,0,0,0,0,0,0
5,-3,0,0,0,0,0,0,0
6,-1,0,0,0,0,0,0,0
3,2,0,0,0,0,0,0,0
0,6,0,0,0,0,0,0,0
0,7,0,0,0,0,0,0,0
-5,1,0,0,0,0,0,0,0
-8,-2,0,0,0,0,0,0,0
-1,3,0,0,0,0,0,0,0
5,4,0,0,0,0,0,0,0
-3,0,0,0,0,0,0,0,0
-8,4,0,0,0,0,0,0,0
-1,7,0,0,0,0,0,0,0
2,-1,0,0,0,0,0,0,0
-1,-6,0,0,0,0,0,0,0
0,-2,0,0,0,0,0,0,0
2,2,0,0,0,0,0,0,0
2,3,0,0,0,0,0,0,0
0,1,0,0,0,0,0,0,0
-3,-5,0,0,0,0,0,0,0
-1,-2,0,0,0,0,0,0,0
2,6,0,0,0,0,0,0,0
3,3,0,0,0,0,0,0,0
-1,-4,0,0,0,0,0,0,0
-2,-1,0,0,0,0,0,0,0
2,6,0,0,0,0,0,0,0
0,6,0,0,0,0,0,0,0
-4,1,0,0,0,0,0,0,0
0,-1,0,0,0,0,0,0,0
1,0,0,0,0,0,0,0,0
3,-4,0,0,0,0,0,0,0
5,-2,0,0,0,0,0,0,0
3,7,0,0,0,0,0,0,0
2,7,0,0,0,0,0,0,0
3,-3,0,0,0,0,0,0,0
1,-6,0,0,0,0,0,0,0
-3,0,0,0,0,0,0,0,0
-1,6,0,0,0,0,0,0,0
3,5,0,0,0,0,0,0,0
-2,-1,0,0,0,0,0,0,0
-2,-3,0,0,0,0,0,0,0
6,2,0,0,0,0,0,0,0
5,2,0,0,0,0,0,0,0
0,2,0,0,0,0,0,0,0
1,5,0,0,0,0,0,0,0
0,0,0,0,0,0,0,0,0
-6,-8,0,0,0,0,0,0,0
-5,-4,0,0,0,0,0,0,0
-1,-1,0,0,0,0,0,0,0
1,-3,0,0,0,0,0,0,0
5,2,0,0,0,0,0,0,0
3,6,0,0,0,0,0,0,0
-3,-2,0,0,0,0,0,0,0
-5,-7,0,0,0,0,0,0,0
-2,1,0,0,0,0,0,0,0
0,4,0,0,0,0,0,0,0
-5,1,0,0,0,0,0,0,0
-7,2,0,0,0,0,0,0,0
0,1,0,0,0,0,0,0,0
3,-3,0,0,0,0,0,0,0
-3,-5,0,0,0,0,0,0,0
0,-1,0,0,0,0,0,0,0
7,4,0,0,0,0,0,0,0
-1,1,0,0,0,0,0,0,0
-6,-2,0,0,0,0,0,0,0
-3,-1,0,0,0,0,0,0,0
-4,-1,0,0,0,0,0,0,0
2,0,0,0,0,0,0,0,0
14,1,0,0,0,0,0,0,0
7,-6,0,0,0,0,0,0,0
-7,-8,0,0,0,0,0,0,0
-4,-4,0,0,0,0,0,0,0
0,-2,0,0,0,0,0,0,0
-6,0,0,0,0,0,0,0,0
-1,4,0,0,0,0,0,0,0
6,5,0,0,0,0,0,0,0
3,0,0,0,0,0,0,0,0
2,0,0,0,0,0,0,0,0
4,5,0,0,0,0,0,0,0
2,2,0,0,0,0,0,0,0
0,-3,0,0,0,0,0,0,0
2,0,0,0,0,0,0,0,0
2,1,0,0,0,0,0,0,0
1,-2,0,0,0,0,0,0,0
2,-4,0,0,0,0,0,0,0
4,0,0,0,0,0,0,0,0
7,1,0,0,0,0,0,0,0
2,-3,0,0,0,0,0,0,0
-8,-1,0,0,0,0,0,0,0
-6,3,0,0,0,0,0,0,0
2,0,0,0,0,0,0,0,0
0,-1,0,0,0,0,0,0,0
-2,0,0,0,0,0,0,0,0
0,-1,0,0,0,0,0,0,0
-5,-3,0,0,0,0,0,0,0
-10,1,0,0,0,0,0,0,0
-2,-1,0,0,0,0,0,0,0
5,-6,0,0,0,0,0,0,0
2,-1,0,0,0,0,0,0,0
-1,2,0,0,0,0,0,0,0
1,-2,0,0,0,0,0,0,0
2,3,0,0,0,0,0,0,0
1,10,0,0,0,0,0,0,0
-1,5,0,0,0,0,0,0,0
-1,0,0,0,0,0,0,0,0
1,-3,0,0,0,0,0,0,0
-1,-5,0,0,0,0,0,0,0
-8,-4,0,0,0,0,0,0,0
-9,-3,0,0,0,0,0,0,0
0,-3,0,0,0,0,0,0,0
4,3,0,0,0,0,0,0,0
1,5,0,0,0,0,0,0,0
-3,-2,0,0,0,0,0,0,0
-4,-1,0,0,0,0,0,0,0
-1,5,0,0,0,0,0,0,0
4,-1,0,0,0,0,0,0,0
3,-5,0,0,0,0,0,0,0
0,0,0,0,0,0,0,0,0
1,-2,0,0,0,0,0,0,0
2,-2,0,0,0,0,0,0,0
0,0,0,0,0,0,0,0,0
-6,-6,0,0,0,0,0,0,0
-8,-5,0,0,0,0,0,0,0
-2,3,0,0,0,0,0,0,0
2,3,0,0,0,0,0,0,0
-2,1,0,0,0,0,0,0,0
-3,4,0,0,0,0,0,0,0
-1,-1,0,0,0,0,0,0,0
0,-7,0,0,0,0,0,0,0
4,0,0,0,0,0,0,0,0
4,2,0,0,0,0,0,0,0
-3,-3,0,0,0,0,0,0,0
-3,1,0,0,0,0,0,0,0
1,5,0,0,0,0,0,0,0
0,-1,0,0,0,0,0,0,0
-1,-2,0,0,0,0,0,0,0
-1,0,0,0,0,0,0,0,0
-1,4,0,0,0,0,0,0,0
2,7,0,0,0,0,0,0,0
0,-2,0,0,0,0,0,0,0
-1,-5,0,0,0,0,0,0,0
3,9,0,0,0,0,0,0,0
0,12,0,0,0,0,0,0,0
0,-1,0,0,0,0,0,0,0
5,-7,0,0,0,0,0,0,0
1,-2,0,0,0,0,0,0,0
-2,1,0,0,0,0,0,0,0
6,-1,0,0,0,0,0,0,0
5,-3,0,0,0,0,0,0,0
-3,2,0,0,0,0,0,0,0
0,6,0,0,0,0,0,0,0
7,-2,0,0,0,0,0,0,0
3,-5,0,0,0,0,0,0,0
-5,5,0,0,0,0,0,0,0
0,10,0,0,0,0,0,0,0
5,2,0,0,0,0,0,0,0
-3,-5,0,0,0,0,0,0,0
-7,-6,0,0,0,0,0,0,0
2,-3,0,0,0,0,0,0,0
6,0,0,0,0,0,0,0,0
-3,0,0,0,0,0,0,0,0
-8,-2,0,0,0,0,0,0,0
-3,-1,0,0,0,0,0,0,0
4,1,0,0,0,0,0,0,0
5,2,0,0,0,0,0,0,0
5,0,0,0,0,0,0,0,0
4,0,0,0,0,0,0,0,0
4,3,0,0,0,0,0,0,0
4,-1,0,0,0,0,0,0,0
3,-5,0,0,0,0,0,0,0
0,-1,0,0,0,0,0,0,0
-1,0,0,0,0,0,0,0,0
0,-2,0,0,0,0,0,0,0
1,1,0,0,0,0,0,0,0
3,4,0,0,0,0,0,0,0
3,0,0,0,0,0,0,0,0
1,-1,0,0,0,0,0,0,0
1,5,0,0,0,0,0,0,0
3,3,0,0,0,0,0,0,0
4,-3,0,0,0,0,0,0,0
1,-2,0,0,0,0,0,0,0
-4,0,0,0,0,0,0,0,0
-2,0,0,0,0,0,0,0,0
3,3,0,0,0,0,0,0,0
-2,4,0,0,0,0,0,0,0
-6,1,0,0,0,0,0,0,0
4,2,0,0,0,0,0,0,0
9,0,0,0,0,0,0,0,0
1,-7,0,0,0,0,0,0,0
-5,-7,0,0,0,0,0,0,0
3,1,0,0,0,0,0,0,0
8,3,0,0,0,0,0,0,0
-2,-2,0,0,0,0,0,0,0
-5,0,0,0,0,0,0,0,0
0,-2,0,0,0,0,0,0,0
-1,-7,0,0,0,0,0,0,0
-2,0,0,0,0,0,0,0,0
0,5,0,0,0,0,0,0,0
-2,-5,0,0,0,0,0,0,0
-7,-11,0,0,0,0,0,0,0
-5,-3,0,0,0,0,0,0,0
2,4,0,0,0,0,0,0,0
5,3,0,0,0,0,0,0,0
-2,0,0,0,0,0,0,0,0
-6,0,0,0,0,0,0,0,0
1,0,0,0,0,0,0,0,0
5,-2,0,0,0,0,0,0,0
-1,-4,0,0,0,0,0,0,0
-3,-5,0,0,0,0,0,0,0
0,-2,0,0,0,0,0,0,0
-2,3,0,0,0,0,0,0,0
-8,4,0,0,0,0,0,0,0
-10,0,0,0,0,0,0,0,0
-2,-2,0,0,0,0,0,0,0
3,0,0,0,0,0,0,0,0
-5,4,0,0,0,0,0,0,0
-10,4,0,0,0,0,0,0,0
1,3,0,0,0,0,0,0,0
12,5,0,0,0,0,0,0,0
6,1,0,0,0,0,0,0,0
-4,-3,0,0,0,0,0,0,0
-5,-2,0,0,0,0,0,0,0
-2,-3,0,0,0,0,0,0,0
1,-1,0,0,0,0,0,0,0
1,2,0,0,0,0,0,0,0
0,0,0,0,0,0,0,0,0
2,0,0,0,0,0,0,0,0
7,2,0,0,0,0,0,0,0
5,0,0,0,0,0,0,0,0
-2,-1,0,0,0,0,0,0,0
-3,2,0,0,0,0,0,0,0
-4,2,0,0,0,0,0,0,0
-4,-4,0,0,0,0,0,0,0
2,-3,0,0,0,0,0,0,0
2,6,0,0,0,0,0,0,0
0,9,0,0,0,0,0,0,0
5,5,0,0,0,0,0,0,0
4,2,0,0,0,0,0,0,0
-4,1,0,0,0,0,0,0,0
-4,1,0,0,0,0,0,0,0
1,1,0,0,0,0,0,0,0
-1,2,0,0,0,0,0,0,0
-2,3,0,0,0,0,0,0,0
1,-3,0,0,0,0,0,0,0
0,-7,0,0,0,0,0,0,0
-2,-4,0,0,0,0,0,0,0
-2,1,0,0,0,0,0,0,0
-7,3,0,0,0,0,0,0,0
-10,5,0,0,0,0,0,0,0
-3,3,0,0,0,0,0,0,0
-1,-4,0,0,0,0,0,0,0
-2,-7,0,0,0,0,0,0,0
3,-4,0,0,0,0,0,0,0
5,3,0,0,0,0,0,0,0
1,7,0,0,0,0,0,0,0
-1,5,0,0,0,0,0,0,0
-3,1,0,0,0,0,0,0,0
-2,-2,0,0,0,0,0,0,0
4,-1,0,0,0,0,0,0,0
4,3,0,0,0,0,0,0,0
-1,-1,0,0,0,0,0,0,0
-3,-7,0,0,0,0,0,0,0
-2,-3,0,0,0,0,0,0,0
2,2,0,0,0,0,0,0,0
3,-3,0,0,0,0,0,0,0
1,-5,0,0,0,0,0,0,0
0,0,0,0,0,0,0,0,0
1,1,0,0,0,0,0,0,0
1,-4,0,0,0,0,0,0,0
3,2,0,0,0,0,0,0,0
3,8,0,0,0,0,0,0,0
2,4,0,0,0,0,0,0,0
1,-3,0,0,0,0,0,0,0
3,-7,0,0,0,0,0,0,0
1,-4,0,0,0,0,0,0,0
-5,4,0,0,0,0,0,0,0
-9,8,0,0,0,0,0,0,0
-5,5,0,0,0,0,0,0,0
2,0,0,0,0,0,0,0,0
3,-4,0,0,0,0,0,0,0
-2,-3,0,0,0,0,0,0,0
-1,-2,0,0,0,0,0,0,0
6,-4,0,0,0,0,0,0,0
5,0,0,0,0,0,0,0,0
1,5,0,0,0,0,0,0,0
3,-1,0,0,0,0,0,0,0
7,-2,0,0,0,0,0,0,0
1,4,0,0,0,0,0,0,0
-4,-1,0,0,0,0,0,0,0
3,-6,0,0,0,0,0,0,0
6,2,0,0,0,0,0,0,0
1,8,0,0,0,0,0,0,0
-2,4,0,0,0,0,0,0,0
-1,3,0,0,0,0,0,0,0
4,2,0,0,0,0,0,0,0
5,-7,0,0,0,0,0,0,0
-7,-14,0,0,0,0,0,0,0
-10,-10,0,0,0,0,0,0,0
1,-3,0,0,0,0,0,0,0
5,-1,0,0,0,0,0,0,0
3,2,0,0,0,0,0,0,0
5,5,0,0,0,0,0,0,0
2,3,0,0,0,0,0,0,0
-6,-4,0,0,0,0,0,0,0
-5,-5,0,0,0,0,0,0,0
-4,2,0,0,0,0,0,0,0
-1,7,0,0,0,0,0,0,0
4,5,0,0,0,0,0,0,0
3,2,0,0,0,0,0,0,0
-1,-2,0,0,0,0,0,0,0
-2,0,0,0,0,0,0,0,0
-1,5,0,0,0,0,0,0,0
2,-1,0,0,0,0,0,0,0
-1,-9,0,0,0,0,0,0,0
-2,-1,0,0,0,0,0,0,0
3,5,0,0,0,0,0,0,0
0,-2,0,0,0,0,0,0,0
-2,-4,0,0,0,0,0,0,0
6,0,0,0,0,0,0,0,0
10,-4,0,0,0,0,0,0,0
5,-5,0,0,0,0,0,0,0
0,2,0,0,0,0,0,0,0
1,1,0,0,0,0,0,0,0
1,-5,0,0,0,0,0,0,0
-2,-4,0,0,0,0,0,0,0
-7,-1,0,0,0,0,0,0,0
-10,3,0,0,0,0,0,0,0
-6,6,0,0,0,0,0,0,0
1,4,0,0,0,0,0,0,0
5,2,0,0,0,0,0,0,0
2,-3,0,0,0,0,0,0,0
-4,-5,0,0,0,0,0,0,0
-1,0,0,0,0,0,0,0,0
4,3,0,0,0,0,0,0,0
-2,2,0,0,0,0,0,0,0
-4,3,0,0,0,0,0,0,0
3,0,0,0,0,0,0,0,0
2,-8,0,0,0,0,0,0,0
-5,-6,0,0,0,0,0,0,0
-3,-1,0,0,0,0,0,0,0
1,0,0,0,0,0,0,0,0
0,1,0,0,0,0,0,0,0
2,2,0,0,0,0,0,0,0
2,3,0,0,0,0,0,0,0
6,7,0,0,0,0,0,0,0
10,8,0,0,0,0,0,0,0
2,3,0,0,0,0,0,0,0
-4,-1,0,0,0,0,0,0,0
2,1,0,0,0,0,0,0,0
4,6,0,0,0,0,0,0,0
1,5,0,0,0,0,0,0,0
-3,-2,0,0,0,0,0,0,0
-3,-4,0,0,0,0,0,0,0
3,2,0,0,0,0,0,0,0
1,6,0,0,0,0,0,0,0
-5,1,0,0,0,0,0,0,0
-3,-4,0,0,0,0,0,0,0
2,-2,0,0,0,0,0,0,0
-4,0,0,0,0,0,0,0,0
-9,1,0,0,0,0,0,0,0
1,5,0,0,0,0,0,0,0
7,5,0,0,0,0,0,0,0
0,-3,0,0,0,0,0,0,0
-6,-6,0,0,0,0,0,0,0
-2,-3,0,0,0,0,0,0,0
1,-2,0,0,0,0,0,0,0
-2,0,0,0,0,0,0,0,0
1,1,0,0,0,0,0,0,0
11,0,0,0,0,0,0,0,0
7,0,0,0,0,0,0,0,0
-4,2,0,0,0,0,0,0,0
-1,4,0,0,0,0,0,0,0
2,4,0,0,0,0,0,0,0
0,3,0,0,0,0,0,0,0
0,3,0,0,0,0,0,0,0
0,-1,0,0,0,0,0,0,0
-7,-4,0,0,0,0,0,0,0
-9,-2,0,0,0,0,0,0,0
0,-2,0,0,0,0,0,0,0
3,-3,0,0,0,0,0,0,0
-5,-6,0,0,0,0,0,0,0
-2,-6,0,0,0,0,0,0,0
10,-2,0,0,0,0,0,0,0
7,0,0,0,0,0,0,0,0
-5,-1,0,0,0,0,0,0,0
-6,2,0,0,0,0,0,0,0
0,7,0,0,0,0,0,0,0
3,3,0,0,0,0,0,0,0
2,-5,0,0,0,0,0,0,0
-1,-1,0,0,0,0,0,0,0
-2,5,0,0,0,0,0,0,0
-4,1,0,0,0,0,0,0,0
-2,-1,0,0,0,0,0,0,0
4,-1,0,0,0,0,0,0,0
3,-6,0,0,0,0,0,0,0
-3,-2,0,0,0,0,0,0,0
-6,7,0,0,0,0,0,0,0
-5,4,0,0,0,0,0,0,0
-5,0,0,0,0,0,0,0,0
-6,1,0,0,0,0,0,0,0
0,-1,0,0,0,0,0,0,0
4,-3,0,0,0,0,0,0,0
1,-1,0,0,0,0,0,0,0
-2,0,0,0,0,0,0,0,0
-4,2,0,0,0,0,0,0,0
-6,2,0,0,0,0,0,0,0
0,-5,0,0,0,0,0,0,0
6,-9,0,0,0,0,0,0,0
3,-5,0,0,0,0,0,0,0
-1,0,0,0,0,0,0,0,0
-2,-1,0,0,0,0,0,0,0
-2,-6,0,0,0,0,0,0,0
0,-6,0,0,0,0,0,0,0
-3,-3,0,0,0,0,0,0,0
-7,-3,0,0,0,0,0,0,0
1,0,0,0,0,0,0,0,0
8,6,0,0,0,0,0,0,0
3,6,0,0,0,0,0,0,0
-2,0,0,0,0,0,0,0,0
1,-1,0,0,0,0,0,0,0
5,0,0,0,0,0,0,0,0
-2,-5,0,0,0,0,0,0,0
-7,-5,0,0,0,0,0,0,0
3,5,0,0,0,0,0,0,0
7,7,0,0,0,0,0,0,0
-3,0,0,0,0,0,0,0,0
-2,1,0,0,0,0,0,0,0
6,3,0,0,0,0,0,0,0
-1,-3,0,0,0,0,0,0,0
-7,-3,0,0,0,0,0,0,0
1,7,0,0,0,0,0,0,0
2,8,0,0,0,0,0,0,0
-5,-2,0,0,0,0,0,0,0
2,-4,0,0,0,0,0,0,0
7,3,0,0,0,0,0,0,0
-3,3,0,0,0,0,0,0,0
-6,-3,0,0,0,0,0,0,0
4,0,0,0,0,0,0,0,0
9,7,0,0,0,0,0,0,0
7,8,0,0,0,0,0,0,0
5,5,0,0,0,0,0,0,0
4,4,0,0,0,0,0,0,0
1,4,0,0,0,0,0,0,0
-1,2,0,0,0,0,0,0,0
-2,0,0,0,0,0,0,0,0
-2,0,0,0,0,0,0,0,0
0,-1,0,0,0,0,0,0,0
4,-3,0,0,0,0,0,0,0
5,-3,0,0,0,0,0,0,0
1,-4,0,0,0,0,0,0,0
-4,-1,0,0,0,0,0,0,0
-6,3,0,0,0,0,0,0,0
2,0,0,0,0,0,0,0,0
9,-2,0,0,0,0,0,0,0
2,0,0,0,0,0,0,0,0
-5,1,0,0,0,0,0,0,0
0,2,0,0,0,0,0,0,0
6,3,0,0,0,0,0,0,0
4,-1,0,0,0,0,0,0,0
2,-2,0,0,0,0,0,0,0
3,1,0,0,0,0,0,0,0
2,3,0,0,0,0,0,0,0
-1,2,0,0,0,0,0,0,0
-3,-2,0,0,0,0,0,0,0
-3,-5,0,0,0,0,0,0,0
2,2,0,0,0,0,0,0,0
4,5,0,0,0,0,0,0,0
3,-1,0,0,0,0,0,0,0
0,-1,0,0,0,0,0,0,0
-6,3,0,0,0,0,0,0,0
-8,2,0,0,0,0,0,0,0
1,1,0,0,0,0,0,0,0
6,-1,0,0,0,0,0,0,0
2,-4,0,0,0,0,0,0,0
-1,-3,0,0,0,0,0,0,0
2,-3,0,0,0,0,0,0,0
3,-2,0,0,0,0,0,0,0
0,0,0,0,0,0,0,0,0
0,-5,0,0,0,0,0,0,0
0,-7,0,0,0,0,0,0,0
-3,-3,0,0,0,0,0,0,0
-6,0,0,0,0,0,0,0,0
-2,0,0,0,0,0,0,0,0
5,2,0,0,0,0,0,0,0
0,4,0,0,0,0,0,0,0
-7,-2,0,0,0,0,0,0,0
0,-8,0,0,0,0,0,0,0
2,-4,0,0,0,0,0,0,0
-5,-1,0,0,0,0,0,0,0
-6,-4,0,0,0,0,0,0,0
-3,-2,0,0,0,0,0,0,0
-4,1,0,0,0,0,0,0,0
-6,3,0,0,0,0,0,0,0
-5,2,0,0,0,0,0,0,0
0,0,0,0,0,0,0,0,0
5,2,0,0,0,0,0,0,0
4,5,0,0,0,0,0,0,0
2,5,0,0,0,0,0,0,0
0,4,0,0,0,0,0,0,0
-4,0,0,0,0,0,0,0,0
-1,-6,0,0,0,0,0,0,0
4,-1,0,0,0,0,0,0,0
1,6,0,0,0,0,0,0,0
-1,5,0,0,0,0,0,0,0
2,-2,0,0,0,0,0,0,0
4,-5,0,0,0,0,0,0,0
1,-2,0,0,0,0,0,0,0
-3,-1,0,0,0,0,0,0,0
-8,1,0,0,0,0,0,0,0
-8,4,0,0,0,0,0,0,0
-3,5,0,0,0,0,0,0,0
-2,6,0,0,0,0,0,0,0
-4,3,0,0,0,0,0,0,0
-3,-3,0,0,0,0,0,0,0
-1,0,0,0,0,0,0,0,0
-2,5,0,0,0,0,0,0,0
0,1,0,0,0,0,0,0,0
5,-3,0,0,0,0,0,0,0
5,-1,0,0,0,0,0,0,0
3,-4,0,0,0,0,0,0,0
4,-4,0,0,0,0,0,0,0
4,4,0,0,0,0,0,0,0
3,7,0,0,0,0,0,0,0
3,1,0,0,0,0,0,0,0
6,-1,0,0,0,0,0,0,0
5,-1,0,0,0,0,0,0,0
-1,-3,0,0,0,0,0,0,0
0,-2,0,0,0,0,0,0,0
1,0,0,0,0,0,0,0,0
-5,1,0,0,0,0,0,0,0
-5,6,0,0,0,0,0,0,0
2,6,0,0,0,0,0,0,0
1,-1,0,0,0,0,0,0,0
-1,-4,0,0,0,0,0,0,0
1,-2,0,0,0,0,0,0,0
1,-3,0,0,0,0,0,0,0
-1,-4,0,0,0,0,0,0,0
0,1,0,0,0,0,0,0,0
1,5,0,0,0,0,0,0,0
2,-4,0,0,0,0,0,0,0
1,-5,0,0,0,0,0,0,0
0,2,0,0,0,0,0,0,0
1,2,0,0,0,0,0,0,0
-1,1,0,0,0,0,0,0,0
-6,1,0,0,0,0,0,0,0
-2,-5,0,0,0,0,0,0,0
5,-10,0,0,0,0,0,0,0
1,-5,0,0,0,0,0,0,0
-7,2,0,0,0,0,0,0,0
-5,3,0,0,0,0,0,0,0
2,-4,0,0,0,0,0,0,0
2,-6,0,0,0,0,0,0,0
-3,0,0,0,0,0,0,0,0
-2,-1,0,0,0,0,0,0,0
1,-7,0,0,0,0,0,0,0
-1,1,0,0,0,0,0,0,0
-5,7,0,0,0,0,0,0,0
-5,1,0,0,0,0,0,0,0
-3,0,0,0,0,0,0,0,0
-3,6,0,0,0,0,0,0,0
-3,0,0,0,0,0,0,0,0
0,-6,0,0,0,0,0,0,0
3,2,0,0,0,0,0,0,0
3,6,0,0,0,0,0,0,0
1,-3,0,0,0,0,0,0,0
2,-7,0,0,0,0,0,0,0
1,-1,0,0,0,0,0,0,0
-3,3,0,0,0,0,0,0,0
-1,-2,0,0,0,0,0,0,0
4,-6,0,0,0,0,0,0,0
1,-1,0,0,0,0,0,0,0
-5,5,0,0,0,0,0,0,0
-3,6,0,0,0,0,0,0,0
0,3,0,0,0,0,0,0,0
1,-1,0,0,0,0,0,0,0
2,0,0,0,0,0,0,0,0
-1,2,0,0,0,0,0,0,0
0,1,0,0,0,0,0,0,0
5,-1,0,0,0,0,0,0,0
4,-2,0,0,0,0,0,0,0
3,2,0,0,0,0,0,0,0
5,6,0,0,0,0,0,0,0
4,0,0,0,0,0,0,0,0
2,-4,0,0,0,0,0,0,0
1,-2,0,0,0,0,0,0,0
-1,-3,0,0,0,0,0,0,0
-4,-5,0,0,0,0,0,0,0
-1,-1,0,0,0,0,0,0,0
5,2,0,0,0,0,0,0,0
4,3,0,0,0,0,0,0,0
2,1,0,0,0,0,0,0,0
1,1,0,0,0,0,0,0,0
-4,2,0,0,0,0,0,0,0
-4,0,0,0,0,0,0,0,0
2,-2,0,0,0,0,0,0,0
-1,5,0,0,0,0,0,0,0
-5,9,0,0,0,0,0,0,0
-1,2,0,0,0,0,0,0,0
2,-5,0,0,0,0,0,0,0
4,1,0,0,0,0,0,0,0
3,6,0,0,0,0,0,0,0
0,2,0,0,0,0,0,0,0
-2,-2,0,0,0,0,0,0,0
0,0,0,0,0,0,0,0,0
3,1,0,0,0,0,0,0,0
2,-1,0,0,0,0,0,0,0
0,0,0,0,0,0,0,0,0
-2,0,0,0,0,0,0,0,0
-2,-3,0,0,0,0,0,0,0
2,-6,0,0,0,0,0,0,0
0,-6,0,0,0,0,0,0,0
0,-3,0,0,0,0,0,0,0
5,-2,0,0,0,0,0,0,0
5,-2,0,0,0,0,0,0,0
-1,-2,0,0,0,0,0,0,0
-3,2,0,0,0,0,0,0,0
1,3,0,0,0,0,0,0,0
5,-3,0,0,0,0,0,0,0
4,-4,0,0,0,0,0,0,0
-1,2,0,0,0,0,0,0,0
-3,5,0,0,0,0,0,0,0
-1,2,0,0,0,0,0,0,0
1,0,0,0,0,0,0,0,0
-4,2,0,0,0,0,0,0,0
-9,3,0,0,0,0,0,0,0
-4,1,0,0,0,0,0,0,0
4,0,0,0,0,0,0,0,0
7,0,0,0,0,0,0,0,0
3,-3,0,0,0,0,0,0,0
1,-2,0,0,0,0,0,0,0
4,5,0,0,0,0,0,0,0
3,6,0,0,0,0,0,0,0
0,-3,0,0,0,0,0,0,0
2,-8,0,0,0,0,0,0,0
4,-4,0,0,0,0,0,0,0
0,0,0,0,0,0,0,0,0
-6,4,0,0,0,0,0,0,0
-5,8,0,0,0,0,0,0,0
6,0,0,0,0,0,0,0,0
8,-7,0,0,0,0,0,0,0
-1,0,0,0,0,0,0,0,0
0,5,0,0,0,0,0,0,0
4,0,0,0,0,0,0,0,0
-4,-1,0,0,0,0,0,0,0
-8,3,0,0,0,0,0,0,0
-3,5,0,0,0,0,0,0,0
-3,6,0,0,0,0,0,0,0
-5,6,0,0,0,0,0,0,0
-3,2,0,0,0,0,0,0,0
-3,-2,0,0,0,0,0,0,0
-5,1,0,0,0,0,0,0,0
0,4,0,0,0,0,0,0,0
7,0,0,0,0,0,0,0,0
3,-3,0,0,0,0,0,0,0
-2,0,0,0,0,0,0,0,0
2,1,0,0,0,0,0,0,0
2,4,0,0,0,0,0,0,0
-4,3,0,0,0,0,0,0,0
-3,-3,0,0,0,0,0,0,0
2,-1,0,0,0,0,0,0,0
-2,5,0,0,0,0,0,0,0
-3,4,0,0,0,0,0,0,0
5,2,0,0,0,0,0,0,0
5,3,0,0,0,0,0,0,0
1,1,0,0,0,0,0,0,0
2,-2,0,0,0,0,0,0,0
1,-6,0,0,0,0,0,0,0
-3,-9,0,0,0,0,0,0,0
-5,-3,0,0,0,0,0,0,0
-2,4,0,0,0,0,0,0,0
3,4,0,0,0,0,0,0,0
2,0,0,0,0,0,0,0,0
-1,-2,0,0,0,0,0,0,0
1,-3,0,0,0,0,0,0,0
1,-2,0,0,0,0,0,0,0
1,0,0,0,0,0,0,0,0
7,-3,0,0,0,0,0,0,0
7,-3,0,0,0,0,0,0,0
-2,1,0,0,0,0,0,0,0
-3,-4,0,0,0,0,0,0,0
1,-5,0,0,0,0,0,0,0
-2,1,0,0,0,0,0,0,0
-6,-4,0,0,0,0,0,0,0
-5,-10,0,0,0,0,0,0,0
-3,-2,0,0,0,0,0,0,0
-2,2,0,0,0,0,0,0,0
1,-1,0,0,0,0,0,0,0
-2,2,0,0,0,0,0,0,0
-7,2,0,0,0,0,0,0,0
-3,-4,0,0,0,0,0,0,0
1,-4,0,0,0,0,0,0,0
2,-2,0,0,0,0,0,0,0
2,-1,0,0,0,0,0,0,0
0,2,0,0,0,0,0,0,0
-1,-1,0,0,0,0,0,0,0
-4,-5,0,0,0,0,0,0,0
-3,2,0,0,0,0,0,0,0
2,7,0,0,0,0,0,0,0
0,0,0,0,0,0,0,0,0
-5,-4,0,0,0,0,0,0,0
-3,2,0,0,0,0,0,0,0
1,6,0,0,0,0,0,0,0
-2,2,0,0,0,0,0,0,0
-1,-5,0,0,0,0,0,0,0
5,-4,0,0,0,0,0,0,0
3,-2,0,0,0,0,0,0,0
-2,-1,0,0,0,0,0,0,0
-3,2,0,0,0,0,0,0,0
0,-3,0,0,0,0,0,0,0
3,-10,0,0,0,0,0,0,0
2,-5,0,0,0,0,0,0,0
1,2,0,0,0,0,0,0,0
0,-3,0,0,0,0,0,0,0
-5,-8,0,0,0,0,0,0,0
-9,-3,0,0,0,0,0,0,0
-4,5,0,0,0,0,0,0,0
4,1,0,0,0,0,0,0,0
6,-5,0,0,0,0,0,0,0
4,-2,0,0,0,0,0,0,0
2,6,0,0,0,0,0,0,0
3,6,0,0,0,0,0,0,0
2,0,0,0,0,0,0,0,0
-3,-3,0,0,0,0,0,0,0
0,3,0,0,0,0,0,0,0
9,9,0,0,0,0,0,0,0
10,4,0,0,0,0,0,0,0
1,-3,0,0,0,0,0,0,0
-6,-5,0,0,0,0,0,0,0
-3,-2,0,0,0,0,0,0,0
2,5,0,0,0,0,0,0,0
-2,7,0,0,0,0,0,0,0
-2,2,0,0,0,0,0,0,0
3,0,0,0,0,0,0,0,0
-2,0,0,0,0,0,0,0,0
-5,-4,0,0,0,0,0,0,0
7,-5,0,0,0,0,0,0,0
13,-2,0,0,0,0,0,0,0
5,-1,0,0,0,0,0,0,0
-2,-2,0,0,0,0,0,0,0
0,1,0,0,0,0,0,0,0
1,6,0,0,0,0,0,0,0
-5,8,0,0,0,0,0,0,0
-5,2,0,0,0,0,0,0,0
-3,3,0,0,0,0,0,0,0
-6,8,0,0,0,0,0,0,0
-1,4,0,0,0,0,0,0,0
7,2,0,0,0,0,0,0,0
2,6,0,0,0,0,0,0,0
-3,0,0,0,0,0,0,0,0
-3,-5,0,0,0,0,0,0,0
0,3,0,0,0,0,0,0,0
2,9,0,0,0,0,0,0,0
-3,5,0,0,0,0,0,0,0
-6,1,0,0,0,0,0,0,0
-2,0,0,0,0,0,0,0,0
-2,-1,0,0,0,0,0,0,0
-3,-1,0,0,0,0,0,0,0
1,-5,0,0,0,0,0,0,0
5,-4,0,0,0,0,0,0,0
3,3,0,0,0,0,0,0,0
2,2,0,0,0,0,0,0,0
4,-3,0,0,0,0,0,0,0
2,3,0,0,0,0,0,0,0
-5,6,0,0,0,0,0,0,0
-7,0,0,0,0,0,0,0,0
0,-1,0,0,0,0,0,0,0
5,6,0,0,0,0,0,0,0
3,4,0,0,0,0,0,0,0
1,-1,0,0,0,0,0,0,0
1,3,0,0,0,0,0,0,0
2,4,0,0,0,0,0,0,0
2,-3,0,0,0,0,0,0,0
-1,-4,0,0,0,0,0,0,0
-3,-2,0,0,0,0,0,0,0
-2,-6,0,0,0,0,0,0,0
-3,-5,0,0,0,0,0,0,0
-6,1,0,0,0,0,0,0,0
-2,-2,0,0,0,0,0,0,0
5,-7,0,0,0,0,0,0,0
2,-3,0,0,0,0,0,0,0
-4,-1,0,0,0,0,0,0,0
0,-3,0,0,0,0,0,0,0
5,0,0,0,0,0,0,0,0
4,0,0,0,0,0,0,0,0
1,-4,0,0,0,0,0,0,0
4,-3,0,0,0,0,0,0,0
4,-1,0,0,0,0,0,0,0
1,-2,0,0,0,0,0,0,0
-2,-2,0,0,0,0,0,0,0
-2,-1,0,0,0,0,0,0,0
3,3,0,0,0,0,0,0,0
7,6,0,0,0,0,0,0,0
0,-1,0,0,0,0,0,0,0
-5,-4,0,0,0,0,0,0,0
-3,7,0,0,0,0,0,0,0
-2,12,0,0,0,0,0,0,0
0,3,0,0,0,0,0,0,0
-3,-4,0,0,0,0,0,0,0
-6,-6,0,0,0,0,0,0,0
-4,-5,0,0,0,0,0,0,0
-2,-1,0,0,0,0,0,0,0
-3,4,0,0,0,0,0,0,0
0,9,0,0,0,0,0,0,0
3,7,0,0,0,0,0,0,0
2,1,0,0,0,0,0,0,0
-2,-2,0,0,0,0,0,0,0
-4,-2,0,0,0,0,0,0,0
-2,1,0,0,0,0,0,0,0
2,6,0,0,0,0,0,0,0
-1,4,0,0,0,0,0,0,0
-4,0,0,0,0,0,0,0,0
-3,-1,0,0,0,0,0,0,0
-4,-1,0,0,0,0,0,0,0
0,-3,0,0,0,0,0,0,0
6,-3,0,0,0,0,0,0,0
-2,-7,0,0,0,0,0,0,0
-7,-7,0,0,0,0,0,0,0
3,-1,0,0,0,0,0,0,0
9,4,0,0,0,0,0,0,0
2,4,0,0,0,0,0,0,0
-3,3,0,0,0,0,0,0,0
0,3,0,0,0,0,0,0,0
5,2,0,0,0,0,0,0,0
5,-2,0,0,0,0,0,0,0
1,-2,0,0,0,0,0,0,0
-2,2,0,0,0,0,0,0,0
-3,-3,0,0,0,0,0,0,0
-3,-8,0,0,0,0,0,0,0
-6,-3,0,0,0,0,0,0,0
-5,-3,0,0,0,0,0,0,0
-1,-8,0,0,0,0,0,0,0
4,-5,0,0,0,0,0,0,0
7,-1,0,0,0,0,0,0,0
4,-3,0,0,0,0,0,0,0
-1,-4,0,0,0,0,0,0,0
-1,1,0,0,0,0,0,0,0
3,1,0,0,0,0,0,0,0
0,-3,0,0,0,0,0,0,0
-1,0,0,0,0,0,0,0,0
5,3,0,0,0,0,0,0,0
6,0,0,0,0,0,0,0,0
2,-1,0,0,0,0,0,0,0
3,-3,0,0,0,0,0,0,0
4,-5,0,0,0,0,0,0,0
2,0,0,0,0,0,0,0,0
1,6,0,0,0,0,0,0,0
2,8,0,0,0,0,0,0,0
1,6,0,0,0,0,0,0,0
-3,2,0,0,0,0,0,0,0
-4,-3,0,0,0,0,0,0,0
-1,-5,0,0,0,0,0,0,0
0,2,0,0,0,0,0,0,0
-3,3,0,0,0,0,0,0,0
-4,-3,0,0,0,0,0,0,0
5,3,0,0,0,0,0,0,0
9,8,0,0,0,0,0,0,0
0,-1,0,0,0,0,0,0,0
-1,-4,0,0,0,0,0,0,0
4,1,0,0,0,0,0,0,0
1,-3,0,0,0,0,0,0,0
0,-6,0,0,0,0,0,0,0
1,-1,0,0,0,0,0,0,0
-6,4,0,0,0,0,0,0,0
-9,5,0,0,0,0,0,0,0
2,1,0,0,0,0,0,0,0
11,-1,0,0,0,0,0,0,0
4,2,0,0,0,0,0,0,0
-3,2,0,0,0,0,0,0,0
1,1,0,0,0,0,0,0,0
0,3,0,0,0,0,0,0,0
-7,2,0,0,0,0,0,0,0
-5,-1,0,0,0,0,0,0,0
0,-1,0,0,0,0,0,0,0
-2,-3,0,0,0,0,0,0,0
0,-5,0,0,0,0,0,0,0
0,-2,0,0,0,0,0,0,0
-6,4,0,0,0,0,0,0,0
-5,8,0,0,0,0,0,0,0
-2,6,0,0,0,0,0,0,0
-4,4,0,0,0,0,0,0,0
0,3,0,0,0,0,0,0,0
2,-2,0,0,0,0,0,0,0
0,-8,0,0,0,0,0,0,0
1,-5,0,0,0,0,0,0,0
1,-2,0,0,0,0,0,0,0
-2,-1,0,0,0,0,0,0,0
-2,2,0,0,0,0,0,0,0
1,2,0,0,0,0,0,0,0
1,0,0,0,0,0,0,0,0
0,0,0,0,0,0,0,0,0
-1,1,0,0,0,0,0,0,0
-6,2,0,0,0,0,0,0,0
-10,2,0,0,0,0,0,0,0
-6,2,0,0,0,0,0,0,0
3,2,0,0,0,0,0,0,0
4,4,0,0,0,0,0,0,0
-4,5,0,0,0,0,0,0,0
-3,2,0,0,0,0,0,0,0
5,-4,0,0,0,0,0,0,0
4,-6,0,0,0,0,0,0,0
0,0,0,0,0,0,0,0,0
1,-1,0,0,0,0,0,0,0
1,-5,0,0,0,0,0,0,0
0,2,0,0,0,0,0,0,0
0,8,0,0,0,0,0,0,0
-5,2,0,0,0,0,0,0,0
-8,-5,0,0,0,0,0,0,0
-1,-7,0,0,0,0,0,0,0
5,-4,0,0,0,0,0,0,0
3,2,0,0,0,0,0,0,0
0,2,0,0,0,0,0,0,0
-4,-4,0,0,0,0,0,0,0
-6,-2,0,0,0,0,0,0,0
0,-1,0,0,0,0,0,0,0
6,-7,0,0,0,0,0,0,0
3,-5,0,0,0,0,0,0,0
3,-1,0,0,0,0,0,0,0
4,2,0,0,0,0,0,0,0
1,5,0,0,0,0,0,0,0
-1,1,0,0,0,0,0,0,0
-3,-5,0,0,0,0,0,0,0
-2,-2,0,0,0,0,0,0,0
4,4,0,0,0,0,0,0,0
3,6,0,0,0,0,0,0,0
-3,3,0,0,0,0,0,0,0
-2,-2,0,0,0,0,0,0,0
3,1,0,0,0,0,0,0,0
-2,6,0,0,0,0,0,0,0
-4,0,0,0,0,0,0,0,0
4,-5,0,0,0,0,0,0,0
7,-1,0,0,0,0,0,0,0
3,-4,0,0,0,0,0,0,0
4,-7,0,0,0,0,0,0,0
5,3,0,0,0,0,0,0,0
2,8,0,0,0,0,0,0,0
-1,3,0,0,0,0,0,0,0
-1,0,0,0,0,0,0,0,0
1,0,0,0,0,0,0,0,0
1,1,0,0,0,0,0,0,0
0,1,0,0,0,0,0,0,0
-1,-2,0,0,0,0,0,0,0
-4,-2,0,0,0,0,0,0,0
-2,6,0,0,0,0,0,0,0
1,6,0,0,0,0,0,0,0
-4,0,0,0,0,0,0,0,0
-9,-3,0,0,0,0,0,0,0
-1,-6,0,0,0,0,0,0,0
5,-2,0,0,0,0,0,0,0
2,-1,0,0,0,0,0,0,0
2,-6,0,0,0,0,0,0,0
6,-5,0,0,0,0,0,0,0
8,0,0,0,0,0,0,0,0
2,2,0,0,0,0,0,0,0
-7,-2,0,0,0,0,0,0,0
-4,-7,0,0,0,0,0,0,0
5,-5,0,0,0,0,0,0,0
4,-2,0,0,0,0,0,0,0
1,-4,0,0,0,0,0,0,0
-1,-2,0,0,0,0,0,0,0
-5,-1,0,0,0,0,0,0,0
-4,0,0,0,0,0,0,0,0
-3,3,0,0,0,0,0,0,0
-7,1,0,0,0,0,0,0,0
-2,-3,0,0,0,0,0,0,0
5,2,0,0,0,0,0,0,0
-1,6,0,0,0,0,0,0,0
-3,2,0,0,0,0,0,0,0
4,0,0,0,0,0,0,0,0
4,-1,0,0,0,0,0,0,0
0,-3,0,0,0,0,0,0,0
3,-2,0,0,0,0,0,0,0
9,1,0,0,0,0,0,0,0
7,3,0,0,0,0,0,0,0
-1,3,0,0,0,0,0,0,0
-4,-1,0,0,0,0,0,0,0
-4,0,0,0,0,0,0,0,0
-1,5,0,0,0,0,0,0,0
1,3,0,0,0,0,0,0,0
-4,-1,0,0,0,0,0,0,0
-7,4,0,0,0,0,0,0,0
-3,9,0,0,0,0,0,0,0
1,5,0,0,0,0,0,0,0
2,0,0,0,0,0,0,0,0
3,1,0,0,0,0,0,0,0
2,3,0,0,0,0,0,0,0
2,4,0,0,0,0,0,0,0
1,7,0,0,0,0,0,0,0
-1,4,0,0,0,0,0,0,0
-1,-1,0,0,0,0,0,0,0
2,1,0,0,0,0,0,0,0
1,5,0,0,0,0,0,0,0
-1,2,0,0,0,0,0,0,0
0,-3,0,0,0,0,0,0,0
0,-4,0,0,0,0,0,0,0
-4,1,0,0,0,0,0,0,0
-4,3,0,0,0,0,0,0,0
2,-4,0,0,0,0,0,0,0
2,-8,0,0,0,0,0,0,0
-1,-4,0,0,0,0,0,0,0
0,-2,0,0,0,0,0,0,0
0,-2,0,0,0,0,0,0,0
0,0,0,0,0,0,0,0,0
-1,2,0,0,0,0,0,0,0
-3,3,0,0,0,0,0,0,0
-4,-2,0,0,0,0,0,0,0
-2,-6,0,0,0,0,0,0,0
0,3,0,0,0,0,0,0,0
1,8,0,0,0,0,0,0,0
-3,4,0,0,0,0,0,0,0
-6,-1,0,0,0,0,0,0,0
2,-4,0,0,0,0,0,0,0
8,-4,0,0,0,0,0,0,0
3,-3,0,0,0,0,0,0,0
0,-5,0,0,0,0,0,0,0
2,-2,0,0,0,0,0,0,0
2,1,0,0,0,0,0,0,0
2,-3,0,0,0,0,0,0,0
2,1,0,0,0,0,0,0,0
1,7,0,0,0,0,0,0,0
0,-2,0,0,0,0,0,0,0
-3,-8,0,0,0,0,0,0,0
-5,-2,0,0,0,0,0,0,0
-3,3,0,0,0,0,0,0,0
2,5,0,0,0,0,0,0,0
7,3,0,0,0,0,0,0,0
2,-2,0,0,0,0,0,0,0
-4,-3,0,0,0,0,0,0,0
3,-1,0,0,0,0,0,0,0
7,-3,0,0,0,0,0,0,0
-2,1,0,0,0,0,0,0,0
-8,5,0,0,0,0,0,0,0
-8,1,0,0,0,0,0,0,0
-5,-1,0,0,0,0,0,0,0
1,2,0,0,0,0,0,0,0
3,2,0,0,0,0,0,0,0
-2,2,0,0,0,0,0,0,0
-1,0,0,0,0,0,0,0,0
4,-5,0,0,0,0,0,0,0
-2,-1,0,0,0,0,0,0,0
-9,3,0,0,0,0,0,0,0
-5,-2,0,0,0,0,0,0,0
0,-5,0,0,0,0,0,0,0
3,-6,0,0,0,0,0,0,0
6,-7,0,0,0,0,0,0,0
1,-2,0,0,0,0,0,0,0
1,3,0,0,0,0,0,0,0
7,4,0,0,0,0,0,0,0
3,0,0,0,0,0,0,0,0
-5,0,0,0,0,0,0,0,0
0,4,0,0,0,0,0,0,0
7,2,0,0,0,0,0,0,0
6,0,0,0,0,0,0,0,0
3,1,0,0,0,0,0,0,0
4,1,0,0,0,0,0,0,0
4,1,0,0,0,0,0,0,0
3,-1,0,0,0,0,0,0,0
2,-2,0,0,0,0,0,0,0
2,4,0,0,0,0,0,0,0
2,6,0,0,0,0,0,0,0
2,1,0,0,0,0,0,0,0
1,-4,0,0,0,0,0,0,0
2,-8,0,0,0,0,0,0,0
1,-6,0,0,0,0,0,0,0
-3,-2,0,0,0,0,0,0,0
-4,-2,0,0,0,0,0,0,0
0,2,0,0,0,0,0,0,0
-1,5,0,0,0,0,0,0,0
-3,-2,0,0,0,0,0,0,0
1,-7,0,0,0,0,0,0,0
0,2,0,0,0,0,0,0,0
-6,6,0,0,0,0,0,0,0
-2,-2,0,0,0,0,0,0,0
5,-3,0,0,0,0,0,0,0
3,0,0,0,0,0,0,0,0
-2,-2,0,0,0,0,0,0,0
1,0,0,0,0,0,0,0,0
2,3,0,0,0,0,0,0,0
0,-1,0,0,0,0,0,0,0
-1,-1,0,0,0,0,0,0,0
-5,5,0,0,0,0,0,0,0
-8,7,0,0,0,0,0,0,0
-1,3,0,0,0,0,0,0,0
4,-2,0,0,0,0,0,0,0
-4,-3,0,0,0,0,0,0,0
-4,2,0,0,0,0,0,0,0
4,6,0,0,0,0,0,0,0
5,3,0,0,0,0,0,0,0
0,-4,0,0,0,0,0,0,0
0,-5,0,0,0,0,0,0,0
3,2,0,0,0,0,0,0,0
2,4,0,0,0,0,0,0,0
0,-2,0,0,0,0,0,0,0
0,-3,0,0,0,0,0,0,0
-1,0,0,0,0,0,0,0,0
-6,-5,0,0,0,0,0,0,0
-5,-7,0,0,0,0,0,0,0
3,-4,0,0,0,0,0,0,0
4,-1,0,0,0,0,0,0,0
-1,3,0,0,0,0,0,0,0
0,5,0,0,0,0,0,0,0
2,-1,0,0,0,0,0,0,0
1,-4,0,0,0,0,0,0,0
-3,-1,0,0,0,0,0,0,0
-7,-1,0,0,0,0,0,0,0
-8,-4,0,0,0,0,0,0,0
-1,-3,0,0,0,0,0,0,0
3,-2,0,0,0,0,0,0,0
-3,-1,0,0,0,0,0,0,0
-4,0,0,0,0,0,0,0,0
3,2,0,0,0,0,0,0,0
5,5,0,0,0,0,0,0,0
6,5,0,0,0,0,0,0,0
5,2,0,0,0,0,0,0,0
-4,2,0,0,0,0,0,0,0
-8,4,0,0,0,0,0,0,0
-1,7,0,0,0,0,0,0,0
4,7,0,0,0,0,0,0,0
1,3,0,0,0,0,0,0,0
-1,-1,0,0,0,0,0,0,0
0,-4,0,0,0,0,0,0,0
0,-2,0,0,0,0,0,0,0
0,2,0,0,0,0,0,0,0
1,0,0,0,0,0,0,0,0
0,-2,0,0,0,0,0,0,0
1,6,0,0,0,0,0,0,0
1,8,0,0,0,0,0,0,0
-3,-1,0,0,0,0,0,0,0
-4,-2,0,0,0,0,0,0,0
3,0,0,0,0,0,0,0,0
3,-5,0,0,0,0,0,0,0
-2,-6,0,0,0,0,0,0,0
-1,-2,0,0,0,0,0,0,0
1,-3,0,0,0,0,0,0,0
1,-5,0,0,0,0,0,0,0
-1,-2,0,0,0,0,0,0,0
0,-1,0,0,0,0,0,0,0
2,-1,0,0,0,0,0,0,0
2,0,0,0,0,0,0,0,0
-1,1,0,0,0,0,0,0,0
-6,2,0,0,0,0,0,0,0
-3,5,0,0,0,0,0,0,0
4,4,0,0,0,0,0,0,0
3,-2,0,0,0,0,0,0,0
-3,-1,0,0,0,0,0,0,0
-5,6,0,0,0,0,0,0,0
-2,9,0,0,0,0,0,0,0
1,5,0,0,0,0,0,0,0
-5,-1,0,0,0,0,0,0,0
-9,-3,0,0,0,0,0,0,0
-1,-3,0,0,0,0,0,0,0
4,-3,0,0,0,0,0,0,0
-4,-4,0,0,0,0,0,0,0
-5,-4,0,0,0,0,0,0,0
8,-3,0,0,0,0,0,0,0
9,-1,0,0,0,0,0,0,0
-7,-1,0,0,0,0,0,0,0
-12,-2,0,0,0,0,0,0,0
-2,-1,0,0,0,0,0,0,0
3,0,0,0,0,0,0,0,0
4,2,0,0,0,0,0,0,0
6,7,0,0,0,0,0,0,0
3,9,0,0,0,0,0,0,0
-4,-1,0,0,0,0,0,0,0
-1,-6,0,0,0,0,0,0,0
5,1,0,0,0,0,0,0,0
4,8,0,0,0,0,0,0,0
2,7,0,0,0,0,0,0,0
4,4,0,0,0,0,0,0,0
2,1,0,0,0,0,0,0,0
-3,1,0,0,0,0,0,0,0
-1,2,0,0,0,0,0,0,0
4,2,0,0,0,0,0,0,0
3,1,0,0,0,0,0,0,0
0,2,0,0,0,0,0,0,0
1,3,0,0,0,0,0,0,0
1,1,0,0,0,0,0,0,0
1,0,0,0,0,0,0,0,0
1,3,0,0,0,0,0,0,0
2,1,0,0,0,0,0,0,0
0,-4,0,0,0,0,0,0,0
-3,-7,0,0,0,0,0,0,0
0,-6,0,0,0,0,0,0,0
5,-5,0,0,0,0,0,0,0
4,-6,0,0,0,0,0,0,0
2,-5,0,0,0,0,0,0,0
3,-2,0,0,0,0,0,0,0
1,2,0,0,0,0,0,0,0
-3,3,0,0,0,0,0,0,0
-4,0,0,0,0,0,0,0,0
-2,-3,0,0,0,0,0,0,0
0,-4,0,0,0,0,0,0,0
-5,-3,0,0,0,0,0,0,0
-9,1,0,0,0,0,0,0,0
-4,3,0,0,0,0,0,0,0
3,-1,0,0,0,0,0,0,0
5,-5,0,0,0,0,0,0,0
3,0,0,0,0,0,0,0,0
3,2,0,0,0,0,0,0,0
2,-4,0,0,0,0,0,0,0
1,-1,0,0,0,0,0,0,0
-1,5,0,0,0,0,0,0,0
-4,2,0,0,0,0,0,0,0
-2,0,0,0,0,0,0,0,0
4,1,0,0,0,0,0,0,0
5,-1,0,0,0,0,0,0,0
0,-5,0,0,0,0,0,0,0
-4,-5,0,0,0,0,0,0,0
-1,-4,0,0,0,0,0,0,0
4,-3,0,0,0,0,0,0,0
0,-2,0,0,0,0,0,0,0
-3,-2,0,0,0,0,0,0,0
4,-2,0,0,0,0,0,0,0
6,1,0,0,0,0,0,0,0
1,4,0,0,0,0,0,0,0
1,0,0,0,0,0,0,0,0
2,-3,0,0,0,0,0,0,0
0,5,0,0,0,0,0,0,0
-1,9,0,0,0,0,0,0,0
1,2,0,0,0,0,0,0,0
0,0,0,0,0,0,0,0,0
-6,0,0,0,0,0,0,0,0
-7,-3,0,0,0,0,0,0,0
1,1,0,0,0,0,0,0,0
4,8,0,0,0,0,0,0,0
-3,3,0,0,0,0,0,0,0
-2,-4,0,0,0,0,0,0,0
5,2,0,0,0,0,0,0,0
2,8,0,0,0,0,0,0,0
-1,4,0,0,0,0,0,0,0
0,1,0,0,0,0,0,0,0
1,1,0,0,0,0,0,0,0
0,-3,0,0,0,0,0,0,0
-3,-8,0,0,0,0,0,0,0
-4,-6,0,0,0,0,0,0,0
0,-2,0,0,0,0,0,0,0
-3,-1,0,0,0,0,0,0,0
-9,-2,0,0,0,0,0,0,0
-2,-4,0,0,0,0,0,0,0
2,-1,0,0,0,0,0,0,0
-3,2,0,0,0,0,0,0,0
-4,2,0,0,0,0,0,0,0
-3,4,0,0,0,0,0,0,0
-1,4,0,0,0,0,0,0,0
4,-5,0,0,0,0,0,0,0
7,-9,0,0,0,0,0,0,0
8,-5,0,0,0,0,0,0,0
2,-1,0,0,0,0,0,0,0
1,3,0,0,0,0,0,0,0
4,4,0,0,0,0,0,0,0
4,-3,0,0,0,0,0,0,0
2,-9,0,0,0,0,0,0,0
2,-3,0,0,0,0,0,0,0
-1,3,0,0,0,0,0,0,0
-4,0,0,0,0,0,0,0,0
-2,-3,0,0,0,0,0,0,0
3,0,0,0,0,0,0,0,0
3,1,0,0,0,0,0,0,0
1,-3,0,0,0,0,0,0,0
1,-3,0,0,0,0,0,0,0
-2,0,0,0,0,0,0,0,0
-8,0,0,0,0,0,0,0,0
-9,1,0,0,0,0,0,0,0
-6,0,0,0,0,0,0,0,0
-4,-5,0,0,0,0,0,0,0
0,-2,0,0,0,0,0,0,0
6,4,0,0,0,0,0,0,0
5,2,0,0,0,0,0,0,0
2,1,0,0,0,0,0,0,0
3,2,0,0,0,0,0,0,0
5,-1,0,0,0,0,0,0,0
8,0,0,0,0,0,0,0,0
6,4,0,0,0,0,0,0,0
-1,2,0,0,0,0,0,0,0
-2,-2,0,0,0,0,0,0,0
-2,-2,0,0,0,0,0,0,0
-6,0,0,0,0,0,0,0,0
-4,6,0,0,0,0,0,0,0
3,8,0,0,0,0,0,0,0
3,5,0,0,0,0,0,0,0
0,3,0,0,0,0,0,0,0
0,-1,0,0,0,0,0,0,0
-4,-4,0,0,0,0,0,0,0
-3,-2,0,0,0,0,0,0,0
8,2,0,0,0,0,0,0,0
4,3,0,0,0,0,0,0,0
-9,2,0,0,0,0,0,0,0
-4,3,0,0,0,0,0,0,0
5,0,0,0,0,0,0,0,0
-1,-2,0,0,0,0,0,0,0
-3,1,0,0,0,0,0,0,0
1,4,0,0,0,0,0,0,0
1,3,0,0,0,0,0,0,0
-2,-1,0,0,0,0,0,0,0
-5,-3,0,0,0,0,0,0,0
-3,-1,0,0,0,0,0,0,0
2,-4,0,0,0,0,0,0,0
-3,-4,0,0,0,0,0,0,0
-7,-3,0,0,0,0,0,0,0
-4,-5,0,0,0,0,0,0,0
-2,-3,0,0,0,0,0,0,0
-3,3,0,0,0,0,0,0,0
1,2,0,0,0,0,0,0,0
8,2,0,0,0,0,0,0,0
0,5,0,0,0,0,0,0,0
-10,0,0,0,0,0,0,0,0
-3,-5,0,0,0,0,0,0,0
2,1,0,0,0,0,0,0,0
-3,3,0,0,0,0,0,0,0
-1,-2,0,0,0,0,0,0,0
0,-2,0,0,0,0,0,0,0
-1,-2,0,0,0,0,0,0,0
5,-3,0,0,0,0,0,0,0
6,-1,0,0,0,0,0,0,0
3,1,0,0,0,0,0,0,0
3,3,0,0,0,0,0,0,0
-1,2,0,0,0,0,0,0,0
-5,1,0,0,0,0,0,0,0
-1,0,0,0,0,0,0,0,0
3,1,0,0,0,0,0,0,0
-2,3,0,0,0,0,0,0,0
-4,1,0,0,0,0,0,0,0
-1,-2,0,0,0,0,0,0,0
-4,-5,0,0,0,0,0,0,0
0,-2,0,0,0,0,0,0,0
8,5,0,0,0,0,0,0,0
6,7,0,0,0,0,0,0,0
2,2,0,0,0,0,0,0,0
1,3,0,0,0,0,0,0,0
-5,8,0,0,0,0,0,0,0
-6,0,0,0,0,0,0,0,0
1,-8,0,0,0,0,0,0,0
3,-3,0,0,0,0,0,0,0
-3,5,0,0,0,0,0,0,0
-5,7,0,0,0,0,0,0,0
-3,6,0,0,0,0,0,0,0
2,6,0,0,0,0,0,0,0
9,4,0,0,0,0,0,0,0
10,0,0,0,0,0,0,0,0
6,-4,0,0,0,0,0,0,0
1,-6,0,0,0,0,0,0,0
-1,-3,0,0,0,0,0,0,0
2,-2,0,0,0,0,0,0,0
2,-6,0,0,0,0,0,0,0
2,2,0,0,0,0,0,0,0
3,10,0,0,0,0,0,0,0
0,3,0,0,0,0,0,0,0
-4,-4,0,0,0,0,0,0,0
-3,-1,0,0,0,0,0,0,0
3,-2,0,0,0,0,0,0,0
5,-3,0,0,0,0,0,0,0
1,-2,0,0,0,0,0,0,0
-4,-4,0,0,0,0,0,0,0
-5,-2,0,0,0,0,0,0,0
-2,1,0,0,0,0,0,0,0
-1,-3,0,0,0,0,0,0,0
3,-1,0,0,0,0,0,0,0
3,3,0,0,0,0,0,0,0
-3,1,0,0,0,0,0,0,0
-3,3,0,0,0,0,0,0,0
4,1,0,0,0,0,0,0,0
3,-1,0,0,0,0,0,0,0
-2,4,0,0,0,0,0,0,0
-6,4,0,0,0,0,0,0,0
-6,-2,0,0,0,0,0,0,0
1,-5,0,0,0,0,0,0,0
5,-5,0,0,0,0,0,0,0
4,0,0,0,0,0,0,0,0
7,-2,0,0,0,0,0,0,0
6,-8,0,0,0,0,0,0,0
-4,-2,0,0,0,0,0,0,0
-7,3,0,0,0,0,0,0,0
-1,-3,0,0,0,0,0,0,0
2,-2,0,0,0,0,0,0,0
0,0,0,0,0,0,0,0,0
-2,-5,0,0,0,0,0,0,0
-5,-4,0,0,0,0,0,0,0
-8,5,0,0,0,0,0,0,0
-2,5,0,0,0,0,0,0,0
4,-3,0,0,0,0,0,0,0
3,-6,0,0,0,0,0,0,0
0,-2,0,0,0,0,0,0,0
-2,2,0,0,0,0,0,0,0
-3,0,0,0,0,0,0,0,0
-2,-3,0,0,0,0,0,0,0
-1,1,0,0,0,0,0,0,0
-1,3,0,0,0,0,0,0,0
-2,-1,0,0,0,0,0,0,0
-1,3,0,0,0,0,0,0,0
5,7,0,0,0,0,0,0,0
3,-1,0,0,0,0,0,0,0
-4,-5,0,0,0,0,0,0,0
-3,4,0,0,0,0,0,0,0
0,9,0,0,0,0,0,0,0
1,5,0,0,0,0,0,0,0
4,2,0,0,0,0,0,0,0
4,-1,0,0,0,0,0,0,0
3,-2,0,0,0,0,0,0,0
8,-2,0,0,0,0,0,0,0
8,-4,0,0,0,0,0,0,0
2,2,0,0,0,0,0,0,0
5,9,0,0,0,0,0,0,0
6,6,0,0,0,0,0,0,0
-1,1,0,0,0,0,0,0,0
2,1,0,0,0,0,0,0,0
3,-3,0,0,0,0,0,0,0
-11,-7,0,0,0,0,0,0,0
-13,0,0,0,0,0,0,0,0
-2,7,0,0,0,0,0,0,0
-2,2,0,0,0,0,0,0,0
-4,-6,0,0,0,0,0,0,0
1,-7,0,0,0,0,0,0,0
1,-4,0,0,0,0,0,0,0
-1,-1,0,0,0,0,0,0,0
1,2,0,0,0,0,0,0,0
0,2,0,0,0,0,0,0,0
-2,0,0,0,0,0,0,0,0
-6,-1,0,0,0,0,0,0,0
-8,0,0,0,0,0,0,0,0
-1,-1,0,0,0,0,0,0,0
5,0,0,0,0,0,0,0,0
2,-1,0,0,0,0,0,0,0
0,-4,0,0,0,0,0,0,0
-1,-2,0,0,0,0,0,0,0
-4,3,0,0,0,0,0,0,0
-1,2,0,0,0,0,0,0,0
4,1,0,0,0,0,0,0,0
1,4,0,0,0,0,0,0,0
-2,6,0,0,0,0,0,0,0
1,0,0,0,0,0,0,0,0
3,-2,0,0,0,0,0,0,0
4,7,0,0,0,0,0,0,0
9,14,0,0,0,0,0,0,0
6,9,0,0,0,0,0,0,0
-5,-2,0,0,0,0,0,0,0
-7,-8,0,0,0,0,0,0,0
-19,-38,0,0,0,0,0,0,0
-115,-183,0,0,0,0,0,0,0
-310,-418,0,0,0,0,0,0,0
-409,-322,0,0,0,0,0,0,0
-289,260,0,0,0,0,0,0,0
-207,411,0,0,0,0,0,0,0
-252,-233,0,0,0,0,0,0,0
-113,-468,0,0,0,0,0,0,0
180,29,0,0,0,0,0,0,0
259,244,0,0,0,0,0,0,0
162,78,0,0,0,0,0,0,0
140,64,0,0,0,0,0,0,0
162,115,0,0,0,0,0,0,0
142,72,0,0,0,0,0,0,0
128,60,0,0,0,0,0,0,0
134,82,0,0,0,0,0,0,0
124,70,0,0,0,0,0,0,0
108,59,0,0,0,0,0,0,0
100,63,0,0,0,0,0,0,0
96,54,0,0,0,0,0,0,0
93,41,0,0,0,0,0,0,0
86,44,0,0,0,0,0,0,0
78,47,0,0,0,0,0,0,0
73,39,0,0,0,0,0,0,0
68,32,0,0,0,0,0,0,0
62,33,0,0,0,0,0,0,0
53,37,0,0,0,0,0,0,0
43,36,0,0,0,0,0,0,0
38,23,0,0,0,0,0,0,0
34,2,0,0,0,0,0,0,0
27,-3,0,0,0,0,0,0,0
28,17,0,0,0,0,0,0,0
32,28,0,0,0,0,0,0,0
23,18,0,0,0,0,0,0,0
11,8,0,0,0,0,0,0,0
8,5,0,0,0,0,0,0,0
11,5,0,0,0,0,0,0,0
12,4,0,0,0,0,0,0,0
7,0,0,0,0,0,0,0,0
2,0,0,0,0,0,0,0,0
-2,4,0,0,0,0,0,0,0
-7,3,0,0,0,0,0,0,0
-10,1,0,0,0,0,0,0,0
-10,1,0,0,0,0,0,0,0
-10,-6,0,0,0,0,0,0,0
-10,-15,0,0,0,0,0,0,0
-10,-12,0,0,0,0,0,0,0
-13,-8,0,0,0,0,0,0,0
-14,-6,0,0,0,0,0,0,0
-16,-8,0,0,0,0,0,0,0
-18,-14,0,0,0,0,0,0,0
-20,-13,0,0,0,0,0,0,0
-25,-7,0,0,0,0,0,0,0
-27,-9,0,0,0,0,0,0,0
-22,-11,0,0,0,0,0,0,0
-22,-6,0,0,0,0,0,0,0
-25,-6,0,0,0,0,0,0,0
-25,-11,0,0,0,0,0,0,0
-27,-12,0,0,0,0,0,0,0
-29,-11,0,0,0,0,0,0,0
-26,-15,0,0,0,0,0,0,0
-26,-19,0,0,0,0,0,0,0
-28,-20,0,0,0,0,0,0,0
-29,-17,0,0,0,0,0,0,0
-30,-17,0,0,0,0,0,0,0
-33,-21,0,0,0,0,0,0,0
-33,-17,0,0,0,0,0,0,0
-26,-13,0,0,0,0,0,0,0
-26,-16,0,0,0,0,0,0,0
-29,-18,0,0,0,0,0,0,0
-28,-22,0,0,0,0,0,0,0
-28,-22,0,0,0,0,0,0,0
-31,-14,0,0,0,0,0,0,0
-28,-12,0,0,0,0,0,0,0
-24,-15,0,0,0,0,0,0,0
-27,-15,0,0,0,0,0,0,0
-27,-12,0,0,0,0,0,0,0
-22,-9,0,0,0,0,0,0,0
-26,-14,0,0,0,0,0,0,0
-28,-20,0,0,0,0,0,0,0
-19,-12,0,0,0,0,0,0,0
-16,-6,0,0,0,0,0,0,0
-20,-14,0,0,0,0,0,0,0
-20,-18,0,0,0,0,0,0,0
-17,-14,0,0,0,0,0,0,0
-18,-14,0,0,0,0,0,0,0
-21,-14,0,0,0,0,0,0,0
-18,-10,0,0,0,0,0,0,0
-12,-5,0,0,0,0,0,0,0
-14,-2,0,0,0,0,0,0,0
-19,-3,0,0,0,0,0,0,0
-16,-4,0,0,0,0,0,0,0
-10,-5,0,0,0,0,0,0,0
-9,-11,0,0,0,0,0,0,0
-11,-18,0,0,0,0,0,0,0
-15,-14,0,0,0,0,0,0,0
-19,-7,0,0,0,0,0,0,0
-13,-5,0,0,0,0,0,0,0
-4,-4,0,0,0,0,0,0,0
-2,-2,0,0,0,0,0,0,0
-3,-7,0,0,0,0,0,0,0
-2,-8,0,0,0,0,0,0,0
-3,-2,0,0,0,0,0,0,0
-8,2,0,0,0,0,0,0,0
-7,0,0,0,0,0,0,0,0
-3,1,0,0,0,0,0,0,0
-2,2,0,0,0,0,0,0,0
0,-1,0,0,0,0,0,0,0
0,-3,0,0,0,0,0,0,0
-3,-2,0,0,0,0,0,0,0
1,-3,0,0,0,0,0,0,0
7,-2,0,0,0,0,0,0,0
4,0,0,0,0,0,0,0,0
2,3,0,0,0,0,0,0,0
4,9,0,0,0,0,0,0,0
6,9,0,0,0,0,0,0,0
5,2,0,0,0,0,0,0,0
5,3,0,0,0,0,0,0,0
7,10,0,0,0,0,0,0,0
8,5,0,0,0,0,0,0,0
6,-2,0,0,0,0,0,0,0
2,4,0,0,0,0,0,0,0
3,11,0,0,0,0,0,0,0
4,11,0,0,0,0,0,0,0
2,9,0,0,0,0,0,0,0
6,6,0,0,0,0,0,0,0
8,4,0,0,0,0,0,0,0
2,5,0,0,0,0,0,0,0
2,8,0,0,0,0,0,0,0
8,4,0,0,0,0,0,0,0
13,-2,0,0,0,0,0,0,0
16,0,0,0,0,0,0,0,0
15,1,0,0,0,0,0,0,0
11,2,0,0,0,0,0,0,0
7,5,0,0,0,0,0,0,0
6,10,0,0,0,0,0,0,0
13,10,0,0,0,0,0,0,0
17,4,0,0,0,0,0,0,0
9,1,0,0,0,0,0,0,0
6,2,0,0,0,0,0,0,0
11,4,0,0,0,0,0,0,0
13,6,0,0,0,0,0,0,0
16,7,0,0,0,0,0,0,0
18,5,0,0,0,0,0,0,0
14,5,0,0,0,0,0,0,0
9,6,0,0,0,0,0,0,0
9,4,0,0,0,0,0,0,0
14,1,0,0,0,0,0,0,0
14,3,0,0,0,0,0,0,0
11,6,0,0,0,0,0,0,0
10,9,0,0,0,0,0,0,0
8,12,0,0,0,0,0,0,0
9,9,0,0,0,0,0,0,0
12,3,0,0,0,0,0,0,0
6,0,0,0,0,0,0,0,0
2,3,0,0,0,0,0,0,0
10,7,0,0,0,0,0,0,0
16,7,0,0,0,0,0,0,0
10,6,0,0,0,0,0,0,0
7,10,0,0,0,0,0,0,0
6,9,0,0,0,0,0,0,0
6,2,0,0,0,0,0,0,0
9,4,0,0,0,0,0,0,0
6,11,0,0,0,0,0,0,0
5,8,0,0,0,0,0,0,0
11,1,0,0,0,0,0,0,0
10,4,0,0,0,0,0,0,0
2,9,0,0,0,0,0,0,0
6,3,0,0,0,0,0,0,0
11,-5,0,0,0,0,0,0,0
8,-2,0,0,0,0,0,0,0
6,-1,0,0,0,0,0,0,0
9,-4,0,0,0,0,0,0,0
7,-1,0,0,0,0,0,0,0
0,2,0,0,0,0,0,0,0
-4,2,0,0,0,0,0,0,0
1,3,0,0,0,0,0,0,0
8,4,0,0,0,0,0,0,0
7,4,0,0,0,0,0,0,0
1,9,0,0,0,0,0,0,0
3,9,0,0,0,0,0,0,0
10,7,0,0,0,0,0,0,0
12,6,0,0,0,0,0,0,0
7,1,0,0,0,0,0,0,0
1,-2,0,0,0,0,0,0,0
0,1,0,0,0,0,0,0,0
0,1,0,0,0,0,0,0,0
1,-2,0,0,0,0,0,0,0
6,-5,0,0,0,0,0,0,0
3,-5,0,0,0,0,0,0,0
-7,-3,0,0,0,0,0,0,0
-8,-2,0,0,0,0,0,0,0
2,-2,0,0,0,0,0,0,0
3,0,0,0,0,0,0,0,0
-6,-1,0,0,0,0,0,0,0
-8,-6,0,0,0,0,0,0,0
1,-3,0,0,0,0,0,0,0
4,0,0,0,0,0,0,0,0
-1,-1,0,0,0,0,0,0,0
0,5,0,0,0,0,0,0,0
1,10,0,0,0,0,0,0,0
-1,2,0,0,0,0,0,0,0
-1,-6,0,0,0,0,0,0,0
1,-5,0,0,0,0,0,0,0
1,-3,0,0,0,0,0,0,0
0,-3,0,0,0,0,0,0,0
-1,3,0,0,0,0,0,0,0
-1,5,0,0,0,0,0,0,0
-2,-3,0,0,0,0,0,0,0
-4,-8,0,0,0,0,0,0,0
-7,-2,0,0,0,0,0,0,0
-4,0,0,0,0,0,0,0,0
1,-3,0,0,0,0,0,0,0
-2,3,0,0,0,0,0,0,0
-3,7,0,0,0,0,0,0,0
2,1,0,0,0,0,0,0,0
1,-2,0,0,0,0,0,0,0
-8,-1,0,0,0,0,0,0,0
-10,-6,0,0,0,0,0,0,0
-8,-6,0,0,0,0,0,0,0
-8,0,0,0,0,0,0,0,0
-6,2,0,0,0,0,0,0,0
-2,0,0,0,0,0,0,0,0
-6,-4,0,0,0,0,0,0,0
-8,-6,0,0,0,0,0,0,0
-1,-2,0,0,0,0,0,0,0
1,3,0,0,0,0,0,0,0
-3,0,0,0,0,0,0,0,0
-2,-6,0,0,0,0,0,0,0
-4,-1,0,0,0,0,0,0,0
-11,4,0,0,0,0,0,0,0
-11,1,0,0,0,0,0,0,0
-4,1,0,0,0,0,0,0,0
0,0,0,0,0,0,0,0,0
-3,-1,0,0,0,0,0,0,0
-2,-1,0,0,0,0,0,0,0
-1,-6,0,0,0,0,0,0,0
-3,-6,0,0,0,0,0,0,0
-2,5,0,0,0,0,0,0,0
-1,10,0,0,0,0,0,0,0
-5,2,0,0,0,0,0,0,0
-6,-7,0,0,0,0,0,0,0
1,-8,0,0,0,0,0,0,0
0,-4,0,0,0,0,0,0,0
-6,-2,0,0,0,0,0,0,0
-7,2,0,0,0,0,0,0,0
-3,5,0,0,0,0,0,0,0
1,3,0,0,0,0,0,0,0
0,2,0,0,0,0,0,0,0
-3,3,0,0,0,0,0,0,0
-8,2,0,0,0,0,0,0,0
-9,0,0,0,0,0,0,0,0
0,-1,0,0,0,0,0,0,0
4,-5,0,0,0,0,0,0,0
-2,-4,0,0,0,0,0,0,0
-4,-1,0,0,0,0,0,0,0
-4,-1,0,0,0,0,0,0,0
-3,1,0,0,0,0,0,0,0
0,1,0,0,0,0,0,0,0
-1,-2,0,0,0,0,0,0,0
-5,-5,0,0,0,0,0,0,0
-4,-4,0,0,0,0,0,0,0
-1,-6,0,0,0,0,0,0,0
-2,-10,0,0,0,0,0,0,0
2,-9,0,0,0,0,0,0,0
2,-4,0,0,0,0,0,0,0
-4,-1,0,0,0,0,0,0,0
-1,-1,0,0,0,0,0,0,0
6,-1,0,0,0,0,0,0,0
2,1,0,0,0,0,0,0,0
-4,-2,0,0,0,0,0,0,0
-1,-5,0,0,0,0,0,0,0
5,1,0,0,0,0,0,0,0
2,3,0,0,0,0,0,0,0
0,-5,0,0,0,0,0,0,0
4,-9,0,0,0,0,0,0,0
5,-3,0,0,0,0,0,0,0
1,4,0,0,0,0,0,0,0
-2,6,0,0,0,0,0,0,0
-4,2,0,0,0,0,0,0,0
-2,-3,0,0,0,0,0,0,0
4,-1,0,0,0,0,0,0,0
1,0,0,0,0,0,0,0,0
-5,1,0,0,0,0,0,0,0
-2,4,0,0,0,0,0,0,0
4,2,0,0,0,0,0,0,0
2,-3,0,0,0,0,0,0,0
2,-2,0,0,0,0,0,0,0
2,0,0,0,0,0,0,0,0
-4,0,0,0,0,0,0,0,0
-6,1,0,0,0,0,0,0,0
-1,-2,0,0,0,0,0,0,0
1,-7,0,0,0,0,0,0,0
2,-6,0,0,0,0,0,0,0
-1,-5,0,0,0,0,0,0,0
-4,-4,0,0,0,0,0,0,0
-1,3,0,0,0,0,0,0,0
1,2,0,0,0,0,0,0,0
6,-4,0,0,0,0,0,0,0
13,1,0,0,0,0,0,0,0
12,6,0,0,0,0,0,0,0
3,-1,0,0,0,0,0,0,0
-5,-8,0,0,0,0,0,0,0
-5,-3,0,0,0,0,0,0,0
0,0,0,0,0,0,0,0,0
1,2,0,0,0,0,0,0,0
-4,3,0,0,0,0,0,0,0
-4,2,0,0,0,0,0,0,0
3,2,0,0,0,0,0,0,0
-2,3,0,0,0,0,0,0,0
-9,7,0,0,0,0,0,0,0
-3,8,0,0,0,0,0,0,0
1,4,0,0,0,0,0,0,0
-1,-2,0,0,0,0,0,0,0
4,-4,0,0,0,0,0,0,0
6,-3,0,0,0,0,0,0,0
0,-3,0,0,0,0,0,0,0
-4,-3,0,0,0,0,0,0,0
-2,0,0,0,0,0,0,0,0
-2,5,0,0,0,0,0,0,0
-4,5,0,0,0,0,0,0,0
-1,-1,0,0,0,0,0,0,0
2,-5,0,0,0,0,0,0,0
1,0,0,0,0,0,0,0,0
5,7,0,0,0,0,0,0,0
8,5,0,0,0,0,0,0,0
5,-2,0,0,0,0,0,0,0
3,-5,0,0,0,0,0,0,0
2,-2,0,0,0,0,0,0,0
-2,-1,0,0,0,0,0,0,0
-1,-1,0,0,0,0,0,0,0
4,0,0,0,0,0,0,0,0
6,2,0,0,0,0,0,0,0
5,5,0,0,0,0,0,0,0
7,3,0,0,0,0,0,0,0
5,-2,0,0,0,0,0,0,0
-1,3,0,0,0,0,0,0,0
-2,8,0,0,0,0,0,0,0
-4,5,0,0,0,0,0,0,0
-9,6,0,0,0,0,0,0,0
-6,9,0,0,0,0,0,0,0
5,6,0,0,0,0,0,0,0
12,1,0,0,0,0,0,0,0
7,-1,0,0,0,0,0,0,0
0,4,0,0,0,0,0,0,0
-1,6,0,0,0,0,0,0,0
2,0,0,0,0,0,0,0,0
0,0,0,0,0,0,0,0,0
-5,5,0,0,0,0,0,0,0
-10,0,0,0,0,0,0,0,0
-7,-2,0,0,0,0,0,0,0
-3,4,0,0,0,0,0,0,0
2,-1,0,0,0,0,0,0,0
5,-8,0,0,0,0,0,0,0
2,-4,0,0,0,0,0,0,0
0,2,0,0,0,0,0,0,0
4,2,0,0,0,0,0,0,0
5,0,0,0,0,0,0,0,0
0,0,0,0,0,0,0,0,0
-3,0,0,0,0,0,0,0,0
1,0,0,0,0,0,0,0,0
6,0,0,0,0,0,0,0,0
4,-1,0,0,0,0,0,0,0
3,-4,0,0,0,0,0,0,0
3,-6,0,0,0,0,0,0,0
1,-3,0,0,0,0,0,0,0
0,3,0,0,0,0,0,0,0
1,8,0,0,0,0,0,0,0
0,4,0,0,0,0,0,0,0
-3,-5,0,0,0,0,0,0,0
-5,-7,0,0,0,0,0,0,0
-2,-2,0,0,0,0,0,0,0
3,3,0,0,0,0,0,0,0
2,2,0,0,0,0,0,0,0
-1,-1,0,0,0,0,0,0,0
-2,0,0,0,0,0,0,0,0
-5,1,0,0,0,0,0,0,0
0,-1,0,0,0,0,0,0,0
10,-3,0,0,0,0,0,0,0
5,1,0,0,0,0,0,0,0
-9,1,0,0,0,0,0,0,0
-5,-4,0,0,0,0,0,0,0
1,-1,0,0,0,0,0,0,0
-2,4,0,0,0,0,0,0,0
4,-1,0,0,0,0,0,0,0
6,-4,0,0,0,0,0,0,0
-4,-4,0,0,0,0,0,0,0
-4,-2,0,0,0,0,0,0,0
0,-1,0,0,0,0,0,0,0
-6,-2,0,0,0,0,0,0,0
-6,1,0,0,0,0,0,0,0
2,6,0,0,0,0,0,0,0
1,0,0,0,0,0,0,0,0
-2,-7,0,0,0,0,0,0,0
-1,-4,0,0,0,0,0,0,0
0,0,0,0,0,0,0,0,0
0,0,0,0,0,0,0,0,0
0,4,0,0,0,0,0,0,0
-5,8,0,0,0,0,0,0,0
-5,0,0,0,0,0,0,0,0
-2,-7,0,0,0,0,0,0,0
-3,-3,0,0,0,0,0,0,0
-4,0,0,0,0,0,0,0,0
-1,-2,0,0,0,0,0,0,0
1,-1,0,0,0,0,0,0,0
-2,-1,0,0,0,0,0,0,0
-5,-4,0,0,0,0,0,0,0
-2,-3,0,0,0,0,0,0,0
1,1,0,0,0,0,0,0,0
3,1,0,0,0,0,0,0,0
3,0,0,0,0,0,0,0,0
0,-2,0,0,0,0,0,0,0
-5,-3,0,0,0,0,0,0,0
-6,0,0,0,0,0,0,0,0
1,6,0,0,0,0,0,0,0
6,8,0,0,0,0,0,0,0
5,1,0,0,0,0,0,0,0
4,-4,0,0,0,0,0,0,0
4,-2,0,0,0,0,0,0,0
1,-2,0,0,0,0,0,0,0
0,2,0,0,0,0,0,0,0
2,6,0,0,0,0,0,0,0
1,3,0,0,0,0,0,0,0
-4,2,0,0,0,0,0,0,0
-1,5,0,0,0,0,0,0,0
4,5,0,0,0,0,0,0,0
-1,-2,0,0,0,0,0,0,0
0,-7,0,0,0,0,0,0,0
10,-3,0,0,0,0,0,0,0
8,1,0,0,0,0,0,0,0
-1,2,0,0,0,0,0,0,0
0,2,0,0,0,0,0,0,0
2,3,0,0,0,0,0,0,0
0,4,0,0,0,0,0,0,0
0,-1,0,0,0,0,0,0,0
1,-7,0,0,0,0,0,0,0
-1,-1,0,0,0,0,0,0,0
-5,6,0,0,0,0,0,0,0
-4,6,0,0,0,0,0,0,0
1,3,0,0,0,0,0,0,0
1,-1,0,0,0,0,0,0,0
-2,1,0,0,0,0,0,0,0
-2,4,0,0,0,0,0,0,0
-5,-2,0,0,0,0,0,0,0
-9,-6,0,0,0,0,0,0,0
-5,-1,0,0,0,0,0,0,0
-1,5,0,0,0,0,0,0,0
-3,4,0,0,0,0,0,0,0
-6,-2,0,0,0,0,0,0,0
-1,-4,0,0,0,0,0,0,0
1,-1,0,0,0,0,0,0,0
-1,-4,0,0,0,0,0,0,0
1,-5,0,0,0,0,0,0,0
3,1,0,0,0,0,0,0,0
1,3,0,0,0,0,0,0,0
-1,-1,0,0,0,0,0,0,0
0,-2,0,0,0,0,0,0,0
1,1,0,0,0,0,0,0,0
0,6,0,0,0,0,0,0,0
2,4,0,0,0,0,0,0,0
6,-2,0,0,0,0,0,0,0
2,0,0,0,0,0,0,0,0
-1,5,0,0,0,0,0,0,0
5,-1,0,0,0,0,0,0,0
6,-9,0,0,0,0,0,0,0
2,-4,0,0,0,0,0,0,0
4,5,0,0,0,0,0,0,0
8,-3,0,0,0,0,0,0,0
0,-14,0,0,0,0,0,0,0
-8,-6,0,0,0,0,0,0,0
0,5,0,0,0,0,0,0,0
8,2,0,0,0,0,0,0,0
3,-3,0,0,0,0,0,0,0
2,-1,0,0,0,0,0,0,0
3,-1,0,0,0,0,0,0,0
-1,0,0,0,0,0,0,0,0
-6,0,0,0,0,0,0,0,0
-5,-4,0,0,0,0,0,0,0
-1,-2,0,0,0,0,0,0,0
0,0,0,0,0,0,0,0,0
0,-5,0,0,0,0,0,0,0
3,-4,0,0,0,0,0,0,0
2,-1,0,0,0,0,0,0,0
-5,-3,0,0,0,0,0,0,0
-6,3,0,0,0,0,0,0,0
0,8,0,0,0,0,0,0,0
-2,0,0,0,0,0,0,0,0
-8,-8,0,0,0,0,0,0,0
-3,-4,0,0,0,0,0,0,0
4,1,0,0,0,0,0,0,0
1,3,0,0,0,0,0,0,0
-2,2,0,0,0,0,0,0,0
-1,-1,0,0,0,0,0,0,0
-2,1,0,0,0,0,0,0,0
1,2,0,0,0,0,0,0,0
7,2,0,0,0,0,0,0,0
6,6,0,0,0,0,0,0,0
3,5,0,0,0,0,0,0,0
3,-4,0,0,0,0,0,0,0
-1,-5,0,0,0,0,0,0,0
-1,2,0,0,0,0,0,0,0
7,0,0,0,0,0,0,0,0
6,-7,0,0,0,0,0,0,0
-2,-4,0,0,0,0,0,0,0
-1,0,0,0,0,0,0,0,0
6,-3,0,0,0,0,0,0,0
5,-2,0,0,0,0,0,0,0
1,1,0,0,0,0,0,0,0
-3,-1,0,0,0,0,0,0,0
-6,-1,0,0,0,0,0,0,0
-2,2,0,0,0,0,0,0,0
0,0,0,0,0,0,0,0,0
-7,-2,0,0,0,0,0,0,0
-6,5,0,0,0,0,0,0,0
4,6,0,0,0,0,0,0,0
7,4,0,0,0,0,0,0,0
2,8,0,0,0,0,0,0,0
-3,6,0,0,0,0,0,0,0
-2,-1,0,0,0,0,0,0,0
-1,-1,0,0,0,0,0,0,0
0,1,0,0,0,0,0,0,0
4,-3,0,0,0,0,0,0,0
5,-3,0,0,0,0,0,0,0
5,5,0,0,0,0,0,0,0
8,7,0,0,0,0,0,0,0
7,-1,0,0,0,0,0,0,0
-3,-3,0,0,0,0,0,0,0
-6,5,0,0,0,0,0,0,0
-3,3,0,0,0,0,0,0,0
-2,-5,0,0,0,0,0,0,0
-4,2,0,0,0,0,0,0,0
-3,10,0,0,0,0,0,0,0
-1,5,0,0,0,0,0,0,0
2,1,0,0,0,0,0,0,0
2,0,0,0,0,0,0,0,0
-1,-1,0,0,0,0,0,0,0
-2,0,0,0,0,0,0,0,0
-4,1,0,0,0,0,0,0,0
-4,-1,0,0,0,0,0,0,0
-2,-3,0,0,0,0,0,0,0
0,1,0,0,0,0,0,0,0
3,5,0,0,0,0,0,0,0
1,-2,0,0,0,0,0,0,0
-5,-6,0,0,0,0,0,0,0
-3,2,0,0,0,0,0,0,0
4,7,0,0,0,0,0,0,0
3,1,0,0,0,0,0,0,0
-1,-6,0,0,0,0,0,0,0
-4,-5,0,0,0,0,0,0,0
-2,0,0,0,0,0,0,0,0
3,1,0,0,0,0,0,0,0
-1,1,0,0,0,0,0,0,0
-7,5,0,0,0,0,0,0,0
-4,3,0,0,0,0,0,0,0
2,-5,0,0,0,0,0,0,0
0,-8,0,0,0,0,0,0,0
-5,-5,0,0,0,0,0,0,0
-4,-1,0,0,0,0,0,0,0
-1,2,0,0,0,0,0,0,0
-1,3,0,0,0,0,0,0,0
2,-3,0,0,0,0,0,0,0
1,-8,0,0,0,0,0,0,0
-4,-3,0,0,0,0,0,0,0
-1,5,0,0,0,0,0,0,0
5,6,0,0,0,0,0,0,0
2,2,0,0,0,0,0,0,0
-1,-3,0,0,0,0,0,0,0
0,-7,0,0,0,0,0,0,0
-2,-4,0,0,0,0,0,0,0
-3,1,0,0,0,0,0,0,0
2,2,0,0,0,0,0,0,0
2,1,0,0,0,0,0,0,0
0,3,0,0,0,0,0,0,0
1,-1,0,0,0,0,0,0,0
1,-5,0,0,0,0,0,0,0
0,1,0,0,0,0,0,0,0
-1,2,0,0,0,0,0,0,0
-6,-8,0,0,0,0,0,0,0
-5,-8,0,0,0,0,0,0,0
5,-1,0,0,0,0,0,0,0
5,4,0,0,0,0,0,0,0
-4,5,0,0,0,0,0,0,0
-3,4,0,0,0,0,0,0,0
-1,-1,0,0,0,0,0,0,0
-3,0,0,0,0,0,0,0,0
1,-1,0,0,0,0,0,0,0
5,-5,0,0,0,0,0,0,0
2,-5,0,0,0,0,0,0,0
-3,-2,0,0,0,0,0,0,0
0,-2,0,0,0,0,0,0,0
4,-1,0,0,0,0,0,0,0
-2,5,0,0,0,0,0,0,0
-3,8,0,0,0,0,0,0,0
5,-1,0,0,0,0,0,0,0
5,-8,0,0,0,0,0,0,0
-2,-4,0,0,0,0,0,0,0
-5,0,0,0,0,0,0,0,0
-3,0,0,0,0,0,0,0,0
-1,1,0,0,0,0,0,0,0
0,2,0,0,0,0,0,0,0
3,-2,0,0,0,0,0,0,0
4,-1,0,0,0,0,0,0,0
1,3,0,0,0,0,0,0,0
1,1,0,0,0,0,0,0,0
1,-3,0,0,0,0,0,0,0
-6,-2,0,0,0,0,0,0,0
-6,-1,0,0,0,0,0,0,0
3,0,0,0,0,0,0,0,0
7,5,0,0,0,0,0,0,0
1,4,0,0,0,0,0,0,0
1,-3,0,0,0,0,0,0,0
5,-2,0,0,0,0,0,0,0
2,5,0,0,0,0,0,0,0
-1,3,0,0,0,0,0,0,0
-1,-1,0,0,0,0,0,0,0
-4,6,0,0,0,0,0,0,0
-3,10,0,0,0,0,0,0,0
4,1,0,0,0,0,0,0,0
3,-4,0,0,0,0,0,0,0
-4,0,0,0,0,0,0,0,0
-1,2,0,0,0,0,0,0,0
6,-1,0,0,0,0,0,0,0
3,0,0,0,0,0,0,0,0
1,5,0,0,0,0,0,0,0
3,4,0,0,0,0,0,0,0
2,2,0,0,0,0,0,0,0
-1,3,0,0,0,0,0,0,0
-4,4,0,0,0,0,0,0,0
-3,7,0,0,0,0,0,0,0
1,8,0,0,0,0,0,0,0
-3,3,0,0,0,0,0,0,0
-4,-2,0,0,0,0,0,0,0
2,0,0,0,0,0,0,0,0
0,4,0,0,0,0,0,0,0
-3,-2,0,0,0,0,0,0,0
4,-2,0,0,0,0,0,0,0
5,5,0,0,0,0,0,0,0
0,5,0,0,0,0,0,0,0
0,1,0,0,0,0,0,0,0
3,5,0,0,0,0,0,0,0
3,2,0,0,0,0,0,0,0
2,-8,0,0,0,0,0,0,0
1,-11,0,0,0,0,0,0,0
0,-8,0,0,0,0,0,0,0
-3,-10,0,0,0,0,0,0,0
-2,-10,0,0,0,0,0,0,0
4,-2,0,0,0,0,0,0,0
3,5,0,0,0,0,0,0,0
0,4,0,0,0,0,0,0,0
2,-2,0,0,0,0,0,0,0
3,-1,0,0,0,0,0,0,0
2,5,0,0,0,0,0,0,0
2,0,0,0,0,0,0,0,0
-2,-7,0,0,0,0,0,0,0
-5,-3,0,0,0,0,0,0,0
-2,3,0,0,0,0,0,0,0
1,-1,0,0,0,0,0,0,0
-2,-6,0,0,0,0,0,0,0
-5,-5,0,0,0,0,0,0,0
-2,-1,0,0,0,0,0,0,0
-1,1,0,0,0,0,0,0,0
1,1,0,0,0,0,0,0,0
3,0,0,0,0,0,0,0,0
0,2,0,0,0,0,0,0,0
-1,4,0,0,0,0,0,0,0
0,5,0,0,0,0,0,0,0
-3,2,0,0,0,0,0,0,0
-3,-5,0,0,0,0,0,0,0
1,-5,0,0,0,0,0,0,0
-4,4,0,0,0,0,0,0,0
-9,8,0,0,0,0,0,0,0
0,3,0,0,0,0,0,0,0
7,-5,0,0,0,0,0,0,0
3,-5,0,0,0,0,0,0,0
2,0,0,0,0,0,0,0,0
4,0,0,0,0,0,0,0,0
2,-6,0,0,0,0,0,0,0
-3,-5,0,0,0,0,0,0,0
-3,2,0,0,0,0,0,0,0
1,3,0,0,0,0,0,0,0
6,2,0,0,0,0,0,0,0
7,1,0,0,0,0,0,0,0
-1,-5,0,0,0,0,0,0,0
-6,-5,0,0,0,0,0,0,0
-1,4,0,0,0,0,0,0,0
4,7,0,0,0,0,0,0,0
0,2,0,0,0,0,0,0,0
-5,-4,0,0,0,0,0,0,0
-5,-6,0,0,0,0,0,0,0
-4,0,0,0,0,0,0,0,0
-5,6,0,0,0,0,0,0,0
0,4,0,0,0,0,0,0,0
7,-3,0,0,0,0,0,0,0
5,-3,0,0,0,0,0,0,0
1,-2,0,0,0,0,0,0,0
2,-6,0,0,0,0,0,0,0
1,-5,0,0,0,0,0,0,0
-1,5,0,0,0,0,0,0,0
-3,8,0,0,0,0,0,0,0
-2,4,0,0,0,0,0,0,0
3,3,0,0,0,0,0,0,0
3,6,0,0,0,0,0,0,0
1,2,0,0,0,0,0,0,0
4,-4,0,0,0,0,0,0,0
4,-4,0,0,0,0,0,0,0
-2,-1,0,0,0,0,0,0,0
-5,0,0,0,0,0,0,0,0
0,2,0,0,0,0,0,0,0
5,-3,0,0,0,0,0,0,0
3,-6,0,0,0,0,0,0,0
0,1,0,0,0,0,0,0,0
1,1,0,0,0,0,0,0,0
1,-5,0,0,0,0,0,0,0
1,2,0,0,0,0,0,0,0
2,7,0,0,0,0,0,0,0
2,3,0,0,0,0,0,0,0
1,0,0,0,0,0,0,0,0
-1,-3,0,0,0,0,0,0,0
-1,-8,0,0,0,0,0,0,0
1,-6,0,0,0,0,0,0,0
1,2,0,0,0,0,0,0,0
-2,4,0,0,0,0,0,0,0
-1,-2,0,0,0,0,0,0,0
1,-2,0,0,0,0,0,0,0
0,-1,0,0,0,0,0,0,0
-2,-3,0,0,0,0,0,0,0
-1,-1,0,0,0,0,0,0,0
-4,1,0,0,0,0,0,0,0
-3,-5,0,0,0,0,0,0,0
1,-4,0,0,0,0,0,0,0
-5,5,0,0,0,0,0,0,0
-12,2,0,0,0,0,0,0,0
-5,-6,0,0,0,0,0,0,0
2,-6,0,0,0,0,0,0,0
-1,-6,0,0,0,0,0,0,0
-3,-5,0,0,0,0,0,0,0
2,5,0,0,0,0,0,0,0
4,8,0,0,0,0,0,0,0
0,-1,0,0,0,0,0,0,0
-3,-2,0,0,0,0,0,0,0
0,2,0,0,0,0,0,0,0
5,-2,0,0,0,0,0,0,0
5,0,0,0,0,0,0,0,0
3,3,0,0,0,0,0,0,0
3,-4,0,0,0,0,0,0,0
2,-5,0,0,0,0,0,0,0
0,2,0,0,0,0,0,0,0
1,4,0,0,0,0,0,0,0
3,2,0,0,0,0,0,0,0
1,4,0,0,0,0,0,0,0
-2,8,0,0,0,0,0,0,0
0,5,0,0,0,0,0,0,0
0,-1,0,0,0,0,0,0,0
-9,-1,0,0,0,0,0,0,0
-3,-2,0,0,0,0,0,0,0
6,-1,0,0,0,0,0,0,0
2,1,0,0,0,0,0,0,0
-2,5,0,0,0,0,0,0,0
2,10,0,0,0,0,0,0,0
1,7,0,0,0,0,0,0,0
1,-1,0,0,0,0,0,0,0
2,0,0,0,0,0,0,0,0
-2,2,0,0,0,0,0,0,0
-6,-1,0,0,0,0,0,0,0
-4,-2,0,0,0,0,0,0,0
-2,1,0,0,0,0,0,0,0
-2,0,0,0,0,0,0,0,0
2,-4,0,0,0,0,0,0,0
2,-4,0,0,0,0,0,0,0
-2,4,0,0,0,0,0,0,0
-4,6,0,0,0,0,0,0,0
-2,1,0,0,0,0,0,0,0
-3,-1,0,0,0,0,0,0,0
-2,0,0,0,0,0,0,0,0
4,-5,0,0,0,0,0,0,0
5,-4,0,0,0,0,0,0,0
-2,3,0,0,0,0,0,0,0
-5,3,0,0,0,0,0,0,0
0,1,0,0,0,0,0,0,0
5,4,0,0,0,0,0,0,0
4,3,0,0,0,0,0,0,0
1,1,0,0,0,0,0,0,0
3,5,0,0,0,0,0,0,0
4,4,0,0,0,0,0,0,0
3,-3,0,0,0,0,0,0,0
1,-2,0,0,0,0,0,0,0
0,-5,0,0,0,0,0,0,0
0,-8,0,0,0,0,0,0,0
0,0,0,0,0,0,0,0,0
-1,4,0,0,0,0,0,0,0
1,0,0,0,0,0,0,0,0
1,4,0,0,0,0,0,0,0
-2,5,0,0,0,0,0,0,0
-6,-3,0,0,0,0,0,0,0
-5,-1,0,0,0,0,0,0,0
0,4,0,0,0,0,0,0,0
-3,-1,0,0,0,0,0,0,0
-5,0,0,0,0,0,0,0,0
1,7,0,0,0,0,0,0,0
6,0,0,0,0,0,0,0,0
7,-8,0,0,0,0,0,0,0
4,1,0,0,0,0,0,0,0
-2,6,0,0,0,0,0,0,0
-6,-3,0,0,0,0,0,0,0
-3,-8,0,0,0,0,0,0,0
2,-2,0,0,0,0,0,0,0
2,1,0,0,0,0,0,0,0
-1,-2,0,0,0,0,0,0,0
-1,-3,0,0,0,0,0,0,0
1,-4,0,0,0,0,0,0,0
0,-4,0,0,0,0,0,0,0
-2,0,0,0,0,0,0,0,0
3,-2,0,0,0,0,0,0,0
5,-5,0,0,0,0,0,0,0
-3,-1,0,0,0,0,0,0,0
0,0,0,0,0,0,0,0,0
7,-4,0,0,0,0,0,0,0
-3,2,0,0,0,0,0,0,0
-10,5,0,0,0,0,0,0,0
-1,-1,0,0,0,0,0,0,0
4,-5,0,0,0,0,0,0,0
1,-5,0,0,0,0,0,0,0
-1,-2,0,0,0,0,0,0,0
-3,3,0,0,0,0,0,0,0
-3,1,0,0,0,0,0,0,0
1,-6,0,0,0,0,0,0,0
2,-5,0,0,0,0,0,0,0
0,0,0,0,0,0,0,0,0
3,3,0,0,0,0,0,0,0
3,1,0,0,0,0,0,0,0
-1,-2,0,0,0,0,0,0,0
-2,-1,0,0,0,0,0,0,0
-4,1,0,0,0,0,0,0,0
-3,4,0,0,0,0,0,0,0
2,6,0,0,0,0,0,0,0
1,0,0,0,0,0,0,0,0
-5,-7,0,0,0,0,0,0,0
-4,-1,0,0,0,0,0,0,0
-1,6,0,0,0,0,0,0,0
-1,2,0,0,0,0,0,0,0
2,-3,0,0,0,0,0,0,0
4,2,0,0,0,0,0,0,0
2,4,0,0,0,0,0,0,0
1,1,0,0,0,0,0,0,0
2,-1,0,0,0,0,0,0,0
3,-1,0,0,0,0,0,0,0
2,4,0,0,0,0,0,0,0
5,8,0,0,0,0,0,0,0
8,1,0,0,0,0,0,0,0
4,-2,0,0,0,0,0,0,0
-2,3,0,0,0,0,0,0,0
-1,3,0,0,0,0,0,0,0
1,-1,0,0,0,0,0,0,0
-3,-2,0,0,0,0,0,0,0
-5,2,0,0,0,0,0,0,0
-4,4,0,0,0,0,0,0,0
-5,2,0,0,0,0,0,0,0
-7,0,0,0,0,0,0,0,0
-3,-1,0,0,0,0,0,0,0
0,-2,0,0,0,0,0,0,0
-4,-4,0,0,0,0,0,0,0
-5,-5,0,0,0,0,0,0,0
-2,-1,0,0,0,0,0,0,0
3,6,0,0,0,0,0,0,0
8,8,0,0,0,0,0,0,0
8,0,0,0,0,0,0,0,0
1,-2,0,0,0,0,0,0,0
-2,3,0,0,0,0,0,0,0
-1,-2,0,0,0,0,0,0,0
2,-10,0,0,0,0,0,0,0
8,-5,0,0,0,0,0,0,0
4,-2,0,0,0,0,0,0,0
-6,-4,0,0,0,0,0,0,0
-2,-3,0,0,0,0,0,0,0
8,3,0,0,0,0,0,0,0
2,6,0,0,0,0,0,0,0
-5,1,0,0,0,0,0,0,0
-4,-2,0,0,0,0,0,0,0
0,-1,0,0,0,0,0,0,0
1,-4,0,0,0,0,0,0,0
-3,-1,0,0,0,0,0,0,0
-5,5,0,0,0,0,0,0,0
-4,2,0,0,0,0,0,0,0
-4,1,0,0,0,0,0,0,0
0,6,0,0,0,0,0,0,0
6,5,0,0,0,0,0,0,0
3,-3,0,0,0,0,0,0,0
0,-6,0,0,0,0,0,0,0
-3,-1,0,0,0,0,0,0,0
-6,6,0,0,0,0,0,0,0
1,8,0,0,0,0,0,0,0
5,2,0,0,0,0,0,0,0
-3,-5,0,0,0,0,0,0,0
-3,-7,0,0,0,0,0,0,0
4,-6,0,0,0,0,0,0,0
0,-4,0,0,0,0,0,0,0
-4,-4,0,0,0,0,0,0,0
2,-3,0,0,0,0,0,0,0
7,-4,0,0,0,0,0,0,0
3,-2,0,0,0,0,0,0,0
0,4,0,0,0,0,0,0,0
3,9,0,0,0,0,0,0,0
2,6,0,0,0,0,0,0,0
-3,2,0,0,0,0,0,0,0
4,0,0,0,0,0,0,0,0
11,-4,0,0,0,0,0,0,0
3,-5,0,0,0,0,0,0,0
-9,-4,0,0,0,0,0,0,0
-9,-4,0,0,0,0,0,0,0
-3,-3,0,0,0,0,0,0,0
3,-3,0,0,0,0,0,0,0
5,-1,0,0,0,0,0,0,0
3,5,0,0,0,0,0,0,0
2,9,0,0,0,0,0,0,0
3,7,0,0,0,0,0,0,0
3,5,0,0,0,0,0,0,0
1,3,0,0,0,0,0,0,0
1,2,0,0,0,0,0,0,0
1,5,0,0,0,0,0,0,0
1,6,0,0,0,0,0,0,0
1,5,0,0,0,0,0,0,0
1,5,0,0,0,0,0,0,0
1,-1,0,0,0,0,0,0,0
0,-8,0,0,0,0,0,0,0
0,-5,0,0,0,0,0,0,0
0,3,0,0,0,0,0,0,0
0,5,0,0,0,0,0,0,0
-3,3,0,0,0,0,0,0,0
-4,-1,0,0,0,0,0,0,0
-2,-6,0,0,0,0,0,0,0
-1,-8,0,0,0,0,0,0,0
3,0,0,0,0,0,0,0,0
5,2,0,0,0,0,0,0,0
1,-7,0,0,0,0,0,0,0
-1,-7,0,0,0,0,0,0,0
0,2,0,0,0,0,0,0,0
0,6,0,0,0,0,0,0,0
-5,1,0,0,0,0,0,0,0
-5,-5,0,0,0,0,0,0,0
-1,-6,0,0,0,0,0,0,0
-4,-3,0,0,0,0,0,0,0
-5,-3,0,0,0,0,0,0,0
2,-7,0,0,0,0,0,0,0
3,-4,0,0,0,0,0,0,0
-2,1,0,0,0,0,0,0,0
-4,-1,0,0,0,0,0,0,0
-3,3,0,0,0,0,0,0,0
1,10,0,0,0,0,0,0,0
5,6,0,0,0,0,0,0,0
7,0,0,0,0,0,0,0,0
4,-4,0,0,0,0,0,0,0
-4,-8,0,0,0,0,0,0,0
-4,-4,0,0,0,0,0,0,0
1,5,0,0,0,0,0,0,0
0,6,0,0,0,0,0,0,0
-4,2,0,0,0,0,0,0,0
-8,-3,0,0,0,0,0,0,0
-8,-3,0,0,0,0,0,0,0
-1,3,0,0,0,0,0,0,0
4,5,0,0,0,0,0,0,0
1,-3,0,0,0,0,0,0,0
-3,-6,0,0,0,0,0,0,0
-4,3,0,0,0,0,0,0,0
-2,3,0,0,0,0,0,0,0
3,-6,0,0,0,0,0,0,0
2,-4,0,0,0,0,0,0,0
-2,4,0,0,0,0,0,0,0
-1,2,0,0,0,0,0,0,0
-5,-1,0,0,0,0,0,0,0
-9,-1,0,0,0,0,0,0,0
-1,-4,0,0,0,0,0,0,0
4,-4,0,0,0,0,0,0,0
-2,-2,0,0,0,0,0,0,0
-2,0,0,0,0,0,0,0,0
4,4,0,0,0,0,0,0,0
-3,3,0,0,0,0,0,0,0
-9,-3,0,0,0,0,0,0,0
2,0,0,0,0,0,0,0,0
8,4,0,0,0,0,0,0,0
1,1,0,0,0,0,0,0,0
-2,1,0,0,0,0,0,0,0
-1,4,0,0,0,0,0,0,0
1,3,0,0,0,0,0,0,0
4,-1,0,0,0,0,0,0,0
4,-3,0,0,0,0,0,0,0
2,3,0,0,0,0,0,0,0
3,9,0,0,0,0,0,0,0
2,3,0,0,0,0,0,0,0
2,-4,0,0,0,0,0,0,0
2,-5,0,0,0,0,0,0,0
2,-3,0,0,0,0,0,0,0
3,-3,0,0,0,0,0,0,0
2,-3,0,0,0,0,0,0,0
-3,-1,0,0,0,0,0,0,0
-3,4,0,0,0,0,0,0,0
3,7,0,0,0,0,0,0,0
3,5,0,0,0,0,0,0,0
2,5,0,0,0,0,0,0,0
7,6,0,0,0,0,0,0,0
4,5,0,0,0,0,0,0,0
-8,3,0,0,0,0,0,0,0
-7,0,0,0,0,0,0,0,0
0,-4,0,0,0,0,0,0,0
0,-3,0,0,0,0,0,0,0
1,2,0,0,0,0,0,0,0
4,-2,0,0,0,0,0,0,0
1,-5,0,0,0,0,0,0,0
-2,-1,0,0,0,0,0,0,0
-3,-2,0,0,0,0,0,0,0
-2,-6,0,0,0,0,0,0,0
-2,-8,0,0,0,0,0,0,0
-2,-3,0,0,0,0,0,0,0
1,4,0,0,0,0,0,0,0
2,4,0,0,0,0,0,0,0
-3,-2,0,0,0,0,0,0,0
-1,-2,0,0,0,0,0,0,0
4,-1,0,0,0,0,0,0,0
2,-5,0,0,0,0,0,0,0
0,-7,0,0,0,0,0,0,0
3,-2,0,0,0,0,0,0,0
5,1,0,0,0,0,0,0,0
4,4,0,0,0,0,0,0,0
2,7,0,0,0,0,0,0,0
1,2,0,0,0,0,0,0,0
0,-2,0,0,0,0,0,0,0
-2,3,0,0,0,0,0,0,0
-6,6,0,0,0,0,0,0,0
-5,-2,0,0,0,0,0,0,0
-2,-7,0,0,0,0,0,0,0
-2,-1,0,0,0,0,0,0,0
-1,1,0,0,0,0,0,0,0
-1,-1,0,0,0,0,0,0,0
-1,3,0,0,0,0,0,0,0
3,0,0,0,0,0,0,0,0
3,-6,0,0,0,0,0,0,0
-1,1,0,0,0,0,0,0,0
1,6,0,0,0,0,0,0,0
1,-2,0,0,0,0,0,0,0
-3,-2,0,0,0,0,0,0,0
-3,6,0,0,0,0,0,0,0
-1,5,0,0,0,0,0,0,0
0,1,0,0,0,0,0,0,0
5,1,0,0,0,0,0,0,0
10,-4,0,0,0,0,0,0,0
4,-8,0,0,0,0,0,0,0
-2,-3,0,0,0,0,0,0,0
0,3,0,0,0,0,0,0,0
2,3,0,0,0,0,0,0,0
1,-2,0,0,0,0,0,0,0
0,-2,0,0,0,0,0,0,0
-4,0,0,0,0,0,0,0,0
-4,-2,0,0,0,0,0,0,0
3,-1,0,0,0,0,0,0,0
2,1,0,0,0,0,0,0,0
-1,0,0,0,0,0,0,0,0
1,2,0,0,0,0,0,0,0
0,-1,0,0,0,0,0,0,0
-7,-5,0,0,0,0,0,0,0
-10,2,0,0,0,0,0,0,0
-5,6,0,0,0,0,0,0,0
1,-2,0,0,0,0,0,0,0
3,-6,0,0,0,0,0,0,0
3,-3,0,0,0,0,0,0,0
3,-2,0,0,0,0,0,0,0
3,2,0,0,0,0,0,0,0
2,5,0,0,0,0,0,0,0
1,-1,0,0,0,0,0,0,0
0,-5,0,0,0,0,0,0,0
-4,-2,0,0,0,0,0,0,0
-3,-1,0,0,0,0,0,0,0
2,-2,0,0,0,0,0,0,0
3,2,0,0,0,0,0,0,0
1,2,0,0,0,0,0,0,0
3,-2,0,0,0,0,0,0,0
4,1,0,0,0,0,0,0,0
1,6,0,0,0,0,0,0,0
-6,5,0,0,0,0,0,0,0
-10,1,0,0,0,0,0,0,0
-6,1,0,0,0,0,0,0,0
2,5,0,0,0,0,0,0,0
5,1,0,0,0,0,0,0,0
3,0,0,0,0,0,0,0,0
-1,4,0,0,0,0,0,0,0
-3,-1,0,0,0,0,0,0,0
-2,-7,0,0,0,0,0,0,0
-1,-2,0,0,0,0,0,0,0
0,3,0,0,0,0,0,0,0
3,0,0,0,0,0,0,0,0
3,-5,0,0,0,0,0,0,0
2,-2,0,0,0,0,0,0,0
3,4,0,0,0,0,0,0,0
3,2,0,0,0,0,0,0,0
-1,-2,0,0,0,0,0,0,0
-5,0,0,0,0,0,0,0,0
-4,3,0,0,0,0,0,0,0
-1,2,0,0,0,0,0,0,0
-1,4,0,0,0,0,0,0,0
3,2,0,0,0,0,0,0,0
4,-1,0,0,0,0,0,0,0
1,1,0,0,0,0,0,0,0
1,-1,0,0,0,0,0,0,0
3,-5,0,0,0,0,0,0,0
0,-4,0,0,0,0,0,0,0
