0,1,0,0,0,0,0,0,0
-1,-1,0,0,0,0,0,0,0
0,0,0,0,0,0,0,0,0
0,0,0,0,0,0,0,0,0
0,-1,0,0,0,0,0,0,0
0,-1,0,0,0,0,0,0,0
0,0,0,0,0,0,0,0,0
0,0,0,0,0,0,0,0,0
0,0,0,0,0,0,0,0,0
-1,0,0,0,0,0,0,0,0
-1,-1,0,0,0,0,0,0,0
0,-1,0,0,0,0,0,0,0
0,-2,0,0,0,0,0,0,0
-1,-2,0,0,0,0,0,0,0
-1,-2,0,0,0,0,0,0,0
1,-2,0,0,0,0,0,0,0
0,-1,0,0,0,0,0,0,0
-2,-2,0,0,0,0,0,0,0
-2,-3,0,0,0,0,0,0,0
-1,-2,0,0,0,0,0,0,0
-1,-1,0,0,0,0,0,0,0
-1,0,0,0,0,0,0,0,0
0,-1,0,0,0,0,0,0,0
-1,-2,0,0,0,0,0,0,0
-1,-3,0,0,0,0,0,0,0
-1,-2,0,0,0,0,0,0,0
0,-2,0,0,0,0,0,0,0
0,-3,0,0,0,0,0,0,0
-1,-2,0,0,0,0,0,0,0
-1,-3,0,0,0,0,0,0,0
0,-3,0,0,0,0,0,0,0
1,-2,0,0,0,0,0,0,0
1,-2,0,0,0,0,0,0,0
-1,-3,0,0,0,0,0,0,0
-3,-2,0,0,0,0,0,0,0
-1,-2,0,0,0,0,0,0,0
0,-1,0,0,0,0,0,0,0
-1,3,0,0,0,0,0,0,0
-1,2,0,0,0,0,0,0,0
-1,-4,0,0,0,0,0,0,0
0,-4,0,0,0,0,0,0,0
1,-1,0,0,0,0,0,0,0
1,-2,0,0,0,0,0,0,0
-1,-4,0,0,0,0,0,0,0
-1,-3,0,0,0,0,0,0,0
0,-3,0,0,0,0,0,0,0
-1,-2,0,0,0,0,0,0,0
-2,-2,0,0,0,0,0,0,0
-1,-2,0,0,0,0,0,0,0
-1,-3,0,0,0,0,0,0,0
-1,-4,0,0,0,0,0,0,0
0,-4,0,0,0,0,0,0,0
0,-3,0,0,0,0,0,0,0
-1,-2,0,0,0,0,0,0,0
-1,-2,0,0,0,0,0,0,0
-1,-2,0,0,0,0,0,0,0
-1,-1,0,0,0,0,0,0,0
0,-1,0,0,0,0,0,0,0
1,-2,0,0,0,0,0,0,0
-2,-2,0,0,0,0,0,0,0
-2,-3,0,0,0,0,0,0,0
-1,-3,0,0,0,0,0,0,0
-1,-1,0,0,0,0,0,0,0
-1,0,0,0,0,0,0,0,0
0,-2,0,0,0,0,0,0,0
1,-2,0,0,0,0,0,0,0
0,-1,0,0,0,0,0,0,0
-1,-2,0,0,0,0,0,0,0
-1,-3,0,0,0,0,0,0,0
0,-2,0,0,0,0,0,0,0
-2,-1,0,0,0,0,0,0,0
-2,-2,0,0,0,0,0,0,0
0,-1,0,0,0,0,0,0,0
0,-1,0,0,0,0,0,0,0
0,-1,0,0,0,0,0,0,0
0,0,0,0,0,0,0,0,0
0,0,0,0,0,0,0,0,0
0,-2,0,0,0,0,0,0,0
1,-2,0,0,0,0,0,0,0
2,0,0,0,0,0,0,0,0
1,1,0,0,0,0,0,0,0
0,0,0,0,0,0,0,0,0
0,0,0,0,0,0,0,0,0
0,0,0,0,0,0,0,0,0
-1,0,0,0,0,0,0,0,0
-1,-1,0,0,0,0,0,0,0
-1,0,0,0,0,0,0,0,0
0,1,0,0,0,0,0,0,0
0,0,0,0,0,0,0,0,0
-1,-1,0,0,0,0,0,0,0
-1,0,0,0,0,0,0,0,0
0,1,0,0,0,0,0,0,0
0,1,0,0,0,0,0,0,0
1,1,0,0,0,0,0,0,0
1,0,0,0,0,0,0,0,0
-1,-1,0,0,0,0,0,0,0
-1,-1,0,0,0,0,0,0,0
1,0,0,0,0,0,0,0,0
1,0,0,0,0,0,0,0,0
1,0,0,0,0,0,0,0,0
1,1,0,0,0,0,0,0,0
0,2,0,0,0,0,0,0,0
0,1,0,0,0,0,0,0,0
1,0,0,0,0,0,0,0,0
1,-1,0,0,0,0,0,0,0
0,0,0,0,0,0,0,0,0
1,0,0,0,0,0,0,0,0
1,1,0,0,0,0,0,0,0
1,1,0,0,0,0,0,0,0
1,2,0,0,0,0,0,0,0
0,0,0,0,0,0,0,0,0
0,-1,0,0,0,0,0,0,0
0,0,0,0,0,0,0,0,0
0,1,0,0,0,0,0,0,0
0,1,0,0,0,0,0,0,0
0,1,0,0,0,0,0,0,0
0,0,0,0,0,0,0,0,0
-1,1,0,0,0,0,0,0,0
0,1,0,0,0,0,0,0,0
0,1,0,0,0,0,0,0,0
0,1,0,0,0,0,0,0,0
0,1,0,0,0,0,0,0,0
1,0,0,0,0,0,0,0,0
1,1,0,0,0,0,0,0,0
2,2,0,0,0,0,0,0,0
1,2,0,0,0,0,0,0,0
0,1,0,0,0,0,0,0,0
0,1,0,0,0,0,0,0,0
0,1,0,0,0,0,0,0,0
-1,1,0,0,0,0,0,0,0
0,2,0,0,0,0,0,0,0
1,1,0,0,0,0,0,0,0
1,1,0,0,0,0,0,0,0
0,1,0,0,0,0,0,0,0
0,0,0,0,0,0,0,0,0
0,0,0,0,0,0,0,0,0
0,1,0,0,0,0,0,0,0
0,2,0,0,0,0,0,0,0
0,0,0,0,0,0,0,0,0
1,-1,0,0,0,0,0,0,0
1,0,0,0,0,0,0,0,0
0,1,0,0,0,0,0,0,0
1,1,0,0,0,0,0,0,0
3,0,0,0,0,0,0,0,0
1,1,0,0,0,0,0,0,0
-1,1,0,0,0,0,0,0,0
0,1,0,0,0,0,0,0,0
-4,0,0,0,0,0,0,0,0
-64,-22,0,0,0,0,0,0,0
-263,-107,0,0,0,0,0,0,0
-462,-207,0,0,0,0,0,0,0
-203,-118,0,0,0,0,0,0,0
482,39,0,0,0,0,0,0,0
618,-165,0,0,0,0,0,0,0
-40,-459,0,0,0,0,0,0,0
-326,-232,0,0,0,0,0,0,0
34,163,0,0,0,0,0,0,0
139,178,0,0,0,0,0,0,0
-28,75,0,0,0,0,0,0,0
2,113,0,0,0,0,0,0,0
65,131,0,0,0,0,0,0,0
18,95,0,0,0,0,0,0,0
10,94,0,0,0,0,0,0,0
34,99,0,0,0,0,0,0,0
22,85,0,0,0,0,0,0,0
13,79,0,0,0,0,0,0,0
20,77,0,0,0,0,0,0,0
18,69,0,0,0,0,0,0,0
12,65,0,0,0,0,0,0,0
13,62,0,0,0,0,0,0,0
13,56,0,0,0,0,0,0,0
10,51,0,0,0,0,0,0,0
9,48,0,0,0,0,0,0,0
9,43,1000,0,0,0,0,0,0
8,39,0,0,0,0,0,0,0
7,37,0,0,0,0,0,0,0
7,32,0,0,0,0,0,0,0
4,28,1000,0,0,0,0,0,0
2,26,0,0,0,0,0,0,0
4,22,0,0,0,0,0,0,0
3,19,0,0,0,0,0,0,0
0,17,0,0,0,0,0,0,0
0,14,0,0,0,0,0,0,0
0,10,0,0,0,0,0,0,0
-2,8,0,0,0,0,0,0,0
-2,5,0,0,0,0,0,0,0
-2,3,0,0,0,0,0,0,0
-2,2,0,0,0,0,0,0,0
-3,0,0,0,0,0,0,0,0
-2,-2,0,0,0,0,0,0,0
-3,-3,0,0,0,0,0,0,0
-4,-5,0,0,0,0,0,0,0
-4,-7,0,0,0,0,0,0,0
-5,-9,0,0,0,0,0,0,0
-4,-10,0,0,0,0,0,0,0
-5,-11,0,0,0,0,0,0,0
-7,-11,0,0,0,0,0,0,0
-7,-13,0,0,0,0,0,0,0
-6,-14,0,0,0,0,0,0,0
-6,-15,0,0,0,0,0,0,0
-6,-16,0,0,0,0,0,0,0
-6,-18,0,0,0,0,0,0,0
-6,-18,0,0,0,0,0,0,0
-5,-19,0,0,0,0,0,0,0
-6,-19,0,0,0,0,0,0,0
-7,-19,0,0,0,0,0,0,0
-7,-20,0,0,0,0,0,0,0
-6,-20,0,0,0,0,0,0,0
-6,-19,0,0,0,0,0,0,0
-6,-20,0,0,0,0,0,0,0
-5,-20,0,0,0,0,0,0,0
-5,-20,0,0,0,0,0,0,0
-7,-21,0,0,0,0,0,0,0
-7,-21,0,0,0,0,0,0,0
-6,-20,0,0,0,0,0,0,0
-5,-20,0,0,0,0,0,0,0
-6,-20,0,0,0,0,0,0,0
-6,-20,0,0,0,0,0,0,0
-6,-20,0,0,0,0,0,0,0
-6,-20,0,0,0,0,0,0,0
-6,-19,0,0,0,0,0,0,0
-5,-18,0,0,0,0,0,0,0
-5,-17,0,0,0,0,0,0,0
-4,-18,0,0,0,0,0,0,0
-4,-17,0,0,0,0,0,0,0
-5,-16,0,0,0,0,0,0,0
-5,-17,0,0,0,0,0,0,0
-4,-16,0,0,0,0,0,0,0
-5,-16,0,0,0,0,0,0,0
-4,-16,0,0,0,0,0,0,0
-4,-15,0,0,0,0,0,0,0
-4,-13,0,0,0,0,0,0,0
-4,-13,0,0,0,0,0,0,0
-4,-12,0,0,0,0,0,0,0
-3,-12,0,0,0,0,0,0,0
-3,-12,0,0,0,0,0,0,0
-3,-12,0,0,0,0,0,0,0
-3,-11,0,0,0,0,0,0,0
-3,-11,0,0,0,0,0,0,0
-2,-10,0,0,0,0,0,0,0
-1,-7,0,0,0,0,0,0,0
-1,-8,0,0,0,0,0,0,0
-2,-8,0,0,0,0,0,0,0
-2,-7,0,0,0,0,0,0,0
-2,-6,0,0,0,0,0,0,0
-1,-7,0,0,0,0,0,0,0
-1,-6,0,0,0,0,0,0,0
0,-5,0,0,0,0,0,0,0
1,-4,0,0,0,0,0,0,0
0,-3,0,0,0,0,0,0,0
0,-4,0,0,0,0,0,0,0
0,-4,0,0,0,0,0,0,0
-1,-3,0,0,0,0,0,0,0
0,-2,0,0,0,0,0,0,0
0,-3,0,0,0,0,0,0,0
0,-1,0,0,0,0,0,0,0
1,0,0,0,0,0,0,0,0
3,0,0,0,0,0,0,0,0
2,0,0,0,0,0,0,0,0
1,1,0,0,0,0,0,0,0
1,2,0,0,0,0,0,0,0
2,2,0,0,0,0,0,0,0
2,2,0,0,0,0,0,0,0
1,2,0,0,0,0,0,0,0
1,3,0,0,0,0,0,0,0
3,3,0,0,0,0,0,0,0
1,4,0,0,0,0,0,0,0
0,4,0,0,0,0,0,0,0
0,4,0,0,0,0,0,0,0
1,4,0,0,0,0,0,0,0
1,3,0,0,0,0,0,0,0
2,4,0,0,0,0,0,0,0
3,6,0,0,0,0,0,0,0
1,6,0,0,0,0,0,0,0
0,7,0,0,0,0,0,0,0
1,7,0,0,0,0,0,0,0
2,7,0,0,0,0,0,0,0
1,6,0,0,0,0,0,0,0
2,6,0,0,0,0,0,0,0
3,6,0,0,0,0,0,0,0
2,7,0,0,0,0,0,0,0
2,7,0,0,0,0,0,0,0
3,7,0,0,0,0,0,0,0
3,7,0,0,0,0,0,0,0
2,7,0,0,0,0,0,0,0
1,7,0,0,0,0,0,0,0
2,6,0,0,0,0,0,0,0
2,6,0,0,0,0,0,0,0
2,7,0,0,0,0,0,0,0
2,7,0,0,0,0,0,0,0
2,7,0,0,0,0,0,0,0
2,6,0,0,0,0,0,0,0
2,7,0,0,0,0,0,0,0
2,7,0,0,0,0,0,0,0
2,7,0,0,0,0,0,0,0
1,7,0,0,0,0,0,0,0
1,7,0,0,0,0,0,0,0
3,7,0,0,0,0,0,0,0
2,7,0,0,0,0,0,0,0
2,8,0,0,0,0,0,0,0
1,7,0,0,0,0,0,0,0
2,7,0,0,0,0,0,0,0
2,7,0,0,0,0,0,0,0
1,7,0,0,0,0,0,0,0
2,7,0,0,0,0,0,0,0
2,7,0,0,0,0,0,0,0
3,6,0,0,0,0,0,0,0
2,6,0,0,0,0,0,0,0
1,6,0,0,0,0,0,0,0
0,6,0,0,0,0,0,0,0
1,6,0,0,0,0,0,0,0
2,6,0,0,0,0,0,0,0
1,5,0,0,0,0,0,0,0
1,5,0,0,0,0,0,0,0
1,4,0,0,0,0,0,0,0
0,6,0,0,0,0,0,0,0
0,6,0,0,0,0,0,0,0
1,5,0,0,0,0,0,0,0
2,4,0,0,0,0,0,0,0
2,4,0,0,0,0,0,0,0
1,3,0,0,0,0,0,0,0
1,3,0,0,0,0,0,0,0
3,3,0,0,0,0,0,0,0
3,3,0,0,0,0,0,0,0
2,3,0,0,0,0,0,0,0
0,3,0,0,0,0,0,0,0
1,2,0,0,0,0,0,0,0
2,1,0,0,0,0,0,0,0
1,2,0,0,0,0,0,0,0
-1,3,0,0,0,0,0,0,0
0,2,0,0,0,0,0,0,0
0,3,0,0,0,0,0,0,0
0,3,0,0,0,0,0,0,0
0,1,0,0,0,0,0,0,0
1,1,0,0,0,0,0,0,0
1,1,0,0,0,0,0,0,0
1,1,0,0,0,0,0,0,0
0,0,0,0,0,0,0,0,0
0,1,0,0,0,0,0,0,0
0,1,0,0,0,0,0,0,0
2,0,0,0,0,0,0,0,0
2,0,0,0,0,0,0,0,0
1,1,0,0,0,0,0,0,0
-1,1,0,0,0,0,0,0,0
-1,0,0,0,0,0,0,0,0
0,-1,0,0,0,0,0,0,0
1,-1,0,0,0,0,0,0,0
0,0,0,0,0,0,0,0,0
-2,-1,0,0,0,0,0,0,0
-2,-1,0,0,0,0,0,0,0
0,-1,0,0,0,0,0,0,0
-1,0,0,0,0,0,0,0,0
-1,-1,0,0,0,0,0,0,0
-1,-2,0,0,0,0,0,0,0
-1,-2,0,0,0,0,0,0,0
0,-2,0,0,0,0,0,0,0
0,-1,0,0,0,0,0,0,0
1,-1,0,0,0,0,0,0,0
1,-1,0,0,0,0,0,0,0
0,-3,0,0,0,0,0,0,0
-1,-3,0,0,0,0,0,0,0
-2,-2,0,0,0,0,0,0,0
-2,-2,0,0,0,0,0,0,0
-2,-2,0,0,0,0,0,0,0
0,-2,0,0,0,0,0,0,0
1,-2,0,0,0,0,0,0,0
-1,-2,0,0,0,0,0,0,0
-3,-2,0,0,0,0,0,0,0
-2,-2,0,0,0,0,0,0,0
-1,-2,0,0,0,0,0,0,0
-2,-1,0,0,0,0,0,0,0
-2,-1,0,0,0,0,0,0,0
-1,-1,0,0,0,0,0,0,0
0,-2,0,0,0,0,0,0,0
1,-2,0,0,0,0,0,0,0
0,-2,0,0,0,0,0,0,0
-1,-3,0,0,0,0,0,0,0
-2,-3,0,0,0,0,0,0,0
-1,-3,0,0,0,0,0,0,0
-1,-3,0,0,0,0,0,0,0
-1,-3,0,0,0,0,0,0,0
0,-2,0,0,0,0,0,0,0
0,-2,0,0,0,0,0,0,0
-1,-3,0,0,0,0,0,0,0
-1,-2,0,0,0,0,0,0,0
-1,-2,0,0,0,0,0,0,0
-1,-2,0,0,0,0,0,0,0
0,-2,0,0,0,0,0,0,0
-1,-3,0,0,0,0,0,0,0
0,-2,0,0,0,0,0,0,0
0,-2,0,0,0,0,0,0,0
-1,-2,0,0,0,0,0,0,0
-2,-2,0,0,0,0,0,0,0
-1,-2,0,0,0,0,0,0,0
-1,-2,0,0,0,0,0,0,0
-1,-2,0,0,0,0,0,0,0
0,-1,0,0,0,0,0,0,0
2,-1,0,0,0,0,0,0,0
2,-2,0,0,0,0,0,0,0
0,-2,0,0,0,0,0,0,0
-1,-1,0,0,0,0,0,0,0
-1,-2,0,0,0,0,0,0,0
-1,-2,0,0,0,0,0,0,0
-1,-1,0,0,0,0,0,0,0
-1,0,0,0,0,0,0,0,0
0,-1,0,0,0,0,0,0,0
1,-2,0,0,0,0,0,0,0
1,-1,0,0,0,0,0,0,0
-1,0,0,0,0,0,0,0,0
-1,0,0,0,0,0,0,0,0
0,-1,0,0,0,0,0,0,0
0,-2,0,0,0,0,0,0,0
-2,-3,0,0,0,0,0,0,0
-1,-2,0,0,0,0,0,0,0
1,0,0,0,0,0,0,0,0
2,-1,0,0,0,0,0,0,0
1,-2,0,0,0,0,0,0,0
0,-1,0,0,0,0,0,0,0
0,-1,0,0,0,0,0,0,0
-1,-1,0,0,0,0,0,0,0
-1,-2,0,0,0,0,0,0,0
-1,0,0,0,0,0,0,0,0
0,0,0,0,0,0,0,0,0
0,-1,0,0,0,0,0,0,0
-1,-1,0,0,0,0,0,0,0
-1,0,0,0,0,0,0,0,0
-1,0,0,0,0,0,0,0,0
-1,-1,0,0,0,0,0,0,0
0,-1,0,0,0,0,0,0,0
0,0,0,0,0,0,0,0,0
0,0,0,0,0,0,0,0,0
0,-1,0,0,0,0,0,0,0
1,-1,0,0,0,0,0,0,0
2,0,0,0,0,0,0,0,0
1,0,0,0,0,0,0,0,0
0,0,0,0,0,0,0,0,0
-2,0,0,0,0,0,0,0,0
-2,0,0,0,0,0,0,0,0
-1,-1,0,0,0,0,0,0,0
0,0,0,0,0,0,0,0,0
0,1,0,0,0,0,0,0,0
0,0,0,0,0,0,0,0,0
0,0,0,0,0,0,0,0,0
1,1,0,0,0,0,0,0,0
1,0,0,0,0,0,0,0,0
0,0,0,0,0,0,0,0,0
0,1,0,0,0,0,0,0,0
0,0,0,0,0,0,0,0,0
0,0,0,0,0,0,0,0,0
1,1,0,0,0,0,0,0,0
1,1,0,0,0,0,0,0,0
0,0,0,0,0,0,0,0,0
-1,0,0,0,0,0,0,0,0
0,1,0,0,0,0,0,0,0
0,1,0,0,0,0,0,0,0
1,0,0,0,0,0,0,0,0
1,0,0,0,0,0,0,0,0
1,2,0,0,0,0,0,0,0
1,2,0,0,0,0,0,0,0
-1,1,0,0,0,0,0,0,0
-2,1,0,0,0,0,0,0,0
-1,1,0,0,0,0,0,0,0
1,0,0,0,0,0,0,0,0
2,0,0,0,0,0,0,0,0
1,0,0,0,0,0,0,0,0
-1,1,0,0,0,0,0,0,0
-2,0,0,0,0,0,0,0,0
-1,-1,0,0,0,0,0,0,0
0,-1,0,0,0,0,0,0,0
0,0,0,0,0,0,0,0,0
0,0,0,0,0,0,0,0,0
0,1,0,0,0,0,0,0,0
1,0,0,0,0,0,0,0,0
1,1,0,0,0,0,0,0,0
1,2,0,0,0,0,0,0,0
1,0,0,0,0,0,0,0,0
0,0,0,0,0,0,0,0,0
0,1,0,0,0,0,0,0,0
0,2,0,0,0,0,0,0,0
0,1,0,0,0,0,0,0,0
0,1,0,0,0,0,0,0,0
0,1,0,0,0,0,0,0,0
0,1,0,0,0,0,0,0,0
0,0,0,0,0,0,0,0,0
0,-1,0,0,0,0,0,0,0
0,-1,0,0,0,0,0,0,0
0,0,0,0,0,0,0,0,0
0,0,0,0,0,0,0,0,0
1,1,0,0,0,0,0,0,0
2,2,0,0,0,0,0,0,0
-12,-3,0,0,0,0,0,0,0
-111,-45,0,0,0,0,0,0,0
-348,-164,0,0,0,0,0,0,0
-469,-221,0,0,0,0,0,0,0
-49,-17,0,0,0,0,0,0,0
578,103,0,0,0,0,0,0,0
454,-251,0,0,0,0,0,0,0
-186,-483,0,0,0,0,0,0,0
-219,-111,0,0,0,0,0,0,0
135,214,0,0,0,0,0,0,0
97,126,0,0,0,0,0,0,0
-35,60,0,0,0,0,0,0,0
41,125,0,0,0,0,0,0,0
64,116,0,0,0,0,0,0,0
15,82,0,0,0,0,0,0,0
26,94,0,0,0,0,0,0,0
40,93,0,0,0,0,0,0,0
23,78,0,0,0,0,0,0,0
21,76,0,0,0,0,0,0,0
24,73,0,0,0,0,0,0,0
20,64,0,0,0,0,0,0,0
17,60,0,0,0,0,0,0,0
17,57,0,0,0,0,0,0,0
15,52,0,0,0,0,0,0,0
13,47,0,0,0,0,0,0,0
13,44,0,0,0,0,0,0,0
11,41,1000,0,0,0,0,0,0
9,37,0,0,0,0,0,0,0
8,33,0,0,0,0,0,0,0
6,29,1000,0,0,0,0,0,0
6,26,0,0,0,0,0,0,0
5,23,0,0,0,0,0,0,0
6,22,0,0,0,0,0,0,0
8,20,0,0,0,0,0,0,0
6,15,0,0,0,0,0,0,0
0,11,0,0,0,0,0,0,0
-1,10,0,0,0,0,0,0,0
0,9,0,0,0,0,0,0,0
-2,6,0,0,0,0,0,0,0
-3,2,0,0,0,0,0,0,0
-3,0,0,0,0,0,0,0,0
-5,-1,0,0,0,0,0,0,0
-5,-2,0,0,0,0,0,0,0
-5,-4,0,0,0,0,0,0,0
-6,-7,0,0,0,0,0,0,0
-7,-8,0,0,0,0,0,0,0
-7,-9,0,0,0,0,0,0,0
-8,-10,0,0,0,0,0,0,0
-8,-12,0,0,0,0,0,0,0
-7,-12,0,0,0,0,0,0,0
-6,-13,0,0,0,0,0,0,0
-7,-15,0,0,0,0,0,0,0
-7,-15,0,0,0,0,0,0,0
-7,-14,0,0,0,0,0,0,0
-8,-16,0,0,0,0,0,0,0
-9,-17,0,0,0,0,0,0,0
-9,-18,0,0,0,0,0,0,0
-8,-17,0,0,0,0,0,0,0
-8,-17,0,0,0,0,0,0,0
-8,-18,0,0,0,0,0,0,0
-9,-18,0,0,0,0,0,0,0
-9,-19,0,0,0,0,0,0,0
-8,-20,0,0,0,0,0,0,0
-7,-20,0,0,0,0,0,0,0
-7,-20,0,0,0,0,0,0,0
-8,-19,0,0,0,0,0,0,0
-9,-19,0,0,0,0,0,0,0
-9,-19,0,0,0,0,0,0,0
-8,-19,0,0,0,0,0,0,0
-7,-19,0,0,0,0,0,0,0
-9,-18,0,0,0,0,0,0,0
-9,-18,0,0,0,0,0,0,0
-8,-18,0,0,0,0,0,0,0
-6,-18,0,0,0,0,0,0,0
-5,-17,0,0,0,0,0,0,0
-5,-17,0,0,0,0,0,0,0
-5,-17,0,0,0,0,0,0,0
-6,-17,0,0,0,0,0,0,0
-7,-17,0,0,0,0,0,0,0
-7,-16,0,0,0,0,0,0,0
-6,-16,0,0,0,0,0,0,0
-5,-15,0,0,0,0,0,0,0
-4,-14,0,0,0,0,0,0,0
-3,-13,0,0,0,0,0,0,0
-4,-12,0,0,0,0,0,0,0
-5,-12,0,0,0,0,0,0,0
-6,-13,0,0,0,0,0,0,0
-5,-12,0,0,0,0,0,0,0
-4,-11,0,0,0,0,0,0,0
-3,-11,0,0,0,0,0,0,0
-3,-9,0,0,0,0,0,0,0
-4,-8,0,0,0,0,0,0,0
-3,-9,0,0,0,0,0,0,0
-1,-9,0,0,0,0,0,0,0
-2,-7,0,0,0,0,0,0,0
-3,-7,0,0,0,0,0,0,0
-3,-7,0,0,0,0,0,0,0
-3,-7,0,0,0,0,0,0,0
-2,-6,0,0,0,0,0,0,0
-1,-5,0,0,0,0,0,0,0
-1,-4,0,0,0,0,0,0,0
-2,-2,0,0,0,0,0,0,0
-1,-3,0,0,0,0,0,0,0
0,-4,0,0,0,0,0,0,0
0,-3,0,0,0,0,0,0,0
-1,-2,0,0,0,0,0,0,0
0,-2,0,0,0,0,0,0,0
1,-1,0,0,0,0,0,0,0
1,-1,0,0,0,0,0,0,0
2,0,0,0,0,0,0,0,0
1,0,0,0,0,0,0,0,0
0,-1,0,0,0,0,0,0,0
2,0,0,0,0,0,0,0,0
2,1,0,0,0,0,0,0,0
1,2,0,0,0,0,0,0,0
1,3,0,0,0,0,0,0,0
1,3,0,0,0,0,0,0,0
2,2,0,0,0,0,0,0,0
3,3,0,0,0,0,0,0,0
2,5,0,0,0,0,0,0,0
1,3,0,0,0,0,0,0,0
2,2,0,0,0,0,0,0,0
3,4,0,0,0,0,0,0,0
3,5,0,0,0,0,0,0,0
3,5,0,0,0,0,0,0,0
2,5,0,0,0,0,0,0,0
3,5,0,0,0,0,0,0,0
4,5,0,0,0,0,0,0,0
3,5,0,0,0,0,0,0,0
3,5,0,0,0,0,0,0,0
2,7,0,0,0,0,0,0,0
2,7,0,0,0,0,0,0,0
4,7,0,0,0,0,0,0,0
4,7,0,0,0,0,0,0,0
3,7,0,0,0,0,0,0,0
4,6,0,0,0,0,0,0,0
4,7,0,0,0,0,0,0,0
2,7,0,0,0,0,0,0,0
2,7,0,0,0,0,0,0,0
2,7,0,0,0,0,0,0,0
2,6,0,0,0,0,0,0,0
2,6,0,0,0,0,0,0,0
3,8,0,0,0,0,0,0,0
3,8,0,0,0,0,0,0,0
3,7,0,0,0,0,0,0,0
3,6,0,0,0,0,0,0,0
3,6,0,0,0,0,0,0,0
2,6,0,0,0,0,0,0,0
3,7,0,0,0,0,0,0,0
6,7,0,0,0,0,0,0,0
4,6,0,0,0,0,0,0,0
3,7,0,0,0,0,0,0,0
3,7,0,0,0,0,0,0,0
2,6,0,0,0,0,0,0,0
2,6,0,0,0,0,0,0,0
2,6,0,0,0,0,0,0,0
3,6,0,0,0,0,0,0,0
4,8,0,0,0,0,0,0,0
3,7,0,0,0,0,0,0,0
3,5,0,0,0,0,0,0,0
3,5,0,0,0,0,0,0,0
2,5,0,0,0,0,0,0,0
0,5,0,0,0,0,0,0,0
1,5,0,0,0,0,0,0,0
2,5,0,0,0,0,0,0,0
2,5,0,0,0,0,0,0,0
3,4,0,0,0,0,0,0,0
4,4,0,0,0,0,0,0,0
3,5,0,0,0,0,0,0,0
2,5,0,0,0,0,0,0,0
1,4,0,0,0,0,0,0,0
1,3,0,0,0,0,0,0,0
0,2,0,0,0,0,0,0,0
-1,3,0,0,0,0,0,0,0
-1,4,0,0,0,0,0,0,0
1,4,0,0,0,0,0,0,0
1,3,0,0,0,0,0,0,0
1,2,0,0,0,0,0,0,0
0,2,0,0,0,0,0,0,0
0,3,0,0,0,0,0,0,0
1,2,0,0,0,0,0,0,0
1,1,0,0,0,0,0,0,0
-1,2,0,0,0,0,0,0,0
0,2,0,0,0,0,0,0,0
1,1,0,0,0,0,0,0,0
0,1,0,0,0,0,0,0,0
-1,3,0,0,0,0,0,0,0
0,2,0,0,0,0,0,0,0
1,0,0,0,0,0,0,0,0
1,0,0,0,0,0,0,0,0
0,1,0,0,0,0,0,0,0
1,1,0,0,0,0,0,0,0
1,0,0,0,0,0,0,0,0
0,0,0,0,0,0,0,0,0
-1,0,0,0,0,0,0,0,0
-2,1,0,0,0,0,0,0,0
-1,0,0,0,0,0,0,0,0
0,-1,0,0,0,0,0,0,0
0,-2,0,0,0,0,0,0,0
1,-1,0,0,0,0,0,0,0
1,0,0,0,0,0,0,0,0
-1,0,0,0,0,0,0,0,0
-1,0,0,0,0,0,0,0,0
0,-1,0,0,0,0,0,0,0
-1,-2,0,0,0,0,0,0,0
-2,-2,0,0,0,0,0,0,0
-1,-1,0,0,0,0,0,0,0
0,-1,0,0,0,0,0,0,0
0,-2,0,0,0,0,0,0,0
0,-1,0,0,0,0,0,0,0
0,-1,0,0,0,0,0,0,0
-1,-2,0,0,0,0,0,0,0
-1,-2,0,0,0,0,0,0,0
-1,-2,0,0,0,0,0,0,0
-2,-1,0,0,0,0,0,0,0
-2,-1,0,0,0,0,0,0,0
0,0,0,0,0,0,0,0,0
1,-1,0,0,0,0,0,0,0
0,-2,0,0,0,0,0,0,0
-1,-3,0,0,0,0,0,0,0
-2,-2,0,0,0,0,0,0,0
-2,0,0,0,0,0,0,0,0
-2,-1,0,0,0,0,0,0,0
-1,-2,0,0,0,0,0,0,0
-2,0,0,0,0,0,0,0,0
-1,5,0,0,0,0,0,0,0
0,5,0,0,0,0,0,0,0
0,-2,0,0,0,0,0,0,0
-1,-6,0,0,0,0,0,0,0
-1,-3,0,0,0,0,0,0,0
-2,-2,0,0,0,0,0,0,0
-2,-5,0,0,0,0,0,0,0
0,-3,0,0,0,0,0,0,0
1,-2,0,0,0,0,0,0,0
1,-3,0,0,0,0,0,0,0
0,-3,0,0,0,0,0,0,0
-1,-3,0,0,0,0,0,0,0
-1,-4,0,0,0,0,0,0,0
0,-5,0,0,0,0,0,0,0
-1,-4,0,0,0,0,0,0,0
-3,-3,0,0,0,0,0,0,0
-2,-2,0,0,0,0,0,0,0
-1,-2,0,0,0,0,0,0,0
0,-3,0,0,0,0,0,0,0
0,-3,0,0,0,0,0,0,0
-1,-4,0,0,0,0,0,0,0
0,-4,0,0,0,0,0,0,0
5,-3,0,0,0,0,0,0,0
3,-2,0,0,0,0,0,0,0
-4,-1,0,0,0,0,0,0,0
-3,-1,0,0,0,0,0,0,0
1,-3,0,0,0,0,0,0,0
-1,-3,0,0,0,0,0,0,0
-3,-3,0,0,0,0,0,0,0
-1,-2,0,0,0,0,0,0,0
-1,-2,0,0,0,0,0,0,0
-3,-1,0,0,0,0,0,0,0
-2,-1,0,0,0,0,0,0,0
-1,-1,0,0,0,0,0,0,0
0,-1,0,0,0,0,0,0,0
-1,-1,0,0,0,0,0,0,0
-1,-2,0,0,0,0,0,0,0
-2,-1,0,0,0,0,0,0,0
-2,-1,0,0,0,0,0,0,0
-1,0,0,0,0,0,0,0,0
0,0,0,0,0,0,0,0,0
0,0,0,0,0,0,0,0,0
1,-1,0,0,0,0,0,0,0
0,-2,0,0,0,0,0,0,0
-1,-2,0,0,0,0,0,0,0
-1,-1,0,0,0,0,0,0,0
-1,-1,0,0,0,0,0,0,0
-1,-1,0,0,0,0,0,0,0
1,0,0,0,0,0,0,0,0
1,0,0,0,0,0,0,0,0
0,0,0,0,0,0,0,0,0
0,0,0,0,0,0,0,0,0
0,-1,0,0,0,0,0,0,0
-1,-1,0,0,0,0,0,0,0
-1,0,0,0,0,0,0,0,0
0,0,0,0,0,0,0,0,0
0,1,0,0,0,0,0,0,0
0,1,0,0,0,0,0,0,0
1,-1,0,0,0,0,0,0,0
1,1,0,0,0,0,0,0,0
1,2,0,0,0,0,0,0,0
0,1,0,0,0,0,0,0,0
-1,-1,0,0,0,0,0,0,0
0,0,0,0,0,0,0,0,0
1,0,0,0,0,0,0,0,0
0,0,0,0,0,0,0,0,0
0,1,0,0,0,0,0,0,0
1,1,0,0,0,0,0,0,0
1,1,0,0,0,0,0,0,0
0,1,0,0,0,0,0,0,0
0,1,0,0,0,0,0,0,0
0,0,0,0,0,0,0,0,0
1,0,0,0,0,0,0,0,0
1,1,0,0,0,0,0,0,0
1,2,0,0,0,0,0,0,0
1,1,0,0,0,0,0,0,0
1,1,0,0,0,0,0,0,0
2,1,0,0,0,0,0,0,0
2,1,0,0,0,0,0,0,0
1,0,0,0,0,0,0,0,0
0,0,0,0,0,0,0,0,0
1,1,0,0,0,0,0,0,0
0,1,0,0,0,0,0,0,0
-1,0,0,0,0,0,0,0,0
0,0,0,0,0,0,0,0,0
1,0,0,0,0,0,0,0,0
1,0,0,0,0,0,0,0,0
1,0,0,0,0,0,0,0,0
0,1,0,0,0,0,0,0,0
0,1,0,0,0,0,0,0,0
0,1,0,0,0,0,0,0,0
0,2,0,0,0,0,0,0,0
1,2,0,0,0,0,0,0,0
0,2,0,0,0,0,0,0,0
0,2,0,0,0,0,0,0,0
0,1,0,0,0,0,0,0,0
-1,0,0,0,0,0,0,0,0
-1,0,0,0,0,0,0,0,0
0,3,0,0,0,0,0,0,0
1,5,0,0,0,0,0,0,0
1,2,0,0,0,0,0,0,0
0,-3,0,0,0,0,0,0,0
0,-2,0,0,0,0,0,0,0
0,1,0,0,0,0,0,0,0
0,-1,0,0,0,0,0,0,0
-1,0,0,0,0,0,0,0,0
0,1,0,0,0,0,0,0,0
1,0,0,0,0,0,0,0,0
1,0,0,0,0,0,0,0,0
1,1,0,0,0,0,0,0,0
1,1,0,0,0,0,0,0,0
1,0,0,0,0,0,0,0,0
0,0,0,0,0,0,0,0,0
0,-1,0,0,0,0,0,0,0
0,0,0,0,0,0,0,0,0
0,1,0,0,0,0,0,0,0
1,0,0,0,0,0,0,0,0
1,-1,0,0,0,0,0,0,0
0,0,0,0,0,0,0,0,0
-42,-13,0,0,0,0,0,0,0
-208,-89,0,0,0,0,0,0,0
-441,-212,0,0,0,0,0,0,0
-344,-158,0,0,0,0,0,0,0
274,72,0,0,0,0,0,0,0
645,-31,0,0,0,0,0,0,0
156,-425,0,0,0,0,0,0,0
-301,-353,0,0,0,0,0,0,0
-49,93,0,0,0,0,0,0,0
161,204,0,0,0,0,0,0,0
8,76,0,0,0,0,0,0,0
-15,91,0,0,0,0,0,0,0
69,133,0,0,0,0,0,0,0
36,97,0,0,0,0,0,0,0
11,85,0,0,0,0,0,0,0
35,96,0,0,0,0,0,0,0
30,84,0,0,0,0,0,0,0
18,75,0,0,0,0,0,0,0
23,75,0,0,0,0,0,0,0
21,68,0,0,0,0,0,0,0
15,62,0,0,0,0,0,0,0
17,59,0,0,0,0,0,0,0
17,55,0,0,0,0,0,0,0
14,50,0,0,0,0,0,0,0
13,46,0,0,0,0,0,0,0
11,41,0,0,0,0,0,0,0
8,38,1000,0,0,0,0,0,0
8,35,0,0,0,0,0,0,0
8,31,0,0,0,0,0,0,0
6,29,1000,0,0,0,0,0,0
4,26,0,0,0,0,0,0,0
4,23,0,0,0,0,0,0,0
5,20,0,0,0,0,0,0,0
3,17,0,0,0,0,0,0,0
1,13,0,0,0,0,0,0,0
0,10,0,0,0,0,0,0,0
-1,9,0,0,0,0,0,0,0
-3,6,0,0,0,0,0,0,0
-3,3,0,0,0,0,0,0,0
-2,1,0,0,0,0,0,0,0
-2,1,0,0,0,0,0,0,0
-3,-1,0,0,0,0,0,0,0
-4,-3,0,0,0,0,0,0,0
-5,-5,0,0,0,0,0,0,0
-6,-7,0,0,0,0,0,0,0
-6,-9,0,0,0,0,0,0,0
-6,-10,0,0,0,0,0,0,0
-7,-10,0,0,0,0,0,0,0
-7,-11,0,0,0,0,0,0,0
-6,-13,0,0,0,0,0,0,0
-7,-14,0,0,0,0,0,0,0
-8,-15,0,0,0,0,0,0,0
-7,-16,0,0,0,0,0,0,0
-7,-16,0,0,0,0,0,0,0
-8,-15,0,0,0,0,0,0,0
-8,-15,0,0,0,0,0,0,0
-6,-16,0,0,0,0,0,0,0
-7,-17,0,0,0,0,0,0,0
-9,-17,0,0,0,0,0,0,0
-8,-18,0,0,0,0,0,0,0
-7,-19,0,0,0,0,0,0,0
-8,-20,0,0,0,0,0,0,0
-9,-19,0,0,0,0,0,0,0
-8,-18,0,0,0,0,0,0,0
-7,-18,0,0,0,0,0,0,0
-7,-19,0,0,0,0,0,0,0
-8,-20,0,0,0,0,0,0,0
-7,-20,0,0,0,0,0,0,0
-7,-20,0,0,0,0,0,0,0
-8,-19,0,0,0,0,0,0,0
-8,-19,0,0,0,0,0,0,0
-6,-18,0,0,0,0,0,0,0
-4,-17,0,0,0,0,0,0,0
-5,-17,0,0,0,0,0,0,0
-7,-17,0,0,0,0,0,0,0
-7,-17,0,0,0,0,0,0,0
-6,-17,0,0,0,0,0,0,0
-6,-16,0,0,0,0,0,0,0
-6,-15,0,0,0,0,0,0,0
-6,-15,0,0,0,0,0,0,0
-5,-15,0,0,0,0,0,0,0
-4,-14,0,0,0,0,0,0,0
-4,-13,0,0,0,0,0,0,0
-4,-14,0,0,0,0,0,0,0
-4,-14,0,0,0,0,0,0,0
-5,-13,0,0,0,0,0,0,0
-5,-12,0,0,0,0,0,0,0
-2,-12,0,0,0,0,0,0,0
-1,-11,0,0,0,0,0,0,0
-3,-11,0,0,0,0,0,0,0
-3,-11,0,0,0,0,0,0,0
-2,-10,0,0,0,0,0,0,0
-2,-8,0,0,0,0,0,0,0
-3,-8,0,0,0,0,0,0,0
-2,-9,0,0,0,0,0,0,0
-1,-8,0,0,0,0,0,0,0
-2,-6,0,0,0,0,0,0,0
-2,-5,0,0,0,0,0,0,0
0,-6,0,0,0,0,0,0,0
-1,-5,0,0,0,0,0,0,0
-4,-4,0,0,0,0,0,0,0
-3,-4,0,0,0,0,0,0,0
-1,-4,0,0,0,0,0,0,0
0,-4,0,0,0,0,0,0,0
0,-3,0,0,0,0,0,0,0
0,-1,0,0,0,0,0,0,0
0,0,0,0,0,0,0,0,0
2,-1,0,0,0,0,0,0,0
1,-1,0,0,0,0,0,0,0
0,0,0,0,0,0,0,0,0
0,1,0,0,0,0,0,0,0
0,2,0,0,0,0,0,0,0
0,2,0,0,0,0,0,0,0
1,1,0,0,0,0,0,0,0
1,2,0,0,0,0,0,0,0
1,3,0,0,0,0,0,0,0
2,3,0,0,0,0,0,0,0
2,2,0,0,0,0,0,0,0
1,3,0,0,0,0,0,0,0
1,3,0,0,0,0,0,0,0
1,3,0,0,0,0,0,0,0
2,5,0,0,0,0,0,0,0
3,6,0,0,0,0,0,0,0
3,6,0,0,0,0,0,0,0
2,5,0,0,0,0,0,0,0
1,4,0,0,0,0,0,0,0
2,4,0,0,0,0,0,0,0
3,5,0,0,0,0,0,0,0
3,5,0,0,0,0,0,0,0
2,5,0,0,0,0,0,0,0
2,6,0,0,0,0,0,0,0
3,7,0,0,0,0,0,0,0
3,6,0,0,0,0,0,0,0
2,5,0,0,0,0,0,0,0
2,6,0,0,0,0,0,0,0
3,6,0,0,0,0,0,0,0
3,6,0,0,0,0,0,0,0
3,7,0,0,0,0,0,0,0
4,7,0,0,0,0,0,0,0
4,7,0,0,0,0,0,0,0
3,7,0,0,0,0,0,0,0
4,7,0,0,0,0,0,0,0
3,7,0,0,0,0,0,0,0
2,7,0,0,0,0,0,0,0
2,8,0,0,0,0,0,0,0
2,7,0,0,0,0,0,0,0
2,6,0,0,0,0,0,0,0
2,6,0,0,0,0,0,0,0
3,6,0,0,0,0,0,0,0
3,6,0,0,0,0,0,0,0
3,6,0,0,0,0,0,0,0
3,6,0,0,0,0,0,0,0
2,6,0,0,0,0,0,0,0
2,7,0,0,0,0,0,0,0
2,7,0,0,0,0,0,0,0
3,8,0,0,0,0,0,0,0
4,7,0,0,0,0,0,0,0
4,7,0,0,0,0,0,0,0
3,7,0,0,0,0,0,0,0
1,5,0,0,0,0,0,0,0
2,4,0,0,0,0,0,0,0
3,5,0,0,0,0,0,0,0
2,5,0,0,0,0,0,0,0
1,4,0,0,0,0,0,0,0
2,4,0,0,0,0,0,0,0
2,4,0,0,0,0,0,0,0
2,5,0,0,0,0,0,0,0
0,5,0,0,0,0,0,0,0
-1,4,0,0,0,0,0,0,0
0,3,0,0,0,0,0,0,0
1,4,0,0,0,0,0,0,0
1,5,0,0,0,0,0,0,0
1,5,0,0,0,0,0,0,0
1,5,0,0,0,0,0,0,0
1,4,0,0,0,0,0,0,0
1,4,0,0,0,0,0,0,0
1,4,0,0,0,0,0,0,0
1,3,0,0,0,0,0,0,0
0,2,0,0,0,0,0,0,0
1,3,0,0,0,0,0,0,0
2,2,0,0,0,0,0,0,0
2,2,0,0,0,0,0,0,0
1,3,0,0,0,0,0,0,0
1,3,0,0,0,0,0,0,0
0,2,0,0,0,0,0,0,0
0,1,0,0,0,0,0,0,0
0,0,0,0,0,0,0,0,0
1,0,0,0,0,0,0,0,0
1,0,0,0,0,0,0,0,0
1,1,0,0,0,0,0,0,0
0,1,0,0,0,0,0,0,0
0,1,0,0,0,0,0,0,0
1,1,0,0,0,0,0,0,0
0,0,0,0,0,0,0,0,0
0,0,0,0,0,0,0,0,0
1,0,0,0,0,0,0,0,0
0,0,0,0,0,0,0,0,0
-2,0,0,0,0,0,0,0,0
-1,0,0,0,0,0,0,0,0
-1,-1,0,0,0,0,0,0,0
-2,-2,0,0,0,0,0,0,0
0,-2,0,0,0,0,0,0,0
1,-1,0,0,0,0,0,0,0
0,-1,0,0,0,0,0,0,0
-2,-1,0,0,0,0,0,0,0
-1,0,0,0,0,0,0,0,0
-1,0,0,0,0,0,0,0,0
-1,-1,0,0,0,0,0,0,0
-1,-1,0,0,0,0,0,0,0
-1,-2,0,0,0,0,0,0,0
-1,-2,0,0,0,0,0,0,0
-1,-3,0,0,0,0,0,0,0
-1,-2,0,0,0,0,0,0,0
0,-2,0,0,0,0,0,0,0
0,-2,0,0,0,0,0,0,0
0,-2,0,0,0,0,0,0,0
0,-3,0,0,0,0,0,0,0
1,-3,0,0,0,0,0,0,0
-2,-2,0,0,0,0,0,0,0
-3,-1,0,0,0,0,0,0,0
-1,-1,0,0,0,0,0,0,0
-1,-2,0,0,0,0,0,0,0
-2,0,0,0,0,0,0,0,0
0,3,0,0,0,0,0,0,0
1,2,0,0,0,0,0,0,0
0,-3,0,0,0,0,0,0,0
-1,-4,0,0,0,0,0,0,0
-1,-2,0,0,0,0,0,0,0
-1,-3,0,0,0,0,0,0,0
-2,-3,0,0,0,0,0,0,0
-1,-2,0,0,0,0,0,0,0
1,-2,0,0,0,0,0,0,0
0,-3,0,0,0,0,0,0,0
-2,-3,0,0,0,0,0,0,0
-2,-3,0,0,0,0,0,0,0
-1,-2,0,0,0,0,0,0,0
-1,-2,0,0,0,0,0,0,0
-1,-3,0,0,0,0,0,0,0
-1,-3,0,0,0,0,0,0,0
-1,-2,0,0,0,0,0,0,0
-1,-1,0,0,0,0,0,0,0
0,-2,0,0,0,0,0,0,0
-1,-3,0,0,0,0,0,0,0
-2,-3,0,0,0,0,0,0,0
-2,-1,0,0,0,0,0,0,0
0,-2,0,0,0,0,0,0,0
1,-2,0,0,0,0,0,0,0
0,-2,0,0,0,0,0,0,0
0,-2,0,0,0,0,0,0,0
0,-2,0,0,0,0,0,0,0
0,-1,0,0,0,0,0,0,0
0,-2,0,0,0,0,0,0,0
-2,-3,0,0,0,0,0,0,0
-2,-4,0,0,0,0,0,0,0
-1,-3,0,0,0,0,0,0,0
0,-1,0,0,0,0,0,0,0
1,0,0,0,0,0,0,0,0
0,-1,0,0,0,0,0,0,0
0,-2,0,0,0,0,0,0,0
0,-2,0,0,0,0,0,0,0
-1,-2,0,0,0,0,0,0,0
-2,-2,0,0,0,0,0,0,0
-2,-1,0,0,0,0,0,0,0
-2,-1,0,0,0,0,0,0,0
-2,-2,0,0,0,0,0,0,0
-1,-2,0,0,0,0,0,0,0
-1,0,0,0,0,0,0,0,0
-1,0,0,0,0,0,0,0,0
0,-2,0,0,0,0,0,0,0
0,-3,0,0,0,0,0,0,0
0,-2,0,0,0,0,0,0,0
-1,-1,0,0,0,0,0,0,0
0,-2,0,0,0,0,0,0,0
1,-1,0,0,0,0,0,0,0
1,0,0,0,0,0,0,0,0
0,0,0,0,0,0,0,0,0
0,-1,0,0,0,0,0,0,0
0,-1,0,0,0,0,0,0,0
0,0,0,0,0,0,0,0,0
-2,1,0,0,0,0,0,0,0
-1,1,0,0,0,0,0,0,0
1,0,0,0,0,0,0,0,0
0,0,0,0,0,0,0,0,0
-1,0,0,0,0,0,0,0,0
-1,0,0,0,0,0,0,0,0
-1,1,0,0,0,0,0,0,0
-1,0,0,0,0,0,0,0,0
0,-1,0,0,0,0,0,0,0
0,0,0,0,0,0,0,0,0
0,1,0,0,0,0,0,0,0
1,1,0,0,0,0,0,0,0
2,1,0,0,0,0,0,0,0
1,1,0,0,0,0,0,0,0
0,0,0,0,0,0,0,0,0
-1,1,0,0,0,0,0,0,0
0,1,0,0,0,0,0,0,0
1,1,0,0,0,0,0,0,0
1,0,0,0,0,0,0,0,0
2,-1,0,0,0,0,0,0,0
2,1,0,0,0,0,0,0,0
2,1,0,0,0,0,0,0,0
0,-1,0,0,0,0,0,0,0
-1,0,0,0,0,0,0,0,0
0,1,0,0,0,0,0,0,0
0,1,0,0,0,0,0,0,0
1,0,0,0,0,0,0,0,0
1,1,0,0,0,0,0,0,0
0,2,0,0,0,0,0,0,0
0,1,0,0,0,0,0,0,0
1,0,0,0,0,0,0,0,0
1,0,0,0,0,0,0,0,0
-1,1,0,0,0,0,0,0,0
-1,2,0,0,0,0,0,0,0
-1,1,0,0,0,0,0,0,0
0,1,0,0,0,0,0,0,0
0,1,0,0,0,0,0,0,0
1,0,0,0,0,0,0,0,0
0,1,0,0,0,0,0,0,0
-2,1,0,0,0,0,0,0,0
0,0,0,0,0,0,0,0,0
1,0,0,0,0,0,0,0,0
1,1,0,0,0,0,0,0,0
0,1,0,0,0,0,0,0,0
1,1,0,0,0,0,0,0,0
1,1,0,0,0,0,0,0,0
0,2,0,0,0,0,0,0,0
0,1,0,0,0,0,0,0,0
0,0,0,0,0,0,0,0,0
0,0,0,0,0,0,0,0,0
0,1,0,0,0,0,0,0,0
0,2,0,0,0,0,0,0,0
-1,1,0,0,0,0,0,0,0
-1,1,0,0,0,0,0,0,0
0,1,0,0,0,0,0,0,0
1,0,0,0,0,0,0,0,0
1,-1,0,0,0,0,0,0,0
1,0,0,0,0,0,0,0,0
1,0,0,0,0,0,0,0,0
1,0,0,0,0,0,0,0,0
1,0,0,0,0,0,0,0,0
0,1,0,0,0,0,0,0,0
1,2,0,0,0,0,0,0,0
-21,-5,0,0,0,0,0,0,0
-147,-54,0,0,0,0,0,0,0
-390,-167,0,0,0,0,0,0,0
-413,-188,0,0,0,0,0,0,0
135,-15,0,0,0,0,0,0,0
666,-19,0,0,0,0,0,0,0
309,-355,0,0,0,0,0,0,0
-296,-401,0,0,0,0,0,0,0
-157,5,0,0,0,0,0,0,0
158,212,0,0,0,0,0,0,0
48,105,0,0,0,0,0,0,0
-35,80,0,0,0,0,0,0,0
54,133,0,0,0,0,0,0,0
48,112,0,0,0,0,0,0,0
8,90,0,0,0,0,0,0,0
27,101,0,0,0,0,0,0,0
31,92,0,0,0,0,0,0,0
17,79,0,0,0,0,0,0,0
19,79,0,0,0,0,0,0,0
21,74,0,0,0,0,0,0,0
17,66,0,0,0,0,0,0,0
15,64,0,0,0,0,0,0,0
15,63,0,0,0,0,0,0,0
13,57,0,0,0,0,0,0,0
11,48,0,0,0,0,0,0,0
10,43,0,0,0,0,0,0,0
9,40,1000,0,0,0,0,0,0
8,35,0,0,0,0,0,0,0
7,32,0,0,0,0,0,0,0
7,29,1000,0,0,0,0,0,0
6,26,0,0,0,0,0,0,0
3,23,0,0,0,0,0,0,0
3,21,0,0,0,0,0,0,0
5,19,0,0,0,0,0,0,0
3,15,0,0,0,0,0,0,0
0,11,0,0,0,0,0,0,0
-1,8,0,0,0,0,0,0,0
-1,7,0,0,0,0,0,0,0
-2,5,0,0,0,0,0,0,0
-2,2,0,0,0,0,0,0,0
-2,0,0,0,0,0,0,0,0
-3,-3,0,0,0,0,0,0,0
-5,-4,0,0,0,0,0,0,0
-4,-4,0,0,0,0,0,0,0
-4,-6,0,0,0,0,0,0,0
-5,-8,0,0,0,0,0,0,0
-5,-10,0,0,0,0,0,0,0
-5,-11,0,0,0,0,0,0,0
-6,-12,0,0,0,0,0,0,0
-7,-13,0,0,0,0,0,0,0
-7,-15,0,0,0,0,0,0,0
-7,-17,0,0,0,0,0,0,0
-8,-16,0,0,0,0,0,0,0
-7,-17,0,0,0,0,0,0,0
-6,-18,0,0,0,0,0,0,0
-5,-18,0,0,0,0,0,0,0
-6,-17,0,0,0,0,0,0,0
-8,-18,0,0,0,0,0,0,0
-7,-20,0,0,0,0,0,0,0
-8,-21,0,0,0,0,0,0,0
-9,-20,0,0,0,0,0,0,0
-8,-20,0,0,0,0,0,0,0
-6,-20,0,0,0,0,0,0,0
-6,-20,0,0,0,0,0,0,0
-7,-20,0,0,0,0,0,0,0
-7,-20,0,0,0,0,0,0,0
-7,-19,0,0,0,0,0,0,0
-7,-20,0,0,0,0,0,0,0
-8,-21,0,0,0,0,0,0,0
-7,-20,0,0,0,0,0,0,0
-5,-20,0,0,0,0,0,0,0
-5,-19,0,0,0,0,0,0,0
-6,-18,0,0,0,0,0,0,0
-7,-19,0,0,0,0,0,0,0
-6,-20,0,0,0,0,0,0,0
-6,-18,0,0,0,0,0,0,0
-6,-18,0,0,0,0,0,0,0
-6,-18,0,0,0,0,0,0,0
-5,-16,0,0,0,0,0,0,0
-4,-15,0,0,0,0,0,0,0
-4,-13,0,0,0,0,0,0,0
-5,-10,0,0,0,0,0,0,0
-4,-12,0,0,0,0,0,0,0
-5,-16,0,0,0,0,0,0,0
-6,-14,0,0,0,0,0,0,0
-5,-12,0,0,0,0,0,0,0
-4,-13,0,0,0,0,0,0,0
-5,-13,0,0,0,0,0,0,0
-4,-12,0,0,0,0,0,0,0
-2,-11,0,0,0,0,0,0,0
-1,-10,0,0,0,0,0,0,0
-3,-10,0,0,0,0,0,0,0
-3,-11,0,0,0,0,0,0,0
-2,-10,0,0,0,0,0,0,0
-2,-7,0,0,0,0,0,0,0
-2,-6,0,0,0,0,0,0,0
-2,-6,0,0,0,0,0,0,0
-1,-6,0,0,0,0,0,0,0
-1,-5,0,0,0,0,0,0,0
-1,-4,0,0,0,0,0,0,0
-1,-4,0,0,0,0,0,0,0
-1,-4,0,0,0,0,0,0,0
-2,-4,0,0,0,0,0,0,0
-1,-4,0,0,0,0,0,0,0
0,-2,0,0,0,0,0,0,0
0,-2,0,0,0,0,0,0,0
0,-2,0,0,0,0,0,0,0
1,-1,0,0,0,0,0,0,0
1,-2,0,0,0,0,0,0,0
1,-2,0,0,0,0,0,0,0
1,0,0,0,0,0,0,0,0
1,1,0,0,0,0,0,0,0
1,1,0,0,0,0,0,0,0
3,1,0,0,0,0,0,0,0
3,1,0,0,0,0,0,0,0
2,2,0,0,0,0,0,0,0
0,3,0,0,0,0,0,0,0
1,4,0,0,0,0,0,0,0
2,3,0,0,0,0,0,0,0
1,3,0,0,0,0,0,0,0
1,4,0,0,0,0,0,0,0
2,5,0,0,0,0,0,0,0
3,5,0,0,0,0,0,0,0
1,5,0,0,0,0,0,0,0
1,5,0,0,0,0,0,0,0
2,4,0,0,0,0,0,0,0
3,5,0,0,0,0,0,0,0
2,5,0,0,0,0,0,0,0
2,5,0,0,0,0,0,0,0
2,6,0,0,0,0,0,0,0
2,7,0,0,0,0,0,0,0
2,6,0,0,0,0,0,0,0
3,5,0,0,0,0,0,0,0
2,6,0,0,0,0,0,0,0
1,8,0,0,0,0,0,0,0
2,8,0,0,0,0,0,0,0
2,7,0,0,0,0,0,0,0
1,7,0,0,0,0,0,0,0
2,7,0,0,0,0,0,0,0
2,8,0,0,0,0,0,0,0
1,9,0,0,0,0,0,0,0
1,8,0,0,0,0,0,0,0
2,6,0,0,0,0,0,0,0
2,6,0,0,0,0,0,0,0
2,7,0,0,0,0,0,0,0
3,7,0,0,0,0,0,0,0
3,6,0,0,0,0,0,0,0
2,8,0,0,0,0,0,0,0
1,8,0,0,0,0,0,0,0
1,7,0,0,0,0,0,0,0
2,7,0,0,0,0,0,0,0
3,8,0,0,0,0,0,0,0
3,7,0,0,0,0,0,0,0
2,5,0,0,0,0,0,0,0
3,5,0,0,0,0,0,0,0
3,6,0,0,0,0,0,0,0
2,6,0,0,0,0,0,0,0
2,6,0,0,0,0,0,0,0
3,6,0,0,0,0,0,0,0
2,5,0,0,0,0,0,0,0
2,5,0,0,0,0,0,0,0
3,5,0,0,0,0,0,0,0
3,5,0,0,0,0,0,0,0
3,6,0,0,0,0,0,0,0
3,7,0,0,0,0,0,0,0
2,7,0,0,0,0,0,0,0
3,6,0,0,0,0,0,0,0
3,5,0,0,0,0,0,0,0
1,5,0,0,0,0,0,0,0
2,4,0,0,0,0,0,0,0
3,4,0,0,0,0,0,0,0
1,4,0,0,0,0,0,0,0
0,4,0,0,0,0,0,0,0
1,4,0,0,0,0,0,0,0
1,4,0,0,0,0,0,0,0
1,3,0,0,0,0,0,0,0
0,2,0,0,0,0,0,0,0
0,3,0,0,0,0,0,0,0
1,3,0,0,0,0,0,0,0
0,3,0,0,0,0,0,0,0
0,3,0,0,0,0,0,0,0
0,3,0,0,0,0,0,0,0
0,3,0,0,0,0,0,0,0
0,2,0,0,0,0,0,0,0
0,2,0,0,0,0,0,0,0
0,3,0,0,0,0,0,0,0
0,2,0,0,0,0,0,0,0
1,1,0,0,0,0,0,0,0
1,2,0,0,0,0,0,0,0
1,2,0,0,0,0,0,0,0
2,1,0,0,0,0,0,0,0
3,1,0,0,0,0,0,0,0
0,1,0,0,0,0,0,0,0
-1,0,0,0,0,0,0,0,0
0,-1,0,0,0,0,0,0,0
0,0,0,0,0,0,0,0,0
-1,0,0,0,0,0,0,0,0
0,0,0,0,0,0,0,0,0
0,-1,0,0,0,0,0,0,0
0,-1,0,0,0,0,0,0,0
0,-1,0,0,0,0,0,0,0
0,-2,0,0,0,0,0,0,0
-1,-2,0,0,0,0,0,0,0
-1,-1,0,0,0,0,0,0,0
0,-1,0,0,0,0,0,0,0
1,0,0,0,0,0,0,0,0
1,0,0,0,0,0,0,0,0
0,-1,0,0,0,0,0,0,0
-2,-2,0,0,0,0,0,0,0
-2,-2,0,0,0,0,0,0,0
-1,-2,0,0,0,0,0,0,0
-1,-1,0,0,0,0,0,0,0
-2,-1,0,0,0,0,0,0,0
-2,-1,0,0,0,0,0,0,0
-1,-1,0,0,0,0,0,0,0
0,-2,0,0,0,0,0,0,0
-1,-2,0,0,0,0,0,0,0
-2,-2,0,0,0,0,0,0,0
-2,-3,0,0,0,0,0,0,0
-1,-3,0,0,0,0,0,0,0
-1,-3,0,0,0,0,0,0,0
-1,-3,0,0,0,0,0,0,0
-1,-3,0,0,0,0,0,0,0
-1,-3,0,0,0,0,0,0,0
-1,-2,0,0,0,0,0,0,0
0,-2,0,0,0,0,0,0,0
-1,-3,0,0,0,0,0,0,0
-1,-3,0,0,0,0,0,0,0
-1,-2,0,0,0,0,0,0,0
-1,-2,0,0,0,0,0,0,0
1,-2,0,0,0,0,0,0,0
1,-2,0,0,0,0,0,0,0
0,-2,0,0,0,0,0,0,0
-1,-2,0,0,0,0,0,0,0
-1,-2,0,0,0,0,0,0,0
-1,-1,0,0,0,0,0,0,0
-1,-2,0,0,0,0,0,0,0
-1,-3,0,0,0,0,0,0,0
-2,-3,0,0,0,0,0,0,0
-1,-3,0,0,0,0,0,0,0
-1,-2,0,0,0,0,0,0,0
-1,-1,0,0,0,0,0,0,0
0,-2,0,0,0,0,0,0,0
0,-3,0,0,0,0,0,0,0
0,-2,0,0,0,0,0,0,0
0,-1,0,0,0,0,0,0,0
0,-1,0,0,0,0,0,0,0
1,-1,0,0,0,0,0,0,0
0,-1,0,0,0,0,0,0,0
0,-1,0,0,0,0,0,0,0
0,-2,0,0,0,0,0,0,0
-1,-3,0,0,0,0,0,0,0
0,-3,0,0,0,0,0,0,0
0,-3,0,0,0,0,0,0,0
-1,-2,0,0,0,0,0,0,0
-2,-2,0,0,0,0,0,0,0
0,-1,0,0,0,0,0,0,0
0,0,0,0,0,0,0,0,0
0,-1,0,0,0,0,0,0,0
-1,-1,0,0,0,0,0,0,0
-1,-2,0,0,0,0,0,0,0
-1,-2,0,0,0,0,0,0,0
-1,-2,0,0,0,0,0,0,0
0,-2,0,0,0,0,0,0,0
0,-2,0,0,0,0,0,0,0
0,0,0,0,0,0,0,0,0
1,0,0,0,0,0,0,0,0
0,-1,0,0,0,0,0,0,0
-2,-1,0,0,0,0,0,0,0
-1,1,0,0,0,0,0,0,0
0,0,0,0,0,0,0,0,0
0,-1,0,0,0,0,0,0,0
0,-1,0,0,0,0,0,0,0
0,0,0,0,0,0,0,0,0
-2,-1,0,0,0,0,0,0,0
-2,-2,0,0,0,0,0,0,0
-1,-2,0,0,0,0,0,0,0
0,-1,0,0,0,0,0,0,0
0,-2,0,0,0,0,0,0,0
0,-1,0,0,0,0,0,0,0
1,1,0,0,0,0,0,0,0
0,0,0,0,0,0,0,0,0
-1,-1,0,0,0,0,0,0,0
0,-1,0,0,0,0,0,0,0
0,0,0,0,0,0,0,0,0
-1,-1,0,0,0,0,0,0,0
-1,-1,0,0,0,0,0,0,0
0,0,0,0,0,0,0,0,0
0,0,0,0,0,0,0,0,0
0,0,0,0,0,0,0,0,0
1,-1,0,0,0,0,0,0,0
0,-1,0,0,0,0,0,0,0
0,-1,0,0,0,0,0,0,0
0,0,0,0,0,0,0,0,0
0,0,0,0,0,0,0,0,0
0,1,0,0,0,0,0,0,0
0,0,0,0,0,0,0,0,0
0,0,0,0,0,0,0,0,0
1,1,0,0,0,0,0,0,0
0,1,0,0,0,0,0,0,0
-1,0,0,0,0,0,0,0,0
-1,0,0,0,0,0,0,0,0
0,0,0,0,0,0,0,0,0
0,0,0,0,0,0,0,0,0
1,1,0,0,0,0,0,0,0
2,2,0,0,0,0,0,0,0
1,1,0,0,0,0,0,0,0
0,1,0,0,0,0,0,0,0
1,1,0,0,0,0,0,0,0
1,0,0,0,0,0,0,0,0
0,0,0,0,0,0,0,0,0
-1,0,0,0,0,0,0,0,0
0,1,0,0,0,0,0,0,0
2,3,0,0,0,0,0,0,0
1,2,0,0,0,0,0,0,0
0,1,0,0,0,0,0,0,0
1,1,0,0,0,0,0,0,0
1,0,0,0,0,0,0,0,0
1,0,0,0,0,0,0,0,0
0,0,0,0,0,0,0,0,0
-1,0,0,0,0,0,0,0,0
-1,0,0,0,0,0,0,0,0
0,1,0,0,0,0,0,0,0
0,2,0,0,0,0,0,0,0
1,1,0,0,0,0,0,0,0
0,-1,0,0,0,0,0,0,0
-1,0,0,0,0,0,0,0,0
0,1,0,0,0,0,0,0,0
1,1,0,0,0,0,0,0,0
2,0,0,0,0,0,0,0,0
2,1,0,0,0,0,0,0,0
2,1,0,0,0,0,0,0,0
0,1,0,0,0,0,0,0,0
0,1,0,0,0,0,0,0,0
0,0,0,0,0,0,0,0,0
-1,0,0,0,0,0,0,0,0
0,1,0,0,0,0,0,0,0
1,0,0,0,0,0,0,0,0
0,1,0,0,0,0,0,0,0
0,1,0,0,0,0,0,0,0
1,1,0,0,0,0,0,0,0
-1,1,0,0,0,0,0,0,0
-3,2,0,0,0,0,0,0,0
-3,1,0,0,0,0,0,0,0
-35,-11,0,0,0,0,0,0,0
-179,-78,0,0,0,0,0,0,0
-419,-203,0,0,0,0,0,0,0
-384,-179,0,0,0,0,0,0,0
205,54,0,0,0,0,0,0,0
660,8,0,0,0,0,0,0,0
233,-391,0,0,0,0,0,0,0
-299,-393,0,0,0,0,0,0,0
-99,51,0,0,0,0,0,0,0
164,213,0,0,0,0,0,0,0
30,87,0,0,0,0,0,0,0
-21,85,0,0,0,0,0,0,0
64,134,0,0,0,0,0,0,0
39,101,0,0,0,0,0,0,0
8,85,0,0,0,0,0,0,0
32,98,0,0,0,0,0,0,0
29,86,0,0,0,0,0,0,0
16,74,0,0,0,0,0,0,0
21,76,0,0,0,0,0,0,0
21,71,0,0,0,0,0,0,0
15,63,0,0,0,0,0,0,0
15,60,0,0,0,0,0,0,0
15,56,0,0,0,0,0,0,0
12,50,0,0,0,0,0,0,0
11,45,0,0,0,0,0,0,0
11,43,0,0,0,0,0,0,0
9,39,1000,0,0,0,0,0,0
8,35,0,0,0,0,0,0,0
8,32,0,0,0,0,0,0,0
6,29,1000,0,0,0,0,0,0
4,26,0,0,0,0,0,0,0
3,22,0,0,0,0,0,0,0
3,18,0,0,0,0,0,0,0
2,17,0,0,0,0,0,0,0
2,14,0,0,0,0,0,0,0
2,11,0,0,0,0,0,0,0
1,9,0,0,0,0,0,0,0
0,7,0,0,0,0,0,0,0
0,4,0,0,0,0,0,0,0
-2,2,0,0,0,0,0,0,0
-4,0,0,0,0,0,0,0,0
-3,-1,0,0,0,0,0,0,0
-4,-2,0,0,0,0,0,0,0
-4,-5,0,0,0,0,0,0,0
-4,-7,0,0,0,0,0,0,0
-5,-9,0,0,0,0,0,0,0
-6,-9,0,0,0,0,0,0,0
-7,-10,0,0,0,0,0,0,0
-7,-11,0,0,0,0,0,0,0
-7,-13,0,0,0,0,0,0,0
-7,-14,0,0,0,0,0,0,0
-7,-14,0,0,0,0,0,0,0
-6,-14,0,0,0,0,0,0,0
-5,-15,0,0,0,0,0,0,0
-6,-16,0,0,0,0,0,0,0
-7,-17,0,0,0,0,0,0,0
-7,-17,0,0,0,0,0,0,0
-6,-19,0,0,0,0,0,0,0
-7,-19,0,0,0,0,0,0,0
-8,-18,0,0,0,0,0,0,0
-9,-18,0,0,0,0,0,0,0
-8,-19,0,0,0,0,0,0,0
-7,-20,0,0,0,0,0,0,0
-6,-20,0,0,0,0,0,0,0
-6,-20,0,0,0,0,0,0,0
-8,-20,0,0,0,0,0,0,0
-8,-20,0,0,0,0,0,0,0
-7,-18,0,0,0,0,0,0,0
-7,-18,0,0,0,0,0,0,0
-6,-19,0,0,0,0,0,0,0
-5,-19,0,0,0,0,0,0,0
-5,-17,0,0,0,0,0,0,0
-5,-18,0,0,0,0,0,0,0
-6,-18,0,0,0,0,0,0,0
-6,-17,0,0,0,0,0,0,0
-7,-17,0,0,0,0,0,0,0
-6,-18,0,0,0,0,0,0,0
-5,-17,0,0,0,0,0,0,0
-5,-16,0,0,0,0,0,0,0
-5,-16,0,0,0,0,0,0,0
-4,-15,0,0,0,0,0,0,0
-5,-15,0,0,0,0,0,0,0
-8,-13,0,0,0,0,0,0,0
-6,-12,0,0,0,0,0,0,0
-4,-13,0,0,0,0,0,0,0
-4,-14,0,0,0,0,0,0,0
-4,-13,0,0,0,0,0,0,0
-2,-11,0,0,0,0,0,0,0
-2,-11,0,0,0,0,0,0,0
-4,-12,0,0,0,0,0,0,0
-3,-11,0,0,0,0,0,0,0
-2,-10,0,0,0,0,0,0,0
-2,-9,0,0,0,0,0,0,0
-2,-8,0,0,0,0,0,0,0
0,-7,0,0,0,0,0,0,0
-1,-7,0,0,0,0,0,0,0
-2,-7,0,0,0,0,0,0,0
-2,-6,0,0,0,0,0,0,0
-1,-6,0,0,0,0,0,0,0
-1,-6,0,0,0,0,0,0,0
-1,-5,0,0,0,0,0,0,0
0,-4,0,0,0,0,0,0,0
1,-2,0,0,0,0,0,0,0
1,-1,0,0,0,0,0,0,0
0,-2,0,0,0,0,0,0,0
0,-3,0,0,0,0,0,0,0
2,-2,0,0,0,0,0,0,0
2,0,0,0,0,0,0,0,0
0,0,0,0,0,0,0,0,0
-1,0,0,0,0,0,0,0,0
-1,1,0,0,0,0,0,0,0
1,1,0,0,0,0,0,0,0
2,1,0,0,0,0,0,0,0
1,1,0,0,0,0,0,0,0
-1,1,0,0,0,0,0,0,0
0,2,0,0,0,0,0,0,0
0,3,0,0,0,0,0,0,0
0,4,0,0,0,0,0,0,0
1,4,0,0,0,0,0,0,0
3,3,0,0,0,0,0,0,0
3,3,0,0,0,0,0,0,0
1,5,0,0,0,0,0,0,0
1,6,0,0,0,0,0,0,0
1,5,0,0,0,0,0,0,0
2,5,0,0,0,0,0,0,0
2,6,0,0,0,0,0,0,0
1,5,0,0,0,0,0,0,0
2,5,0,0,0,0,0,0,0
2,5,0,0,0,0,0,0,0
1,5,0,0,0,0,0,0,0
2,6,0,0,0,0,0,0,0
3,6,0,0,0,0,0,0,0
2,5,0,0,0,0,0,0,0
1,5,0,0,0,0,0,0,0
1,6,0,0,0,0,0,0,0
3,7,0,0,0,0,0,0,0
3,7,0,0,0,0,0,0,0
3,7,0,0,0,0,0,0,0
3,6,0,0,0,0,0,0,0
3,6,0,0,0,0,0,0,0
3,7,0,0,0,0,0,0,0
3,8,0,0,0,0,0,0,0
3,7,0,0,0,0,0,0,0
3,6,0,0,0,0,0,0,0
3,7,0,0,0,0,0,0,0
3,7,0,0,0,0,0,0,0
3,7,0,0,0,0,0,0,0
2,7,0,0,0,0,0,0,0
2,6,0,0,0,0,0,0,0
2,5,0,0,0,0,0,0,0
2,6,0,0,0,0,0,0,0
3,6,0,0,0,0,0,0,0
3,6,0,0,0,0,0,0,0
4,6,0,0,0,0,0,0,0
5,7,0,0,0,0,0,0,0
3,7,0,0,0,0,0,0,0
3,7,0,0,0,0,0,0,0
2,7,0,0,0,0,0,0,0
1,6,0,0,0,0,0,0,0
2,5,0,0,0,0,0,0,0
3,4,0,0,0,0,0,0,0
3,5,0,0,0,0,0,0,0
1,5,0,0,0,0,0,0,0
1,5,0,0,0,0,0,0,0
2,4,0,0,0,0,0,0,0
1,4,0,0,0,0,0,0,0
0,4,0,0,0,0,0,0,0
0,5,0,0,0,0,0,0,0
0,5,0,0,0,0,0,0,0
2,4,0,0,0,0,0,0,0
3,4,0,0,0,0,0,0,0
4,4,0,0,0,0,0,0,0
3,4,0,0,0,0,0,0,0
1,3,0,0,0,0,0,0,0
0,2,0,0,0,0,0,0,0
0,2,0,0,0,0,0,0,0
1,2,0,0,0,0,0,0,0
1,3,0,0,0,0,0,0,0
0,3,0,0,0,0,0,0,0
0,3,0,0,0,0,0,0,0
0,3,0,0,0,0,0,0,0
1,3,0,0,0,0,0,0,0
0,2,0,0,0,0,0,0,0
0,1,0,0,0,0,0,0,0
0,1,0,0,0,0,0,0,0
0,1,0,0,0,0,0,0,0
0,1,0,0,0,0,0,0,0
1,2,0,0,0,0,0,0,0
2,2,0,0,0,0,0,0,0
1,1,0,0,0,0,0,0,0
0,1,0,0,0,0,0,0,0
0,2,0,0,0,0,0,0,0
0,1,0,0,0,0,0,0,0
0,0,0,0,0,0,0,0,0
0,0,0,0,0,0,0,0,0
0,0,0,0,0,0,0,0,0
0,0,0,0,0,0,0,0,0
-1,-1,0,0,0,0,0,0,0
0,-2,0,0,0,0,0,0,0
-1,-1,0,0,0,0,0,0,0
-2,0,0,0,0,0,0,0,0
-1,-1,0,0,0,0,0,0,0
1,-1,0,0,0,0,0,0,0
2,0,0,0,0,0,0,0,0
0,-1,0,0,0,0,0,0,0
-1,-1,0,0,0,0,0,0,0
0,-1,0,0,0,0,0,0,0
0,-2,0,0,0,0,0,0,0
0,-1,0,0,0,0,0,0,0
-1,-1,0,0,0,0,0,0,0
-1,-2,0,0,0,0,0,0,0
0,-1,0,0,0,0,0,0,0
1,0,0,0,0,0,0,0,0
-1,-2,0,0,0,0,0,0,0
-2,-2,0,0,0,0,0,0,0
-2,-1,0,0,0,0,0,0,0
0,-1,0,0,0,0,0,0,0
0,-1,0,0,0,0,0,0,0
0,-1,0,0,0,0,0,0,0
1,-1,0,0,0,0,0,0,0
1,-1,0,0,0,0,0,0,0
0,-1,0,0,0,0,0,0,0
-1,-3,0,0,0,0,0,0,0
0,-3,0,0,0,0,0,0,0
0,-2,0,0,0,0,0,0,0
-1,-2,0,0,0,0,0,0,0
-1,-2,0,0,0,0,0,0,0
0,-2,0,0,0,0,0,0,0
-2,-2,0,0,0,0,0,0,0
-4,-3,0,0,0,0,0,0,0
-3,-2,0,0,0,0,0,0,0
-2,-2,0,0,0,0,0,0,0
-2,-3,0,0,0,0,0,0,0
-2,-3,0,0,0,0,0,0,0
-1,-2,0,0,0,0,0,0,0
-1,-2,0,0,0,0,0,0,0
-2,-2,0,0,0,0,0,0,0
-2,-3,0,0,0,0,0,0,0
-1,-1,0,0,0,0,0,0,0
-2,-1,0,0,0,0,0,0,0
-2,-3,0,0,0,0,0,0,0
-1,-3,0,0,0,0,0,0,0
0,-2,0,0,0,0,0,0,0
1,-2,0,0,0,0,0,0,0
-1,-2,0,0,0,0,0,0,0
-2,-2,0,0,0,0,0,0,0
0,-1,0,0,0,0,0,0,0
2,-1,0,0,0,0,0,0,0
0,-1,0,0,0,0,0,0,0
-2,-2,0,0,0,0,0,0,0
-2,-2,0,0,0,0,0,0,0
-1,-3,0,0,0,0,0,0,0
-1,-2,0,0,0,0,0,0,0
-2,-1,0,0,0,0,0,0,0
-1,-1,0,0,0,0,0,0,0
0,-1,0,0,0,0,0,0,0
0,-2,0,0,0,0,0,0,0
0,-2,0,0,0,0,0,0,0
-1,-2,0,0,0,0,0,0,0
0,-1,0,0,0,0,0,0,0
1,-1,0,0,0,0,0,0,0
0,-1,0,0,0,0,0,0,0
0,0,0,0,0,0,0,0,0
0,-1,0,0,0,0,0,0,0
0,-2,0,0,0,0,0,0,0
-1,-2,0,0,0,0,0,0,0
-2,-2,0,0,0,0,0,0,0
-2,-1,0,0,0,0,0,0,0
-1,-1,0,0,0,0,0,0,0
1,0,0,0,0,0,0,0,0
2,0,0,0,0,0,0,0,0
2,-1,0,0,0,0,0,0,0
1,0,0,0,0,0,0,0,0
0,0,0,0,0,0,0,0,0
-1,0,0,0,0,0,0,0,0
-1,-1,0,0,0,0,0,0,0
-1,-1,0,0,0,0,0,0,0
0,0,0,0,0,0,0,0,0
0,1,0,0,0,0,0,0,0
0,1,0,0,0,0,0,0,0
-1,0,0,0,0,0,0,0,0
-1,0,0,0,0,0,0,0,0
0,0,0,0,0,0,0,0,0
-1,0,0,0,0,0,0,0,0
-1,-1,0,0,0,0,0,0,0
0,-1,0,0,0,0,0,0,0
0,0,0,0,0,0,0,0,0
1,0,0,0,0,0,0,0,0
1,1,0,0,0,0,0,0,0
1,1,0,0,0,0,0,0,0
1,1,0,0,0,0,0,0,0
0,1,0,0,0,0,0,0,0
0,1,0,0,0,0,0,0,0
0,0,0,0,0,0,0,0,0
0,0,0,0,0,0,0,0,0
0,1,0,0,0,0,0,0,0
1,1,0,0,0,0,0,0,0
2,1,0,0,0,0,0,0,0
1,1,0,0,0,0,0,0,0
-2,0,0,0,0,0,0,0,0
-1,-1,0,0,0,0,0,0,0
1,0,0,0,0,0,0,0,0
1,1,0,0,0,0,0,0,0
1,1,0,0,0,0,0,0,0
1,1,0,0,0,0,0,0,0
1,1,0,0,0,0,0,0,0
0,0,0,0,0,0,0,0,0
0,0,0,0,0,0,0,0,0
0,0,0,0,0,0,0,0,0
1,0,0,0,0,0,0,0,0
1,0,0,0,0,0,0,0,0
1,1,0,0,0,0,0,0,0
1,0,0,0,0,0,0,0,0
0,0,0,0,0,0,0,0,0
0,0,0,0,0,0,0,0,0
1,0,0,0,0,0,0,0,0
1,0,0,0,0,0,0,0,0
0,1,0,0,0,0,0,0,0
-1,1,0,0,0,0,0,0,0
0,1,0,0,0,0,0,0,0
1,1,0,0,0,0,0,0,0
0,0,0,0,0,0,0,0,0
0,1,0,0,0,0,0,0,0
0,0,0,0,0,0,0,0,0
0,0,0,0,0,0,0,0,0
0,0,0,0,0,0,0,0,0
1,1,0,0,0,0,0,0,0
1,1,0,0,0,0,0,0,0
1,0,0,0,0,0,0,0,0
1,-1,0,0,0,0,0,0,0
0,0,0,0,0,0,0,0,0
-1,0,0,0,0,0,0,0,0
-1,0,0,0,0,0,0,0,0
0,0,0,0,0,0,0,0,0
0,1,0,0,0,0,0,0,0
0,1,0,0,0,0,0,0,0
1,1,0,0,0,0,0,0,0
2,1,0,0,0,0,0,0,0
1,2,0,0,0,0,0,0,0
0,1,0,0,0,0,0,0,0
-1,-1,0,0,0,0,0,0,0
-1,-1,0,0,0,0,0,0,0
0,2,0,0,0,0,0,0,0
-8,4,0,0,0,0,0,0,0
-80,-27,0,0,0,0,0,0,0
-295,-134,0,0,0,0,0,0,0
-470,-222,0,0,0,0,0,0,0
-150,-75,0,0,0,0,0,0,0
508,86,0,0,0,0,0,0,0
531,-181,0,0,0,0,0,0,0
-114,-469,0,0,0,0,0,0,0
-278,-189,0,0,0,0,0,0,0
87,185,0,0,0,0,0,0,0
127,157,0,0,0,0,0,0,0
-24,64,0,0,0,0,0,0,0
29,114,0,0,0,0,0,0,0
72,123,0,0,0,0,0,0,0
20,86,0,0,0,0,0,0,0
18,89,0,0,0,0,0,0,0
36,92,0,0,0,0,0,0,0
23,78,0,0,0,0,0,0,0
19,74,0,0,0,0,0,0,0
25,73,0,0,0,0,0,0,0
20,65,0,0,0,0,0,0,0
16,60,0,0,0,0,0,0,0
17,57,0,0,0,0,0,0,0
14,52,0,0,0,0,0,0,0
11,48,0,0,0,0,0,0,0
12,45,0,0,0,0,0,0,0
11,42,1000,0,0,0,0,0,0
9,38,0,0,0,0,0,0,0
8,35,0,0,0,0,0,0,0
6,31,0,0,0,0,0,0,0
5,27,1000,0,0,0,0,0,0
5,23,0,0,0,0,0,0,0
4,20,0,0,0,0,0,0,0
2,18,0,0,0,0,0,0,0
1,15,0,0,0,0,0,0,0
2,11,0,0,0,0,0,0,0
1,9,0,0,0,0,0,0,0
1,9,0,0,0,0,0,0,0
-1,6,0,0,0,0,0,0,0
-2,2,0,0,0,0,0,0,0
-3,1,0,0,0,0,0,0,0
-3,0,0,0,0,0,0,0,0
-4,-3,0,0,0,0,0,0,0
-4,-3,0,0,0,0,0,0,0
-4,-4,0,0,0,0,0,0,0
-6,-7,0,0,0,0,0,0,0
-6,-8,0,0,0,0,0,0,0
-5,-8,0,0,0,0,0,0,0
-6,-9,0,0,0,0,0,0,0
-8,-11,0,0,0,0,0,0,0
-7,-12,0,0,0,0,0,0,0
-6,-14,0,0,0,0,0,0,0
-5,-15,0,0,0,0,0,0,0
-6,-16,0,0,0,0,0,0,0
-8,-16,0,0,0,0,0,0,0
-8,-16,0,0,0,0,0,0,0
-8,-17,0,0,0,0,0,0,0
-9,-18,0,0,0,0,0,0,0
-9,-19,0,0,0,0,0,0,0
-7,-19,0,0,0,0,0,0,0
-7,-19,0,0,0,0,0,0,0
-7,-19,0,0,0,0,0,0,0
-8,-18,0,0,0,0,0,0,0
-7,-18,0,0,0,0,0,0,0
-8,-19,0,0,0,0,0,0,0
-9,-19,0,0,0,0,0,0,0
-8,-18,0,0,0,0,0,0,0
-7,-19,0,0,0,0,0,0,0
-7,-19,0,0,0,0,0,0,0
-8,-19,0,0,0,0,0,0,0
-6,-18,0,0,0,0,0,0,0
-6,-19,0,0,0,0,0,0,0
-8,-20,0,0,0,0,0,0,0
-9,-18,0,0,0,0,0,0,0
-8,-17,0,0,0,0,0,0,0
-7,-18,0,0,0,0,0,0,0
-7,-17,0,0,0,0,0,0,0
-5,-16,0,0,0,0,0,0,0
-4,-16,0,0,0,0,0,0,0
-5,-15,0,0,0,0,0,0,0
-6,-15,0,0,0,0,0,0,0
-6,-16,0,0,0,0,0,0,0
-5,-15,0,0,0,0,0,0,0
-5,-14,0,0,0,0,0,0,0
-4,-14,0,0,0,0,0,0,0
-3,-13,0,0,0,0,0,0,0
-4,-12,0,0,0,0,0,0,0
-4,-12,0,0,0,0,0,0,0
-4,-12,0,0,0,0,0,0,0
-3,-11,0,0,0,0,0,0,0
-3,-10,0,0,0,0,0,0,0
-3,-9,0,0,0,0,0,0,0
-3,-9,0,0,0,0,0,0,0
-2,-9,0,0,0,0,0,0,0
-1,-7,0,0,0,0,0,0,0
-1,-8,0,0,0,0,0,0,0
-2,-7,0,0,0,0,0,0,0
-2,-5,0,0,0,0,0,0,0
-1,-5,0,0,0,0,0,0,0
-1,-6,0,0,0,0,0,0,0
-2,-6,0,0,0,0,0,0,0
-1,-4,0,0,0,0,0,0,0
1,-4,0,0,0,0,0,0,0
1,-3,0,0,0,0,0,0,0
1,-2,0,0,0,0,0,0,0
0,-1,0,0,0,0,0,0,0
-1,-2,0,0,0,0,0,0,0
-2,-2,0,0,0,0,0,0,0
0,-1,0,0,0,0,0,0,0
2,0,0,0,0,0,0,0,0
1,2,0,0,0,0,0,0,0
1,3,0,0,0,0,0,0,0
2,5,0,0,0,0,0,0,0
3,4,0,0,0,0,0,0,0
2,-1,0,0,0,0,0,0,0
1,-1,0,0,0,0,0,0,0
0,2,0,0,0,0,0,0,0
0,3,0,0,0,0,0,0,0
1,3,0,0,0,0,0,0,0
1,3,0,0,0,0,0,0,0
2,3,0,0,0,0,0,0,0
2,3,0,0,0,0,0,0,0
1,3,0,0,0,0,0,0,0
2,3,0,0,0,0,0,0,0
2,3,0,0,0,0,0,0,0
2,4,0,0,0,0,0,0,0
1,6,0,0,0,0,0,0,0
2,7,0,0,0,0,0,0,0
3,6,0,0,0,0,0,0,0
3,6,0,0,0,0,0,0,0
3,6,0,0,0,0,0,0,0
3,6,0,0,0,0,0,0,0
3,5,0,0,0,0,0,0,0
4,5,0,0,0,0,0,0,0
4,7,0,0,0,0,0,0,0
4,7,0,0,0,0,0,0,0
3,6,0,0,0,0,0,0,0
2,6,0,0,0,0,0,0,0
3,6,0,0,0,0,0,0,0
1,6,0,0,0,0,0,0,0
-2,5,0,0,0,0,0,0,0
0,6,0,0,0,0,0,0,0
6,7,0,0,0,0,0,0,0
5,7,0,0,0,0,0,0,0
2,7,0,0,0,0,0,0,0
2,8,0,0,0,0,0,0,0
4,7,0,0,0,0,0,0,0
4,6,0,0,0,0,0,0,0
3,5,0,0,0,0,0,0,0
3,6,0,0,0,0,0,0,0
2,7,0,0,0,0,0,0,0
2,6,0,0,0,0,0,0,0
3,6,0,0,0,0,0,0,0
4,7,0,0,0,0,0,0,0
3,7,0,0,0,0,0,0,0
3,6,0,0,0,0,0,0,0
2,6,0,0,0,0,0,0,0
1,6,0,0,0,0,0,0,0
1,6,0,0,0,0,0,0,0
2,6,0,0,0,0,0,0,0
3,6,0,0,0,0,0,0,0
2,6,0,0,0,0,0,0,0
1,5,0,0,0,0,0,0,0
1,5,0,0,0,0,0,0,0
3,6,0,0,0,0,0,0,0
2,4,0,0,0,0,0,0,0
1,3,0,0,0,0,0,0,0
0,4,0,0,0,0,0,0,0
2,4,0,0,0,0,0,0,0
3,4,0,0,0,0,0,0,0
3,4,0,0,0,0,0,0,0
2,4,0,0,0,0,0,0,0
0,4,0,0,0,0,0,0,0
-1,4,0,0,0,0,0,0,0
0,4,0,0,0,0,0,0,0
1,3,0,0,0,0,0,0,0
2,3,0,0,0,0,0,0,0
1,4,0,0,0,0,0,0,0
-1,3,0,0,0,0,0,0,0
-1,2,0,0,0,0,0,0,0
0,3,0,0,0,0,0,0,0
0,4,0,0,0,0,0,0,0
1,3,0,0,0,0,0,0,0
2,2,0,0,0,0,0,0,0
2,2,0,0,0,0,0,0,0
0,2,0,0,0,0,0,0,0
-1,2,0,0,0,0,0,0,0
-1,2,0,0,0,0,0,0,0
0,1,0,0,0,0,0,0,0
0,0,0,0,0,0,0,0,0
-1,0,0,0,0,0,0,0,0
-1,1,0,0,0,0,0,0,0
0,1,0,0,0,0,0,0,0
2,2,0,0,0,0,0,0,0
2,1,0,0,0,0,0,0,0
0,0,0,0,0,0,0,0,0
-2,0,0,0,0,0,0,0,0
-1,1,0,0,0,0,0,0,0
0,0,0,0,0,0,0,0,0
-1,0,0,0,0,0,0,0,0
-1,1,0,0,0,0,0,0,0
0,1,0,0,0,0,0,0,0
1,0,0,0,0,0,0,0,0
0,0,0,0,0,0,0,0,0
0,-1,0,0,0,0,0,0,0
1,-2,0,0,0,0,0,0,0
-1,-2,0,0,0,0,0,0,0
-1,-1,0,0,0,0,0,0,0
1,-2,0,0,0,0,0,0,0
0,-1,0,0,0,0,0,0,0
-2,-1,0,0,0,0,0,0,0
0,-1,0,0,0,0,0,0,0
0,-1,0,0,0,0,0,0,0
-1,-1,0,0,0,0,0,0,0
-1,-2,0,0,0,0,0,0,0
0,-2,0,0,0,0,0,0,0
-1,-2,0,0,0,0,0,0,0
-2,-2,0,0,0,0,0,0,0
-1,-2,0,0,0,0,0,0,0
-1,-1,0,0,0,0,0,0,0
-1,-2,0,0,0,0,0,0,0
0,-3,0,0,0,0,0,0,0
0,-3,0,0,0,0,0,0,0
-2,-2,0,0,0,0,0,0,0
-2,-3,0,0,0,0,0,0,0
0,-3,0,0,0,0,0,0,0
0,-2,0,0,0,0,0,0,0
0,-2,0,0,0,0,0,0,0
-1,-1,0,0,0,0,0,0,0
0,-2,0,0,0,0,0,0,0
0,-2,0,0,0,0,0,0,0
-1,-3,0,0,0,0,0,0,0
-1,-2,0,0,0,0,0,0,0
-1,-2,0,0,0,0,0,0,0
-1,-3,0,0,0,0,0,0,0
0,-3,0,0,0,0,0,0,0
0,-1,0,0,0,0,0,0,0
-2,-1,0,0,0,0,0,0,0
-1,-3,0,0,0,0,0,0,0
1,-2,0,0,0,0,0,0,0
-1,-1,0,0,0,0,0,0,0
-2,-2,0,0,0,0,0,0,0
0,-3,0,0,0,0,0,0,0
1,-2,0,0,0,0,0,0,0
-1,-2,0,0,0,0,0,0,0
0,-2,0,0,0,0,0,0,0
1,-2,0,0,0,0,0,0,0
-1,-3,0,0,0,0,0,0,0
-2,-2,0,0,0,0,0,0,0
-2,-2,0,0,0,0,0,0,0
-1,-3,0,0,0,0,0,0,0
-1,-2,0,0,0,0,0,0,0
0,-1,0,0,0,0,0,0,0
1,-2,0,0,0,0,0,0,0
1,-3,0,0,0,0,0,0,0
-1,-3,0,0,0,0,0,0,0
-2,-2,0,0,0,0,0,0,0
0,-1,0,0,0,0,0,0,0
0,-1,0,0,0,0,0,0,0
-1,-2,0,0,0,0,0,0,0
-1,-1,0,0,0,0,0,0,0
1,-1,0,0,0,0,0,0,0
1,-1,0,0,0,0,0,0,0
0,-1,0,0,0,0,0,0,0
-2,0,0,0,0,0,0,0,0
-1,0,0,0,0,0,0,0,0
0,0,0,0,0,0,0,0,0
-1,-1,0,0,0,0,0,0,0
-1,-2,0,0,0,0,0,0,0
0,-2,0,0,0,0,0,0,0
-1,-2,0,0,0,0,0,0,0
-1,-1,0,0,0,0,0,0,0
0,0,0,0,0,0,0,0,0
-1,0,0,0,0,0,0,0,0
-1,-1,0,0,0,0,0,0,0
0,-1,0,0,0,0,0,0,0
1,0,0,0,0,0,0,0,0
1,1,0,0,0,0,0,0,0
0,-1,0,0,0,0,0,0,0
0,-1,0,0,0,0,0,0,0
0,1,0,0,0,0,0,0,0
0,1,0,0,0,0,0,0,0
0,0,0,0,0,0,0,0,0
0,-1,0,0,0,0,0,0,0
0,-1,0,0,0,0,0,0,0
1,0,0,0,0,0,0,0,0
2,1,0,0,0,0,0,0,0
2,0,0,0,0,0,0,0,0
0,-1,0,0,0,0,0,0,0
0,-1,0,0,0,0,0,0,0
0,1,0,0,0,0,0,0,0
0,1,0,0,0,0,0,0,0
0,1,0,0,0,0,0,0,0
1,0,0,0,0,0,0,0,0
0,0,0,0,0,0,0,0,0
0,-1,0,0,0,0,0,0,0
1,0,0,0,0,0,0,0,0
1,1,0,0,0,0,0,0,0
-1,0,0,0,0,0,0,0,0
-1,-1,0,0,0,0,0,0,0
0,-1,0,0,0,0,0,0,0
1,0,0,0,0,0,0,0,0
0,1,0,0,0,0,0,0,0
0,1,0,0,0,0,0,0,0
0,0,0,0,0,0,0,0,0
0,-1,0,0,0,0,0,0,0
-1,0,0,0,0,0,0,0,0
0,1,0,0,0,0,0,0,0
1,1,0,0,0,0,0,0,0
0,1,0,0,0,0,0,0,0
0,1,0,0,0,0,0,0,0
1,1,0,0,0,0,0,0,0
1,-1,0,0,0,0,0,0,0
0,0,0,0,0,0,0,0,0
-1,1,0,0,0,0,0,0,0
0,0,0,0,0,0,0,0,0
1,-1,0,0,0,0,0,0,0
0,0,0,0,0,0,0,0,0
0,0,0,0,0,0,0,0,0
1,1,0,0,0,0,0,0,0
1,2,0,0,0,0,0,0,0
-1,0,0,0,0,0,0,0,0
-1,-1,0,0,0,0,0,0,0
0,0,0,0,0,0,0,0,0
0,1,0,0,0,0,0,0,0
0,1,0,0,0,0,0,0,0
0,0,0,0,0,0,0,0,0
0,0,0,0,0,0,0,0,0
0,1,0,0,0,0,0,0,0
1,2,0,0,0,0,0,0,0
1,2,0,0,0,0,0,0,0
0,1,0,0,0,0,0,0,0
-1,1,0,0,0,0,0,0,0
-1,1,0,0,0,0,0,0,0
1,0,0,0,0,0,0,0,0
2,0,0,0,0,0,0,0,0
1,1,0,0,0,0,0,0,0
0,1,0,0,0,0,0,0,0
0,0,0,0,0,0,0,0,0
-1,0,0,0,0,0,0,0,0
-1,1,0,0,0,0,0,0,0
0,1,0,0,0,0,0,0,0
0,1,0,0,0,0,0,0,0
1,1,0,0,0,0,0,0,0
1,1,0,0,0,0,0,0,0
0,1,0,0,0,0,0,0,0
-6,-1,0,0,0,0,0,0,0
-72,-30,0,0,0,0,0,0,0
-277,-140,0,0,0,0,0,0,0
-474,-244,0,0,0,0,0,0,0
-226,-88,0,0,0,0,0,0,0
423,135,0,0,0,0,0,0,0
569,-116,0,0,0,0,0,0,0
-9,-479,0,0,0,0,0,0,0
-260,-238,0,0,0,0,0,0,0
56,175,0,0,0,0,0,0,0
134,165,0,0,0,0,0,0,0
-20,59,0,0,0,0,0,0,0
15,113,0,0,0,0,0,0,0
71,128,0,0,0,0,0,0,0
25,86,0,0,0,0,0,0,0
19,89,0,0,0,0,0,0,0
39,95,0,0,0,0,0,0,0
26,79,0,0,0,0,0,0,0
18,73,0,0,0,0,0,0,0
23,73,0,0,0,0,0,0,0
20,66,0,0,0,0,0,0,0
17,61,0,0,0,0,0,0,0
17,57,0,0,0,0,0,0,0
16,53,0,0,0,0,0,0,0
15,48,0,0,0,0,0,0,0
13,44,0,0,0,0,0,0,0
11,41,1000,0,0,0,0,0,0
9,37,0,0,0,0,0,0,0
8,32,0,0,0,0,0,0,0
8,30,0,0,0,0,0,0,0
7,27,1000,0,0,0,0,0,0
7,24,0,0,0,0,0,0,0
5,22,0,0,0,0,0,0,0
4,19,0,0,0,0,0,0,0
1,16,0,0,0,0,0,0,0
-4,12,0,0,0,0,0,0,0
-3,9,0,0,0,0,0,0,0
1,8,0,0,0,0,0,0,0
0,6,0,0,0,0,0,0,0
-3,4,0,0,0,0,0,0,0
-2,1,0,0,0,0,0,0,0
-1,-1,0,0,0,0,0,0,0
-4,-2,0,0,0,0,0,0,0
-4,-4,0,0,0,0,0,0,0
-4,-7,0,0,0,0,0,0,0
-6,-7,0,0,0,0,0,0,0
-6,-8,0,0,0,0,0,0,0
-6,-8,0,0,0,0,0,0,0
-6,-7,0,0,0,0,0,0,0
-5,-10,0,0,0,0,0,0,0
-6,-15,0,0,0,0,0,0,0
-7,-15,0,0,0,0,0,0,0
-7,-14,0,0,0,0,0,0,0
-7,-17,0,0,0,0,0,0,0
-7,-18,0,0,0,0,0,0,0
-8,-16,0,0,0,0,0,0,0
-9,-18,0,0,0,0,0,0,0
-8,-19,0,0,0,0,0,0,0
-8,-18,0,0,0,0,0,0,0
-8,-19,0,0,0,0,0,0,0
-8,-20,0,0,0,0,0,0,0
-9,-20,0,0,0,0,0,0,0
-9,-20,0,0,0,0,0,0,0
-8,-20,0,0,0,0,0,0,0
-8,-19,0,0,0,0,0,0,0
-7,-18,0,0,0,0,0,0,0
-6,-18,0,0,0,0,0,0,0
-7,-19,0,0,0,0,0,0,0
-9,-19,0,0,0,0,0,0,0
-9,-19,0,0,0,0,0,0,0
-7,-20,0,0,0,0,0,0,0
-7,-20,0,0,0,0,0,0,0
-8,-19,0,0,0,0,0,0,0
-8,-18,0,0,0,0,0,0,0
-7,-17,0,0,0,0,0,0,0
-6,-17,0,0,0,0,0,0,0
-6,-18,0,0,0,0,0,0,0
-6,-18,0,0,0,0,0,0,0
-6,-17,0,0,0,0,0,0,0
-5,-16,0,0,0,0,0,0,0
-5,-15,0,0,0,0,0,0,0
-5,-15,0,0,0,0,0,0,0
-5,-14,0,0,0,0,0,0,0
-4,-13,0,0,0,0,0,0,0
-4,-13,0,0,0,0,0,0,0
-3,-14,0,0,0,0,0,0,0
-4,-13,0,0,0,0,0,0,0
-5,-11,0,0,0,0,0,0,0
-3,-10,0,0,0,0,0,0,0
-2,-11,0,0,0,0,0,0,0
-3,-10,0,0,0,0,0,0,0
-3,-10,0,0,0,0,0,0,0
-4,-10,0,0,0,0,0,0,0
-4,-10,0,0,0,0,0,0,0
-4,-8,0,0,0,0,0,0,0
-2,-7,0,0,0,0,0,0,0
-2,-6,0,0,0,0,0,0,0
-2,-6,0,0,0,0,0,0,0
-1,-5,0,0,0,0,0,0,0
-1,-4,0,0,0,0,0,0,0
-1,-3,0,0,0,0,0,0,0
-2,-4,0,0,0,0,0,0,0
-1,-4,0,0,0,0,0,0,0
0,-3,0,0,0,0,0,0,0
0,-3,0,0,0,0,0,0,0
0,-2,0,0,0,0,0,0,0
0,-1,0,0,0,0,0,0,0
0,0,0,0,0,0,0,0,0
0,-1,0,0,0,0,0,0,0
1,-1,0,0,0,0,0,0,0
0,1,0,0,0,0,0,0,0
0,1,0,0,0,0,0,0,0
1,1,0,0,0,0,0,0,0
1,1,0,0,0,0,0,0,0
2,2,0,0,0,0,0,0,0
2,3,0,0,0,0,0,0,0
2,3,0,0,0,0,0,0,0
3,3,0,0,0,0,0,0,0
3,3,0,0,0,0,0,0,0
1,3,0,0,0,0,0,0,0
2,4,0,0,0,0,0,0,0
4,4,0,0,0,0,0,0,0
2,3,0,0,0,0,0,0,0
1,4,0,0,0,0,0,0,0
2,6,0,0,0,0,0,0,0
3,6,0,0,0,0,0,0,0
3,4,0,0,0,0,0,0,0
1,5,0,0,0,0,0,0,0
1,6,0,0,0,0,0,0,0
2,6,0,0,0,0,0,0,0
2,6,0,0,0,0,0,0,0
3,7,0,0,0,0,0,0,0
4,7,0,0,0,0,0,0,0
3,6,0,0,0,0,0,0,0
4,6,0,0,0,0,0,0,0
5,7,0,0,0,0,0,0,0
4,7,0,0,0,0,0,0,0
2,6,0,0,0,0,0,0,0
3,6,0,0,0,0,0,0,0
4,6,0,0,0,0,0,0,0
4,7,0,0,0,0,0,0,0
4,7,0,0,0,0,0,0,0
4,7,0,0,0,0,0,0,0
3,6,0,0,0,0,0,0,0
2,7,0,0,0,0,0,0,0
3,8,0,0,0,0,0,0,0
3,7,0,0,0,0,0,0,0
2,6,0,0,0,0,0,0,0
2,7,0,0,0,0,0,0,0
2,7,0,0,0,0,0,0,0
2,5,0,0,0,0,0,0,0
2,6,0,0,0,0,0,0,0
3,8,0,0,0,0,0,0,0
3,7,0,0,0,0,0,0,0
2,6,0,0,0,0,0,0,0
2,6,0,0,0,0,0,0,0
2,7,0,0,0,0,0,0,0
3,5,0,0,0,0,0,0,0
3,4,0,0,0,0,0,0,0
1,5,0,0,0,0,0,0,0
1,5,0,0,0,0,0,0,0
2,5,0,0,0,0,0,0,0
1,6,0,0,0,0,0,0,0
1,6,0,0,0,0,0,0,0
2,5,0,0,0,0,0,0,0
2,5,0,0,0,0,0,0,0
3,5,0,0,0,0,0,0,0
2,4,0,0,0,0,0,0,0
0,5,0,0,0,0,0,0,0
0,5,0,0,0,0,0,0,0
2,5,0,0,0,0,0,0,0
1,3,0,0,0,0,0,0,0
1,3,0,0,0,0,0,0,0
2,3,0,0,0,0,0,0,0
3,4,0,0,0,0,0,0,0
1,4,0,0,0,0,0,0,0
-1,2,0,0,0,0,0,0,0
0,1,0,0,0,0,0,0,0
1,1,0,0,0,0,0,0,0
1,3,0,0,0,0,0,0,0
1,3,0,0,0,0,0,0,0
1,2,0,0,0,0,0,0,0
0,2,0,0,0,0,0,0,0
1,2,0,0,0,0,0,0,0
1,2,0,0,0,0,0,0,0
0,3,0,0,0,0,0,0,0
0,3,0,0,0,0,0,0,0
0,2,0,0,0,0,0,0,0
0,1,0,0,0,0,0,0,0
0,0,0,0,0,0,0,0,0
1,1,0,0,0,0,0,0,0
2,1,0,0,0,0,0,0,0
1,1,0,0,0,0,0,0,0
0,0,0,0,0,0,0,0,0
-1,-1,0,0,0,0,0,0,0
0,-1,0,0,0,0,0,0,0
2,-1,0,0,0,0,0,0,0
1,0,0,0,0,0,0,0,0
1,0,0,0,0,0,0,0,0
0,-1,0,0,0,0,0,0,0
-1,-1,0,0,0,0,0,0,0
-1,0,0,0,0,0,0,0,0
0,0,0,0,0,0,0,0,0
-1,-1,0,0,0,0,0,0,0
-2,-1,0,0,0,0,0,0,0
0,-2,0,0,0,0,0,0,0
1,-3,0,0,0,0,0,0,0
-1,-2,0,0,0,0,0,0,0
-1,-1,0,0,0,0,0,0,0
-1,-1,0,0,0,0,0,0,0
-1,-2,0,0,0,0,0,0,0
-2,-2,0,0,0,0,0,0,0
-1,-1,0,0,0,0,0,0,0
0,-2,0,0,0,0,0,0,0
-1,-3,0,0,0,0,0,0,0
-1,-2,0,0,0,0,0,0,0
-1,-2,0,0,0,0,0,0,0
-2,-2,0,0,0,0,0,0,0
-2,-1,0,0,0,0,0,0,0
-2,-2,0,0,0,0,0,0,0
-1,-3,0,0,0,0,0,0,0
-1,-2,0,0,0,0,0,0,0
-1,-1,0,0,0,0,0,0,0
-1,-1,0,0,0,0,0,0,0
0,-2,0,0,0,0,0,0,0
0,-2,0,0,0,0,0,0,0
-1,-2,0,0,0,0,0,0,0
-2,-2,0,0,0,0,0,0,0
-1,-2,0,0,0,0,0,0,0
-1,-1,0,0,0,0,0,0,0
-1,-1,0,0,0,0,0,0,0
-1,-2,0,0,0,0,0,0,0
-1,-1,0,0,0,0,0,0,0
-1,-2,0,0,0,0,0,0,0
-1,-2,0,0,0,0,0,0,0
-1,-3,0,0,0,0,0,0,0
-1,-3,0,0,0,0,0,0,0
-1,-2,0,0,0,0,0,0,0
0,-2,0,0,0,0,0,0,0
0,-2,0,0,0,0,0,0,0
-1,-2,0,0,0,0,0,0,0
-1,-3,0,0,0,0,0,0,0
0,-3,0,0,0,0,0,0,0
-1,-3,0,0,0,0,0,0,0
-2,-2,0,0,0,0,0,0,0
-1,-2,0,0,0,0,0,0,0
0,-3,0,0,0,0,0,0,0
0,-2,0,0,0,0,0,0,0
0,0,0,0,0,0,0,0,0
0,-2,0,0,0,0,0,0,0
-1,-2,0,0,0,0,0,0,0
-1,-2,0,0,0,0,0,0,0
0,-2,0,0,0,0,0,0,0
0,-3,0,0,0,0,0,0,0
-1,-3,0,0,0,0,0,0,0
0,-2,0,0,0,0,0,0,0
1,-2,0,0,0,0,0,0,0
0,-2,0,0,0,0,0,0,0
-1,-2,0,0,0,0,0,0,0
0,-2,0,0,0,0,0,0,0
0,-1,0,0,0,0,0,0,0
-1,0,0,0,0,0,0,0,0
-1,-2,0,0,0,0,0,0,0
0,-2,0,0,0,0,0,0,0
1,0,0,0,0,0,0,0,0
0,0,0,0,0,0,0,0,0
-1,-1,0,0,0,0,0,0,0
0,-1,0,0,0,0,0,0,0
2,-1,0,0,0,0,0,0,0
0,-2,0,0,0,0,0,0,0
-1,-1,0,0,0,0,0,0,0
-1,0,0,0,0,0,0,0,0
0,0,0,0,0,0,0,0,0
0,-1,0,0,0,0,0,0,0
1,0,0,0,0,0,0,0,0
0,1,0,0,0,0,0,0,0
-1,-1,0,0,0,0,0,0,0
-1,-2,0,0,0,0,0,0,0
0,-1,0,0,0,0,0,0,0
0,1,0,0,0,0,0,0,0
1,0,0,0,0,0,0,0,0
0,0,0,0,0,0,0,0,0
0,1,0,0,0,0,0,0,0
0,1,0,0,0,0,0,0,0
0,0,0,0,0,0,0,0,0
-1,-1,0,0,0,0,0,0,0
-1,0,0,0,0,0,0,0,0
-1,1,0,0,0,0,0,0,0
0,1,0,0,0,0,0,0,0
0,0,0,0,0,0,0,0,0
-1,-1,0,0,0,0,0,0,0
-1,-1,0,0,0,0,0,0,0
0,0,0,0,0,0,0,0,0
1,0,0,0,0,0,0,0,0
1,0,0,0,0,0,0,0,0
0,0,0,0,0,0,0,0,0
-1,-1,0,0,0,0,0,0,0
0,0,0,0,0,0,0,0,0
2,2,0,0,0,0,0,0,0
1,1,0,0,0,0,0,0,0
-1,1,0,0,0,0,0,0,0
-2,1,0,0,0,0,0,0,0
0,1,0,0,0,0,0,0,0
1,0,0,0,0,0,0,0,0
0,0,0,0,0,0,0,0,0
0,0,0,0,0,0,0,0,0
1,0,0,0,0,0,0,0,0
1,2,0,0,0,0,0,0,0
-1,3,0,0,0,0,0,0,0
-1,1,0,0,0,0,0,0,0
-1,0,0,0,0,0,0,0,0
-2,1,0,0,0,0,0,0,0
-1,1,0,0,0,0,0,0,0
1,1,0,0,0,0,0,0,0
1,1,0,0,0,0,0,0,0
1,0,0,0,0,0,0,0,0
1,0,0,0,0,0,0,0,0
0,1,0,0,0,0,0,0,0
0,1,0,0,0,0,0,0,0
0,0,0,0,0,0,0,0,0
1,1,0,0,0,0,0,0,0
2,0,0,0,0,0,0,0,0
1,0,0,0,0,0,0,0,0
1,0,0,0,0,0,0,0,0
2,0,0,0,0,0,0,0,0
1,-1,0,0,0,0,0,0,0
-1,1,0,0,0,0,0,0,0
-1,1,0,0,0,0,0,0,0
0,-1,0,0,0,0,0,0,0
0,1,0,0,0,0,0,0,0
0,2,0,0,0,0,0,0,0
1,1,0,0,0,0,0,0,0
0,1,0,0,0,0,0,0,0
0,1,0,0,0,0,0,0,0
0,0,0,0,0,0,0,0,0
0,-1,0,0,0,0,0,0,0
1,-1,0,0,0,0,0,0,0
1,0,0,0,0,0,0,0,0
0,0,0,0,0,0,0,0,0
-1,1,0,0,0,0,0,0,0
-1,2,0,0,0,0,0,0,0
0,1,0,0,0,0,0,0,0
-1,0,0,0,0,0,0,0,0
0,0,0,0,0,0,0,0,0
0,0,0,0,0,0,0,0,0
0,0,0,0,0,0,0,0,0
0,0,0,0,0,0,0,0,0
0,0,0,0,0,0,0,0,0
1,0,0,0,0,0,0,0,0
2,1,0,0,0,0,0,0,0
-5,-3,0,0,0,0,0,0,0
-80,-45,0,0,0,0,0,0,0
-299,-171,0,0,0,0,0,0,0
-479,-252,0,0,0,0,0,0,0
-187,-51,0,0,0,0,0,0,0
433,131,0,0,0,0,0,0,0
502,-190,0,0,0,0,0,0,0
-29,-491,0,0,0,0,0,0,0
-182,-158,0,0,0,0,0,0,0
92,213,0,0,0,0,0,0,0
105,145,0,0,0,0,0,0,0
-20,58,0,0,0,0,0,0,0
29,125,0,0,0,0,0,0,0
63,125,0,0,0,0,0,0,0
23,86,0,0,0,0,0,0,0
25,95,0,0,0,0,0,0,0
38,96,0,0,0,0,0,0,0
25,80,0,0,0,0,0,0,0
21,77,0,0,0,0,0,0,0
23,75,0,0,0,0,0,0,0
19,66,0,0,0,0,0,0,0
16,61,0,0,0,0,0,0,0
16,57,0,0,0,0,0,0,0
15,52,0,0,0,0,0,0,0
13,49,0,0,0,0,0,0,0
11,46,0,0,0,0,0,0,0
10,41,1000,0,0,0,0,0,0
9,38,0,0,0,0,0,0,0
7,34,0,0,0,0,0,0,0
7,29,1000,0,0,0,0,0,0
7,26,0,0,0,0,0,0,0
5,23,0,0,0,0,0,0,0
4,20,0,0,0,0,0,0,0
3,18,0,0,0,0,0,0,0
1,16,0,0,0,0,0,0,0
-1,13,0,0,0,0,0,0,0
-1,9,0,0,0,0,0,0,0
-1,8,0,0,0,0,0,0,0
-2,7,0,0,0,0,0,0,0
-2,3,0,0,0,0,0,0,0
-3,0,0,0,0,0,0,0,0
-3,-1,0,0,0,0,0,0,0
-4,-2,0,0,0,0,0,0,0
-6,-5,0,0,0,0,0,0,0
-6,-7,0,0,0,0,0,0,0
-5,-8,0,0,0,0,0,0,0
-6,-8,0,0,0,0,0,0,0
-7,-9,0,0,0,0,0,0,0
-7,-11,0,0,0,0,0,0,0
-6,-13,0,0,0,0,0,0,0
-7,-14,0,0,0,0,0,0,0
-7,-15,0,0,0,0,0,0,0
-7,-16,0,0,0,0,0,0,0
-7,-16,0,0,0,0,0,0,0
-8,-17,0,0,0,0,0,0,0
-9,-18,0,0,0,0,0,0,0
-8,-17,0,0,0,0,0,0,0
-8,-17,0,0,0,0,0,0,0
-9,-18,0,0,0,0,0,0,0
-10,-19,0,0,0,0,0,0,0
-10,-19,0,0,0,0,0,0,0
-9,-20,0,0,0,0,0,0,0
-8,-20,0,0,0,0,0,0,0
-7,-20,0,0,0,0,0,0,0
-7,-19,0,0,0,0,0,0,0
-7,-20,0,0,0,0,0,0,0
-7,-19,0,0,0,0,0,0,0
-6,-19,0,0,0,0,0,0,0
-7,-19,0,0,0,0,0,0,0
-8,-20,0,0,0,0,0,0,0
-8,-19,0,0,0,0,0,0,0
-8,-18,0,0,0,0,0,0,0
-7,-17,0,0,0,0,0,0,0
-7,-17,0,0,0,0,0,0,0
-6,-18,0,0,0,0,0,0,0
-6,-18,0,0,0,0,0,0,0
-8,-18,0,0,0,0,0,0,0
-7,-17,0,0,0,0,0,0,0
-5,-17,0,0,0,0,0,0,0
-5,-17,0,0,0,0,0,0,0
-5,-16,0,0,0,0,0,0,0
-4,-14,0,0,0,0,0,0,0
-4,-13,0,0,0,0,0,0,0
-5,-13,0,0,0,0,0,0,0
-6,-14,0,0,0,0,0,0,0
-5,-13,0,0,0,0,0,0,0
-4,-12,0,0,0,0,0,0,0
-4,-12,0,0,0,0,0,0,0
-4,-12,0,0,0,0,0,0,0
-5,-10,0,0,0,0,0,0,0
-4,-10,0,0,0,0,0,0,0
-2,-10,0,0,0,0,0,0,0
-2,-9,0,0,0,0,0,0,0
-4,-9,0,0,0,0,0,0,0
-4,-9,0,0,0,0,0,0,0
-2,-8,0,0,0,0,0,0,0
-1,-7,0,0,0,0,0,0,0
0,-5,0,0,0,0,0,0,0
1,-4,0,0,0,0,0,0,0
0,-5,0,0,0,0,0,0,0
-2,-5,0,0,0,0,0,0,0
-1,-4,0,0,0,0,0,0,0
-1,-4,0,0,0,0,0,0,0
-2,-3,0,0,0,0,0,0,0
-1,-2,0,0,0,0,0,0,0
1,-2,0,0,0,0,0,0,0
1,-2,0,0,0,0,0,0,0
0,-2,0,0,0,0,0,0,0
1,-1,0,0,0,0,0,0,0
2,-1,0,0,0,0,0,0,0
2,-1,0,0,0,0,0,0,0
2,0,0,0,0,0,0,0,0
2,1,0,0,0,0,0,0,0
1,1,0,0,0,0,0,0,0
1,2,0,0,0,0,0,0,0
1,3,0,0,0,0,0,0,0
1,2,0,0,0,0,0,0,0
1,1,0,0,0,0,0,0,0
1,2,0,0,0,0,0,0,0
2,3,0,0,0,0,0,0,0
2,4,0,0,0,0,0,0,0
3,4,0,0,0,0,0,0,0
3,4,0,0,0,0,0,0,0
2,4,0,0,0,0,0,0,0
2,4,0,0,0,0,0,0,0
3,4,0,0,0,0,0,0,0
2,6,0,0,0,0,0,0,0
1,6,0,0,0,0,0,0,0
2,5,0,0,0,0,0,0,0
3,6,0,0,0,0,0,0,0
4,6,0,0,0,0,0,0,0
5,6,0,0,0,0,0,0,0
4,7,0,0,0,0,0,0,0
2,7,0,0,0,0,0,0,0
2,6,0,0,0,0,0,0,0
2,7,0,0,0,0,0,0,0
2,7,0,0,0,0,0,0,0
2,6,0,0,0,0,0,0,0
1,6,0,0,0,0,0,0,0
3,7,0,0,0,0,0,0,0
4,7,0,0,0,0,0,0,0
3,6,0,0,0,0,0,0,0
3,7,0,0,0,0,0,0,0
3,7,0,0,0,0,0,0,0
2,7,0,0,0,0,0,0,0
1,7,0,0,0,0,0,0,0
2,8,0,0,0,0,0,0,0
3,8,0,0,0,0,0,0,0
3,7,0,0,0,0,0,0,0
3,8,0,0,0,0,0,0,0
2,8,0,0,0,0,0,0,0
2,8,0,0,0,0,0,0,0
2,7,0,0,0,0,0,0,0
2,6,0,0,0,0,0,0,0
3,5,0,0,0,0,0,0,0
3,5,0,0,0,0,0,0,0
2,7,0,0,0,0,0,0,0
2,7,0,0,0,0,0,0,0
3,6,0,0,0,0,0,0,0
2,4,0,0,0,0,0,0,0
1,5,0,0,0,0,0,0,0
2,6,0,0,0,0,0,0,0
2,6,0,0,0,0,0,0,0
3,5,0,0,0,0,0,0,0
3,6,0,0,0,0,0,0,0
1,6,0,0,0,0,0,0,0
1,6,0,0,0,0,0,0,0
2,4,0,0,0,0,0,0,0
3,4,0,0,0,0,0,0,0
3,4,0,0,0,0,0,0,0
2,5,0,0,0,0,0,0,0
1,5,0,0,0,0,0,0,0
0,5,0,0,0,0,0,0,0
0,4,0,0,0,0,0,0,0
0,4,0,0,0,0,0,0,0
1,3,0,0,0,0,0,0,0
1,3,0,0,0,0,0,0,0
1,2,0,0,0,0,0,0,0
0,2,0,0,0,0,0,0,0
0,3,0,0,0,0,0,0,0
1,3,0,0,0,0,0,0,0
2,2,0,0,0,0,0,0,0
2,2,0,0,0,0,0,0,0
2,3,0,0,0,0,0,0,0
2,1,0,0,0,0,0,0,0
1,1,0,0,0,0,0,0,0
0,1,0,0,0,0,0,0,0
1,2,0,0,0,0,0,0,0
1,2,0,0,0,0,0,0,0
1,2,0,0,0,0,0,0,0
0,1,0,0,0,0,0,0,0
0,0,0,0,0,0,0,0,0
0,0,0,0,0,0,0,0,0
0,0,0,0,0,0,0,0,0
-1,-1,0,0,0,0,0,0,0
0,-1,0,0,0,0,0,0,0
0,0,0,0,0,0,0,0,0
0,1,0,0,0,0,0,0,0
0,1,0,0,0,0,0,0,0
0,0,0,0,0,0,0,0,0
0,0,0,0,0,0,0,0,0
0,-1,0,0,0,0,0,0,0
-1,-1,0,0,0,0,0,0,0
-1,0,0,0,0,0,0,0,0
0,0,0,0,0,0,0,0,0
1,-1,0,0,0,0,0,0,0
-1,-2,0,0,0,0,0,0,0
-2,-1,0,0,0,0,0,0,0
-1,-1,0,0,0,0,0,0,0
-1,-2,0,0,0,0,0,0,0
-2,-2,0,0,0,0,0,0,0
-2,-1,0,0,0,0,0,0,0
-1,-1,0,0,0,0,0,0,0
-1,-3,0,0,0,0,0,0,0
-1,-3,0,0,0,0,0,0,0
0,-2,0,0,0,0,0,0,0
0,-1,0,0,0,0,0,0,0
1,-1,0,0,0,0,0,0,0
0,-2,0,0,0,0,0,0,0
-2,-3,0,0,0,0,0,0,0
-2,-3,0,0,0,0,0,0,0
-1,-2,0,0,0,0,0,0,0
0,-1,0,0,0,0,0,0,0
-1,-3,0,0,0,0,0,0,0
-2,-3,0,0,0,0,0,0,0
-1,-2,0,0,0,0,0,0,0
-1,-4,0,0,0,0,0,0,0
-1,-4,0,0,0,0,0,0,0
-2,-4,0,0,0,0,0,0,0
-2,-3,0,0,0,0,0,0,0
-2,-2,0,0,0,0,0,0,0
-1,-3,0,0,0,0,0,0,0
0,-2,0,0,0,0,0,0,0
1,-1,0,0,0,0,0,0,0
0,-2,0,0,0,0,0,0,0
-2,-3,0,0,0,0,0,0,0
-2,-3,0,0,0,0,0,0,0
-1,-2,0,0,0,0,0,0,0
-1,-2,0,0,0,0,0,0,0
-1,-1,0,0,0,0,0,0,0
1,-2,0,0,0,0,0,0,0
1,-2,0,0,0,0,0,0,0
-1,-2,0,0,0,0,0,0,0
-3,-1,0,0,0,0,0,0,0
-2,-2,0,0,0,0,0,0,0
-1,-3,0,0,0,0,0,0,0
0,-3,0,0,0,0,0,0,0
0,-3,0,0,0,0,0,0,0
1,-2,0,0,0,0,0,0,0
1,-2,0,0,0,0,0,0,0
0,-2,0,0,0,0,0,0,0
-1,-1,0,0,0,0,0,0,0
0,0,0,0,0,0,0,0,0
0,-1,0,0,0,0,0,0,0
-1,-1,0,0,0,0,0,0,0
-1,-2,0,0,0,0,0,0,0
0,-3,0,0,0,0,0,0,0
-1,-2,0,0,0,0,0,0,0
-1,-1,0,0,0,0,0,0,0
-1,-1,0,0,0,0,0,0,0
-2,-3,0,0,0,0,0,0,0
-2,-2,0,0,0,0,0,0,0
-1,-1,0,0,0,0,0,0,0
0,-1,0,0,0,0,0,0,0
0,-1,0,0,0,0,0,0,0
0,-1,0,0,0,0,0,0,0
1,-1,0,0,0,0,0,0,0
2,0,0,0,0,0,0,0,0
0,-1,0,0,0,0,0,0,0
-2,-2,0,0,0,0,0,0,0
-1,-1,0,0,0,0,0,0,0
0,-1,0,0,0,0,0,0,0
1,-1,0,0,0,0,0,0,0
1,0,0,0,0,0,0,0,0
0,0,0,0,0,0,0,0,0
-1,-1,0,0,0,0,0,0,0
0,-1,0,0,0,0,0,0,0
1,0,0,0,0,0,0,0,0
0,1,0,0,0,0,0,0,0
0,1,0,0,0,0,0,0,0
0,1,0,0,0,0,0,0,0
-1,2,0,0,0,0,0,0,0
-1,5,0,0,0,0,0,0,0
0,3,0,0,0,0,0,0,0
1,-3,0,0,0,0,0,0,0
0,-1,0,0,0,0,0,0,0
1,2,0,0,0,0,0,0,0
1,0,0,0,0,0,0,0,0
0,0,0,0,0,0,0,0,0
-1,1,0,0,0,0,0,0,0
0,0,0,0,0,0,0,0,0
0,0,0,0,0,0,0,0,0
0,-1,0,0,0,0,0,0,0
-1,-1,0,0,0,0,0,0,0
-1,-1,0,0,0,0,0,0,0
-1,-1,0,0,0,0,0,0,0
-1,-1,0,0,0,0,0,0,0
1,0,0,0,0,0,0,0,0
1,1,0,0,0,0,0,0,0
0,0,0,0,0,0,0,0,0
1,0,0,0,0,0,0,0,0
0,0,0,0,0,0,0,0,0
0,0,0,0,0,0,0,0,0
0,0,0,0,0,0,0,0,0
-1,1,0,0,0,0,0,0,0
-1,2,0,0,0,0,0,0,0
0,1,0,0,0,0,0,0,0
0,0,0,0,0,0,0,0,0
0,1,0,0,0,0,0,0,0
-1,0,0,0,0,0,0,0,0
0,-1,0,0,0,0,0,0,0
0,0,0,0,0,0,0,0,0
1,1,0,0,0,0,0,0,0
1,2,0,0,0,0,0,0,0
0,3,0,0,0,0,0,0,0
1,1,0,0,0,0,0,0,0
1,0,0,0,0,0,0,0,0
0,1,0,0,0,0,0,0,0
0,0,0,0,0,0,0,0,0
0,-1,0,0,0,0,0,0,0
-1,0,0,0,0,0,0,0,0
0,0,0,0,0,0,0,0,0
1,0,0,0,0,0,0,0,0
1,0,0,0,0,0,0,0,0
0,0,0,0,0,0,0,0,0
0,0,0,0,0,0,0,0,0
0,0,0,0,0,0,0,0,0
0,0,0,0,0,0,0,0,0
0,0,0,0,0,0,0,0,0
2,1,0,0,0,0,0,0,0
2,1,0,0,0,0,0,0,0
0,2,0,0,0,0,0,0,0
0,2,0,0,0,0,0,0,0
0,2,0,0,0,0,0,0,0
0,1,0,0,0,0,0,0,0
1,1,0,0,0,0,0,0,0
1,1,0,0,0,0,0,0,0
0,0,0,0,0,0,0,0,0
0,0,0,0,0,0,0,0,0
2,0,0,0,0,0,0,0,0
1,1,0,0,0,0,0,0,0
-1,2,0,0,0,0,0,0,0
0,2,0,0,0,0,0,0,0
0,1,0,0,0,0,0,0,0
-2,0,0,0,0,0,0,0,0
-1,0,0,0,0,0,0,0,0
0,0,0,0,0,0,0,0,0
0,0,0,0,0,0,0,0,0
0,0,0,0,0,0,0,0,0
1,0,0,0,0,0,0,0,0
2,0,0,0,0,0,0,0,0
0,0,0,0,0,0,0,0,0
-7,-3,0,0,0,0,0,0,0
-77,-41,0,0,0,0,0,0,0
-286,-166,0,0,0,0,0,0,0
-471,-257,0,0,0,0,0,0,0
-207,-66,0,0,0,0,0,0,0
411,142,0,0,0,0,0,0,0
511,-157,0,0,0,0,0,0,0
-24,-491,0,0,0,0,0,0,0
-209,-185,0,0,0,0,0,0,0
77,210,0,0,0,0,0,0,0
120,153,0,0,0,0,0,0,0
-9,55,0,0,0,0,0,0,0
30,121,0,0,0,0,0,0,0
66,126,0,0,0,0,0,0,0
24,85,0,0,0,0,0,0,0
25,93,0,0,0,0,0,0,0
38,95,0,0,0,0,0,0,0
25,78,0,0,0,0,0,0,0
22,76,0,0,0,0,0,0,0
26,74,0,0,0,0,0,0,0
22,66,0,0,0,0,0,0,0
19,61,0,0,0,0,0,0,0
19,59,0,0,0,0,0,0,0
16,54,0,0,0,0,0,0,0
14,49,0,0,0,0,0,0,0
13,44,0,0,0,0,0,0,0
12,41,1000,0,0,0,0,0,0
10,37,0,0,0,0,0,0,0
9,34,0,0,0,0,0,0,0
8,30,1000,0,0,0,0,0,0
7,28,0,0,0,0,0,0,0
5,25,0,0,0,0,0,0,0
4,21,0,0,0,0,0,0,0
3,17,0,0,0,0,0,0,0
2,14,0,0,0,0,0,0,0
1,12,0,0,0,0,0,0,0
0,9,0,0,0,0,0,0,0
0,7,0,0,0,0,0,0,0
-1,6,0,0,0,0,0,0,0
-3,4,0,0,0,0,0,0,0
-4,2,0,0,0,0,0,0,0
-5,0,0,0,0,0,0,0,0
-5,-3,0,0,0,0,0,0,0
-5,-5,0,0,0,0,0,0,0
-4,-7,0,0,0,0,0,0,0
-5,-7,0,0,0,0,0,0,0
-5,-8,0,0,0,0,0,0,0
-6,-9,0,0,0,0,0,0,0
-6,-11,0,0,0,0,0,0,0
-7,-12,0,0,0,0,0,0,0
-7,-13,0,0,0,0,0,0,0
-7,-15,0,0,0,0,0,0,0
-7,-15,0,0,0,0,0,0,0
-7,-15,0,0,0,0,0,0,0
-7,-17,0,0,0,0,0,0,0
-7,-17,0,0,0,0,0,0,0
-8,-17,0,0,0,0,0,0,0
-8,-18,0,0,0,0,0,0,0
-8,-19,0,0,0,0,0,0,0
-9,-19,0,0,0,0,0,0,0
-9,-19,0,0,0,0,0,0,0
-8,-19,0,0,0,0,0,0,0
-7,-20,0,0,0,0,0,0,0
-7,-20,0,0,0,0,0,0,0
-8,-20,0,0,0,0,0,0,0
-8,-19,0,0,0,0,0,0,0
-9,-20,0,0,0,0,0,0,0
-9,-20,0,0,0,0,0,0,0
-8,-20,0,0,0,0,0,0,0
-8,-20,0,0,0,0,0,0,0
-8,-20,0,0,0,0,0,0,0
-9,-19,0,0,0,0,0,0,0
-9,-19,0,0,0,0,0,0,0
-9,-18,0,0,0,0,0,0,0
-7,-17,0,0,0,0,0,0,0
-7,-17,0,0,0,0,0,0,0
-7,-18,0,0,0,0,0,0,0
-7,-16,0,0,0,0,0,0,0
-6,-16,0,0,0,0,0,0,0
-6,-16,0,0,0,0,0,0,0
-6,-15,0,0,0,0,0,0,0
-6,-14,0,0,0,0,0,0,0
-6,-15,0,0,0,0,0,0,0
-8,-14,0,0,0,0,0,0,0
-10,-13,0,0,0,0,0,0,0
-6,-14,0,0,0,0,0,0,0
-1,-13,0,0,0,0,0,0,0
-3,-11,0,0,0,0,0,0,0
-5,-10,0,0,0,0,0,0,0
-3,-11,0,0,0,0,0,0,0
-2,-11,0,0,0,0,0,0,0
-3,-10,0,0,0,0,0,0,0
-3,-9,0,0,0,0,0,0,0
-3,-9,0,0,0,0,0,0,0
-3,-9,0,0,0,0,0,0,0
-2,-8,0,0,0,0,0,0,0
-2,-7,0,0,0,0,0,0,0
-1,-6,0,0,0,0,0,0,0
-1,-6,0,0,0,0,0,0,0
-1,-6,0,0,0,0,0,0,0
-1,-6,0,0,0,0,0,0,0
0,-6,0,0,0,0,0,0,0
0,-5,0,0,0,0,0,0,0
0,-3,0,0,0,0,0,0,0
0,-2,0,0,0,0,0,0,0
0,-1,0,0,0,0,0,0,0
0,-1,0,0,0,0,0,0,0
0,-2,0,0,0,0,0,0,0
0,-2,0,0,0,0,0,0,0
0,-1,0,0,0,0,0,0,0
0,0,0,0,0,0,0,0,0
2,1,0,0,0,0,0,0,0
3,2,0,0,0,0,0,0,0
2,2,0,0,0,0,0,0,0
1,2,0,0,0,0,0,0,0
1,2,0,0,0,0,0,0,0
1,2,0,0,0,0,0,0,0
1,2,0,0,0,0,0,0,0
2,2,0,0,0,0,0,0,0
2,3,0,0,0,0,0,0,0
2,4,0,0,0,0,0,0,0
2,4,0,0,0,0,0,0,0
2,3,0,0,0,0,0,0,0
2,4,0,0,0,0,0,0,0
2,5,0,0,0,0,0,0,0
2,4,0,0,0,0,0,0,0
2,5,0,0,0,0,0,0,0
2,6,0,0,0,0,0,0,0
3,6,0,0,0,0,0,0,0
3,7,0,0,0,0,0,0,0
3,6,0,0,0,0,0,0,0
5,5,0,0,0,0,0,0,0
5,6,0,0,0,0,0,0,0
3,7,0,0,0,0,0,0,0
2,6,0,0,0,0,0,0,0
3,6,0,0,0,0,0,0,0
3,7,0,0,0,0,0,0,0
2,7,0,0,0,0,0,0,0
4,7,0,0,0,0,0,0,0
4,7,0,0,0,0,0,0,0
3,6,0,0,0,0,0,0,0
2,6,0,0,0,0,0,0,0
3,7,0,0,0,0,0,0,0
3,7,0,0,0,0,0,0,0
2,7,0,0,0,0,0,0,0
3,8,0,0,0,0,0,0,0
3,8,0,0,0,0,0,0,0
3,8,0,0,0,0,0,0,0
3,8,0,0,0,0,0,0,0
3,8,0,0,0,0,0,0,0
3,7,0,0,0,0,0,0,0
3,6,0,0,0,0,0,0,0
3,6,0,0,0,0,0,0,0
3,6,0,0,0,0,0,0,0
2,7,0,0,0,0,0,0,0
2,7,0,0,0,0,0,0,0
3,6,0,0,0,0,0,0,0
4,5,0,0,0,0,0,0,0
2,6,0,0,0,0,0,0,0
0,7,0,0,0,0,0,0,0
0,7,0,0,0,0,0,0,0
2,7,0,0,0,0,0,0,0
3,6,0,0,0,0,0,0,0
2,6,0,0,0,0,0,0,0
2,6,0,0,0,0,0,0,0
2,5,0,0,0,0,0,0,0
2,4,0,0,0,0,0,0,0
2,4,0,0,0,0,0,0,0
2,4,0,0,0,0,0,0,0
2,3,0,0,0,0,0,0,0
2,4,0,0,0,0,0,0,0
2,4,0,0,0,0,0,0,0
2,4,0,0,0,0,0,0,0
0,3,0,0,0,0,0,0,0
-1,2,0,0,0,0,0,0,0
1,3,0,0,0,0,0,0,0
2,4,0,0,0,0,0,0,0
1,3,0,0,0,0,0,0,0
1,2,0,0,0,0,0,0,0
1,3,0,0,0,0,0,0,0
1,3,0,0,0,0,0,0,0
1,2,0,0,0,0,0,0,0
1,1,0,0,0,0,0,0,0
2,1,0,0,0,0,0,0,0
1,2,0,0,0,0,0,0,0
0,2,0,0,0,0,0,0,0
0,0,0,0,0,0,0,0,0
0,1,0,0,0,0,0,0,0
1,1,0,0,0,0,0,0,0
2,0,0,0,0,0,0,0,0
1,1,0,0,0,0,0,0,0
-1,1,0,0,0,0,0,0,0
-1,0,0,0,0,0,0,0,0
0,0,0,0,0,0,0,0,0
0,0,0,0,0,0,0,0,0
0,1,0,0,0,0,0,0,0
0,0,0,0,0,0,0,0,0
0,0,0,0,0,0,0,0,0
1,-1,0,0,0,0,0,0,0
1,-1,0,0,0,0,0,0,0
-1,-1,0,0,0,0,0,0,0
-1,-1,0,0,0,0,0,0,0
-1,-1,0,0,0,0,0,0,0
-1,1,0,0,0,0,0,0,0
-1,1,0,0,0,0,0,0,0
-1,-1,0,0,0,0,0,0,0
0,-2,0,0,0,0,0,0,0
-1,-1,0,0,0,0,0,0,0
-1,-1,0,0,0,0,0,0,0
-1,-1,0,0,0,0,0,0,0
-1,-1,0,0,0,0,0,0,0
-1,-1,0,0,0,0,0,0,0
-1,-2,0,0,0,0,0,0,0
-1,-2,0,0,0,0,0,0,0
0,-2,0,0,0,0,0,0,0
-1,-2,0,0,0,0,0,0,0
-1,-2,0,0,0,0,0,0,0
-1,-2,0,0,0,0,0,0,0
-1,-2,0,0,0,0,0,0,0
-1,-1,0,0,0,0,0,0,0
0,-1,0,0,0,0,0,0,0
0,-2,0,0,0,0,0,0,0
-1,-2,0,0,0,0,0,0,0
-1,-2,0,0,0,0,0,0,0
-1,-2,0,0,0,0,0,0,0
-2,-2,0,0,0,0,0,0,0
-2,-2,0,0,0,0,0,0,0
-2,-1,0,0,0,0,0,0,0
-1,-2,0,0,0,0,0,0,0
0,-3,0,0,0,0,0,0,0
0,-3,0,0,0,0,0,0,0
1,-2,0,0,0,0,0,0,0
0,-2,0,0,0,0,0,0,0
-2,-1,0,0,0,0,0,0,0
-2,-1,0,0,0,0,0,0,0
-1,-2,0,0,0,0,0,0,0
-1,-2,0,0,0,0,0,0,0
-1,-1,0,0,0,0,0,0,0
-1,-2,0,0,0,0,0,0,0
0,-2,0,0,0,0,0,0,0
0,-3,0,0,0,0,0,0,0
0,-3,0,0,0,0,0,0,0
-2,-2,0,0,0,0,0,0,0
-2,-2,0,0,0,0,0,0,0
-1,-2,0,0,0,0,0,0,0
-1,-2,0,0,0,0,0,0,0
-1,-2,0,0,0,0,0,0,0
0,-1,0,0,0,0,0,0,0
0,-1,0,0,0,0,0,0,0
-1,-2,0,0,0,0,0,0,0
-2,-2,0,0,0,0,0,0,0
-1,-2,0,0,0,0,0,0,0
1,-2,0,0,0,0,0,0,0
0,-2,0,0,0,0,0,0,0
-1,-2,0,0,0,0,0,0,0
-1,-2,0,0,0,0,0,0,0
0,-1,0,0,0,0,0,0,0
-1,-2,0,0,0,0,0,0,0
-2,-2,0,0,0,0,0,0,0
-6,-1,0,0,0,0,0,0,0
-4,-2,0,0,0,0,0,0,0
2,-2,0,0,0,0,0,0,0
3,-1,0,0,0,0,0,0,0
0,-1,0,0,0,0,0,0,0
1,0,0,0,0,0,0,0,0
1,1,0,0,0,0,0,0,0
0,-1,0,0,0,0,0,0,0
0,-2,0,0,0,0,0,0,0
0,-1,0,0,0,0,0,0,0
0,-1,0,0,0,0,0,0,0
2,-1,0,0,0,0,0,0,0
2,-1,0,0,0,0,0,0,0
0,-1,0,0,0,0,0,0,0
0,-1,0,0,0,0,0,0,0
0,0,0,0,0,0,0,0,0
-1,0,0,0,0,0,0,0,0
0,0,0,0,0,0,0,0,0
1,0,0,0,0,0,0,0,0
1,1,0,0,0,0,0,0,0
1,2,0,0,0,0,0,0,0
1,1,0,0,0,0,0,0,0
-1,1,0,0,0,0,0,0,0
0,0,0,0,0,0,0,0,0
1,0,0,0,0,0,0,0,0
1,-1,0,0,0,0,0,0,0
-1,-1,0,0,0,0,0,0,0
-1,-1,0,0,0,0,0,0,0
0,0,0,0,0,0,0,0,0
0,0,0,0,0,0,0,0,0
-1,1,0,0,0,0,0,0,0
-1,1,0,0,0,0,0,0,0
0,0,0,0,0,0,0,0,0
0,-1,0,0,0,0,0,0,0
0,0,0,0,0,0,0,0,0
0,0,0,0,0,0,0,0,0
-1,1,0,0,0,0,0,0,0
0,1,0,0,0,0,0,0,0
0,1,0,0,0,0,0,0,0
-1,0,0,0,0,0,0,0,0
-1,-1,0,0,0,0,0,0,0
-1,0,0,0,0,0,0,0,0
1,0,0,0,0,0,0,0,0
2,0,0,0,0,0,0,0,0
0,0,0,0,0,0,0,0,0
0,0,0,0,0,0,0,0,0
1,0,0,0,0,0,0,0,0
0,0,0,0,0,0,0,0,0
-1,0,0,0,0,0,0,0,0
0,1,0,0,0,0,0,0,0
0,1,0,0,0,0,0,0,0
0,0,0,0,0,0,0,0,0
0,0,0,0,0,0,0,0,0
0,1,0,0,0,0,0,0,0
1,1,0,0,0,0,0,0,0
1,2,0,0,0,0,0,0,0
1,1,0,0,0,0,0,0,0
0,0,0,0,0,0,0,0,0
0,0,0,0,0,0,0,0,0
0,0,0,0,0,0,0,0,0
0,0,0,0,0,0,0,0,0
0,1,0,0,0,0,0,0,0
1,1,0,0,0,0,0,0,0
0,0,0,0,0,0,0,0,0
0,0,0,0,0,0,0,0,0
0,0,0,0,0,0,0,0,0
1,0,0,0,0,0,0,0,0
1,1,0,0,0,0,0,0,0
0,1,0,0,0,0,0,0,0
-1,0,0,0,0,0,0,0,0
0,1,0,0,0,0,0,0,0
0,2,0,0,0,0,0,0,0
0,1,0,0,0,0,0,0,0
1,0,0,0,0,0,0,0,0
1,0,0,0,0,0,0,0,0
1,0,0,0,0,0,0,0,0
1,0,0,0,0,0,0,0,0
0,0,0,0,0,0,0,0,0
0,0,0,0,0,0,0,0,0
0,1,0,0,0,0,0,0,0
1,1,0,0,0,0,0,0,0
0,0,0,0,0,0,0,0,0
-1,0,0,0,0,0,0,0,0
-1,1,0,0,0,0,0,0,0
0,1,0,0,0,0,0,0,0
0,2,0,0,0,0,0,0,0
0,2,0,0,0,0,0,0,0
1,2,0,0,0,0,0,0,0
1,1,0,0,0,0,0,0,0
0,0,0,0,0,0,0,0,0
0,-1,0,0,0,0,0,0,0
1,-1,0,0,0,0,0,0,0
2,0,0,0,0,0,0,0,0
2,0,0,0,0,0,0,0,0
0,0,0,0,0,0,0,0,0
0,1,0,0,0,0,0,0,0
-9,-4,0,0,0,0,0,0,0
-99,-53,0,0,0,0,0,0,0
-328,-190,0,0,0,0,0,0,0
-461,-252,0,0,0,0,0,0,0
-79,-15,0,0,0,0,0,0,0
529,136,0,0,0,0,0,0,0
449,-238,0,0,0,0,0,0,0
-147,-490,0,0,0,0,0,0,0
-210,-100,0,0,0,0,0,0,0
114,227,0,0,0,0,0,0,0
97,122,0,0,0,0,0,0,0
-24,60,0,0,0,0,0,0,0
40,129,0,0,0,0,0,0,0
59,116,0,0,0,0,0,0,0
14,83,0,0,0,0,0,0,0
25,97,0,0,0,0,0,0,0
37,93,0,0,0,0,0,0,0
21,77,0,0,0,0,0,0,0
20,76,0,0,0,0,0,0,0
25,73,0,0,0,0,0,0,0
19,64,0,0,0,0,0,0,0
16,61,0,0,0,0,0,0,0
16,58,0,0,0,0,0,0,0
15,52,0,0,0,0,0,0,0
14,48,0,0,0,0,0,0,0
14,45,0,0,0,0,0,0,0
12,41,1000,0,0,0,0,0,0
9,37,0,0,0,0,0,0,0
8,33,0,0,0,0,0,0,0
6,30,1000,0,0,0,0,0,0
5,26,0,0,0,0,0,0,0
5,23,0,0,0,0,0,0,0
4,21,0,0,0,0,0,0,0
4,17,0,0,0,0,0,0,0
4,14,0,0,0,0,0,0,0
3,12,0,0,0,0,0,0,0
1,10,0,0,0,0,0,0,0
-1,8,0,0,0,0,0,0,0
-2,5,0,0,0,0,0,0,0
-3,3,0,0,0,0,0,0,0
-2,3,0,0,0,0,0,0,0
-2,3,0,0,0,0,0,0,0
-3,1,0,0,0,0,0,0,0
-5,-5,0,0,0,0,0,0,0
-6,-8,0,0,0,0,0,0,0
-6,-9,0,0,0,0,0,0,0
-6,-10,0,0,0,0,0,0,0
-6,-11,0,0,0,0,0,0,0
-5,-12,0,0,0,0,0,0,0
-5,-14,0,0,0,0,0,0,0
-8,-14,0,0,0,0,0,0,0
-10,-14,0,0,0,0,0,0,0
-11,-15,0,0,0,0,0,0,0
-13,-16,0,0,0,0,0,0,0
-11,-17,0,0,0,0,0,0,0
-6,-18,0,0,0,0,0,0,0
-6,-18,0,0,0,0,0,0,0
-8,-18,0,0,0,0,0,0,0
-5,-19,0,0,0,0,0,0,0
-5,-20,0,0,0,0,0,0,0
-8,-20,0,0,0,0,0,0,0
-8,-20,0,0,0,0,0,0,0
-7,-19,0,0,0,0,0,0,0
-8,-20,0,0,0,0,0,0,0
-8,-21,0,0,0,0,0,0,0
-8,-21,0,0,0,0,0,0,0
-7,-20,0,0,0,0,0,0,0
-7,-20,0,0,0,0,0,0,0
-8,-20,0,0,0,0,0,0,0
-8,-20,0,0,0,0,0,0,0
-9,-19,0,0,0,0,0,0,0
-12,-19,0,0,0,0,0,0,0
-11,-18,0,0,0,0,0,0,0
-5,-17,0,0,0,0,0,0,0
-4,-17,0,0,0,0,0,0,0
-7,-16,0,0,0,0,0,0,0
-5,-15,0,0,0,0,0,0,0
-4,-15,0,0,0,0,0,0,0
-5,-17,0,0,0,0,0,0,0
-5,-17,0,0,0,0,0,0,0
-5,-16,0,0,0,0,0,0,0
-4,-14,0,0,0,0,0,0,0
-3,-14,0,0,0,0,0,0,0
-4,-15,0,0,0,0,0,0,0
-5,-14,0,0,0,0,0,0,0
-4,-13,0,0,0,0,0,0,0
-4,-12,0,0,0,0,0,0,0
-5,-11,0,0,0,0,0,0,0
-4,-10,0,0,0,0,0,0,0
-3,-11,0,0,0,0,0,0,0
-3,-11,0,0,0,0,0,0,0
-3,-9,0,0,0,0,0,0,0
-2,-8,0,0,0,0,0,0,0
-1,-9,0,0,0,0,0,0,0
-2,-8,0,0,0,0,0,0,0
-2,-7,0,0,0,0,0,0,0
-2,-7,0,0,0,0,0,0,0
-2,-7,0,0,0,0,0,0,0
-2,-6,0,0,0,0,0,0,0
-2,-6,0,0,0,0,0,0,0
-1,-5,0,0,0,0,0,0,0
0,-5,0,0,0,0,0,0,0
0,-4,0,0,0,0,0,0,0
0,-2,0,0,0,0,0,0,0
0,-2,0,0,0,0,0,0,0
-1,-2,0,0,0,0,0,0,0
-1,-1,0,0,0,0,0,0,0
1,0,0,0,0,0,0,0,0
1,-1,0,0,0,0,0,0,0
1,0,0,0,0,0,0,0,0
1,1,0,0,0,0,0,0,0
1,0,0,0,0,0,0,0,0
-1,0,0,0,0,0,0,0,0
-1,1,0,0,0,0,0,0,0
1,2,0,0,0,0,0,0,0
2,2,0,0,0,0,0,0,0
1,3,0,0,0,0,0,0,0
1,4,0,0,0,0,0,0,0
2,3,0,0,0,0,0,0,0
2,3,0,0,0,0,0,0,0
1,4,0,0,0,0,0,0,0
1,4,0,0,0,0,0,0,0
2,4,0,0,0,0,0,0,0
3,5,0,0,0,0,0,0,0
4,7,0,0,0,0,0,0,0
2,7,0,0,0,0,0,0,0
1,7,0,0,0,0,0,0,0
2,6,0,0,0,0,0,0,0
3,5,0,0,0,0,0,0,0
3,5,0,0,0,0,0,0,0
2,6,0,0,0,0,0,0,0
1,6,0,0,0,0,0,0,0
3,6,0,0,0,0,0,0,0
5,6,0,0,0,0,0,0,0
3,7,0,0,0,0,0,0,0
1,7,0,0,0,0,0,0,0
2,6,0,0,0,0,0,0,0
1,7,0,0,0,0,0,0,0
-2,7,0,0,0,0,0,0,0
0,6,0,0,0,0,0,0,0
5,7,0,0,0,0,0,0,0
6,9,0,0,0,0,0,0,0
3,8,0,0,0,0,0,0,0
2,7,0,0,0,0,0,0,0
4,7,0,0,0,0,0,0,0
4,7,0,0,0,0,0,0,0
2,6,0,0,0,0,0,0,0
3,6,0,0,0,0,0,0,0
4,7,0,0,0,0,0,0,0
4,5,0,0,0,0,0,0,0
3,5,0,0,0,0,0,0,0
4,6,0,0,0,0,0,0,0
3,7,0,0,0,0,0,0,0
2,7,0,0,0,0,0,0,0
2,6,0,0,0,0,0,0,0
2,5,0,0,0,0,0,0,0
2,6,0,0,0,0,0,0,0
2,7,0,0,0,0,0,0,0
2,6,0,0,0,0,0,0,0
3,5,0,0,0,0,0,0,0
3,6,0,0,0,0,0,0,0
2,7,0,0,0,0,0,0,0
1,5,0,0,0,0,0,0,0
1,4,0,0,0,0,0,0,0
2,5,0,0,0,0,0,0,0
1,6,0,0,0,0,0,0,0
1,5,0,0,0,0,0,0,0
3,4,0,0,0,0,0,0,0
3,4,0,0,0,0,0,0,0
1,4,0,0,0,0,0,0,0
0,4,0,0,0,0,0,0,0
1,3,0,0,0,0,0,0,0
1,3,0,0,0,0,0,0,0
1,3,0,0,0,0,0,0,0
1,4,0,0,0,0,0,0,0
1,4,0,0,0,0,0,0,0
2,4,0,0,0,0,0,0,0
2,3,0,0,0,0,0,0,0
1,3,0,0,0,0,0,0,0
0,2,0,0,0,0,0,0,0
0,1,0,0,0,0,0,0,0
0,2,0,0,0,0,0,0,0
1,2,0,0,0,0,0,0,0
2,3,0,0,0,0,0,0,0
2,3,0,0,0,0,0,0,0
1,2,0,0,0,0,0,0,0
0,1,0,0,0,0,0,0,0
0,1,0,0,0,0,0,0,0
0,1,0,0,0,0,0,0,0
-1,0,0,0,0,0,0,0,0
0,1,0,0,0,0,0,0,0
1,1,0,0,0,0,0,0,0
0,2,0,0,0,0,0,0,0
-1,2,0,0,0,0,0,0,0
0,0,0,0,0,0,0,0,0
1,0,0,0,0,0,0,0,0
0,0,0,0,0,0,0,0,0
0,0,0,0,0,0,0,0,0
0,0,0,0,0,0,0,0,0
-1,0,0,0,0,0,0,0,0
-1,-1,0,0,0,0,0,0,0
0,-1,0,0,0,0,0,0,0
0,0,0,0,0,0,0,0,0
-2,0,0,0,0,0,0,0,0
-1,-1,0,0,0,0,0,0,0
0,-1,0,0,0,0,0,0,0
0,-2,0,0,0,0,0,0,0
0,-1,0,0,0,0,0,0,0
0,0,0,0,0,0,0,0,0
-1,-1,0,0,0,0,0,0,0
-1,-1,0,0,0,0,0,0,0
0,-2,0,0,0,0,0,0,0
-2,-3,0,0,0,0,0,0,0
-3,-3,0,0,0,0,0,0,0
-1,-2,0,0,0,0,0,0,0
-1,-2,0,0,0,0,0,0,0
-1,-3,0,0,0,0,0,0,0
0,-2,0,0,0,0,0,0,0
-2,-1,0,0,0,0,0,0,0
-2,-2,0,0,0,0,0,0,0
0,-3,0,0,0,0,0,0,0
0,-3,0,0,0,0,0,0,0
-1,-2,0,0,0,0,0,0,0
-1,-2,0,0,0,0,0,0,0
0,-3,0,0,0,0,0,0,0
0,-2,0,0,0,0,0,0,0
0,-1,0,0,0,0,0,0,0
-1,-1,0,0,0,0,0,0,0
-1,-2,0,0,0,0,0,0,0
0,-3,0,0,0,0,0,0,0
-1,-3,0,0,0,0,0,0,0
-1,-2,0,0,0,0,0,0,0
-1,-2,0,0,0,0,0,0,0
-1,-2,0,0,0,0,0,0,0
-1,-2,0,0,0,0,0,0,0
-2,-2,0,0,0,0,0,0,0
-1,-3,0,0,0,0,0,0,0
-1,-3,0,0,0,0,0,0,0
-2,-2,0,0,0,0,0,0,0
-1,-1,0,0,0,0,0,0,0
1,-2,0,0,0,0,0,0,0
2,-1,0,0,0,0,0,0,0
0,-1,0,0,0,0,0,0,0
-1,-1,0,0,0,0,0,0,0
-2,-2,0,0,0,0,0,0,0
-1,-2,0,0,0,0,0,0,0
-1,-2,0,0,0,0,0,0,0
-1,-3,0,0,0,0,0,0,0
-1,-3,0,0,0,0,0,0,0
-1,-2,0,0,0,0,0,0,0
-1,-2,0,0,0,0,0,0,0
-1,-2,0,0,0,0,0,0,0
-1,-1,0,0,0,0,0,0,0
-1,-1,0,0,0,0,0,0,0
-2,-2,0,0,0,0,0,0,0
-1,-3,0,0,0,0,0,0,0
1,-2,0,0,0,0,0,0,0
1,0,0,0,0,0,0,0,0
0,0,0,0,0,0,0,0,0
0,-2,0,0,0,0,0,0,0
0,-2,0,0,0,0,0,0,0
-1,-1,0,0,0,0,0,0,0
-1,-1,0,0,0,0,0,0,0
0,-1,0,0,0,0,0,0,0
0,-1,0,0,0,0,0,0,0
0,-1,0,0,0,0,0,0,0
0,0,0,0,0,0,0,0,0
1,0,0,0,0,0,0,0,0
0,-1,0,0,0,0,0,0,0
-1,-2,0,0,0,0,0,0,0
0,-1,0,0,0,0,0,0,0
0,-1,0,0,0,0,0,0,0
-1,0,0,0,0,0,0,0,0
-1,1,0,0,0,0,0,0,0
1,0,0,0,0,0,0,0,0
2,-1,0,0,0,0,0,0,0
1,-1,0,0,0,0,0,0,0
0,-1,0,0,0,0,0,0,0
-1,-1,0,0,0,0,0,0,0
0,-1,0,0,0,0,0,0,0
0,0,0,0,0,0,0,0,0
1,-1,0,0,0,0,0,0,0
0,0,0,0,0,0,0,0,0
-1,1,0,0,0,0,0,0,0
0,1,0,0,0,0,0,0,0
0,-1,0,0,0,0,0,0,0
-1,-1,0,0,0,0,0,0,0
0,-1,0,0,0,0,0,0,0
1,0,0,0,0,0,0,0,0
0,1,0,0,0,0,0,0,0
-1,1,0,0,0,0,0,0,0
0,0,0,0,0,0,0,0,0
1,1,0,0,0,0,0,0,0
0,0,0,0,0,0,0,0,0
-1,-1,0,0,0,0,0,0,0
0,-1,0,0,0,0,0,0,0
-1,0,0,0,0,0,0,0,0
-1,0,0,0,0,0,0,0,0
0,0,0,0,0,0,0,0,0
1,0,0,0,0,0,0,0,0
0,0,0,0,0,0,0,0,0
-1,0,0,0,0,0,0,0,0
0,0,0,0,0,0,0,0,0
0,0,0,0,0,0,0,0,0
-1,0,0,0,0,0,0,0,0
0,0,0,0,0,0,0,0,0
1,0,0,0,0,0,0,0,0
1,1,0,0,0,0,0,0,0
2,1,0,0,0,0,0,0,0
2,1,0,0,0,0,0,0,0
0,0,0,0,0,0,0,0,0
-1,1,0,0,0,0,0,0,0
0,1,0,0,0,0,0,0,0
1,1,0,0,0,0,0,0,0
-1,1,0,0,0,0,0,0,0
0,1,0,0,0,0,0,0,0
1,1,0,0,0,0,0,0,0
-1,0,0,0,0,0,0,0,0
-1,0,0,0,0,0,0,0,0
0,2,0,0,0,0,0,0,0
1,2,0,0,0,0,0,0,0
0,1,0,0,0,0,0,0,0
0,-1,0,0,0,0,0,0,0
-1,0,0,0,0,0,0,0,0
0,2,0,0,0,0,0,0,0
2,2,0,0,0,0,0,0,0
2,2,0,0,0,0,0,0,0
0,1,0,0,0,0,0,0,0
0,1,0,0,0,0,0,0,0
0,1,0,0,0,0,0,0,0
-1,0,0,0,0,0,0,0,0
0,0,0,0,0,0,0,0,0
0,1,0,0,0,0,0,0,0
0,2,0,0,0,0,0,0,0
0,0,0,0,0,0,0,0,0
0,-1,0,0,0,0,0,0,0
-1,0,0,0,0,0,0,0,0
-1,0,0,0,0,0,0,0,0
0,0,0,0,0,0,0,0,0
1,0,0,0,0,0,0,0,0
2,1,0,0,0,0,0,0,0
2,1,0,0,0,0,0,0,0
1,0,0,0,0,0,0,0,0
-1,2,0,0,0,0,0,0,0
-1,2,0,0,0,0,0,0,0
-4,-1,0,0,0,0,0,0,0
-61,-23,0,0,0,0,0,0,0
-252,-114,0,0,0,0,0,0,0
-459,-227,0,0,0,0,0,0,0
-252,-122,0,0,0,0,0,0,0
393,106,0,0,0,0,0,0,0
576,-67,0,0,0,0,0,0,0
-20,-438,0,0,0,0,0,0,0
-315,-276,0,0,0,0,0,0,0
32,142,0,0,0,0,0,0,0
158,174,0,0,0,0,0,0,0
-4,58,0,0,0,0,0,0,0
16,100,0,0,0,0,0,0,0
77,127,0,0,0,0,0,0,0
31,86,0,0,0,0,0,0,0
22,84,0,0,0,0,0,0,0
43,92,0,0,0,0,0,0,0
30,76,0,0,0,0,0,0,0
22,71,0,0,0,0,0,0,0
29,72,0,0,0,0,0,0,0
25,64,0,0,0,0,0,0,0
20,58,0,0,0,0,0,0,0
21,56,0,0,0,0,0,0,0
19,53,0,0,0,0,0,0,0
15,48,0,0,0,0,0,0,0
14,44,0,0,0,0,0,0,0
14,39,0,0,0,0,0,0,0
12,34,1000,0,0,0,0,0,0
10,32,0,0,0,0,0,0,0
10,30,0,0,0,0,0,0,0
9,27,1000,0,0,0,0,0,0
6,24,0,0,0,0,0,0,0
5,20,0,0,0,0,0,0,0
4,17,0,0,0,0,0,0,0
2,14,0,0,0,0,0,0,0
2,12,0,0,0,0,0,0,0
2,10,0,0,0,0,0,0,0
1,9,0,0,0,0,0,0,0
-1,7,0,0,0,0,0,0,0
-1,3,0,0,0,0,0,0,0
-2,0,0,0,0,0,0,0,0
-4,-1,0,0,0,0,0,0,0
-5,-2,0,0,0,0,0,0,0
-6,-4,0,0,0,0,0,0,0
-5,-5,0,0,0,0,0,0,0
-4,-6,0,0,0,0,0,0,0
-5,-8,0,0,0,0,0,0,0
-6,-9,0,0,0,0,0,0,0
-6,-9,0,0,0,0,0,0,0
-6,-10,0,0,0,0,0,0,0
-7,-13,0,0,0,0,0,0,0
-9,-14,0,0,0,0,0,0,0
-8,-14,0,0,0,0,0,0,0
-7,-14,0,0,0,0,0,0,0
-8,-15,0,0,0,0,0,0,0
-9,-16,0,0,0,0,0,0,0
-9,-17,0,0,0,0,0,0,0
-9,-16,0,0,0,0,0,0,0
-10,-17,0,0,0,0,0,0,0
-10,-18,0,0,0,0,0,0,0
-9,-19,0,0,0,0,0,0,0
-7,-18,0,0,0,0,0,0,0
-7,-17,0,0,0,0,0,0,0
-8,-16,0,0,0,0,0,0,0
-8,-17,0,0,0,0,0,0,0
-9,-19,0,0,0,0,0,0,0
-9,-19,0,0,0,0,0,0,0
-9,-19,0,0,0,0,0,0,0
-8,-19,0,0,0,0,0,0,0
-8,-19,0,0,0,0,0,0,0
-8,-18,0,0,0,0,0,0,0
-7,-18,0,0,0,0,0,0,0
-8,-18,0,0,0,0,0,0,0
-8,-17,0,0,0,0,0,0,0
-8,-17,0,0,0,0,0,0,0
-8,-17,0,0,0,0,0,0,0
-7,-17,0,0,0,0,0,0,0
-7,-16,0,0,0,0,0,0,0
-6,-16,0,0,0,0,0,0,0
-5,-14,0,0,0,0,0,0,0
-6,-13,0,0,0,0,0,0,0
-6,-14,0,0,0,0,0,0,0
-5,-15,0,0,0,0,0,0,0
-5,-14,0,0,0,0,0,0,0
-6,-13,0,0,0,0,0,0,0
-5,-13,0,0,0,0,0,0,0
-5,-12,0,0,0,0,0,0,0
-6,-11,0,0,0,0,0,0,0
-4,-11,0,0,0,0,0,0,0
-4,-11,0,0,0,0,0,0,0
-4,-11,0,0,0,0,0,0,0
-3,-9,0,0,0,0,0,0,0
-4,-9,0,0,0,0,0,0,0
-4,-8,0,0,0,0,0,0,0
-3,-7,0,0,0,0,0,0,0
-3,-7,0,0,0,0,0,0,0
-3,-7,0,0,0,0,0,0,0
-1,-6,0,0,0,0,0,0,0
-1,-5,0,0,0,0,0,0,0
-2,-6,0,0,0,0,0,0,0
-3,-5,0,0,0,0,0,0,0
-3,-4,0,0,0,0,0,0,0
-1,-3,0,0,0,0,0,0,0
-1,-3,0,0,0,0,0,0,0
-1,-3,0,0,0,0,0,0,0
-1,-2,0,0,0,0,0,0,0
0,-1,0,0,0,0,0,0,0
0,-1,0,0,0,0,0,0,0
-1,-1,0,0,0,0,0,0,0
-1,1,0,0,0,0,0,0,0
-1,1,0,0,0,0,0,0,0
0,0,0,0,0,0,0,0,0
1,0,0,0,0,0,0,0,0
2,1,0,0,0,0,0,0,0
2,3,0,0,0,0,0,0,0
1,3,0,0,0,0,0,0,0
1,2,0,0,0,0,0,0,0
2,3,0,0,0,0,0,0,0
2,3,0,0,0,0,0,0,0
3,3,0,0,0,0,0,0,0
3,2,0,0,0,0,0,0,0
2,3,0,0,0,0,0,0,0
2,5,0,0,0,0,0,0,0
2,5,0,0,0,0,0,0,0
3,5,0,0,0,0,0,0,0
4,4,0,0,0,0,0,0,0
4,4,0,0,0,0,0,0,0
4,5,0,0,0,0,0,0,0
4,6,0,0,0,0,0,0,0
3,6,0,0,0,0,0,0,0
2,6,0,0,0,0,0,0,0
3,6,0,0,0,0,0,0,0
3,5,0,0,0,0,0,0,0
2,5,0,0,0,0,0,0,0
2,5,0,0,0,0,0,0,0
3,6,0,0,0,0,0,0,0
3,6,0,0,0,0,0,0,0
3,6,0,0,0,0,0,0,0
2,8,0,0,0,0,0,0,0
3,7,0,0,0,0,0,0,0
5,6,0,0,0,0,0,0,0
5,5,0,0,0,0,0,0,0
3,6,0,0,0,0,0,0,0
2,6,0,0,0,0,0,0,0
3,6,0,0,0,0,0,0,0
4,7,0,0,0,0,0,0,0
4,7,0,0,0,0,0,0,0
5,7,0,0,0,0,0,0,0
5,7,0,0,0,0,0,0,0
3,6,0,0,0,0,0,0,0
3,6,0,0,0,0,0,0,0
2,6,0,0,0,0,0,0,0
1,6,0,0,0,0,0,0,0
3,6,0,0,0,0,0,0,0
4,5,0,0,0,0,0,0,0
3,5,0,0,0,0,0,0,0
1,6,0,0,0,0,0,0,0
3,7,0,0,0,0,0,0,0
2,5,0,0,0,0,0,0,0
1,4,0,0,0,0,0,0,0
2,5,0,0,0,0,0,0,0
3,6,0,0,0,0,0,0,0
2,6,0,0,0,0,0,0,0
2,5,0,0,0,0,0,0,0
3,6,0,0,0,0,0,0,0
2,5,0,0,0,0,0,0,0
1,4,0,0,0,0,0,0,0
1,4,0,0,0,0,0,0,0
2,4,0,0,0,0,0,0,0
2,3,0,0,0,0,0,0,0
1,3,0,0,0,0,0,0,0
1,4,0,0,0,0,0,0,0
1,4,0,0,0,0,0,0,0
0,3,0,0,0,0,0,0,0
1,2,0,0,0,0,0,0,0
1,2,0,0,0,0,0,0,0
0,3,0,0,0,0,0,0,0
0,3,0,0,0,0,0,0,0
1,3,0,0,0,0,0,0,0
2,2,0,0,0,0,0,0,0
2,2,0,0,0,0,0,0,0
2,3,0,0,0,0,0,0,0
1,3,0,0,0,0,0,0,0
1,1,0,0,0,0,0,0,0
1,1,0,0,0,0,0,0,0
0,1,0,0,0,0,0,0,0
0,1,0,0,0,0,0,0,0
0,2,0,0,0,0,0,0,0
0,1,0,0,0,0,0,0,0
0,1,0,0,0,0,0,0,0
0,1,0,0,0,0,0,0,0
0,2,0,0,0,0,0,0,0
0,0,0,0,0,0,0,0,0
0,-1,0,0,0,0,0,0,0
1,0,0,0,0,0,0,0,0
1,0,0,0,0,0,0,0,0
0,1,0,0,0,0,0,0,0
0,0,0,0,0,0,0,0,0
0,-1,0,0,0,0,0,0,0
0,-1,0,0,0,0,0,0,0
0,1,0,0,0,0,0,0,0
0,0,0,0,0,0,0,0,0
0,-1,0,0,0,0,0,0,0
-1,-1,0,0,0,0,0,0,0
-1,-1,0,0,0,0,0,0,0
0,0,0,0,0,0,0,0,0
0,0,0,0,0,0,0,0,0
-1,-1,0,0,0,0,0,0,0
-1,-2,0,0,0,0,0,0,0
-1,-2,0,0,0,0,0,0,0
-1,-1,0,0,0,0,0,0,0
0,-1,0,0,0,0,0,0,0
1,-2,0,0,0,0,0,0,0
0,-2,0,0,0,0,0,0,0
-1,-2,0,0,0,0,0,0,0
0,-2,0,0,0,0,0,0,0
-1,-2,0,0,0,0,0,0,0
-3,-2,0,0,0,0,0,0,0
-2,-2,0,0,0,0,0,0,0
-1,-2,0,0,0,0,0,0,0
-1,-1,0,0,0,0,0,0,0
-1,-1,0,0,0,0,0,0,0
0,-1,0,0,0,0,0,0,0
-1,-2,0,0,0,0,0,0,0
-2,-2,0,0,0,0,0,0,0
-2,-3,0,0,0,0,0,0,0
-2,-3,0,0,0,0,0,0,0
-2,-2,0,0,0,0,0,0,0
-1,-2,0,0,0,0,0,0,0
-1,-2,0,0,0,0,0,0,0
-2,-2,0,0,0,0,0,0,0
0,-2,0,0,0,0,0,0,0
1,-2,0,0,0,0,0,0,0
-1,-2,0,0,0,0,0,0,0
-2,-2,0,0,0,0,0,0,0
-2,-3,0,0,0,0,0,0,0
-1,-2,0,0,0,0,0,0,0
-1,-2,0,0,0,0,0,0,0
-1,-2,0,0,0,0,0,0,0
-1,-2,0,0,0,0,0,0,0
-1,-1,0,0,0,0,0,0,0
-1,-1,0,0,0,0,0,0,0
-1,-2,0,0,0,0,0,0,0
0,-2,0,0,0,0,0,0,0
0,-2,0,0,0,0,0,0,0
-1,-1,0,0,0,0,0,0,0
-1,0,0,0,0,0,0,0,0
0,0,0,0,0,0,0,0,0
0,-2,0,0,0,0,0,0,0
-1,-2,0,0,0,0,0,0,0
-2,-2,0,0,0,0,0,0,0
-2,-1,0,0,0,0,0,0,0
-3,-2,0,0,0,0,0,0,0
-2,-2,0,0,0,0,0,0,0
0,-1,0,0,0,0,0,0,0
0,-1,0,0,0,0,0,0,0
-1,-1,0,0,0,0,0,0,0
1,-1,0,0,0,0,0,0,0
0,-1,0,0,0,0,0,0,0
-2,-2,0,0,0,0,0,0,0
-2,-2,0,0,0,0,0,0,0
0,-2,0,0,0,0,0,0,0
0,-1,0,0,0,0,0,0,0
0,0,0,0,0,0,0,0,0
1,0,0,0,0,0,0,0,0
0,-1,0,0,0,0,0,0,0
-1,-1,0,0,0,0,0,0,0
-1,0,0,0,0,0,0,0,0
-1,-1,0,0,0,0,0,0,0
-1,-2,0,0,0,0,0,0,0
-1,-1,0,0,0,0,0,0,0
0,0,0,0,0,0,0,0,0
0,0,0,0,0,0,0,0,0
0,-1,0,0,0,0,0,0,0
0,-1,0,0,0,0,0,0,0
0,-1,0,0,0,0,0,0,0
0,-1,0,0,0,0,0,0,0
-1,-1,0,0,0,0,0,0,0
0,1,0,0,0,0,0,0,0
1,1,0,0,0,0,0,0,0
0,0,0,0,0,0,0,0,0
0,-1,0,0,0,0,0,0,0
0,0,0,0,0,0,0,0,0
1,0,0,0,0,0,0,0,0
2,0,0,0,0,0,0,0,0
1,0,0,0,0,0,0,0,0
-1,-1,0,0,0,0,0,0,0
-1,-1,0,0,0,0,0,0,0
0,0,0,0,0,0,0,0,0
0,0,0,0,0,0,0,0,0
1,0,0,0,0,0,0,0,0
2,0,0,0,0,0,0,0,0
1,-1,0,0,0,0,0,0,0
0,0,0,0,0,0,0,0,0
0,1,0,0,0,0,0,0,0
1,1,0,0,0,0,0,0,0
0,1,0,0,0,0,0,0,0
0,1,0,0,0,0,0,0,0
0,1,0,0,0,0,0,0,0
2,0,0,0,0,0,0,0,0
1,0,0,0,0,0,0,0,0
0,0,0,0,0,0,0,0,0
1,1,0,0,0,0,0,0,0
1,1,0,0,0,0,0,0,0
0,1,0,0,0,0,0,0,0
0,0,0,0,0,0,0,0,0
-1,0,0,0,0,0,0,0,0
-6,1,0,0,0,0,0,0,0
-4,1,0,0,0,0,0,0,0
2,0,0,0,0,0,0,0,0
2,-1,0,0,0,0,0,0,0
-1,0,0,0,0,0,0,0,0
1,1,0,0,0,0,0,0,0
2,0,0,0,0,0,0,0,0
0,0,0,0,0,0,0,0,0
0,0,0,0,0,0,0,0,0
2,1,0,0,0,0,0,0,0
1,0,0,0,0,0,0,0,0
0,-1,0,0,0,0,0,0,0
0,0,0,0,0,0,0,0,0
0,2,0,0,0,0,0,0,0
-1,1,0,0,0,0,0,0,0
1,0,0,0,0,0,0,0,0
1,-1,0,0,0,0,0,0,0
0,0,0,0,0,0,0,0,0
0,0,0,0,0,0,0,0,0
0,0,0,0,0,0,0,0,0
-1,0,0,0,0,0,0,0,0
0,1,0,0,0,0,0,0,0
1,1,0,0,0,0,0,0,0
1,2,0,0,0,0,0,0,0
1,1,0,0,0,0,0,0,0
1,0,0,0,0,0,0,0,0
1,0,0,0,0,0,0,0,0
-1,0,0,0,0,0,0,0,0
-4,0,0,0,0,0,0,0,0
-3,0,0,0,0,0,0,0,0
2,0,0,0,0,0,0,0,0
2,0,0,0,0,0,0,0,0
-1,0,0,0,0,0,0,0,0
1,1,0,0,0,0,0,0,0
2,1,0,0,0,0,0,0,0
1,1,0,0,0,0,0,0,0
0,1,0,0,0,0,0,0,0
0,2,0,0,0,0,0,0,0
-1,1,0,0,0,0,0,0,0
1,1,0,0,0,0,0,0,0
2,1,0,0,0,0,0,0,0
1,1,0,0,0,0,0,0,0
0,1,0,0,0,0,0,0,0
0,1,0,0,0,0,0,0,0
1,1,0,0,0,0,0,0,0
2,1,0,0,0,0,0,0,0
-11,-6,0,0,0,0,0,0,0
-109,-58,0,0,0,0,0,0,0
-343,-192,0,0,0,0,0,0,0
-458,-241,0,0,0,0,0,0,0
-46,-13,0,0,0,0,0,0,0
554,93,0,0,0,0,0,0,0
432,-283,0,0,0,0,0,0,0
-162,-471,0,0,0,0,0,0,0
-187,-60,0,0,0,0,0,0,0
128,230,0,0,0,0,0,0,0
84,118,0,0,0,0,0,0,0
-32,72,0,0,0,0,0,0,0
40,138,0,0,0,0,0,0,0
58,115,0,0,0,0,0,0,0
14,85,0,0,0,0,0,0,0
26,100,0,0,0,0,0,0,0
35,94,0,0,0,0,0,0,0
19,78,0,0,0,0,0,0,0
20,78,0,0,0,0,0,0,0
25,75,0,0,0,0,0,0,0
19,66,0,0,0,0,0,0,0
16,62,0,0,0,0,0,0,0
16,59,0,0,0,0,0,0,0
13,53,0,0,0,0,0,0,0
12,49,0,0,0,0,0,0,0
11,45,0,0,0,0,0,0,0
10,41,1000,0,0,0,0,0,0
9,39,0,0,0,0,0,0,0
8,36,0,0,0,0,0,0,0
6,31,1000,0,0,0,0,0,0
5,26,0,0,0,0,0,0,0
4,23,0,0,0,0,0,0,0
2,20,0,0,0,0,0,0,0
2,17,0,0,0,0,0,0,0
1,15,0,0,0,0,0,0,0
0,13,0,0,0,0,0,0,0
-1,11,0,0,0,0,0,0,0
0,9,0,0,0,0,0,0,0
-1,6,0,0,0,0,0,0,0
-3,2,0,0,0,0,0,0,0
-3,0,0,0,0,0,0,0,0
-2,-2,0,0,0,0,0,0,0
-2,-3,0,0,0,0,0,0,0
-4,-4,0,0,0,0,0,0,0
-4,-5,0,0,0,0,0,0,0
-4,-7,0,0,0,0,0,0,0
-5,-9,0,0,0,0,0,0,0
-6,-11,0,0,0,0,0,0,0
-7,-13,0,0,0,0,0,0,0
-7,-13,0,0,0,0,0,0,0
-7,-14,0,0,0,0,0,0,0
-7,-15,0,0,0,0,0,0,0
-8,-15,0,0,0,0,0,0,0
-7,-16,0,0,0,0,0,0,0
-8,-17,0,0,0,0,0,0,0
-10,-18,0,0,0,0,0,0,0
-9,-19,0,0,0,0,0,0,0
-8,-19,0,0,0,0,0,0,0
-8,-19,0,0,0,0,0,0,0
-8,-19,0,0,0,0,0,0,0
-7,-19,0,0,0,0,0,0,0
-7,-19,0,0,0,0,0,0,0
-7,-19,0,0,0,0,0,0,0
-8,-21,0,0,0,0,0,0,0
-9,-22,0,0,0,0,0,0,0
-8,-21,0,0,0,0,0,0,0
-8,-20,0,0,0,0,0,0,0
-8,-21,0,0,0,0,0,0,0
-8,-20,0,0,0,0,0,0,0
-7,-19,0,0,0,0,0,0,0
-6,-19,0,0,0,0,0,0,0
-6,-20,0,0,0,0,0,0,0
-7,-20,0,0,0,0,0,0,0
-8,-19,0,0,0,0,0,0,0
-7,-18,0,0,0,0,0,0,0
-6,-18,0,0,0,0,0,0,0
-6,-17,0,0,0,0,0,0,0
-5,-16,0,0,0,0,0,0,0
-6,-16,0,0,0,0,0,0,0
-6,-17,0,0,0,0,0,0,0
-6,-16,0,0,0,0,0,0,0
-6,-15,0,0,0,0,0,0,0
-6,-16,0,0,0,0,0,0,0
-4,-14,0,0,0,0,0,0,0
-4,-13,0,0,0,0,0,0,0
-4,-14,0,0,0,0,0,0,0
-5,-13,0,0,0,0,0,0,0
-5,-11,0,0,0,0,0,0,0
-4,-12,0,0,0,0,0,0,0
-3,-12,0,0,0,0,0,0,0
-3,-11,0,0,0,0,0,0,0
-3,-10,0,0,0,0,0,0,0
-2,-10,0,0,0,0,0,0,0
-1,-9,0,0,0,0,0,0,0
-1,-8,0,0,0,0,0,0,0
-2,-7,0,0,0,0,0,0,0
-2,-8,0,0,0,0,0,0,0
-1,-7,0,0,0,0,0,0,0
-1,-6,0,0,0,0,0,0,0
-2,-5,0,0,0,0,0,0,0
-1,-5,0,0,0,0,0,0,0
0,-4,0,0,0,0,0,0,0
1,-3,0,0,0,0,0,0,0
2,-2,0,0,0,0,0,0,0
0,-3,0,0,0,0,0,0,0
-1,-3,0,0,0,0,0,0,0
0,-1,0,0,0,0,0,0,0
0,0,0,0,0,0,0,0,0
0,-1,0,0,0,0,0,0,0
1,-1,0,0,0,0,0,0,0
1,1,0,0,0,0,0,0,0
0,1,0,0,0,0,0,0,0
1,0,0,0,0,0,0,0,0
2,1,0,0,0,0,0,0,0
1,2,0,0,0,0,0,0,0
0,2,0,0,0,0,0,0,0
1,4,0,0,0,0,0,0,0
2,3,0,0,0,0,0,0,0
1,3,0,0,0,0,0,0,0
2,4,0,0,0,0,0,0,0
3,6,0,0,0,0,0,0,0
2,4,0,0,0,0,0,0,0
1,3,0,0,0,0,0,0,0
2,4,0,0,0,0,0,0,0
2,5,0,0,0,0,0,0,0
2,5,0,0,0,0,0,0,0
2,6,0,0,0,0,0,0,0
2,6,0,0,0,0,0,0,0
2,6,0,0,0,0,0,0,0
3,7,0,0,0,0,0,0,0
2,6,0,0,0,0,0,0,0
-1,6,0,0,0,0,0,0,0
0,7,0,0,0,0,0,0,0
4,7,0,0,0,0,0,0,0
3,6,0,0,0,0,0,0,0
2,7,0,0,0,0,0,0,0
4,7,0,0,0,0,0,0,0
5,7,0,0,0,0,0,0,0
3,6,0,0,0,0,0,0,0
3,7,0,0,0,0,0,0,0
4,8,0,0,0,0,0,0,0
4,8,0,0,0,0,0,0,0
4,7,0,0,0,0,0,0,0
3,8,0,0,0,0,0,0,0
3,8,0,0,0,0,0,0,0
3,7,0,0,0,0,0,0,0
4,7,0,0,0,0,0,0,0
3,7,0,0,0,0,0,0,0
2,8,0,0,0,0,0,0,0
3,8,0,0,0,0,0,0,0
3,7,0,0,0,0,0,0,0
3,7,0,0,0,0,0,0,0
4,6,0,0,0,0,0,0,0
2,7,0,0,0,0,0,0,0
2,6,0,0,0,0,0,0,0
2,6,0,0,0,0,0,0,0
2,7,0,0,0,0,0,0,0
1,7,0,0,0,0,0,0,0
2,6,0,0,0,0,0,0,0
1,6,0,0,0,0,0,0,0
2,6,0,0,0,0,0,0,0
4,6,0,0,0,0,0,0,0
3,6,0,0,0,0,0,0,0
2,6,0,0,0,0,0,0,0
2,5,0,0,0,0,0,0,0
1,5,0,0,0,0,0,0,0
1,4,0,0,0,0,0,0,0
1,5,0,0,0,0,0,0,0
1,5,0,0,0,0,0,0,0
0,4,0,0,0,0,0,0,0
0,4,0,0,0,0,0,0,0
1,4,0,0,0,0,0,0,0
2,3,0,0,0,0,0,0,0
1,4,0,0,0,0,0,0,0
-1,5,0,0,0,0,0,0,0
1,4,0,0,0,0,0,0,0
3,3,0,0,0,0,0,0,0
3,3,0,0,0,0,0,0,0
2,3,0,0,0,0,0,0,0
2,2,0,0,0,0,0,0,0
2,2,0,0,0,0,0,0,0
1,2,0,0,0,0,0,0,0
0,2,0,0,0,0,0,0,0
0,2,0,0,0,0,0,0,0
1,3,0,0,0,0,0,0,0
0,2,0,0,0,0,0,0,0
-1,1,0,0,0,0,0,0,0
-1,1,0,0,0,0,0,0,0
-3,2,0,0,0,0,0,0,0
-3,1,0,0,0,0,0,0,0
2,0,0,0,0,0,0,0,0
3,0,0,0,0,0,0,0,0
0,1,0,0,0,0,0,0,0
0,0,0,0,0,0,0,0,0
1,0,0,0,0,0,0,0,0
0,0,0,0,0,0,0,0,0
0,1,0,0,0,0,0,0,0
0,0,0,0,0,0,0,0,0
0,-1,0,0,0,0,0,0,0
-1,-1,0,0,0,0,0,0,0
0,0,0,0,0,0,0,0,0
0,0,0,0,0,0,0,0,0
-1,-1,0,0,0,0,0,0,0
-1,-1,0,0,0,0,0,0,0
0,-1,0,0,0,0,0,0,0
0,-1,0,0,0,0,0,0,0
-1,-1,0,0,0,0,0,0,0
-1,-1,0,0,0,0,0,0,0
-1,-2,0,0,0,0,0,0,0
0,-1,0,0,0,0,0,0,0
0,0,0,0,0,0,0,0,0
-1,-1,0,0,0,0,0,0,0
0,-2,0,0,0,0,0,0,0
0,-2,0,0,0,0,0,0,0
-2,-2,0,0,0,0,0,0,0
-2,-2,0,0,0,0,0,0,0
-1,-2,0,0,0,0,0,0,0
-1,-1,0,0,0,0,0,0,0
-1,-1,0,0,0,0,0,0,0
0,-2,0,0,0,0,0,0,0
0,-2,0,0,0,0,0,0,0
-1,-2,0,0,0,0,0,0,0
-2,-3,0,0,0,0,0,0,0
-2,-3,0,0,0,0,0,0,0
-2,-3,0,0,0,0,0,0,0
-1,-1,0,0,0,0,0,0,0
0,-1,0,0,0,0,0,0,0
0,-2,0,0,0,0,0,0,0
0,-3,0,0,0,0,0,0,0
0,-3,0,0,0,0,0,0,0
0,-3,0,0,0,0,0,0,0
-1,-3,0,0,0,0,0,0,0
-1,-2,0,0,0,0,0,0,0
-1,-2,0,0,0,0,0,0,0
-1,-2,0,0,0,0,0,0,0
-1,-2,0,0,0,0,0,0,0
-1,-1,0,0,0,0,0,0,0
0,-1,0,0,0,0,0,0,0
-1,-2,0,0,0,0,0,0,0
-2,-3,0,0,0,0,0,0,0
-2,-3,0,0,0,0,0,0,0
0,-3,0,0,0,0,0,0,0
0,-3,0,0,0,0,0,0,0
0,-2,0,0,0,0,0,0,0
1,-1,0,0,0,0,0,0,0
1,-2,0,0,0,0,0,0,0
-1,-2,0,0,0,0,0,0,0
-3,-2,0,0,0,0,0,0,0
-3,-2,0,0,0,0,0,0,0
-1,-3,0,0,0,0,0,0,0
0,-2,0,0,0,0,0,0,0
0,-1,0,0,0,0,0,0,0
-1,-2,0,0,0,0,0,0,0
0,-2,0,0,0,0,0,0,0
0,-2,0,0,0,0,0,0,0
-3,-1,0,0,0,0,0,0,0
-6,-2,0,0,0,0,0,0,0
-4,-3,0,0,0,0,0,0,0
2,-2,0,0,0,0,0,0,0
2,-2,0,0,0,0,0,0,0
-1,-2,0,0,0,0,0,0,0
0,-2,0,0,0,0,0,0,0
1,-1,0,0,0,0,0,0,0
-1,-1,0,0,0,0,0,0,0
0,-1,0,0,0,0,0,0,0
0,-1,0,0,0,0,0,0,0
0,-1,0,0,0,0,0,0,0
0,-1,0,0,0,0,0,0,0
1,-1,0,0,0,0,0,0,0
1,-1,0,0,0,0,0,0,0
0,0,0,0,0,0,0,0,0
-1,-1,0,0,0,0,0,0,0
0,-2,0,0,0,0,0,0,0
0,-1,0,0,0,0,0,0,0
-1,-1,0,0,0,0,0,0,0
0,0,0,0,0,0,0,0,0
1,1,0,0,0,0,0,0,0
1,1,0,0,0,0,0,0,0
0,0,0,0,0,0,0,0,0
1,-1,0,0,0,0,0,0,0
1,-1,0,0,0,0,0,0,0
0,-1,0,0,0,0,0,0,0
0,0,0,0,0,0,0,0,0
0,0,0,0,0,0,0,0,0
-1,-1,0,0,0,0,0,0,0
-1,-1,0,0,0,0,0,0,0
0,-1,0,0,0,0,0,0,0
0,0,0,0,0,0,0,0,0
0,0,0,0,0,0,0,0,0
0,0,0,0,0,0,0,0,0
0,-1,0,0,0,0,0,0,0
0,0,0,0,0,0,0,0,0
0,2,0,0,0,0,0,0,0
0,2,0,0,0,0,0,0,0
0,1,0,0,0,0,0,0,0
1,1,0,0,0,0,0,0,0
0,0,0,0,0,0,0,0,0
0,0,0,0,0,0,0,0,0
0,0,0,0,0,0,0,0,0
0,1,0,0,0,0,0,0,0
0,0,0,0,0,0,0,0,0
1,0,0,0,0,0,0,0,0
1,1,0,0,0,0,0,0,0
1,2,0,0,0,0,0,0,0
1,1,0,0,0,0,0,0,0
0,0,0,0,0,0,0,0,0
0,0,0,0,0,0,0,0,0
0,0,0,0,0,0,0,0,0
0,1,0,0,0,0,0,0,0
0,2,0,0,0,0,0,0,0
1,2,0,0,0,0,0,0,0
1,1,0,0,0,0,0,0,0
1,1,0,0,0,0,0,0,0
0,1,0,0,0,0,0,0,0
-1,0,0,0,0,0,0,0,0
-1,-1,0,0,0,0,0,0,0
0,0,0,0,0,0,0,0,0
2,1,0,0,0,0,0,0,0
2,0,0,0,0,0,0,0,0
2,1,0,0,0,0,0,0,0
0,1,0,0,0,0,0,0,0
-1,1,0,0,0,0,0,0,0
-2,0,0,0,0,0,0,0,0
-5,0,0,0,0,0,0,0,0
-2,0,0,0,0,0,0,0,0
3,0,0,0,0,0,0,0,0
3,1,0,0,0,0,0,0,0
0,1,0,0,0,0,0,0,0
1,0,0,0,0,0,0,0,0
1,0,0,0,0,0,0,0,0
-1,0,0,0,0,0,0,0,0
-1,1,0,0,0,0,0,0,0
1,1,0,0,0,0,0,0,0
0,0,0,0,0,0,0,0,0
-1,0,0,0,0,0,0,0,0
0,1,0,0,0,0,0,0,0
2,2,0,0,0,0,0,0,0
2,0,0,0,0,0,0,0,0
1,0,0,0,0,0,0,0,0
0,0,0,0,0,0,0,0,0
0,0,0,0,0,0,0,0,0
0,0,0,0,0,0,0,0,0
1,0,0,0,0,0,0,0,0
1,1,0,0,0,0,0,0,0
1,1,0,0,0,0,0,0,0
0,0,0,0,0,0,0,0,0
0,0,0,0,0,0,0,0,0
0,1,0,0,0,0,0,0,0
0,1,0,0,0,0,0,0,0
0,0,0,0,0,0,0,0,0
1,0,0,0,0,0,0,0,0
1,2,0,0,0,0,0,0,0
-7,-2,0,0,0,0,0,0,0
-84,-46,0,0,0,0,0,0,0
-302,-176,0,0,0,0,0,0,0
-476,-255,0,0,0,0,0,0,0
-181,-51,0,0,0,0,0,0,0
429,124,0,0,0,0,0,0,0
484,-198,0,0,0,0,0,0,0
-37,-479,0,0,0,0,0,0,0
-169,-138,0,0,0,0,0,0,0
100,217,0,0,0,0,0,0,0
101,141,0,0,0,0,0,0,0
-18,60,0,0,0,0,0,0,0
32,126,0,0,0,0,0,0,0
61,122,0,0,0,0,0,0,0
21,85,0,0,0,0,0,0,0
25,96,0,0,0,0,0,0,0
38,97,0,0,0,0,0,0,0
25,79,0,0,0,0,0,0,0
22,76,0,0,0,0,0,0,0
24,74,0,0,0,0,0,0,0
19,65,0,0,0,0,0,0,0
17,61,0,0,0,0,0,0,0
18,58,0,0,0,0,0,0,0
16,53,0,0,0,0,0,0,0
14,49,0,0,0,0,0,0,0
13,45,0,0,0,0,0,0,0
11,41,1000,0,0,0,0,0,0
9,37,0,0,0,0,0,0,0
8,33,0,0,0,0,0,0,0
7,30,1000,0,0,0,0,0,0
6,27,0,0,0,0,0,0,0
5,24,0,0,0,0,0,0,0
4,20,0,0,0,0,0,0,0
3,17,0,0,0,0,0,0,0
1,15,0,0,0,0,0,0,0
1,12,0,0,0,0,0,0,0
1,9,0,0,0,0,0,0,0
0,7,0,0,0,0,0,0,0
-3,5,0,0,0,0,0,0,0
-2,4,0,0,0,0,0,0,0
0,1,0,0,0,0,0,0,0
-2,-1,0,0,0,0,0,0,0
-3,-3,0,0,0,0,0,0,0
-3,-4,0,0,0,0,0,0,0
-3,-6,0,0,0,0,0,0,0
-6,-8,0,0,0,0,0,0,0
-7,-8,0,0,0,0,0,0,0
-6,-10,0,0,0,0,0,0,0
-7,-11,0,0,0,0,0,0,0
-7,-12,0,0,0,0,0,0,0
-7,-14,0,0,0,0,0,0,0
-11,-15,0,0,0,0,0,0,0
-11,-15,0,0,0,0,0,0,0
-7,-16,0,0,0,0,0,0,0
-11,-17,0,0,0,0,0,0,0
-13,-18,0,0,0,0,0,0,0
-6,-18,0,0,0,0,0,0,0
-5,-18,0,0,0,0,0,0,0
-7,-18,0,0,0,0,0,0,0
-6,-18,0,0,0,0,0,0,0
-7,-18,0,0,0,0,0,0,0
-9,-19,0,0,0,0,0,0,0
-10,-20,0,0,0,0,0,0,0
-13,-20,0,0,0,0,0,0,0
-11,-20,0,0,0,0,0,0,0
-6,-19,0,0,0,0,0,0,0
-7,-19,0,0,0,0,0,0,0
-8,-19,0,0,0,0,0,0,0
-7,-20,0,0,0,0,0,0,0
-7,-20,0,0,0,0,0,0,0
-9,-20,0,0,0,0,0,0,0
-8,-20,0,0,0,0,0,0,0
-6,-19,0,0,0,0,0,0,0
-5,-18,0,0,0,0,0,0,0
-5,-18,0,0,0,0,0,0,0
-5,-19,0,0,0,0,0,0,0
-5,-16,0,0,0,0,0,0,0
-6,-16,0,0,0,0,0,0,0
-7,-17,0,0,0,0,0,0,0
-6,-17,0,0,0,0,0,0,0
-6,-16,0,0,0,0,0,0,0
-5,-16,0,0,0,0,0,0,0
-4,-15,0,0,0,0,0,0,0
-4,-15,0,0,0,0,0,0,0
-5,-14,0,0,0,0,0,0,0
-5,-13,0,0,0,0,0,0,0
-4,-13,0,0,0,0,0,0,0
-3,-13,0,0,0,0,0,0,0
-4,-12,0,0,0,0,0,0,0
-4,-10,0,0,0,0,0,0,0
-3,-10,0,0,0,0,0,0,0
-3,-10,0,0,0,0,0,0,0
-2,-8,0,0,0,0,0,0,0
-2,-8,0,0,0,0,0,0,0
-3,-9,0,0,0,0,0,0,0
-3,-8,0,0,0,0,0,0,0
-2,-7,0,0,0,0,0,0,0
-1,-6,0,0,0,0,0,0,0
-2,-5,0,0,0,0,0,0,0
-1,-5,0,0,0,0,0,0,0
1,-4,0,0,0,0,0,0,0
-1,-3,0,0,0,0,0,0,0
-2,-3,0,0,0,0,0,0,0
-1,-4,0,0,0,0,0,0,0
-1,-4,0,0,0,0,0,0,0
-1,-3,0,0,0,0,0,0,0
0,-2,0,0,0,0,0,0,0
0,-1,0,0,0,0,0,0,0
0,0,0,0,0,0,0,0,0
1,0,0,0,0,0,0,0,0
1,1,0,0,0,0,0,0,0
2,2,0,0,0,0,0,0,0
1,1,0,0,0,0,0,0,0
0,0,0,0,0,0,0,0,0
0,1,0,0,0,0,0,0,0
1,3,0,0,0,0,0,0,0
1,3,0,0,0,0,0,0,0
1,3,0,0,0,0,0,0,0
1,3,0,0,0,0,0,0,0
1,3,0,0,0,0,0,0,0
1,4,0,0,0,0,0,0,0
1,4,0,0,0,0,0,0,0
2,4,0,0,0,0,0,0,0
2,4,0,0,0,0,0,0,0
2,5,0,0,0,0,0,0,0
4,5,0,0,0,0,0,0,0
5,5,0,0,0,0,0,0,0
4,5,0,0,0,0,0,0,0
3,5,0,0,0,0,0,0,0
3,7,0,0,0,0,0,0,0
3,8,0,0,0,0,0,0,0
3,7,0,0,0,0,0,0,0
3,7,0,0,0,0,0,0,0
3,7,0,0,0,0,0,0,0
2,7,0,0,0,0,0,0,0
3,7,0,0,0,0,0,0,0
4,6,0,0,0,0,0,0,0
2,6,0,0,0,0,0,0,0
1,7,0,0,0,0,0,0,0
4,7,0,0,0,0,0,0,0
5,6,0,0,0,0,0,0,0
3,7,0,0,0,0,0,0,0
3,8,0,0,0,0,0,0,0
4,7,0,0,0,0,0,0,0
2,7,0,0,0,0,0,0,0
1,7,0,0,0,0,0,0,0
2,7,0,0,0,0,0,0,0
2,7,0,0,0,0,0,0,0
3,6,0,0,0,0,0,0,0
3,6,0,0,0,0,0,0,0
2,8,0,0,0,0,0,0,0
1,7,0,0,0,0,0,0,0
2,7,0,0,0,0,0,0,0
3,6,0,0,0,0,0,0,0
2,7,0,0,0,0,0,0,0
2,6,0,0,0,0,0,0,0
3,5,0,0,0,0,0,0,0
3,6,0,0,0,0,0,0,0
2,6,0,0,0,0,0,0,0
2,6,0,0,0,0,0,0,0
2,5,0,0,0,0,0,0,0
2,6,0,0,0,0,0,0,0
2,5,0,0,0,0,0,0,0
2,5,0,0,0,0,0,0,0
2,5,0,0,0,0,0,0,0
1,6,0,0,0,0,0,0,0
1,6,0,0,0,0,0,0,0
1,5,0,0,0,0,0,0,0
1,4,0,0,0,0,0,0,0
2,5,0,0,0,0,0,0,0
2,5,0,0,0,0,0,0,0
0,5,0,0,0,0,0,0,0
1,5,0,0,0,0,0,0,0
4,4,0,0,0,0,0,0,0
3,3,0,0,0,0,0,0,0
0,2,0,0,0,0,0,0,0
0,3,0,0,0,0,0,0,0
1,2,0,0,0,0,0,0,0
1,3,0,0,0,0,0,0,0
1,3,0,0,0,0,0,0,0
0,3,0,0,0,0,0,0,0
1,2,0,0,0,0,0,0,0
1,3,0,0,0,0,0,0,0
0,3,0,0,0,0,0,0,0
0,1,0,0,0,0,0,0,0
1,2,0,0,0,0,0,0,0
1,2,0,0,0,0,0,0,0
0,1,0,0,0,0,0,0,0
-2,1,0,0,0,0,0,0,0
-2,1,0,0,0,0,0,0,0
1,1,0,0,0,0,0,0,0
2,1,0,0,0,0,0,0,0
1,0,0,0,0,0,0,0,0
-1,0,0,0,0,0,0,0,0
0,1,0,0,0,0,0,0,0
1,0,0,0,0,0,0,0,0
0,-1,0,0,0,0,0,0,0
0,-1,0,0,0,0,0,0,0
0,-1,0,0,0,0,0,0,0
0,-1,0,0,0,0,0,0,0
0,-1,0,0,0,0,0,0,0
0,0,0,0,0,0,0,0,0
0,0,0,0,0,0,0,0,0
0,0,0,0,0,0,0,0,0
-1,0,0,0,0,0,0,0,0
-1,-1,0,0,0,0,0,0,0
0,-2,0,0,0,0,0,0,0
1,-2,0,0,0,0,0,0,0
1,-1,0,0,0,0,0,0,0
0,0,0,0,0,0,0,0,0
0,-1,0,0,0,0,0,0,0
0,-2,0,0,0,0,0,0,0
0,-2,0,0,0,0,0,0,0
0,-2,0,0,0,0,0,0,0
0,-2,0,0,0,0,0,0,0
0,-1,0,0,0,0,0,0,0
-1,-2,0,0,0,0,0,0,0
0,-2,0,0,0,0,0,0,0
0,-2,0,0,0,0,0,0,0
-2,-3,0,0,0,0,0,0,0
-3,-3,0,0,0,0,0,0,0
-2,-3,0,0,0,0,0,0,0
-1,-3,0,0,0,0,0,0,0
-1,-2,0,0,0,0,0,0,0
-1,-2,0,0,0,0,0,0,0
-1,-2,0,0,0,0,0,0,0
-1,-1,0,0,0,0,0,0,0
1,-2,0,0,0,0,0,0,0
0,-2,0,0,0,0,0,0,0
-2,-2,0,0,0,0,0,0,0
-2,-3,0,0,0,0,0,0,0
-1,-3,0,0,0,0,0,0,0
-1,-2,0,0,0,0,0,0,0
0,-2,0,0,0,0,0,0,0
0,-2,0,0,0,0,0,0,0
-1,-2,0,0,0,0,0,0,0
-3,-2,0,0,0,0,0,0,0
-2,-3,0,0,0,0,0,0,0
-1,-2,0,0,0,0,0,0,0
-1,-1,0,0,0,0,0,0,0
-1,-2,0,0,0,0,0,0,0
-1,-2,0,0,0,0,0,0,0
-1,-1,0,0,0,0,0,0,0
0,-2,0,0,0,0,0,0,0
-1,-2,0,0,0,0,0,0,0
-2,-1,0,0,0,0,0,0,0
-2,-2,0,0,0,0,0,0,0
-1,-3,0,0,0,0,0,0,0
0,-3,0,0,0,0,0,0,0
0,-2,0,0,0,0,0,0,0
0,-2,0,0,0,0,0,0,0
-1,-2,0,0,0,0,0,0,0
-1,-2,0,0,0,0,0,0,0
0,-2,0,0,0,0,0,0,0
0,-2,0,0,0,0,0,0,0
0,-2,0,0,0,0,0,0,0
-1,-1,0,0,0,0,0,0,0
-1,-1,0,0,0,0,0,0,0
1,-2,0,0,0,0,0,0,0
2,-1,0,0,0,0,0,0,0
1,0,0,0,0,0,0,0,0
0,-1,0,0,0,0,0,0,0
-1,-2,0,0,0,0,0,0,0
-1,-1,0,0,0,0,0,0,0
0,-2,0,0,0,0,0,0,0
0,-2,0,0,0,0,0,0,0
0,-1,0,0,0,0,0,0,0
1,-1,0,0,0,0,0,0,0
0,-1,0,0,0,0,0,0,0
-2,-1,0,0,0,0,0,0,0
-1,-2,0,0,0,0,0,0,0
-1,-2,0,0,0,0,0,0,0
-2,-1,0,0,0,0,0,0,0
-1,0,0,0,0,0,0,0,0
1,-1,0,0,0,0,0,0,0
2,1,0,0,0,0,0,0,0
0,2,0,0,0,0,0,0,0
-1,0,0,0,0,0,0,0,0
1,-1,0,0,0,0,0,0,0
0,0,0,0,0,0,0,0,0
1,0,0,0,0,0,0,0,0
2,-1,0,0,0,0,0,0,0
1,0,0,0,0,0,0,0,0
-1,0,0,0,0,0,0,0,0
-1,-1,0,0,0,0,0,0,0
-1,-1,0,0,0,0,0,0,0
-2,0,0,0,0,0,0,0,0
-5,0,0,0,0,0,0,0,0
-4,0,0,0,0,0,0,0,0
2,0,0,0,0,0,0,0,0
1,0,0,0,0,0,0,0,0
0,0,0,0,0,0,0,0,0
1,0,0,0,0,0,0,0,0
1,0,0,0,0,0,0,0,0
-1,1,0,0,0,0,0,0,0
0,2,0,0,0,0,0,0,0
1,1,0,0,0,0,0,0,0
0,0,0,0,0,0,0,0,0
0,0,0,0,0,0,0,0,0
0,1,0,0,0,0,0,0,0
0,1,0,0,0,0,0,0,0
0,0,0,0,0,0,0,0,0
0,0,0,0,0,0,0,0,0
1,0,0,0,0,0,0,0,0
0,0,0,0,0,0,0,0,0
0,0,0,0,0,0,0,0,0
0,0,0,0,0,0,0,0,0
0,0,0,0,0,0,0,0,0
1,0,0,0,0,0,0,0,0
1,1,0,0,0,0,0,0,0
1,1,0,0,0,0,0,0,0
-1,0,0,0,0,0,0,0,0
-2,0,0,0,0,0,0,0,0
-4,0,0,0,0,0,0,0,0
-2,0,0,0,0,0,0,0,0
3,0,0,0,0,0,0,0,0
1,1,0,0,0,0,0,0,0
-1,1,0,0,0,0,0,0,0
2,1,0,0,0,0,0,0,0
1,1,0,0,0,0,0,0,0
-1,2,0,0,0,0,0,0,0
0,2,0,0,0,0,0,0,0
1,0,0,0,0,0,0,0,0
2,0,0,0,0,0,0,0,0
2,1,0,0,0,0,0,0,0
1,1,0,0,0,0,0,0,0
0,1,0,0,0,0,0,0,0
0,1,0,0,0,0,0,0,0
0,1,0,0,0,0,0,0,0
-1,1,0,0,0,0,0,0,0
1,1,0,0,0,0,0,0,0
1,1,0,0,0,0,0,0,0
0,2,0,0,0,0,0,0,0
0,2,0,0,0,0,0,0,0
0,2,0,0,0,0,0,0,0
0,0,0,0,0,0,0,0,0
1,-1,0,0,0,0,0,0,0
2,0,0,0,0,0,0,0,0
1,1,0,0,0,0,0,0,0
0,0,0,0,0,0,0,0,0
1,-1,0,0,0,0,0,0,0
1,0,0,0,0,0,0,0,0
0,1,0,0,0,0,0,0,0
0,1,0,0,0,0,0,0,0
0,0,0,0,0,0,0,0,0
1,-1,0,0,0,0,0,0,0
0,-1,0,0,0,0,0,0,0
0,0,0,0,0,0,0,0,0
0,0,0,0,0,0,0,0,0
1,1,0,0,0,0,0,0,0
1,1,0,0,0,0,0,0,0
0,0,0,0,0,0,0,0,0
0,1,0,0,0,0,0,0,0
-13,-6,0,0,0,0,0,0,0
-108,-67,0,0,0,0,0,0,0
-340,-207,0,0,0,0,0,0,0
-466,-243,0,0,0,0,0,0,0
-88,2,0,0,0,0,0,0,0
485,105,0,0,0,0,0,0,0
409,-273,0,0,0,0,0,0,0
-100,-452,0,0,0,0,0,0,0
-126,-48,0,0,0,0,0,0,0
125,226,0,0,0,0,0,0,0
73,109,0,0,0,0,0,0,0
-17,66,0,0,0,0,0,0,0
52,133,0,0,0,0,0,0,0
58,113,0,0,0,0,0,0,0
16,84,0,0,0,0,0,0,0
30,97,0,0,0,0,0,0,0
36,91,0,0,0,0,0,0,0
21,76,0,0,0,0,0,0,0
22,76,0,0,0,0,0,0,0
25,73,0,0,0,0,0,0,0
19,65,0,0,0,0,0,0,0
18,62,0,0,0,0,0,0,0
19,59,0,0,0,0,0,0,0
16,53,0,0,0,0,0,0,0
14,48,0,0,0,0,0,0,0
13,44,0,0,0,0,0,0,0
11,40,1000,0,0,0,0,0,0
9,36,0,0,0,0,0,0,0
8,32,0,0,0,0,0,0,0
6,30,1000,0,0,0,0,0,0
5,28,0,0,0,0,0,0,0
4,24,0,0,0,0,0,0,0
2,20,0,0,0,0,0,0,0
1,16,0,0,0,0,0,0,0
1,14,0,0,0,0,0,0,0
1,12,0,0,0,0,0,0,0
0,10,0,0,0,0,0,0,0
0,8,0,0,0,0,0,0,0
-2,5,0,0,0,0,0,0,0
-2,2,0,0,0,0,0,0,0
-2,1,0,0,0,0,0,0,0
-3,-1,0,0,0,0,0,0,0
-6,-3,0,0,0,0,0,0,0
-7,-5,0,0,0,0,0,0,0
-6,-7,0,0,0,0,0,0,0
-6,-9,0,0,0,0,0,0,0
-5,-9,0,0,0,0,0,0,0
-6,-10,0,0,0,0,0,0,0
-6,-13,0,0,0,0,0,0,0
-5,-14,0,0,0,0,0,0,0
-7,-14,0,0,0,0,0,0,0
-9,-15,0,0,0,0,0,0,0
-9,-16,0,0,0,0,0,0,0
-8,-15,0,0,0,0,0,0,0
-9,-15,0,0,0,0,0,0,0
-8,-17,0,0,0,0,0,0,0
-7,-17,0,0,0,0,0,0,0
-8,-18,0,0,0,0,0,0,0
-8,-19,0,0,0,0,0,0,0
-9,-19,0,0,0,0,0,0,0
-8,-19,0,0,0,0,0,0,0
-9,-21,0,0,0,0,0,0,0
-10,-21,0,0,0,0,0,0,0
-9,-20,0,0,0,0,0,0,0
-8,-21,0,0,0,0,0,0,0
-8,-21,0,0,0,0,0,0,0
-9,-20,0,0,0,0,0,0,0
-9,-20,0,0,0,0,0,0,0
-8,-20,0,0,0,0,0,0,0
-8,-19,0,0,0,0,0,0,0
-8,-18,0,0,0,0,0,0,0
-7,-18,0,0,0,0,0,0,0
-7,-18,0,0,0,0,0,0,0
-8,-18,0,0,0,0,0,0,0
-7,-18,0,0,0,0,0,0,0
-6,-19,0,0,0,0,0,0,0
-6,-17,0,0,0,0,0,0,0
-7,-16,0,0,0,0,0,0,0
-7,-16,0,0,0,0,0,0,0
-7,-16,0,0,0,0,0,0,0
-7,-15,0,0,0,0,0,0,0
-6,-14,0,0,0,0,0,0,0
-5,-14,0,0,0,0,0,0,0
-5,-15,0,0,0,0,0,0,0
-6,-14,0,0,0,0,0,0,0
-5,-13,0,0,0,0,0,0,0
-4,-13,0,0,0,0,0,0,0
-4,-11,0,0,0,0,0,0,0
-4,-10,0,0,0,0,0,0,0
-3,-11,0,0,0,0,0,0,0
-2,-10,0,0,0,0,0,0,0
-3,-9,0,0,0,0,0,0,0
-4,-9,0,0,0,0,0,0,0
-3,-9,0,0,0,0,0,0,0
-2,-9,0,0,0,0,0,0,0
-2,-8,0,0,0,0,0,0,0
-2,-7,0,0,0,0,0,0,0
-1,-5,0,0,0,0,0,0,0
-2,-4,0,0,0,0,0,0,0
-2,-4,0,0,0,0,0,0,0
-1,-4,0,0,0,0,0,0,0
0,-5,0,0,0,0,0,0,0
0,-4,0,0,0,0,0,0,0
0,-3,0,0,0,0,0,0,0
0,-2,0,0,0,0,0,0,0
0,-2,0,0,0,0,0,0,0
0,-2,0,0,0,0,0,0,0
0,-1,0,0,0,0,0,0,0
-1,0,0,0,0,0,0,0,0
-4,-1,0,0,0,0,0,0,0
-2,0,0,0,0,0,0,0,0
3,1,0,0,0,0,0,0,0
3,1,0,0,0,0,0,0,0
1,1,0,0,0,0,0,0,0
2,2,0,0,0,0,0,0,0
3,3,0,0,0,0,0,0,0
0,3,0,0,0,0,0,0,0
0,3,0,0,0,0,0,0,0
4,3,0,0,0,0,0,0,0
5,3,0,0,0,0,0,0,0
3,4,0,0,0,0,0,0,0
3,5,0,0,0,0,0,0,0
4,5,0,0,0,0,0,0,0
4,5,0,0,0,0,0,0,0
3,5,0,0,0,0,0,0,0
3,6,0,0,0,0,0,0,0
3,6,0,0,0,0,0,0,0
3,5,0,0,0,0,0,0,0
4,5,0,0,0,0,0,0,0
5,6,0,0,0,0,0,0,0
4,6,0,0,0,0,0,0,0
3,6,0,0,0,0,0,0,0
3,6,0,0,0,0,0,0,0
4,7,0,0,0,0,0,0,0
2,7,0,0,0,0,0,0,0
2,6,0,0,0,0,0,0,0
4,6,0,0,0,0,0,0,0
6,7,0,0,0,0,0,0,0
6,8,0,0,0,0,0,0,0
4,8,0,0,0,0,0,0,0
3,7,0,0,0,0,0,0,0
3,6,0,0,0,0,0,0,0
2,7,0,0,0,0,0,0,0
1,7,0,0,0,0,0,0,0
2,7,0,0,0,0,0,0,0
4,7,0,0,0,0,0,0,0
4,8,0,0,0,0,0,0,0
2,8,0,0,0,0,0,0,0
3,8,0,0,0,0,0,0,0
3,7,0,0,0,0,0,0,0
2,6,0,0,0,0,0,0,0
1,6,0,0,0,0,0,0,0
2,7,0,0,0,0,0,0,0
2,6,0,0,0,0,0,0,0
2,6,0,0,0,0,0,0,0
3,6,0,0,0,0,0,0,0
3,7,0,0,0,0,0,0,0
1,8,0,0,0,0,0,0,0
1,6,0,0,0,0,0,0,0
2,5,0,0,0,0,0,0,0
2,5,0,0,0,0,0,0,0
1,5,0,0,0,0,0,0,0
2,5,0,0,0,0,0,0,0
2,6,0,0,0,0,0,0,0
2,5,0,0,0,0,0,0,0
3,4,0,0,0,0,0,0,0
3,5,0,0,0,0,0,0,0
1,4,0,0,0,0,0,0,0
1,3,0,0,0,0,0,0,0
2,3,0,0,0,0,0,0,0
2,4,0,0,0,0,0,0,0
0,4,0,0,0,0,0,0,0
2,4,0,0,0,0,0,0,0
3,3,0,0,0,0,0,0,0
1,3,0,0,0,0,0,0,0
0,4,0,0,0,0,0,0,0
1,4,0,0,0,0,0,0,0
1,3,0,0,0,0,0,0,0
1,3,0,0,0,0,0,0,0
0,2,0,0,0,0,0,0,0
0,2,0,0,0,0,0,0,0
1,3,0,0,0,0,0,0,0
2,2,0,0,0,0,0,0,0
0,2,0,0,0,0,0,0,0
-1,2,0,0,0,0,0,0,0
-1,1,0,0,0,0,0,0,0
-1,1,0,0,0,0,0,0,0
-1,2,0,0,0,0,0,0,0
0,2,0,0,0,0,0,0,0
0,1,0,0,0,0,0,0,0
0,1,0,0,0,0,0,0,0
0,1,0,0,0,0,0,0,0
-1,0,0,0,0,0,0,0,0
0,-1,0,0,0,0,0,0,0
0,-1,0,0,0,0,0,0,0
0,0,0,0,0,0,0,0,0
1,1,0,0,0,0,0,0,0
1,0,0,0,0,0,0,0,0
-1,-1,0,0,0,0,0,0,0
-2,-1,0,0,0,0,0,0,0
-1,0,0,0,0,0,0,0,0
0,-1,0,0,0,0,0,0,0
-1,0,0,0,0,0,0,0,0
-1,0,0,0,0,0,0,0,0
0,-1,0,0,0,0,0,0,0
-1,-2,0,0,0,0,0,0,0
-1,-1,0,0,0,0,0,0,0
-1,-1,0,0,0,0,0,0,0
-1,-2,0,0,0,0,0,0,0
-1,-2,0,0,0,0,0,0,0
1,-2,0,0,0,0,0,0,0
1,-2,0,0,0,0,0,0,0
0,-1,0,0,0,0,0,0,0
-1,-1,0,0,0,0,0,0,0
-1,-2,0,0,0,0,0,0,0
-2,-3,0,0,0,0,0,0,0
-1,-3,0,0,0,0,0,0,0
0,-2,0,0,0,0,0,0,0
-1,-2,0,0,0,0,0,0,0
-1,-2,0,0,0,0,0,0,0
-1,-2,0,0,0,0,0,0,0
-1,-1,0,0,0,0,0,0,0
0,-1,0,0,0,0,0,0,0
0,-2,0,0,0,0,0,0,0
-1,-2,0,0,0,0,0,0,0
0,-2,0,0,0,0,0,0,0
0,-3,0,0,0,0,0,0,0
-2,-3,0,0,0,0,0,0,0
-2,-2,0,0,0,0,0,0,0
-1,-2,0,0,0,0,0,0,0
0,-2,0,0,0,0,0,0,0
1,-2,0,0,0,0,0,0,0
1,-2,0,0,0,0,0,0,0
-1,-3,0,0,0,0,0,0,0
-1,-3,0,0,0,0,0,0,0
-1,-2,0,0,0,0,0,0,0
-1,-2,0,0,0,0,0,0,0
-2,-3,0,0,0,0,0,0,0
-2,-2,0,0,0,0,0,0,0
-1,-2,0,0,0,0,0,0,0
-1,-1,0,0,0,0,0,0,0
-2,-2,0,0,0,0,0,0,0
-2,-2,0,0,0,0,0,0,0
-1,-2,0,0,0,0,0,0,0
0,0,0,0,0,0,0,0,0
-1,0,0,0,0,0,0,0,0
-1,-1,0,0,0,0,0,0,0
-1,-1,0,0,0,0,0,0,0
0,-1,0,0,0,0,0,0,0
-1,-1,0,0,0,0,0,0,0
0,-2,0,0,0,0,0,0,0
0,-2,0,0,0,0,0,0,0
-1,-3,0,0,0,0,0,0,0
-1,-3,0,0,0,0,0,0,0
-1,-2,0,0,0,0,0,0,0
-2,-1,0,0,0,0,0,0,0
0,-1,0,0,0,0,0,0,0
2,-2,0,0,0,0,0,0,0
0,-2,0,0,0,0,0,0,0
-2,-2,0,0,0,0,0,0,0
0,-2,0,0,0,0,0,0,0
1,-2,0,0,0,0,0,0,0
-1,-2,0,0,0,0,0,0,0
-1,-1,0,0,0,0,0,0,0
-1,-1,0,0,0,0,0,0,0
-2,-1,0,0,0,0,0,0,0
-1,-1,0,0,0,0,0,0,0
0,-1,0,0,0,0,0,0,0
0,-1,0,0,0,0,0,0,0
-1,-1,0,0,0,0,0,0,0
0,0,0,0,0,0,0,0,0
2,0,0,0,0,0,0,0,0
2,0,0,0,0,0,0,0,0
0,0,0,0,0,0,0,0,0
0,-1,0,0,0,0,0,0,0
1,0,0,0,0,0,0,0,0
0,-1,0,0,0,0,0,0,0
0,-1,0,0,0,0,0,0,0
1,-1,0,0,0,0,0,0,0
1,1,0,0,0,0,0,0,0
-1,1,0,0,0,0,0,0,0
-1,0,0,0,0,0,0,0,0
0,0,0,0,0,0,0,0,0
0,0,0,0,0,0,0,0,0
0,-2,0,0,0,0,0,0,0
0,-2,0,0,0,0,0,0,0
0,-1,0,0,0,0,0,0,0
1,0,0,0,0,0,0,0,0
2,0,0,0,0,0,0,0,0
1,1,0,0,0,0,0,0,0
0,0,0,0,0,0,0,0,0
0,-1,0,0,0,0,0,0,0
0,-1,0,0,0,0,0,0,0
0,0,0,0,0,0,0,0,0
0,1,0,0,0,0,0,0,0
0,2,0,0,0,0,0,0,0
0,2,0,0,0,0,0,0,0
1,1,0,0,0,0,0,0,0
0,0,0,0,0,0,0,0,0
-1,0,0,0,0,0,0,0,0
-2,0,0,0,0,0,0,0,0
0,0,0,0,0,0,0,0,0
2,0,0,0,0,0,0,0,0
1,0,0,0,0,0,0,0,0
-1,0,0,0,0,0,0,0,0
-1,1,0,0,0,0,0,0,0
1,2,0,0,0,0,0,0,0
1,1,0,0,0,0,0,0,0
0,0,0,0,0,0,0,0,0
-2,0,0,0,0,0,0,0,0
-1,0,0,0,0,0,0,0,0
1,1,0,0,0,0,0,0,0
0,1,0,0,0,0,0,0,0
0,0,0,0,0,0,0,0,0
1,0,0,0,0,0,0,0,0
0,1,0,0,0,0,0,0,0
-1,1,0,0,0,0,0,0,0
0,0,0,0,0,0,0,0,0
1,0,0,0,0,0,0,0,0
2,1,0,0,0,0,0,0,0
1,1,0,0,0,0,0,0,0
0,1,0,0,0,0,0,0,0
1,2,0,0,0,0,0,0,0
2,2,0,0,0,0,0,0,0
1,1,0,0,0,0,0,0,0
0,0,0,0,0,0,0,0,0
0,-1,0,0,0,0,0,0,0
0,0,0,0,0,0,0,0,0
0,1,0,0,0,0,0,0,0
1,0,0,0,0,0,0,0,0
2,1,0,0,0,0,0,0,0
2,1,0,0,0,0,0,0,0
0,1,0,0,0,0,0,0,0
-1,0,0,0,0,0,0,0,0
0,0,0,0,0,0,0,0,0
0,1,0,0,0,0,0,0,0
0,1,0,0,0,0,0,0,0
2,1,0,0,0,0,0,0,0
2,1,0,0,0,0,0,0,0
1,1,0,0,0,0,0,0,0
2,1,0,0,0,0,0,0,0
0,2,0,0,0,0,0,0,0
-2,1,0,0,0,0,0,0,0
0,-1,0,0,0,0,0,0,0
1,-1,0,0,0,0,0,0,0
-1,1,0,0,0,0,0,0,0
-1,1,0,0,0,0,0,0,0
1,-1,0,0,0,0,0,0,0
1,1,0,0,0,0,0,0,0
-3,0,0,0,0,0,0,0,0
-46,-24,0,0,0,0,0,0,0
-214,-124,0,0,0,0,0,0,0
-445,-254,0,0,0,0,0,0,0
-361,-147,0,0,0,0,0,0,0
190,154,0,0,0,0,0,0,0
521,37,0,0,0,0,0,0,0
140,-418,0,0,0,0,0,0,0
-198,-344,0,0,0,0,0,0,0
11,115,0,0,0,0,0,0,0
151,195,0,0,0,0,0,0,0
19,58,0,0,0,0,0,0,0
9,87,0,0,0,0,0,0,0
73,126,0,0,0,0,0,0,0
45,84,0,0,0,0,0,0,0
27,79,0,0,0,0,0,0,0
45,91,0,0,0,0,0,0,0
38,77,0,0,0,0,0,0,0
27,68,0,0,0,0,0,0,0
31,69,0,0,0,0,0,0,0
29,61,0,0,0,0,0,0,0
25,56,0,0,0,0,0,0,0
25,54,0,0,0,0,0,0,0
23,51,0,0,0,0,0,0,0
20,47,0,0,0,0,0,0,0
18,43,0,0,0,0,0,0,0
17,38,0,0,0,0,0,0,0
14,35,1000,0,0,0,0,0,0
11,32,0,0,0,0,0,0,0
9,28,0,0,0,0,0,0,0
9,26,1000,0,0,0,0,0,0
8,23,0,0,0,0,0,0,0
7,19,0,0,0,0,0,0,0
5,16,0,0,0,0,0,0,0
-1,14,0,0,0,0,0,0,0
-1,11,0,0,0,0,0,0,0
4,8,0,0,0,0,0,0,0
2,7,0,0,0,0,0,0,0
-1,6,0,0,0,0,0,0,0
1,4,0,0,0,0,0,0,0
0,2,0,0,0,0,0,0,0
-3,1,0,0,0,0,0,0,0
-4,-1,0,0,0,0,0,0,0
-4,-4,0,0,0,0,0,0,0
-5,-6,0,0,0,0,0,0,0
-6,-7,0,0,0,0,0,0,0
-7,-9,0,0,0,0,0,0,0
-7,-9,0,0,0,0,0,0,0
-7,-10,0,0,0,0,0,0,0
-8,-12,0,0,0,0,0,0,0
-9,-12,0,0,0,0,0,0,0
-9,-13,0,0,0,0,0,0,0
-9,-14,0,0,0,0,0,0,0
-10,-14,0,0,0,0,0,0,0
-10,-15,0,0,0,0,0,0,0
-9,-15,0,0,0,0,0,0,0
-10,-15,0,0,0,0,0,0,0
-11,-16,0,0,0,0,0,0,0
-9,-17,0,0,0,0,0,0,0
-9,-18,0,0,0,0,0,0,0
-10,-18,0,0,0,0,0,0,0
-9,-18,0,0,0,0,0,0,0
-10,-18,0,0,0,0,0,0,0
-10,-18,0,0,0,0,0,0,0
-10,-18,0,0,0,0,0,0,0
-10,-18,0,0,0,0,0,0,0
-10,-17,0,0,0,0,0,0,0
-12,-17,0,0,0,0,0,0,0
-12,-18,0,0,0,0,0,0,0
-10,-17,0,0,0,0,0,0,0
-10,-16,0,0,0,0,0,0,0
-9,-16,0,0,0,0,0,0,0
-9,-16,0,0,0,0,0,0,0
-9,-17,0,0,0,0,0,0,0
-8,-17,0,0,0,0,0,0,0
-9,-16,0,0,0,0,0,0,0
-10,-15,0,0,0,0,0,0,0
-8,-15,0,0,0,0,0,0,0
-8,-16,0,0,0,0,0,0,0
-9,-16,0,0,0,0,0,0,0
-8,-14,0,0,0,0,0,0,0
-7,-14,0,0,0,0,0,0,0
-7,-14,0,0,0,0,0,0,0
-8,-14,0,0,0,0,0,0,0
-7,-13,0,0,0,0,0,0,0
-7,-12,0,0,0,0,0,0,0
-6,-12,0,0,0,0,0,0,0
-6,-11,0,0,0,0,0,0,0
-5,-10,0,0,0,0,0,0,0
-4,-9,0,0,0,0,0,0,0
-4,-9,0,0,0,0,0,0,0
-4,-9,0,0,0,0,0,0,0
-4,-8,0,0,0,0,0,0,0
-4,-7,0,0,0,0,0,0,0
-4,-7,0,0,0,0,0,0,0
-4,-7,0,0,0,0,0,0,0
-3,-7,0,0,0,0,0,0,0
-2,-6,0,0,0,0,0,0,0
-2,-6,0,0,0,0,0,0,0
-2,-4,0,0,0,0,0,0,0
-2,-4,0,0,0,0,0,0,0
-1,-5,0,0,0,0,0,0,0
0,-4,0,0,0,0,0,0,0
-1,-2,0,0,0,0,0,0,0
-1,-2,0,0,0,0,0,0,0
0,-2,0,0,0,0,0,0,0
0,-1,0,0,0,0,0,0,0
1,-1,0,0,0,0,0,0,0
2,-2,0,0,0,0,0,0,0
1,-1,0,0,0,0,0,0,0
0,0,0,0,0,0,0,0,0
0,0,0,0,0,0,0,0,0
1,0,0,0,0,0,0,0,0
1,1,0,0,0,0,0,0,0
2,1,0,0,0,0,0,0,0
2,2,0,0,0,0,0,0,0
2,3,0,0,0,0,0,0,0
2,3,0,0,0,0,0,0,0
2,3,0,0,0,0,0,0,0
2,4,0,0,0,0,0,0,0
2,5,0,0,0,0,0,0,0
3,4,0,0,0,0,0,0,0
3,4,0,0,0,0,0,0,0
4,6,0,0,0,0,0,0,0
6,7,0,0,0,0,0,0,0
5,6,0,0,0,0,0,0,0
3,4,0,0,0,0,0,0,0
2,4,0,0,0,0,0,0,0
3,5,0,0,0,0,0,0,0
3,5,0,0,0,0,0,0,0
3,6,0,0,0,0,0,0,0
3,7,0,0,0,0,0,0,0
4,6,0,0,0,0,0,0,0
4,6,0,0,0,0,0,0,0
4,7,0,0,0,0,0,0,0
3,6,0,0,0,0,0,0,0
3,5,0,0,0,0,0,0,0
4,7,0,0,0,0,0,0,0
4,7,0,0,0,0,0,0,0
3,6,0,0,0,0,0,0,0
4,7,0,0,0,0,0,0,0
5,7,0,0,0,0,0,0,0
4,6,0,0,0,0,0,0,0
4,5,0,0,0,0,0,0,0
5,5,0,0,0,0,0,0,0
4,6,0,0,0,0,0,0,0
3,6,0,0,0,0,0,0,0
3,6,0,0,0,0,0,0,0
3,5,0,0,0,0,0,0,0
3,5,0,0,0,0,0,0,0
3,6,0,0,0,0,0,0,0
3,6,0,0,0,0,0,0,0
3,5,0,0,0,0,0,0,0
3,4,0,0,0,0,0,0,0
3,5,0,0,0,0,0,0,0
3,5,0,0,0,0,0,0,0
4,6,0,0,0,0,0,0,0
4,6,0,0,0,0,0,0,0
4,5,0,0,0,0,0,0,0
4,4,0,0,0,0,0,0,0
3,5,0,0,0,0,0,0,0
2,5,0,0,0,0,0,0,0
1,4,0,0,0,0,0,0,0
2,4,0,0,0,0,0,0,0
2,4,0,0,0,0,0,0,0
2,4,0,0,0,0,0,0,0
2,4,0,0,0,0,0,0,0
2,4,0,0,0,0,0,0,0
2,3,0,0,0,0,0,0,0
1,4,0,0,0,0,0,0,0
1,3,0,0,0,0,0,0,0
2,3,0,0,0,0,0,0,0
2,4,0,0,0,0,0,0,0
1,4,0,0,0,0,0,0,0
1,4,0,0,0,0,0,0,0
2,4,0,0,0,0,0,0,0
1,4,0,0,0,0,0,0,0
1,3,0,0,0,0,0,0,0
1,3,0,0,0,0,0,0,0
0,3,0,0,0,0,0,0,0
0,2,0,0,0,0,0,0,0
2,2,0,0,0,0,0,0,0
2,2,0,0,0,0,0,0,0
1,1,0,0,0,0,0,0,0
0,1,0,0,0,0,0,0,0
0,2,0,0,0,0,0,0,0
0,3,0,0,0,0,0,0,0
0,2,0,0,0,0,0,0,0
1,1,0,0,0,0,0,0,0
2,2,0,0,0,0,0,0,0
2,1,0,0,0,0,0,0,0
1,1,0,0,0,0,0,0,0
0,1,0,0,0,0,0,0,0
-1,1,0,0,0,0,0,0,0
-1,-1,0,0,0,0,0,0,0
-1,-1,0,0,0,0,0,0,0
-1,0,0,0,0,0,0,0,0
0,0,0,0,0,0,0,0,0
0,0,0,0,0,0,0,0,0
0,0,0,0,0,0,0,0,0
0,-1,0,0,0,0,0,0,0
-1,-1,0,0,0,0,0,0,0
-2,-1,0,0,0,0,0,0,0
-1,-1,0,0,0,0,0,0,0
0,-2,0,0,0,0,0,0,0
0,-1,0,0,0,0,0,0,0
0,-1,0,0,0,0,0,0,0
0,-1,0,0,0,0,0,0,0
-1,-1,0,0,0,0,0,0,0
-1,0,0,0,0,0,0,0,0
-1,-1,0,0,0,0,0,0,0
-2,-1,0,0,0,0,0,0,0
-2,-1,0,0,0,0,0,0,0
-1,-1,0,0,0,0,0,0,0
-1,-2,0,0,0,0,0,0,0
-1,-2,0,0,0,0,0,0,0
-1,-1,0,0,0,0,0,0,0
-1,-1,0,0,0,0,0,0,0
-2,-2,0,0,0,0,0,0,0
-2,-2,0,0,0,0,0,0,0
-1,-2,0,0,0,0,0,0,0
0,-3,0,0,0,0,0,0,0
1,-2,0,0,0,0,0,0,0
0,-1,0,0,0,0,0,0,0
-1,-1,0,0,0,0,0,0,0
0,-2,0,0,0,0,0,0,0
1,-2,0,0,0,0,0,0,0
-1,-1,0,0,0,0,0,0,0
-2,-2,0,0,0,0,0,0,0
-1,-2,0,0,0,0,0,0,0
0,-1,0,0,0,0,0,0,0
-1,-1,0,0,0,0,0,0,0
-1,-2,0,0,0,0,0,0,0
-1,-3,0,0,0,0,0,0,0
-1,-2,0,0,0,0,0,0,0
-2,-1,0,0,0,0,0,0,0
-2,-2,0,0,0,0,0,0,0
-1,-2,0,0,0,0,0,0,0
-1,-1,0,0,0,0,0,0,0
0,-1,0,0,0,0,0,0,0
0,-1,0,0,0,0,0,0,0
0,-2,0,0,0,0,0,0,0
0,-2,0,0,0,0,0,0,0
0,-2,0,0,0,0,0,0,0
0,-2,0,0,0,0,0,0,0
-1,-3,0,0,0,0,0,0,0
-1,-2,0,0,0,0,0,0,0
-2,-1,0,0,0,0,0,0,0
-1,0,0,0,0,0,0,0,0
-1,0,0,0,0,0,0,0,0
-2,-1,0,0,0,0,0,0,0
-2,-1,0,0,0,0,0,0,0
-2,-2,0,0,0,0,0,0,0
-2,-3,0,0,0,0,0,0,0
-1,-2,0,0,0,0,0,0,0
0,-1,0,0,0,0,0,0,0
0,0,0,0,0,0,0,0,0
-1,0,0,0,0,0,0,0,0
-1,0,0,0,0,0,0,0,0
-2,-1,0,0,0,0,0,0,0
-1,-3,0,0,0,0,0,0,0
-1,-3,0,0,0,0,0,0,0
-2,-2,0,0,0,0,0,0,0
-2,-2,0,0,0,0,0,0,0
0,-1,0,0,0,0,0,0,0
1,-1,0,0,0,0,0,0,0
0,-1,0,0,0,0,0,0,0
-1,-1,0,0,0,0,0,0,0
0,-1,0,0,0,0,0,0,0
0,-1,0,0,0,0,0,0,0
1,-1,0,0,0,0,0,0,0
0,-1,0,0,0,0,0,0,0
0,0,0,0,0,0,0,0,0
0,-1,0,0,0,0,0,0,0
0,-2,0,0,0,0,0,0,0
1,-1,0,0,0,0,0,0,0
1,-1,0,0,0,0,0,0,0
0,-1,0,0,0,0,0,0,0
-1,0,0,0,0,0,0,0,0
0,0,0,0,0,0,0,0,0
0,-1,0,0,0,0,0,0,0
-1,-1,0,0,0,0,0,0,0
-1,0,0,0,0,0,0,0,0
0,0,0,0,0,0,0,0,0
-4,-1,0,0,0,0,0,0,0
-3,-2,0,0,0,0,0,0,0
2,-1,0,0,0,0,0,0,0
1,0,0,0,0,0,0,0,0
-1,-1,0,0,0,0,0,0,0
2,-1,0,0,0,0,0,0,0
2,0,0,0,0,0,0,0,0
1,1,0,0,0,0,0,0,0
2,0,0,0,0,0,0,0,0
1,0,0,0,0,0,0,0,0
0,1,0,0,0,0,0,0,0
0,0,0,0,0,0,0,0,0
-1,-1,0,0,0,0,0,0,0
-1,0,0,0,0,0,0,0,0
0,2,0,0,0,0,0,0,0
1,2,0,0,0,0,0,0,0
0,0,0,0,0,0,0,0,0
-1,-1,0,0,0,0,0,0,0
0,0,0,0,0,0,0,0,0
1,-1,0,0,0,0,0,0,0
-1,-1,0,0,0,0,0,0,0
0,1,0,0,0,0,0,0,0
1,2,0,0,0,0,0,0,0
0,1,0,0,0,0,0,0,0
0,1,0,0,0,0,0,0,0
0,1,0,0,0,0,0,0,0
0,1,0,0,0,0,0,0,0
0,1,0,0,0,0,0,0,0
0,1,0,0,0,0,0,0,0
1,1,0,0,0,0,0,0,0
1,1,0,0,0,0,0,0,0
-1,1,0,0,0,0,0,0,0
-1,0,0,0,0,0,0,0,0
0,-1,0,0,0,0,0,0,0
-1,0,0,0,0,0,0,0,0
0,0,0,0,0,0,0,0,0
1,1,0,0,0,0,0,0,0
1,2,0,0,0,0,0,0,0
0,2,0,0,0,0,0,0,0
1,0,0,0,0,0,0,0,0
1,0,0,0,0,0,0,0,0
0,1,0,0,0,0,0,0,0
1,1,0,0,0,0,0,0,0
1,-1,0,0,0,0,0,0,0
0,0,0,0,0,0,0,0,0
0,1,0,0,0,0,0,0,0
0,1,0,0,0,0,0,0,0
0,1,0,0,0,0,0,0,0
-1,0,0,0,0,0,0,0,0
0,-1,0,0,0,0,0,0,0
0,-1,0,0,0,0,0,0,0
-1,0,0,0,0,0,0,0,0
-1,0,0,0,0,0,0,0,0
0,0,0,0,0,0,0,0,0
0,1,0,0,0,0,0,0,0
-1,1,0,0,0,0,0,0,0
0,3,0,0,0,0,0,0,0
1,6,0,0,0,0,0,0,0
1,4,0,0,0,0,0,0,0
0,-2,0,0,0,0,0,0,0
0,-2,0,0,0,0,0,0,0
0,0,0,0,0,0,0,0,0
1,-1,0,0,0,0,0,0,0
1,-1,0,0,0,0,0,0,0
1,0,0,0,0,0,0,0,0
1,0,0,0,0,0,0,0,0
1,1,0,0,0,0,0,0,0
-1,1,0,0,0,0,0,0,0
-3,-2,0,0,0,0,0,0,0
-52,-31,0,0,0,0,0,0,0
-237,-142,0,0,0,0,0,0,0
-458,-262,0,0,0,0,0,0,0
-309,-117,0,0,0,0,0,0,0
274,152,0,0,0,0,0,0,0
521,-52,0,0,0,0,0,0,0
82,-465,0,0,0,0,0,0,0
-196,-278,0,0,0,0,0,0,0
39,165,0,0,0,0,0,0,0
137,177,0,0,0,0,0,0,0
9,53,0,0,0,0,0,0,0
21,107,0,0,0,0,0,0,0
70,130,0,0,0,0,0,0,0
34,84,0,0,0,0,0,0,0
26,86,0,0,0,0,0,0,0
42,95,0,0,0,0,0,0,0
31,78,0,0,0,0,0,0,0
24,72,0,0,0,0,0,0,0
29,73,0,0,0,0,0,0,0
26,66,0,0,0,0,0,0,0
22,61,0,0,0,0,0,0,0
22,59,0,0,0,0,0,0,0
20,53,0,0,0,0,0,0,0
16,45,0,0,0,0,0,0,0
14,36,0,0,0,0,0,0,0
13,31,0,0,0,0,0,0,0
11,37,1000,0,0,0,0,0,0
9,39,0,0,0,0,0,0,0
8,32,0,0,0,0,0,0,0
7,27,1000,0,0,0,0,0,0
5,26,0,0,0,0,0,0,0
5,23,0,0,0,0,0,0,0
3,19,0,0,0,0,0,0,0
2,16,0,0,0,0,0,0,0
2,13,0,0,0,0,0,0,0
0,11,0,0,0,0,0,0,0
-1,9,0,0,0,0,0,0,0
-1,7,0,0,0,0,0,0,0
-1,5,0,0,0,0,0,0,0
-2,3,0,0,0,0,0,0,0
-4,1,0,0,0,0,0,0,0
-5,-2,0,0,0,0,0,0,0
-6,-4,0,0,0,0,0,0,0
-5,-5,0,0,0,0,0,0,0
-5,-6,0,0,0,0,0,0,0
-6,-8,0,0,0,0,0,0,0
-7,-9,0,0,0,0,0,0,0
-7,-11,0,0,0,0,0,0,0
-8,-11,0,0,0,0,0,0,0
-8,-12,0,0,0,0,0,0,0
-8,-14,0,0,0,0,0,0,0
-8,-15,0,0,0,0,0,0,0
-8,-15,0,0,0,0,0,0,0
-10,-15,0,0,0,0,0,0,0
-14,-16,0,0,0,0,0,0,0
-12,-17,0,0,0,0,0,0,0
-6,-17,0,0,0,0,0,0,0
-7,-18,0,0,0,0,0,0,0
-11,-18,0,0,0,0,0,0,0
-13,-18,0,0,0,0,0,0,0
-11,-19,0,0,0,0,0,0,0
-7,-18,0,0,0,0,0,0,0
-7,-18,0,0,0,0,0,0,0
-9,-17,0,0,0,0,0,0,0
-8,-19,0,0,0,0,0,0,0
-8,-20,0,0,0,0,0,0,0
-9,-19,0,0,0,0,0,0,0
-9,-19,0,0,0,0,0,0,0
-8,-18,0,0,0,0,0,0,0
-8,-18,0,0,0,0,0,0,0
-7,-17,0,0,0,0,0,0,0
-6,-17,0,0,0,0,0,0,0
-7,-18,0,0,0,0,0,0,0
-8,-18,0,0,0,0,0,0,0
-7,-18,0,0,0,0,0,0,0
-6,-18,0,0,0,0,0,0,0
-8,-17,0,0,0,0,0,0,0
-7,-16,0,0,0,0,0,0,0
-5,-15,0,0,0,0,0,0,0
-6,-15,0,0,0,0,0,0,0
-6,-16,0,0,0,0,0,0,0
-6,-15,0,0,0,0,0,0,0
-6,-14,0,0,0,0,0,0,0
-6,-13,0,0,0,0,0,0,0
-6,-14,0,0,0,0,0,0,0
-6,-13,0,0,0,0,0,0,0
-5,-11,0,0,0,0,0,0,0
-4,-11,0,0,0,0,0,0,0
-4,-12,0,0,0,0,0,0,0
-5,-11,0,0,0,0,0,0,0
-4,-9,0,0,0,0,0,0,0
-4,-9,0,0,0,0,0,0,0
-3,-9,0,0,0,0,0,0,0
-3,-8,0,0,0,0,0,0,0
-3,-8,0,0,0,0,0,0,0
-3,-7,0,0,0,0,0,0,0
-2,-5,0,0,0,0,0,0,0
-2,-4,0,0,0,0,0,0,0
-2,-5,0,0,0,0,0,0,0
-2,-6,0,0,0,0,0,0,0
-2,-5,0,0,0,0,0,0,0
-1,-4,0,0,0,0,0,0,0
-1,-4,0,0,0,0,0,0,0
0,-2,0,0,0,0,0,0,0
0,-2,0,0,0,0,0,0,0
0,-3,0,0,0,0,0,0,0
0,-3,0,0,0,0,0,0,0
0,-1,0,0,0,0,0,0,0
0,0,0,0,0,0,0,0,0
0,0,0,0,0,0,0,0,0
1,1,0,0,0,0,0,0,0
1,1,0,0,0,0,0,0,0
1,1,0,0,0,0,0,0,0
1,1,0,0,0,0,0,0,0
2,1,0,0,0,0,0,0,0
1,2,0,0,0,0,0,0,0
1,2,0,0,0,0,0,0,0
2,2,0,0,0,0,0,0,0
3,3,0,0,0,0,0,0,0
2,4,0,0,0,0,0,0,0
3,5,0,0,0,0,0,0,0
4,5,0,0,0,0,0,0,0
4,4,0,0,0,0,0,0,0
4,4,0,0,0,0,0,0,0
3,5,0,0,0,0,0,0,0
2,5,0,0,0,0,0,0,0
3,4,0,0,0,0,0,0,0
4,5,0,0,0,0,0,0,0
2,5,0,0,0,0,0,0,0
2,5,0,0,0,0,0,0,0
4,5,0,0,0,0,0,0,0
4,6,0,0,0,0,0,0,0
2,6,0,0,0,0,0,0,0
2,5,0,0,0,0,0,0,0
2,6,0,0,0,0,0,0,0
3,7,0,0,0,0,0,0,0
5,7,0,0,0,0,0,0,0
5,8,0,0,0,0,0,0,0
4,8,0,0,0,0,0,0,0
4,7,0,0,0,0,0,0,0
4,6,0,0,0,0,0,0,0
4,7,0,0,0,0,0,0,0
3,7,0,0,0,0,0,0,0
3,7,0,0,0,0,0,0,0
3,7,0,0,0,0,0,0,0
3,7,0,0,0,0,0,0,0
3,6,0,0,0,0,0,0,0
3,6,0,0,0,0,0,0,0
3,6,0,0,0,0,0,0,0
3,6,0,0,0,0,0,0,0
3,6,0,0,0,0,0,0,0
3,6,0,0,0,0,0,0,0
3,7,0,0,0,0,0,0,0
3,6,0,0,0,0,0,0,0
3,6,0,0,0,0,0,0,0
3,6,0,0,0,0,0,0,0
3,6,0,0,0,0,0,0,0
3,5,0,0,0,0,0,0,0
2,5,0,0,0,0,0,0,0
2,6,0,0,0,0,0,0,0
3,5,0,0,0,0,0,0,0
3,5,0,0,0,0,0,0,0
2,5,0,0,0,0,0,0,0
2,5,0,0,0,0,0,0,0
2,5,0,0,0,0,0,0,0
1,5,0,0,0,0,0,0,0
1,4,0,0,0,0,0,0,0
2,4,0,0,0,0,0,0,0
1,5,0,0,0,0,0,0,0
0,4,0,0,0,0,0,0,0
1,4,0,0,0,0,0,0,0
2,4,0,0,0,0,0,0,0
1,5,0,0,0,0,0,0,0
0,4,0,0,0,0,0,0,0
0,3,0,0,0,0,0,0,0
0,3,0,0,0,0,0,0,0
0,3,0,0,0,0,0,0,0
0,4,0,0,0,0,0,0,0
1,4,0,0,0,0,0,0,0
2,3,0,0,0,0,0,0,0
2,2,0,0,0,0,0,0,0
0,2,0,0,0,0,0,0,0
-2,2,0,0,0,0,0,0,0
-4,1,0,0,0,0,0,0,0
-3,2,0,0,0,0,0,0,0
2,2,0,0,0,0,0,0,0
3,2,0,0,0,0,0,0,0
-1,2,0,0,0,0,0,0,0
0,3,0,0,0,0,0,0,0
2,2,0,0,0,0,0,0,0
1,1,0,0,0,0,0,0,0
0,0,0,0,0,0,0,0,0
-1,-1,0,0,0,0,0,0,0
0,0,0,0,0,0,0,0,0
1,0,0,0,0,0,0,0,0
2,0,0,0,0,0,0,0,0
1,1,0,0,0,0,0,0,0
0,0,0,0,0,0,0,0,0
-1,-1,0,0,0,0,0,0,0
0,-1,0,0,0,0,0,0,0
0,0,0,0,0,0,0,0,0
-1,-1,0,0,0,0,0,0,0
0,-1,0,0,0,0,0,0,0
1,-1,0,0,0,0,0,0,0
1,-1,0,0,0,0,0,0,0
1,0,0,0,0,0,0,0,0
0,-1,0,0,0,0,0,0,0
-2,-2,0,0,0,0,0,0,0
-2,-2,0,0,0,0,0,0,0
-1,-2,0,0,0,0,0,0,0
-2,-2,0,0,0,0,0,0,0
-2,-2,0,0,0,0,0,0,0
0,-2,0,0,0,0,0,0,0
1,-2,0,0,0,0,0,0,0
-1,-1,0,0,0,0,0,0,0
-3,-2,0,0,0,0,0,0,0
-1,-3,0,0,0,0,0,0,0
0,-2,0,0,0,0,0,0,0
-1,-1,0,0,0,0,0,0,0
-1,-2,0,0,0,0,0,0,0
-1,-2,0,0,0,0,0,0,0
-1,-1,0,0,0,0,0,0,0
-2,-1,0,0,0,0,0,0,0
-2,-2,0,0,0,0,0,0,0
-1,-3,0,0,0,0,0,0,0
-1,-3,0,0,0,0,0,0,0
-1,-3,0,0,0,0,0,0,0
-1,-3,0,0,0,0,0,0,0
-1,-2,0,0,0,0,0,0,0
-1,-2,0,0,0,0,0,0,0
-1,-2,0,0,0,0,0,0,0
-1,-3,0,0,0,0,0,0,0
-1,-3,0,0,0,0,0,0,0
-1,-2,0,0,0,0,0,0,0
-2,-2,0,0,0,0,0,0,0
-2,-2,0,0,0,0,0,0,0
-1,-1,0,0,0,0,0,0,0
-1,-1,0,0,0,0,0,0,0
0,-2,0,0,0,0,0,0,0
-1,-2,0,0,0,0,0,0,0
-1,-2,0,0,0,0,0,0,0
-2,-2,0,0,0,0,0,0,0
-1,-2,0,0,0,0,0,0,0
-1,-2,0,0,0,0,0,0,0
-1,-2,0,0,0,0,0,0,0
-1,-1,0,0,0,0,0,0,0
-1,-2,0,0,0,0,0,0,0
0,-2,0,0,0,0,0,0,0
0,-2,0,0,0,0,0,0,0
-1,-2,0,0,0,0,0,0,0
-1,-3,0,0,0,0,0,0,0
-1,-2,0,0,0,0,0,0,0
-4,-2,0,0,0,0,0,0,0
-3,-2,0,0,0,0,0,0,0
2,-1,0,0,0,0,0,0,0
3,-1,0,0,0,0,0,0,0
-1,-2,0,0,0,0,0,0,0
-1,-2,0,0,0,0,0,0,0
1,0,0,0,0,0,0,0,0
1,0,0,0,0,0,0,0,0
0,-1,0,0,0,0,0,0,0
0,-1,0,0,0,0,0,0,0
1,0,0,0,0,0,0,0,0
-1,0,0,0,0,0,0,0,0
-2,-1,0,0,0,0,0,0,0
-1,-1,0,0,0,0,0,0,0
0,-1,0,0,0,0,0,0,0
-1,-1,0,0,0,0,0,0,0
-1,-1,0,0,0,0,0,0,0
1,-2,0,0,0,0,0,0,0
2,-1,0,0,0,0,0,0,0
1,0,0,0,0,0,0,0,0
1,-1,0,0,0,0,0,0,0
0,-2,0,0,0,0,0,0,0
-1,-1,0,0,0,0,0,0,0
-1,0,0,0,0,0,0,0,0
0,1,0,0,0,0,0,0,0
1,0,0,0,0,0,0,0,0
1,-1,0,0,0,0,0,0,0
0,-1,0,0,0,0,0,0,0
0,-1,0,0,0,0,0,0,0
0,-1,0,0,0,0,0,0,0
1,-1,0,0,0,0,0,0,0
1,-1,0,0,0,0,0,0,0
1,0,0,0,0,0,0,0,0
2,0,0,0,0,0,0,0,0
2,1,0,0,0,0,0,0,0
1,1,0,0,0,0,0,0,0
-1,-1,0,0,0,0,0,0,0
-1,0,0,0,0,0,0,0,0
0,0,0,0,0,0,0,0,0
0,0,0,0,0,0,0,0,0
-1,0,0,0,0,0,0,0,0
-1,0,0,0,0,0,0,0,0
0,1,0,0,0,0,0,0,0
0,1,0,0,0,0,0,0,0
0,0,0,0,0,0,0,0,0
-1,0,0,0,0,0,0,0,0
-2,2,0,0,0,0,0,0,0
-6,1,0,0,0,0,0,0,0
-4,0,0,0,0,0,0,0,0
2,1,0,0,0,0,0,0,0
2,1,0,0,0,0,0,0,0
-1,0,0,0,0,0,0,0,0
1,1,0,0,0,0,0,0,0
2,1,0,0,0,0,0,0,0
0,1,0,0,0,0,0,0,0
0,1,0,0,0,0,0,0,0
2,1,0,0,0,0,0,0,0
1,0,0,0,0,0,0,0,0
0,0,0,0,0,0,0,0,0
1,1,0,0,0,0,0,0,0
1,2,0,0,0,0,0,0,0
0,2,0,0,0,0,0,0,0
-1,1,0,0,0,0,0,0,0
-1,0,0,0,0,0,0,0,0
0,0,0,0,0,0,0,0,0
1,0,0,0,0,0,0,0,0
0,0,0,0,0,0,0,0,0
0,2,0,0,0,0,0,0,0
1,3,0,0,0,0,0,0,0
2,1,0,0,0,0,0,0,0
1,1,0,0,0,0,0,0,0
-1,1,0,0,0,0,0,0,0
1,0,0,0,0,0,0,0,0
2,0,0,0,0,0,0,0,0
0,0,0,0,0,0,0,0,0
-1,0,0,0,0,0,0,0,0
0,0,0,0,0,0,0,0,0
0,0,0,0,0,0,0,0,0
1,1,0,0,0,0,0,0,0
0,1,0,0,0,0,0,0,0
-1,0,0,0,0,0,0,0,0
-1,1,0,0,0,0,0,0,0
1,1,0,0,0,0,0,0,0
1,1,0,0,0,0,0,0,0
0,0,0,0,0,0,0,0,0
1,0,0,0,0,0,0,0,0
1,0,0,0,0,0,0,0,0
0,0,0,0,0,0,0,0,0
-1,0,0,0,0,0,0,0,0
-1,0,0,0,0,0,0,0,0
-1,0,0,0,0,0,0,0,0
-1,0,0,0,0,0,0,0,0
-1,1,0,0,0,0,0,0,0
0,1,0,0,0,0,0,0,0
0,1,0,0,0,0,0,0,0
0,1,0,0,0,0,0,0,0
-1,1,0,0,0,0,0,0,0
0,0,0,0,0,0,0,0,0
0,-1,0,0,0,0,0,0,0
1,0,0,0,0,0,0,0,0
-1,1,0,0,0,0,0,0,0
-37,-18,0,0,0,0,0,0,0
-189,-112,0,0,0,0,0,0,0
-425,-252,0,0,0,0,0,0,0
-392,-171,0,0,0,0,0,0,0
127,127,0,0,0,0,0,0,0
517,38,0,0,0,0,0,0,0
200,-418,0,0,0,0,0,0,0
-177,-371,0,0,0,0,0,0,0
-16,101,0,0,0,0,0,0,0
147,204,0,0,0,0,0,0,0
32,61,0,0,0,0,0,0,0
9,91,0,0,0,0,0,0,0
73,136,0,0,0,0,0,0,0
46,91,0,0,0,0,0,0,0
23,83,0,0,0,0,0,0,0
42,97,0,0,0,0,0,0,0
38,81,0,0,0,0,0,0,0
28,72,0,0,0,0,0,0,0
32,75,0,0,0,0,0,0,0
30,68,0,0,0,0,0,0,0
20,61,0,0,0,0,0,0,0
12,58,0,0,0,0,0,0,0
11,53,0,0,0,0,0,0,0
18,49,0,0,0,0,0,0,0
22,46,0,0,0,0,0,0,0
17,41,0,0,0,0,0,0,0
14,36,1000,0,0,0,0,0,0
14,32,0,0,0,0,0,0,0
12,29,0,0,0,0,0,0,0
10,27,1000,0,0,0,0,0,0
8,23,0,0,0,0,0,0,0
7,20,0,0,0,0,0,0,0
6,18,0,0,0,0,0,0,0
7,15,0,0,0,0,0,0,0
5,13,0,0,0,0,0,0,0
3,10,0,0,0,0,0,0,0
2,7,0,0,0,0,0,0,0
1,5,0,0,0,0,0,0,0
-1,3,0,0,0,0,0,0,0
-1,1,0,0,0,0,0,0,0
-3,-1,0,0,0,0,0,0,0
-4,-2,0,0,0,0,0,0,0
-3,-3,0,0,0,0,0,0,0
-3,-5,0,0,0,0,0,0,0
-6,-7,0,0,0,0,0,0,0
-9,-9,0,0,0,0,0,0,0
-13,-10,0,0,0,0,0,0,0
-11,-11,0,0,0,0,0,0,0
-5,-12,0,0,0,0,0,0,0
-6,-12,0,0,0,0,0,0,0
-10,-13,0,0,0,0,0,0,0
-8,-14,0,0,0,0,0,0,0
-6,-15,0,0,0,0,0,0,0
-9,-16,0,0,0,0,0,0,0
-10,-17,0,0,0,0,0,0,0
-9,-17,0,0,0,0,0,0,0
-9,-17,0,0,0,0,0,0,0
-10,-18,0,0,0,0,0,0,0
-11,-18,0,0,0,0,0,0,0
-10,-19,0,0,0,0,0,0,0
-9,-19,0,0,0,0,0,0,0
-10,-19,0,0,0,0,0,0,0
-11,-19,0,0,0,0,0,0,0
-10,-19,0,0,0,0,0,0,0
-10,-19,0,0,0,0,0,0,0
-10,-19,0,0,0,0,0,0,0
-9,-18,0,0,0,0,0,0,0
-8,-18,0,0,0,0,0,0,0
-8,-19,0,0,0,0,0,0,0
-9,-18,0,0,0,0,0,0,0
-10,-18,0,0,0,0,0,0,0
-10,-18,0,0,0,0,0,0,0
-9,-18,0,0,0,0,0,0,0
-9,-17,0,0,0,0,0,0,0
-8,-17,0,0,0,0,0,0,0
-8,-17,0,0,0,0,0,0,0
-8,-16,0,0,0,0,0,0,0
-8,-15,0,0,0,0,0,0,0
-7,-15,0,0,0,0,0,0,0
-9,-16,0,0,0,0,0,0,0
-10,-15,0,0,0,0,0,0,0
-8,-14,0,0,0,0,0,0,0
-7,-13,0,0,0,0,0,0,0
-7,-12,0,0,0,0,0,0,0
-6,-13,0,0,0,0,0,0,0
-5,-12,0,0,0,0,0,0,0
-5,-11,0,0,0,0,0,0,0
-7,-10,0,0,0,0,0,0,0
-6,-10,0,0,0,0,0,0,0
-5,-11,0,0,0,0,0,0,0
-4,-10,0,0,0,0,0,0,0
-4,-9,0,0,0,0,0,0,0
-3,-8,0,0,0,0,0,0,0
-4,-7,0,0,0,0,0,0,0
-5,-6,0,0,0,0,0,0,0
-5,-7,0,0,0,0,0,0,0
-4,-7,0,0,0,0,0,0,0
-3,-6,0,0,0,0,0,0,0
-3,-5,0,0,0,0,0,0,0
-2,-5,0,0,0,0,0,0,0
-1,-4,0,0,0,0,0,0,0
0,-2,0,0,0,0,0,0,0
1,-2,0,0,0,0,0,0,0
1,-3,0,0,0,0,0,0,0
-1,-3,0,0,0,0,0,0,0
0,-2,0,0,0,0,0,0,0
0,-2,0,0,0,0,0,0,0
0,-1,0,0,0,0,0,0,0
1,0,0,0,0,0,0,0,0
1,1,0,0,0,0,0,0,0
1,1,0,0,0,0,0,0,0
1,0,0,0,0,0,0,0,0
1,0,0,0,0,0,0,0,0
0,1,0,0,0,0,0,0,0
0,2,0,0,0,0,0,0,0
2,3,0,0,0,0,0,0,0
4,3,0,0,0,0,0,0,0
3,3,0,0,0,0,0,0,0
2,5,0,0,0,0,0,0,0
2,5,0,0,0,0,0,0,0
2,4,0,0,0,0,0,0,0
2,4,0,0,0,0,0,0,0
2,4,0,0,0,0,0,0,0
3,4,0,0,0,0,0,0,0
3,5,0,0,0,0,0,0,0
3,5,0,0,0,0,0,0,0
3,4,0,0,0,0,0,0,0
3,4,0,0,0,0,0,0,0
4,6,0,0,0,0,0,0,0
3,6,0,0,0,0,0,0,0
2,5,0,0,0,0,0,0,0
3,5,0,0,0,0,0,0,0
4,6,0,0,0,0,0,0,0
4,6,0,0,0,0,0,0,0
4,6,0,0,0,0,0,0,0
5,7,0,0,0,0,0,0,0
4,7,0,0,0,0,0,0,0
3,6,0,0,0,0,0,0,0
3,7,0,0,0,0,0,0,0
3,7,0,0,0,0,0,0,0
3,7,0,0,0,0,0,0,0
3,7,0,0,0,0,0,0,0
3,7,0,0,0,0,0,0,0
4,6,0,0,0,0,0,0,0
3,6,0,0,0,0,0,0,0
4,6,0,0,0,0,0,0,0
4,6,0,0,0,0,0,0,0
2,6,0,0,0,0,0,0,0
1,7,0,0,0,0,0,0,0
3,7,0,0,0,0,0,0,0
4,7,0,0,0,0,0,0,0
3,7,0,0,0,0,0,0,0
3,7,0,0,0,0,0,0,0
4,7,0,0,0,0,0,0,0
3,6,0,0,0,0,0,0,0
2,5,0,0,0,0,0,0,0
3,5,0,0,0,0,0,0,0
3,6,0,0,0,0,0,0,0
3,6,0,0,0,0,0,0,0
3,7,0,0,0,0,0,0,0
4,7,0,0,0,0,0,0,0
3,5,0,0,0,0,0,0,0
0,4,0,0,0,0,0,0,0
-2,4,0,0,0,0,0,0,0
-1,4,0,0,0,0,0,0,0
4,5,0,0,0,0,0,0,0
4,5,0,0,0,0,0,0,0
2,6,0,0,0,0,0,0,0
3,5,0,0,0,0,0,0,0
3,4,0,0,0,0,0,0,0
2,4,0,0,0,0,0,0,0
2,5,0,0,0,0,0,0,0
2,5,0,0,0,0,0,0,0
2,3,0,0,0,0,0,0,0
3,2,0,0,0,0,0,0,0
2,2,0,0,0,0,0,0,0
1,2,0,0,0,0,0,0,0
1,2,0,0,0,0,0,0,0
2,2,0,0,0,0,0,0,0
2,2,0,0,0,0,0,0,0
1,2,0,0,0,0,0,0,0
2,2,0,0,0,0,0,0,0
2,2,0,0,0,0,0,0,0
1,3,0,0,0,0,0,0,0
1,2,0,0,0,0,0,0,0
1,1,0,0,0,0,0,0,0
1,0,0,0,0,0,0,0,0
1,1,0,0,0,0,0,0,0
1,1,0,0,0,0,0,0,0
0,0,0,0,0,0,0,0,0
0,0,0,0,0,0,0,0,0
1,0,0,0,0,0,0,0,0
1,0,0,0,0,0,0,0,0
1,0,0,0,0,0,0,0,0
0,1,0,0,0,0,0,0,0
-1,1,0,0,0,0,0,0,0
0,0,0,0,0,0,0,0,0
1,-1,0,0,0,0,0,0,0
-1,-1,0,0,0,0,0,0,0
-1,0,0,0,0,0,0,0,0
0,-1,0,0,0,0,0,0,0
-1,0,0,0,0,0,0,0,0
-1,0,0,0,0,0,0,0,0
0,-1,0,0,0,0,0,0,0
1,-1,0,0,0,0,0,0,0
0,-1,0,0,0,0,0,0,0
-2,-1,0,0,0,0,0,0,0
-1,-2,0,0,0,0,0,0,0
-1,-1,0,0,0,0,0,0,0
-1,-1,0,0,0,0,0,0,0
-1,-1,0,0,0,0,0,0,0
-1,-1,0,0,0,0,0,0,0
-2,-2,0,0,0,0,0,0,0
-2,-2,0,0,0,0,0,0,0
-1,-2,0,0,0,0,0,0,0
-1,-2,0,0,0,0,0,0,0
-1,-2,0,0,0,0,0,0,0
-1,-1,0,0,0,0,0,0,0
0,-1,0,0,0,0,0,0,0
-1,-1,0,0,0,0,0,0,0
-2,-2,0,0,0,0,0,0,0
-1,-2,0,0,0,0,0,0,0
-1,-3,0,0,0,0,0,0,0
-2,-2,0,0,0,0,0,0,0
-3,-1,0,0,0,0,0,0,0
-2,-1,0,0,0,0,0,0,0
-1,-2,0,0,0,0,0,0,0
0,-2,0,0,0,0,0,0,0
-1,-2,0,0,0,0,0,0,0
-2,-2,0,0,0,0,0,0,0
-1,-2,0,0,0,0,0,0,0
0,-2,0,0,0,0,0,0,0
-1,-1,0,0,0,0,0,0,0
-1,0,0,0,0,0,0,0,0
0,-1,0,0,0,0,0,0,0
1,-2,0,0,0,0,0,0,0
0,-2,0,0,0,0,0,0,0
-3,-2,0,0,0,0,0,0,0
-2,-2,0,0,0,0,0,0,0
-1,-2,0,0,0,0,0,0,0
-2,-2,0,0,0,0,0,0,0
-1,-2,0,0,0,0,0,0,0
0,-2,0,0,0,0,0,0,0
-1,-2,0,0,0,0,0,0,0
-2,-2,0,0,0,0,0,0,0
-2,-2,0,0,0,0,0,0,0
-1,-3,0,0,0,0,0,0,0
-2,-3,0,0,0,0,0,0,0
-2,-2,0,0,0,0,0,0,0
0,-2,0,0,0,0,0,0,0
2,-2,0,0,0,0,0,0,0
0,-1,0,0,0,0,0,0,0
-2,-1,0,0,0,0,0,0,0
-1,-1,0,0,0,0,0,0,0
-1,0,0,0,0,0,0,0,0
-2,-1,0,0,0,0,0,0,0
-1,-2,0,0,0,0,0,0,0
-1,-1,0,0,0,0,0,0,0
-1,-1,0,0,0,0,0,0,0
-1,-2,0,0,0,0,0,0,0
-1,-2,0,0,0,0,0,0,0
-1,-2,0,0,0,0,0,0,0
-1,-3,0,0,0,0,0,0,0
-1,-2,0,0,0,0,0,0,0
-1,-1,0,0,0,0,0,0,0
-1,-1,0,0,0,0,0,0,0
0,-1,0,0,0,0,0,0,0
1,-1,0,0,0,0,0,0,0
0,-1,0,0,0,0,0,0,0
-1,0,0,0,0,0,0,0,0
-1,0,0,0,0,0,0,0,0
0,-1,0,0,0,0,0,0,0
0,-2,0,0,0,0,0,0,0
-1,-1,0,0,0,0,0,0,0
1,-1,0,0,0,0,0,0,0
1,0,0,0,0,0,0,0,0
0,1,0,0,0,0,0,0,0
0,-1,0,0,0,0,0,0,0
0,-2,0,0,0,0,0,0,0
-1,-1,0,0,0,0,0,0,0
-1,0,0,0,0,0,0,0,0
0,-1,0,0,0,0,0,0,0
0,-1,0,0,0,0,0,0,0
0,1,0,0,0,0,0,0,0
0,1,0,0,0,0,0,0,0
1,1,0,0,0,0,0,0,0
1,0,0,0,0,0,0,0,0
0,0,0,0,0,0,0,0,0
-1,0,0,0,0,0,0,0,0
-1,0,0,0,0,0,0,0,0
0,-1,0,0,0,0,0,0,0
1,0,0,0,0,0,0,0,0
0,0,0,0,0,0,0,0,0
0,0,0,0,0,0,0,0,0
1,1,0,0,0,0,0,0,0
1,0,0,0,0,0,0,0,0
0,-1,0,0,0,0,0,0,0
0,0,0,0,0,0,0,0,0
0,0,0,0,0,0,0,0,0
0,0,0,0,0,0,0,0,0
1,2,0,0,0,0,0,0,0
0,3,0,0,0,0,0,0,0
0,2,0,0,0,0,0,0,0
0,1,0,0,0,0,0,0,0
0,1,0,0,0,0,0,0,0
0,0,0,0,0,0,0,0,0
0,0,0,0,0,0,0,0,0
0,-1,0,0,0,0,0,0,0
1,0,0,0,0,0,0,0,0
0,0,0,0,0,0,0,0,0
1,-1,0,0,0,0,0,0,0
1,-1,0,0,0,0,0,0,0
1,0,0,0,0,0,0,0,0
-1,1,0,0,0,0,0,0,0
-1,2,0,0,0,0,0,0,0
0,1,0,0,0,0,0,0,0
1,0,0,0,0,0,0,0,0
2,0,0,0,0,0,0,0,0
1,1,0,0,0,0,0,0,0
1,1,0,0,0,0,0,0,0
1,0,0,0,0,0,0,0,0
0,0,0,0,0,0,0,0,0
0,1,0,0,0,0,0,0,0
0,1,0,0,0,0,0,0,0
0,-1,0,0,0,0,0,0,0
0,-1,0,0,0,0,0,0,0
0,1,0,0,0,0,0,0,0
1,2,0,0,0,0,0,0,0
0,1,0,0,0,0,0,0,0
0,1,0,0,0,0,0,0,0
1,0,0,0,0,0,0,0,0
1,0,0,0,0,0,0,0,0
0,0,0,0,0,0,0,0,0
0,0,0,0,0,0,0,0,0
1,0,0,0,0,0,0,0,0
1,2,0,0,0,0,0,0,0
1,2,0,0,0,0,0,0,0
-1,0,0,0,0,0,0,0,0
-1,1,0,0,0,0,0,0,0
0,3,0,0,0,0,0,0,0
0,2,0,0,0,0,0,0,0
-1,0,0,0,0,0,0,0,0
0,0,0,0,0,0,0,0,0
0,0,0,0,0,0,0,0,0
0,0,0,0,0,0,0,0,0
0,1,0,0,0,0,0,0,0
0,1,0,0,0,0,0,0,0
0,0,0,0,0,0,0,0,0
-1,1,0,0,0,0,0,0,0
0,1,0,0,0,0,0,0,0
1,0,0,0,0,0,0,0,0
2,2,0,0,0,0,0,0,0
1,6,0,0,0,0,0,0,0
-27,-12,0,0,0,0,0,0,0
-166,-103,0,0,0,0,0,0,0
-410,-245,0,0,0,0,0,0,0
-427,-192,0,0,0,0,0,0,0
58,103,0,0,0,0,0,0,0
504,70,0,0,0,0,0,0,0
254,-379,0,0,0,0,0,0,0
-155,-400,0,0,0,0,0,0,0
-40,63,0,0,0,0,0,0,0
145,217,0,0,0,0,0,0,0
43,74,0,0,0,0,0,0,0
3,79,0,0,0,0,0,0,0
70,133,0,0,0,0,0,0,0
52,96,0,0,0,0,0,0,0
26,81,0,0,0,0,0,0,0
44,95,0,0,0,0,0,0,0
40,82,0,0,0,0,0,0,0
26,70,0,0,0,0,0,0,0
30,73,0,0,0,0,0,0,0
30,68,0,0,0,0,0,0,0
25,59,0,0,0,0,0,0,0
23,57,0,0,0,0,0,0,0
22,53,0,0,0,0,0,0,0
20,48,0,0,0,0,0,0,0
17,44,0,0,0,0,0,0,0
15,41,0,0,0,0,0,0,0
13,37,1000,0,0,0,0,0,0
12,33,0,0,0,0,0,0,0
10,30,0,0,0,0,0,0,0
9,27,1000,0,0,0,0,0,0
8,24,0,0,0,0,0,0,0
6,21,0,0,0,0,0,0,0
4,18,0,0,0,0,0,0,0
3,15,0,0,0,0,0,0,0
3,13,0,0,0,0,0,0,0
1,11,0,0,0,0,0,0,0
-2,8,0,0,0,0,0,0,0
-5,6,0,0,0,0,0,0,0
-4,3,0,0,0,0,0,0,0
-1,2,0,0,0,0,0,0,0
-2,1,0,0,0,0,0,0,0
-4,-1,0,0,0,0,0,0,0
-2,-4,0,0,0,0,0,0,0
-4,-5,0,0,0,0,0,0,0
-7,-6,0,0,0,0,0,0,0
-6,-8,0,0,0,0,0,0,0
-5,-9,0,0,0,0,0,0,0
-6,-9,0,0,0,0,0,0,0
-7,-10,0,0,0,0,0,0,0
-7,-12,0,0,0,0,0,0,0
-8,-13,0,0,0,0,0,0,0
-10,-14,0,0,0,0,0,0,0
-10,-14,0,0,0,0,0,0,0
-10,-15,0,0,0,0,0,0,0
-10,-15,0,0,0,0,0,0,0
-10,-16,0,0,0,0,0,0,0
-10,-16,0,0,0,0,0,0,0
-10,-16,0,0,0,0,0,0,0
-10,-18,0,0,0,0,0,0,0
-10,-18,0,0,0,0,0,0,0
-10,-18,0,0,0,0,0,0,0
-10,-19,0,0,0,0,0,0,0
-11,-20,0,0,0,0,0,0,0
-10,-19,0,0,0,0,0,0,0
-9,-19,0,0,0,0,0,0,0
-10,-19,0,0,0,0,0,0,0
-10,-20,0,0,0,0,0,0,0
-11,-20,0,0,0,0,0,0,0
-14,-20,0,0,0,0,0,0,0
-13,-19,0,0,0,0,0,0,0
-8,-18,0,0,0,0,0,0,0
-7,-17,0,0,0,0,0,0,0
-8,-17,0,0,0,0,0,0,0
-7,-17,0,0,0,0,0,0,0
-7,-16,0,0,0,0,0,0,0
-8,-16,0,0,0,0,0,0,0
-8,-17,0,0,0,0,0,0,0
-8,-17,0,0,0,0,0,0,0
-10,-16,0,0,0,0,0,0,0
-9,-16,0,0,0,0,0,0,0
-6,-15,0,0,0,0,0,0,0
-5,-14,0,0,0,0,0,0,0
-6,-14,0,0,0,0,0,0,0
-6,-13,0,0,0,0,0,0,0
-5,-13,0,0,0,0,0,0,0
-5,-12,0,0,0,0,0,0,0
-5,-11,0,0,0,0,0,0,0
-5,-10,0,0,0,0,0,0,0
-4,-11,0,0,0,0,0,0,0
-4,-11,0,0,0,0,0,0,0
-3,-10,0,0,0,0,0,0,0
-3,-9,0,0,0,0,0,0,0
-4,-9,0,0,0,0,0,0,0
-4,-9,0,0,0,0,0,0,0
-3,-8,0,0,0,0,0,0,0
-2,-7,0,0,0,0,0,0,0
-2,-6,0,0,0,0,0,0,0
-2,-6,0,0,0,0,0,0,0
-1,-5,0,0,0,0,0,0,0
0,-4,0,0,0,0,0,0,0
0,-4,0,0,0,0,0,0,0
-2,-4,0,0,0,0,0,0,0
-3,-3,0,0,0,0,0,0,0
-2,-2,0,0,0,0,0,0,0
0,-2,0,0,0,0,0,0,0
1,-2,0,0,0,0,0,0,0
0,-1,0,0,0,0,0,0,0
-1,0,0,0,0,0,0,0,0
0,-1,0,0,0,0,0,0,0
0,0,0,0,0,0,0,0,0
1,0,0,0,0,0,0,0,0
1,1,0,0,0,0,0,0,0
1,2,0,0,0,0,0,0,0
2,2,0,0,0,0,0,0,0
3,2,0,0,0,0,0,0,0
4,2,0,0,0,0,0,0,0
3,2,0,0,0,0,0,0,0
3,3,0,0,0,0,0,0,0
2,3,0,0,0,0,0,0,0
2,3,0,0,0,0,0,0,0
2,3,0,0,0,0,0,0,0
2,4,0,0,0,0,0,0,0
2,5,0,0,0,0,0,0,0
3,5,0,0,0,0,0,0,0
3,6,0,0,0,0,0,0,0
2,5,0,0,0,0,0,0,0
1,5,0,0,0,0,0,0,0
2,5,0,0,0,0,0,0,0
4,6,0,0,0,0,0,0,0
5,6,0,0,0,0,0,0,0
5,6,0,0,0,0,0,0,0
2,7,0,0,0,0,0,0,0
2,8,0,0,0,0,0,0,0
3,8,0,0,0,0,0,0,0
3,7,0,0,0,0,0,0,0
2,6,0,0,0,0,0,0,0
2,6,0,0,0,0,0,0,0
3,6,0,0,0,0,0,0,0
4,6,0,0,0,0,0,0,0
3,7,0,0,0,0,0,0,0
3,8,0,0,0,0,0,0,0
4,7,0,0,0,0,0,0,0
4,5,0,0,0,0,0,0,0
3,6,0,0,0,0,0,0,0
4,7,0,0,0,0,0,0,0
4,7,0,0,0,0,0,0,0
4,7,0,0,0,0,0,0,0
5,6,0,0,0,0,0,0,0
4,7,0,0,0,0,0,0,0
2,7,0,0,0,0,0,0,0
3,6,0,0,0,0,0,0,0
3,5,0,0,0,0,0,0,0
2,6,0,0,0,0,0,0,0
3,6,0,0,0,0,0,0,0
3,6,0,0,0,0,0,0,0
2,6,0,0,0,0,0,0,0
3,5,0,0,0,0,0,0,0
3,6,0,0,0,0,0,0,0
2,6,0,0,0,0,0,0,0
2,6,0,0,0,0,0,0,0
2,5,0,0,0,0,0,0,0
2,5,0,0,0,0,0,0,0
2,6,0,0,0,0,0,0,0
3,6,0,0,0,0,0,0,0
3,5,0,0,0,0,0,0,0
2,5,0,0,0,0,0,0,0
2,5,0,0,0,0,0,0,0
2,4,0,0,0,0,0,0,0
3,4,0,0,0,0,0,0,0
2,3,0,0,0,0,0,0,0
1,3,0,0,0,0,0,0,0
2,3,0,0,0,0,0,0,0
2,3,0,0,0,0,0,0,0
2,3,0,0,0,0,0,0,0
2,4,0,0,0,0,0,0,0
0,4,0,0,0,0,0,0,0
-5,2,0,0,0,0,0,0,0
-4,1,0,0,0,0,0,0,0
2,2,0,0,0,0,0,0,0
4,3,0,0,0,0,0,0,0
3,3,0,0,0,0,0,0,0
3,3,0,0,0,0,0,0,0
3,3,0,0,0,0,0,0,0
2,2,0,0,0,0,0,0,0
1,1,0,0,0,0,0,0,0
1,1,0,0,0,0,0,0,0
1,1,0,0,0,0,0,0,0
1,0,0,0,0,0,0,0,0
0,0,0,0,0,0,0,0,0
2,1,0,0,0,0,0,0,0
3,1,0,0,0,0,0,0,0
0,0,0,0,0,0,0,0,0
-1,1,0,0,0,0,0,0,0
0,1,0,0,0,0,0,0,0
0,0,0,0,0,0,0,0,0
1,0,0,0,0,0,0,0,0
1,0,0,0,0,0,0,0,0
2,1,0,0,0,0,0,0,0
2,0,0,0,0,0,0,0,0
-1,-1,0,0,0,0,0,0,0
-2,0,0,0,0,0,0,0,0
-1,1,0,0,0,0,0,0,0
0,-1,0,0,0,0,0,0,0
-1,-1,0,0,0,0,0,0,0
0,-1,0,0,0,0,0,0,0
0,-1,0,0,0,0,0,0,0
0,-1,0,0,0,0,0,0,0
0,-1,0,0,0,0,0,0,0
-1,-2,0,0,0,0,0,0,0
-2,-2,0,0,0,0,0,0,0
-3,-2,0,0,0,0,0,0,0
-6,-2,0,0,0,0,0,0,0
-4,-1,0,0,0,0,0,0,0
2,-1,0,0,0,0,0,0,0
1,-1,0,0,0,0,0,0,0
-1,-1,0,0,0,0,0,0,0
0,-2,0,0,0,0,0,0,0
0,-3,0,0,0,0,0,0,0
-1,-2,0,0,0,0,0,0,0
-1,-2,0,0,0,0,0,0,0
-2,-2,0,0,0,0,0,0,0
-2,-2,0,0,0,0,0,0,0
0,-2,0,0,0,0,0,0,0
1,-2,0,0,0,0,0,0,0
-1,-2,0,0,0,0,0,0,0
-1,-2,0,0,0,0,0,0,0
-1,-2,0,0,0,0,0,0,0
-2,-2,0,0,0,0,0,0,0
-2,-2,0,0,0,0,0,0,0
-1,-1,0,0,0,0,0,0,0
-1,-1,0,0,0,0,0,0,0
0,-3,0,0,0,0,0,0,0
0,-2,0,0,0,0,0,0,0
-1,-1,0,0,0,0,0,0,0
-2,-1,0,0,0,0,0,0,0
-1,-2,0,0,0,0,0,0,0
0,-3,0,0,0,0,0,0,0
-1,-2,0,0,0,0,0,0,0
-1,-1,0,0,0,0,0,0,0
0,-1,0,0,0,0,0,0,0
-1,-2,0,0,0,0,0,0,0
-2,-2,0,0,0,0,0,0,0
-1,-2,0,0,0,0,0,0,0
-2,-3,0,0,0,0,0,0,0
-2,-2,0,0,0,0,0,0,0
-1,-2,0,0,0,0,0,0,0
-1,-2,0,0,0,0,0,0,0
-1,-1,0,0,0,0,0,0,0
-1,-1,0,0,0,0,0,0,0
-1,-1,0,0,0,0,0,0,0
0,-2,0,0,0,0,0,0,0
-1,-1,0,0,0,0,0,0,0
-1,-1,0,0,0,0,0,0,0
-1,-1,0,0,0,0,0,0,0
-2,-1,0,0,0,0,0,0,0
-1,-2,0,0,0,0,0,0,0
-1,-3,0,0,0,0,0,0,0
-1,-2,0,0,0,0,0,0,0
-1,-1,0,0,0,0,0,0,0
0,-1,0,0,0,0,0,0,0
0,-1,0,0,0,0,0,0,0
-1,-1,0,0,0,0,0,0,0
-2,-2,0,0,0,0,0,0,0
-1,-2,0,0,0,0,0,0,0
1,-1,0,0,0,0,0,0,0
1,-1,0,0,0,0,0,0,0
-1,-1,0,0,0,0,0,0,0
-1,-1,0,0,0,0,0,0,0
0,-1,0,0,0,0,0,0,0
0,-1,0,0,0,0,0,0,0
-1,0,0,0,0,0,0,0,0
-2,0,0,0,0,0,0,0,0
-2,-1,0,0,0,0,0,0,0
0,-1,0,0,0,0,0,0,0
0,0,0,0,0,0,0,0,0
0,-1,0,0,0,0,0,0,0
-2,-1,0,0,0,0,0,0,0
-1,0,0,0,0,0,0,0,0
-1,0,0,0,0,0,0,0,0
0,0,0,0,0,0,0,0,0
0,0,0,0,0,0,0,0,0
0,0,0,0,0,0,0,0,0
0,0,0,0,0,0,0,0,0
0,0,0,0,0,0,0,0,0
-1,-1,0,0,0,0,0,0,0
-2,0,0,0,0,0,0,0,0
-1,0,0,0,0,0,0,0,0
1,0,0,0,0,0,0,0,0
0,0,0,0,0,0,0,0,0
0,1,0,0,0,0,0,0,0
0,1,0,0,0,0,0,0,0
0,1,0,0,0,0,0,0,0
0,1,0,0,0,0,0,0,0
0,1,0,0,0,0,0,0,0
0,0,0,0,0,0,0,0,0
0,0,0,0,0,0,0,0,0
1,0,0,0,0,0,0,0,0
2,1,0,0,0,0,0,0,0
2,1,0,0,0,0,0,0,0
1,1,0,0,0,0,0,0,0
0,1,0,0,0,0,0,0,0
-1,1,0,0,0,0,0,0,0
0,0,0,0,0,0,0,0,0
1,0,0,0,0,0,0,0,0
0,0,0,0,0,0,0,0,0
0,1,0,0,0,0,0,0,0
0,1,0,0,0,0,0,0,0
0,0,0,0,0,0,0,0,0
0,0,0,0,0,0,0,0,0
0,0,0,0,0,0,0,0,0
0,0,0,0,0,0,0,0,0
0,0,0,0,0,0,0,0,0
0,0,0,0,0,0,0,0,0
1,1,0,0,0,0,0,0,0
2,1,0,0,0,0,0,0,0
1,1,0,0,0,0,0,0,0
0,1,0,0,0,0,0,0,0
0,1,0,0,0,0,0,0,0
0,1,0,0,0,0,0,0,0
0,0,0,0,0,0,0,0,0
0,-1,0,0,0,0,0,0,0
0,0,0,0,0,0,0,0,0
1,0,0,0,0,0,0,0,0
2,0,0,0,0,0,0,0,0
2,0,0,0,0,0,0,0,0
0,0,0,0,0,0,0,0,0
0,1,0,0,0,0,0,0,0
0,0,0,0,0,0,0,0,0
0,0,0,0,0,0,0,0,0
0,0,0,0,0,0,0,0,0
1,1,0,0,0,0,0,0,0
1,1,0,0,0,0,0,0,0
0,0,0,0,0,0,0,0,0
0,0,0,0,0,0,0,0,0
0,0,0,0,0,0,0,0,0
-1,0,0,0,0,0,0,0,0
-1,0,0,0,0,0,0,0,0
0,1,0,0,0,0,0,0,0
-1,1,0,0,0,0,0,0,0
0,1,0,0,0,0,0,0,0
0,0,0,0,0,0,0,0,0
0,1,0,0,0,0,0,0,0
0,1,0,0,0,0,0,0,0
0,0,0,0,0,0,0,0,0
0,1,0,0,0,0,0,0,0
1,1,0,0,0,0,0,0,0
1,2,0,0,0,0,0,0,0
1,1,0,0,0,0,0,0,0
1,1,0,0,0,0,0,0,0
1,2,0,0,0,0,0,0,0
0,1,0,0,0,0,0,0,0
1,0,0,0,0,0,0,0,0
1,-1,0,0,0,0,0,0,0
1,1,0,0,0,0,0,0,0
-1,1,0,0,0,0,0,0,0
0,0,0,0,0,0,0,0,0
-13,-9,0,0,0,0,0,0,0
-117,-71,0,0,0,0,0,0,0
-352,-214,0,0,0,0,0,0,0
-444,-235,0,0,0,0,0,0,0
-16,32,0,0,0,0,0,0,0
532,117,0,0,0,0,0,0,0
368,-297,0,0,0,0,0,0,0
-163,-458,0,0,0,0,0,0,0
-141,-24,0,0,0,0,0,0,0
130,232,0,0,0,0,0,0,0
66,99,0,0,0,0,0,0,0
-19,64,0,0,0,0,0,0,0
53,131,0,0,0,0,0,0,0
54,107,0,0,0,0,0,0,0
16,80,0,0,0,0,0,0,0
31,95,0,0,0,0,0,0,0
35,88,0,0,0,0,0,0,0
21,74,0,0,0,0,0,0,0
23,75,0,0,0,0,0,0,0
25,71,0,0,0,0,0,0,0
18,63,0,0,0,0,0,0,0
16,59,0,0,0,0,0,0,0
17,56,0,0,0,0,0,0,0
16,51,0,0,0,0,0,0,0
14,47,0,0,0,0,0,0,0
13,43,0,0,0,0,0,0,0
12,40,1000,0,0,0,0,0,0
10,36,0,0,0,0,0,0,0
8,31,0,0,0,0,0,0,0
7,29,1000,0,0,0,0,0,0
6,26,0,0,0,0,0,0,0
5,23,0,0,0,0,0,0,0
5,18,0,0,0,0,0,0,0
3,16,0,0,0,0,0,0,0
1,14,0,0,0,0,0,0,0
1,11,0,0,0,0,0,0,0
0,8,0,0,0,0,0,0,0
-1,6,0,0,0,0,0,0,0
-2,4,0,0,0,0,0,0,0
-2,2,0,0,0,0,0,0,0
-2,0,0,0,0,0,0,0,0
-3,-1,0,0,0,0,0,0,0
-4,-2,0,0,0,0,0,0,0
-5,-3,0,0,0,0,0,0,0
-5,-6,0,0,0,0,0,0,0
-5,-9,0,0,0,0,0,0,0
-6,-9,0,0,0,0,0,0,0
-6,-10,0,0,0,0,0,0,0
-5,-11,0,0,0,0,0,0,0
-6,-13,0,0,0,0,0,0,0
-7,-14,0,0,0,0,0,0,0
-7,-15,0,0,0,0,0,0,0
-7,-15,0,0,0,0,0,0,0
-8,-16,0,0,0,0,0,0,0
-9,-17,0,0,0,0,0,0,0
-8,-17,0,0,0,0,0,0,0
-8,-17,0,0,0,0,0,0,0
-9,-17,0,0,0,0,0,0,0
-9,-17,0,0,0,0,0,0,0
-8,-18,0,0,0,0,0,0,0
-9,-19,0,0,0,0,0,0,0
-10,-18,0,0,0,0,0,0,0
-9,-18,0,0,0,0,0,0,0
-8,-20,0,0,0,0,0,0,0
-8,-20,0,0,0,0,0,0,0
-8,-19,0,0,0,0,0,0,0
-8,-19,0,0,0,0,0,0,0
-8,-19,0,0,0,0,0,0,0
-7,-19,0,0,0,0,0,0,0
-7,-19,0,0,0,0,0,0,0
-8,-19,0,0,0,0,0,0,0
-8,-19,0,0,0,0,0,0,0
-7,-18,0,0,0,0,0,0,0
-7,-17,0,0,0,0,0,0,0
-7,-16,0,0,0,0,0,0,0
-7,-16,0,0,0,0,0,0,0
-6,-16,0,0,0,0,0,0,0
-5,-16,0,0,0,0,0,0,0
-6,-16,0,0,0,0,0,0,0
-7,-16,0,0,0,0,0,0,0
-6,-15,0,0,0,0,0,0,0
-5,-14,0,0,0,0,0,0,0
-6,-13,0,0,0,0,0,0,0
-6,-14,0,0,0,0,0,0,0
-4,-13,0,0,0,0,0,0,0
-3,-12,0,0,0,0,0,0,0
-4,-12,0,0,0,0,0,0,0
-5,-13,0,0,0,0,0,0,0
-5,-12,0,0,0,0,0,0,0
-3,-11,0,0,0,0,0,0,0
-2,-11,0,0,0,0,0,0,0
-2,-10,0,0,0,0,0,0,0
-2,-9,0,0,0,0,0,0,0
-3,-9,0,0,0,0,0,0,0
-3,-7,0,0,0,0,0,0,0
-3,-6,0,0,0,0,0,0,0
-3,-7,0,0,0,0,0,0,0
-3,-6,0,0,0,0,0,0,0
-2,-5,0,0,0,0,0,0,0
-1,-5,0,0,0,0,0,0,0
-1,-4,0,0,0,0,0,0,0
0,-4,0,0,0,0,0,0,0
-1,-4,0,0,0,0,0,0,0
-1,-4,0,0,0,0,0,0,0
0,-3,0,0,0,0,0,0,0
-1,-2,0,0,0,0,0,0,0
0,-2,0,0,0,0,0,0,0
2,-1,0,0,0,0,0,0,0
2,0,0,0,0,0,0,0,0
0,0,0,0,0,0,0,0,0
1,1,0,0,0,0,0,0,0
2,1,0,0,0,0,0,0,0
1,0,0,0,0,0,0,0,0
1,1,0,0,0,0,0,0,0
2,2,0,0,0,0,0,0,0
2,2,0,0,0,0,0,0,0
2,2,0,0,0,0,0,0,0
1,3,0,0,0,0,0,0,0
0,5,0,0,0,0,0,0,0
1,6,0,0,0,0,0,0,0
3,4,0,0,0,0,0,0,0
2,3,0,0,0,0,0,0,0
0,4,0,0,0,0,0,0,0
2,5,0,0,0,0,0,0,0
3,5,0,0,0,0,0,0,0
3,6,0,0,0,0,0,0,0
3,6,0,0,0,0,0,0,0
3,5,0,0,0,0,0,0,0
2,5,0,0,0,0,0,0,0
2,5,0,0,0,0,0,0,0
2,5,0,0,0,0,0,0,0
3,5,0,0,0,0,0,0,0
3,6,0,0,0,0,0,0,0
3,6,0,0,0,0,0,0,0
5,6,0,0,0,0,0,0,0
4,6,0,0,0,0,0,0,0
3,6,0,0,0,0,0,0,0
2,6,0,0,0,0,0,0,0
3,6,0,0,0,0,0,0,0
2,6,0,0,0,0,0,0,0
3,7,0,0,0,0,0,0,0
4,7,0,0,0,0,0,0,0
4,8,0,0,0,0,0,0,0
5,8,0,0,0,0,0,0,0
5,8,0,0,0,0,0,0,0
3,7,0,0,0,0,0,0,0
3,6,0,0,0,0,0,0,0
3,6,0,0,0,0,0,0,0
2,6,0,0,0,0,0,0,0
2,6,0,0,0,0,0,0,0
2,6,0,0,0,0,0,0,0
2,7,0,0,0,0,0,0,0
2,7,0,0,0,0,0,0,0
2,7,0,0,0,0,0,0,0
2,6,0,0,0,0,0,0,0
2,6,0,0,0,0,0,0,0
2,7,0,0,0,0,0,0,0
2,7,0,0,0,0,0,0,0
3,7,0,0,0,0,0,0,0
3,6,0,0,0,0,0,0,0
2,5,0,0,0,0,0,0,0
2,6,0,0,0,0,0,0,0
1,6,0,0,0,0,0,0,0
1,4,0,0,0,0,0,0,0
2,4,0,0,0,0,0,0,0
3,5,0,0,0,0,0,0,0
3,4,0,0,0,0,0,0,0
2,4,0,0,0,0,0,0,0
3,4,0,0,0,0,0,0,0
2,5,0,0,0,0,0,0,0
1,4,0,0,0,0,0,0,0
1,3,0,0,0,0,0,0,0
0,3,0,0,0,0,0,0,0
1,4,0,0,0,0,0,0,0
2,4,0,0,0,0,0,0,0
2,4,0,0,0,0,0,0,0
1,4,0,0,0,0,0,0,0
1,3,0,0,0,0,0,0,0
1,3,0,0,0,0,0,0,0
1,3,0,0,0,0,0,0,0
1,2,0,0,0,0,0,0,0
1,2,0,0,0,0,0,0,0
1,3,0,0,0,0,0,0,0
1,3,0,0,0,0,0,0,0
2,1,0,0,0,0,0,0,0
1,1,0,0,0,0,0,0,0
0,1,0,0,0,0,0,0,0
0,1,0,0,0,0,0,0,0
0,1,0,0,0,0,0,0,0
-1,1,0,0,0,0,0,0,0
0,1,0,0,0,0,0,0,0
1,1,0,0,0,0,0,0,0
0,1,0,0,0,0,0,0,0
-1,1,0,0,0,0,0,0,0
0,1,0,0,0,0,0,0,0
0,0,0,0,0,0,0,0,0
0,-1,0,0,0,0,0,0,0
0,0,0,0,0,0,0,0,0
1,0,0,0,0,0,0,0,0
0,-1,0,0,0,0,0,0,0
-1,-1,0,0,0,0,0,0,0
-2,0,0,0,0,0,0,0,0
-1,-1,0,0,0,0,0,0,0
-1,-1,0,0,0,0,0,0,0
-1,-2,0,0,0,0,0,0,0
-2,-2,0,0,0,0,0,0,0
-1,-2,0,0,0,0,0,0,0
-1,-1,0,0,0,0,0,0,0
-1,-1,0,0,0,0,0,0,0
1,-1,0,0,0,0,0,0,0
1,-1,0,0,0,0,0,0,0
-1,-2,0,0,0,0,0,0,0
-2,-2,0,0,0,0,0,0,0
-2,-2,0,0,0,0,0,0,0
-2,-2,0,0,0,0,0,0,0
-1,-2,0,0,0,0,0,0,0
0,-1,0,0,0,0,0,0,0
-1,-1,0,0,0,0,0,0,0
-1,-2,0,0,0,0,0,0,0
-1,-2,0,0,0,0,0,0,0
-1,-1,0,0,0,0,0,0,0
-1,-2,0,0,0,0,0,0,0
-1,-3,0,0,0,0,0,0,0
-1,-1,0,0,0,0,0,0,0
-1,-1,0,0,0,0,0,0,0
0,-3,0,0,0,0,0,0,0
-1,-3,0,0,0,0,0,0,0
-1,-1,0,0,0,0,0,0,0
-2,-2,0,0,0,0,0,0,0
-1,-3,0,0,0,0,0,0,0
-1,-2,0,0,0,0,0,0,0
-1,-2,0,0,0,0,0,0,0
-1,-2,0,0,0,0,0,0,0
-1,-2,0,0,0,0,0,0,0
0,-3,0,0,0,0,0,0,0
-1,-3,0,0,0,0,0,0,0
-2,-2,0,0,0,0,0,0,0
-2,-2,0,0,0,0,0,0,0
-1,-2,0,0,0,0,0,0,0
0,-2,0,0,0,0,0,0,0
-1,-1,0,0,0,0,0,0,0
-1,-1,0,0,0,0,0,0,0
-1,-1,0,0,0,0,0,0,0
0,-1,0,0,0,0,0,0,0
-1,-1,0,0,0,0,0,0,0
-1,-3,0,0,0,0,0,0,0
-1,-3,0,0,0,0,0,0,0
0,-2,0,0,0,0,0,0,0
0,-1,0,0,0,0,0,0,0
-2,-1,0,0,0,0,0,0,0
-1,-1,0,0,0,0,0,0,0
-1,-2,0,0,0,0,0,0,0
-5,-2,0,0,0,0,0,0,0
-5,-2,0,0,0,0,0,0,0
1,-2,0,0,0,0,0,0,0
1,-2,0,0,0,0,0,0,0
-1,-2,0,0,0,0,0,0,0
0,-1,0,0,0,0,0,0,0
2,-1,0,0,0,0,0,0,0
2,-2,0,0,0,0,0,0,0
1,-2,0,0,0,0,0,0,0
1,-2,0,0,0,0,0,0,0
1,-2,0,0,0,0,0,0,0
0,-1,0,0,0,0,0,0,0
0,0,0,0,0,0,0,0,0
0,0,0,0,0,0,0,0,0
0,-1,0,0,0,0,0,0,0
0,-2,0,0,0,0,0,0,0
1,-1,0,0,0,0,0,0,0
1,-1,0,0,0,0,0,0,0
0,-2,0,0,0,0,0,0,0
0,-1,0,0,0,0,0,0,0
0,-2,0,0,0,0,0,0,0
0,-2,0,0,0,0,0,0,0
1,-1,0,0,0,0,0,0,0
1,0,0,0,0,0,0,0,0
-1,1,0,0,0,0,0,0,0
-1,0,0,0,0,0,0,0,0
0,-1,0,0,0,0,0,0,0
0,-1,0,0,0,0,0,0,0
-1,-1,0,0,0,0,0,0,0
-1,-1,0,0,0,0,0,0,0
-1,0,0,0,0,0,0,0,0
-1,0,0,0,0,0,0,0,0
0,0,0,0,0,0,0,0,0
0,0,0,0,0,0,0,0,0
0,0,0,0,0,0,0,0,0
0,0,0,0,0,0,0,0,0
0,0,0,0,0,0,0,0,0
0,0,0,0,0,0,0,0,0
0,0,0,0,0,0,0,0,0
0,1,0,0,0,0,0,0,0
0,1,0,0,0,0,0,0,0
0,0,0,0,0,0,0,0,0
0,0,0,0,0,0,0,0,0
0,1,0,0,0,0,0,0,0
0,1,0,0,0,0,0,0,0
0,0,0,0,0,0,0,0,0
0,0,0,0,0,0,0,0,0
0,0,0,0,0,0,0,0,0
1,1,0,0,0,0,0,0,0
1,1,0,0,0,0,0,0,0
-1,0,0,0,0,0,0,0,0
-5,0,0,0,0,0,0,0,0
-3,0,0,0,0,0,0,0,0
3,0,0,0,0,0,0,0,0
2,1,0,0,0,0,0,0,0
0,2,0,0,0,0,0,0,0
1,1,0,0,0,0,0,0,0
2,1,0,0,0,0,0,0,0
2,2,0,0,0,0,0,0,0
1,2,0,0,0,0,0,0,0
0,0,0,0,0,0,0,0,0
-1,0,0,0,0,0,0,0,0
0,0,0,0,0,0,0,0,0
0,0,0,0,0,0,0,0,0
-1,0,0,0,0,0,0,0,0
0,0,0,0,0,0,0,0,0
1,1,0,0,0,0,0,0,0
0,1,0,0,0,0,0,0,0
-5,1,0,0,0,0,0,0,0
-3,0,0,0,0,0,0,0,0
2,0,0,0,0,0,0,0,0
2,1,0,0,0,0,0,0,0
1,0,0,0,0,0,0,0,0
2,1,0,0,0,0,0,0,0
1,2,0,0,0,0,0,0,0
0,1,0,0,0,0,0,0,0
1,0,0,0,0,0,0,0,0
1,1,0,0,0,0,0,0,0
0,2,0,0,0,0,0,0,0
0,2,0,0,0,0,0,0,0
1,2,0,0,0,0,0,0,0
2,0,0,0,0,0,0,0,0
1,0,0,0,0,0,0,0,0
-1,0,0,0,0,0,0,0,0
-4,0,0,0,0,0,0,0,0
-3,0,0,0,0,0,0,0,0
3,0,0,0,0,0,0,0,0
2,0,0,0,0,0,0,0,0
-1,0,0,0,0,0,0,0,0
1,0,0,0,0,0,0,0,0
2,0,0,0,0,0,0,0,0
1,1,0,0,0,0,0,0,0
2,1,0,0,0,0,0,0,0
3,0,0,0,0,0,0,0,0
1,-1,0,0,0,0,0,0,0
-1,0,0,0,0,0,0,0,0
1,2,0,0,0,0,0,0,0
1,2,0,0,0,0,0,0,0
-19,-8,0,0,0,0,0,0,0
-135,-70,0,0,0,0,0,0,0
-372,-207,0,0,0,0,0,0,0
-440,-224,0,0,0,0,0,0,0
10,22,0,0,0,0,0,0,0
532,78,0,0,0,0,0,0,0
332,-310,0,0,0,0,0,0,0
-171,-425,0,0,0,0,0,0,0
-107,-6,0,0,0,0,0,0,0
147,224,0,0,0,0,0,0,0
65,101,0,0,0,0,0,0,0
-13,69,0,0,0,0,0,0,0
57,129,0,0,0,0,0,0,0
53,107,0,0,0,0,0,0,0
17,83,0,0,0,0,0,0,0
32,94,0,0,0,0,0,0,0
36,88,0,0,0,0,0,0,0
23,76,0,0,0,0,0,0,0
24,75,0,0,0,0,0,0,0
24,69,0,0,0,0,0,0,0
18,62,0,0,0,0,0,0,0
15,59,0,0,0,0,0,0,0
13,55,0,0,0,0,0,0,0
12,49,0,0,0,0,0,0,0
15,46,0,0,0,0,0,0,0
14,42,0,0,0,0,0,0,0
11,39,1000,0,0,0,0,0,0
10,36,0,0,0,0,0,0,0
9,32,0,0,0,0,0,0,0
7,27,1000,0,0,0,0,0,0
6,25,0,0,0,0,0,0,0
6,23,0,0,0,0,0,0,0
4,19,0,0,0,0,0,0,0
3,15,0,0,0,0,0,0,0
3,13,0,0,0,0,0,0,0
3,11,0,0,0,0,0,0,0
1,8,0,0,0,0,0,0,0
-2,6,0,0,0,0,0,0,0
-2,3,0,0,0,0,0,0,0
-3,1,0,0,0,0,0,0,0
-3,1,0,0,0,0,0,0,0
-2,0,0,0,0,0,0,0,0
-4,-3,0,0,0,0,0,0,0
-6,-4,0,0,0,0,0,0,0
-6,-5,0,0,0,0,0,0,0
-6,-8,0,0,0,0,0,0,0
-7,-9,0,0,0,0,0,0,0
-7,-10,0,0,0,0,0,0,0
-7,-12,0,0,0,0,0,0,0
-8,-12,0,0,0,0,0,0,0
-8,-13,0,0,0,0,0,0,0
-7,-13,0,0,0,0,0,0,0
-8,-15,0,0,0,0,0,0,0
-9,-17,0,0,0,0,0,0,0
-10,-17,0,0,0,0,0,0,0
-14,-17,0,0,0,0,0,0,0
-11,-18,0,0,0,0,0,0,0
-5,-18,0,0,0,0,0,0,0
-6,-18,0,0,0,0,0,0,0
-9,-18,0,0,0,0,0,0,0
-7,-19,0,0,0,0,0,0,0
-7,-18,0,0,0,0,0,0,0
-9,-18,0,0,0,0,0,0,0
-8,-19,0,0,0,0,0,0,0
-8,-19,0,0,0,0,0,0,0
-9,-19,0,0,0,0,0,0,0
-8,-19,0,0,0,0,0,0,0
-7,-18,0,0,0,0,0,0,0
-9,-18,0,0,0,0,0,0,0
-8,-19,0,0,0,0,0,0,0
-7,-19,0,0,0,0,0,0,0
-12,-19,0,0,0,0,0,0,0
-12,-19,0,0,0,0,0,0,0
-5,-18,0,0,0,0,0,0,0
-3,-17,0,0,0,0,0,0,0
-7,-16,0,0,0,0,0,0,0
-6,-15,0,0,0,0,0,0,0
-5,-15,0,0,0,0,0,0,0
-7,-16,0,0,0,0,0,0,0
-7,-17,0,0,0,0,0,0,0
-6,-15,0,0,0,0,0,0,0
-5,-14,0,0,0,0,0,0,0
-5,-14,0,0,0,0,0,0,0
-3,-14,0,0,0,0,0,0,0
-3,-14,0,0,0,0,0,0,0
-5,-14,0,0,0,0,0,0,0
-6,-13,0,0,0,0,0,0,0
-5,-12,0,0,0,0,0,0,0
-5,-12,0,0,0,0,0,0,0
-4,-11,0,0,0,0,0,0,0
-4,-10,0,0,0,0,0,0,0
-4,-9,0,0,0,0,0,0,0
-4,-8,0,0,0,0,0,0,0
-2,-8,0,0,0,0,0,0,0
-2,-7,0,0,0,0,0,0,0
-3,-7,0,0,0,0,0,0,0
-3,-7,0,0,0,0,0,0,0
-2,-6,0,0,0,0,0,0,0
-1,-6,0,0,0,0,0,0,0
-1,-6,0,0,0,0,0,0,0
-1,-5,0,0,0,0,0,0,0
-1,-4,0,0,0,0,0,0,0
-1,-4,0,0,0,0,0,0,0
0,-3,0,0,0,0,0,0,0
0,-3,0,0,0,0,0,0,0
0,-3,0,0,0,0,0,0,0
0,-2,0,0,0,0,0,0,0
1,-1,0,0,0,0,0,0,0
1,0,0,0,0,0,0,0,0
1,0,0,0,0,0,0,0,0
1,1,0,0,0,0,0,0,0
1,1,0,0,0,0,0,0,0
1,1,0,0,0,0,0,0,0
1,1,0,0,0,0,0,0,0
1,2,0,0,0,0,0,0,0
2,2,0,0,0,0,0,0,0
3,4,0,0,0,0,0,0,0
2,4,0,0,0,0,0,0,0
2,4,0,0,0,0,0,0,0
3,4,0,0,0,0,0,0,0
2,4,0,0,0,0,0,0,0
1,3,0,0,0,0,0,0,0
1,4,0,0,0,0,0,0,0
3,5,0,0,0,0,0,0,0
3,5,0,0,0,0,0,0,0
4,6,0,0,0,0,0,0,0
4,6,0,0,0,0,0,0,0
3,5,0,0,0,0,0,0,0
3,6,0,0,0,0,0,0,0
4,6,0,0,0,0,0,0,0
3,6,0,0,0,0,0,0,0
2,6,0,0,0,0,0,0,0
3,7,0,0,0,0,0,0,0
4,6,0,0,0,0,0,0,0
4,6,0,0,0,0,0,0,0
2,6,0,0,0,0,0,0,0
3,7,0,0,0,0,0,0,0
3,8,0,0,0,0,0,0,0
2,7,0,0,0,0,0,0,0
2,6,0,0,0,0,0,0,0
3,6,0,0,0,0,0,0,0
4,7,0,0,0,0,0,0,0
4,7,0,0,0,0,0,0,0
4,6,0,0,0,0,0,0,0
3,7,0,0,0,0,0,0,0
3,7,0,0,0,0,0,0,0
3,7,0,0,0,0,0,0,0
3,7,0,0,0,0,0,0,0
2,6,0,0,0,0,0,0,0
3,6,0,0,0,0,0,0,0
3,7,0,0,0,0,0,0,0
2,7,0,0,0,0,0,0,0
2,6,0,0,0,0,0,0,0
3,6,0,0,0,0,0,0,0
2,6,0,0,0,0,0,0,0
1,6,0,0,0,0,0,0,0
1,6,0,0,0,0,0,0,0
3,7,0,0,0,0,0,0,0
3,7,0,0,0,0,0,0,0
2,6,0,0,0,0,0,0,0
1,6,0,0,0,0,0,0,0
2,7,0,0,0,0,0,0,0
2,6,0,0,0,0,0,0,0
1,4,0,0,0,0,0,0,0
2,4,0,0,0,0,0,0,0
3,4,0,0,0,0,0,0,0
2,5,0,0,0,0,0,0,0
2,5,0,0,0,0,0,0,0
2,4,0,0,0,0,0,0,0
1,4,0,0,0,0,0,0,0
0,5,0,0,0,0,0,0,0
1,4,0,0,0,0,0,0,0
3,3,0,0,0,0,0,0,0
2,4,0,0,0,0,0,0,0
1,3,0,0,0,0,0,0,0
1,3,0,0,0,0,0,0,0
2,3,0,0,0,0,0,0,0
2,2,0,0,0,0,0,0,0
1,2,0,0,0,0,0,0,0
2,2,0,0,0,0,0,0,0
2,2,0,0,0,0,0,0,0
1,2,0,0,0,0,0,0,0
1,2,0,0,0,0,0,0,0
0,1,0,0,0,0,0,0,0
0,2,0,0,0,0,0,0,0
1,2,0,0,0,0,0,0,0
0,2,0,0,0,0,0,0,0
-1,1,0,0,0,0,0,0,0
-1,1,0,0,0,0,0,0,0
0,1,0,0,0,0,0,0,0
0,1,0,0,0,0,0,0,0
1,1,0,0,0,0,0,0,0
1,1,0,0,0,0,0,0,0
0,0,0,0,0,0,0,0,0
-1,0,0,0,0,0,0,0,0
-1,0,0,0,0,0,0,0,0
-2,-1,0,0,0,0,0,0,0
-2,0,0,0,0,0,0,0,0
1,0,0,0,0,0,0,0,0
0,-1,0,0,0,0,0,0,0
-1,0,0,0,0,0,0,0,0
0,0,0,0,0,0,0,0,0
1,-2,0,0,0,0,0,0,0
0,-2,0,0,0,0,0,0,0
-1,-1,0,0,0,0,0,0,0
0,-1,0,0,0,0,0,0,0
0,-1,0,0,0,0,0,0,0
-1,0,0,0,0,0,0,0,0
-1,-1,0,0,0,0,0,0,0
0,0,0,0,0,0,0,0,0
1,0,0,0,0,0,0,0,0
0,-1,0,0,0,0,0,0,0
0,-2,0,0,0,0,0,0,0
-2,-3,0,0,0,0,0,0,0
-5,-3,0,0,0,0,0,0,0
-3,-2,0,0,0,0,0,0,0
1,-2,0,0,0,0,0,0,0
0,-2,0,0,0,0,0,0,0
-2,-2,0,0,0,0,0,0,0
-1,-2,0,0,0,0,0,0,0
-1,-2,0,0,0,0,0,0,0
-1,-3,0,0,0,0,0,0,0
0,-2,0,0,0,0,0,0,0
-1,-2,0,0,0,0,0,0,0
-1,-3,0,0,0,0,0,0,0
0,-3,0,0,0,0,0,0,0
0,-2,0,0,0,0,0,0,0
-1,-1,0,0,0,0,0,0,0
-1,-1,0,0,0,0,0,0,0
-1,-2,0,0,0,0,0,0,0
-1,-2,0,0,0,0,0,0,0
-1,-2,0,0,0,0,0,0,0
-1,-3,0,0,0,0,0,0,0
0,-3,0,0,0,0,0,0,0
0,-2,0,0,0,0,0,0,0
-1,-2,0,0,0,0,0,0,0
-1,-3,0,0,0,0,0,0,0
-1,-2,0,0,0,0,0,0,0
-1,-2,0,0,0,0,0,0,0
0,-2,0,0,0,0,0,0,0
0,-2,0,0,0,0,0,0,0
0,-2,0,0,0,0,0,0,0
1,-2,0,0,0,0,0,0,0
-1,-2,0,0,0,0,0,0,0
-2,-2,0,0,0,0,0,0,0
-1,-2,0,0,0,0,0,0,0
-1,-2,0,0,0,0,0,0,0
-2,-1,0,0,0,0,0,0,0
-1,-1,0,0,0,0,0,0,0
-1,-2,0,0,0,0,0,0,0
-2,-1,0,0,0,0,0,0,0
-2,-1,0,0,0,0,0,0,0
-2,-2,0,0,0,0,0,0,0
-2,-2,0,0,0,0,0,0,0
0,-1,0,0,0,0,0,0,0
0,-2,0,0,0,0,0,0,0
0,-1,0,0,0,0,0,0,0
-1,0,0,0,0,0,0,0,0
-1,-1,0,0,0,0,0,0,0
-1,0,0,0,0,0,0,0,0
-1,0,0,0,0,0,0,0,0
-1,-1,0,0,0,0,0,0,0
-1,-2,0,0,0,0,0,0,0
-1,-2,0,0,0,0,0,0,0
0,-1,0,0,0,0,0,0,0
1,-1,0,0,0,0,0,0,0
0,-1,0,0,0,0,0,0,0
-1,-1,0,0,0,0,0,0,0
1,0,0,0,0,0,0,0,0
1,0,0,0,0,0,0,0,0
-1,-1,0,0,0,0,0,0,0
-1,-2,0,0,0,0,0,0,0
0,-1,0,0,0,0,0,0,0
0,-1,0,0,0,0,0,0,0
-1,-1,0,0,0,0,0,0,0
0,0,0,0,0,0,0,0,0
0,0,0,0,0,0,0,0,0
-1,1,0,0,0,0,0,0,0
-1,1,0,0,0,0,0,0,0
0,-1,0,0,0,0,0,0,0
0,-1,0,0,0,0,0,0,0
-1,-1,0,0,0,0,0,0,0
-1,0,0,0,0,0,0,0,0
0,0,0,0,0,0,0,0,0
1,-1,0,0,0,0,0,0,0
0,-1,0,0,0,0,0,0,0
0,1,0,0,0,0,0,0,0
0,1,0,0,0,0,0,0,0
0,-1,0,0,0,0,0,0,0
0,-1,0,0,0,0,0,0,0
1,0,0,0,0,0,0,0,0
1,0,0,0,0,0,0,0,0
0,0,0,0,0,0,0,0,0
0,1,0,0,0,0,0,0,0
0,1,0,0,0,0,0,0,0
0,0,0,0,0,0,0,0,0
0,0,0,0,0,0,0,0,0
-1,0,0,0,0,0,0,0,0
-2,-1,0,0,0,0,0,0,0
-1,0,0,0,0,0,0,0,0
2,1,0,0,0,0,0,0,0
2,1,0,0,0,0,0,0,0
1,0,0,0,0,0,0,0,0
0,0,0,0,0,0,0,0,0
-2,1,0,0,0,0,0,0,0
-5,0,0,0,0,0,0,0,0
-2,0,0,0,0,0,0,0,0
4,1,0,0,0,0,0,0,0
4,0,0,0,0,0,0,0,0
0,0,0,0,0,0,0,0,0
0,1,0,0,0,0,0,0,0
0,1,0,0,0,0,0,0,0
0,1,0,0,0,0,0,0,0
0,1,0,0,0,0,0,0,0
-1,0,0,0,0,0,0,0,0
0,0,0,0,0,0,0,0,0
2,1,0,0,0,0,0,0,0
2,1,0,0,0,0,0,0,0
1,1,0,0,0,0,0,0,0
0,0,0,0,0,0,0,0,0
1,-1,0,0,0,0,0,0,0
1,0,0,0,0,0,0,0,0
0,1,0,0,0,0,0,0,0
0,1,0,0,0,0,0,0,0
1,1,0,0,0,0,0,0,0
1,1,0,0,0,0,0,0,0
1,1,0,0,0,0,0,0,0
1,1,0,0,0,0,0,0,0
1,-1,0,0,0,0,0,0,0
1,0,0,0,0,0,0,0,0
1,1,0,0,0,0,0,0,0
0,0,0,0,0,0,0,0,0
0,0,0,0,0,0,0,0,0
0,1,0,0,0,0,0,0,0
0,2,0,0,0,0,0,0,0
0,2,0,0,0,0,0,0,0
0,0,0,0,0,0,0,0,0
0,-1,0,0,0,0,0,0,0
0,0,0,0,0,0,0,0,0
1,0,0,0,0,0,0,0,0
1,0,0,0,0,0,0,0,0
1,0,0,0,0,0,0,0,0
1,1,0,0,0,0,0,0,0
1,2,0,0,0,0,0,0,0
0,1,0,0,0,0,0,0,0
0,0,0,0,0,0,0,0,0
0,-1,0,0,0,0,0,0,0
0,0,0,0,0,0,0,0,0
0,0,0,0,0,0,0,0,0
-1,1,0,0,0,0,0,0,0
0,1,0,0,0,0,0,0,0
0,0,0,0,0,0,0,0,0
-1,-1,0,0,0,0,0,0,0
-1,0,0,0,0,0,0,0,0
0,0,0,0,0,0,0,0,0
0,0,0,0,0,0,0,0,0
-1,1,0,0,0,0,0,0,0
-1,1,0,0,0,0,0,0,0
1,1,0,0,0,0,0,0,0
1,0,0,0,0,0,0,0,0
1,0,0,0,0,0,0,0,0
-7,-5,0,0,0,0,0,0,0
-82,-56,0,0,0,0,0,0,0
-291,-197,0,0,0,0,0,0,0
-443,-281,0,0,0,0,0,0,0
-111,-63,0,0,0,0,0,0,0
522,136,0,0,0,0,0,0,0
536,-174,0,0,0,0,0,0,0
-60,-461,0,0,0,0,0,0,0
-221,-124,0,0,0,0,0,0,0
67,225,0,0,0,0,0,0,0
77,138,0,0,0,0,0,0,0
-43,57,0,0,0,0,0,0,0
16,129,0,0,0,0,0,0,0
49,123,0,0,0,0,0,0,0
4,85,0,0,0,0,0,0,0
10,97,0,0,0,0,0,0,0
25,95,0,0,0,0,0,0,0
11,77,0,0,0,0,0,0,0
9,76,0,0,0,0,0,0,0
15,76,0,0,0,0,0,0,0
10,66,0,0,0,0,0,0,0
8,61,0,0,0,0,0,0,0
10,59,0,0,0,0,0,0,0
7,54,0,0,0,0,0,0,0
5,49,0,0,0,0,0,0,0
5,45,0,0,0,0,0,0,0
4,41,1000,0,0,0,0,0,0
3,37,0,0,0,0,0,0,0
3,34,0,0,0,0,0,0,0
3,31,1000,0,0,0,0,0,0
2,27,0,0,0,0,0,0,0
2,24,0,0,0,0,0,0,0
1,21,0,0,0,0,0,0,0
0,17,0,0,0,0,0,0,0
-1,14,0,0,0,0,0,0,0
-1,12,0,0,0,0,0,0,0
-2,9,0,0,0,0,0,0,0
-1,7,0,0,0,0,0,0,0
-1,5,0,0,0,0,0,0,0
-2,3,0,0,0,0,0,0,0
-3,0,0,0,0,0,0,0,0
-2,-2,0,0,0,0,0,0,0
-3,-4,0,0,0,0,0,0,0
-4,-5,0,0,0,0,0,0,0
-4,-7,0,0,0,0,0,0,0
-4,-8,0,0,0,0,0,0,0
-3,-9,0,0,0,0,0,0,0
-4,-10,0,0,0,0,0,0,0
-4,-12,0,0,0,0,0,0,0
-4,-13,0,0,0,0,0,0,0
-4,-13,0,0,0,0,0,0,0
-4,-15,0,0,0,0,0,0,0
-5,-16,0,0,0,0,0,0,0
-6,-17,0,0,0,0,0,0,0
-6,-17,0,0,0,0,0,0,0
-6,-17,0,0,0,0,0,0,0
-6,-18,0,0,0,0,0,0,0
-6,-18,0,0,0,0,0,0,0
-6,-19,0,0,0,0,0,0,0
-5,-20,0,0,0,0,0,0,0
-6,-20,0,0,0,0,0,0,0
-6,-19,0,0,0,0,0,0,0
-5,-20,0,0,0,0,0,0,0
-5,-21,0,0,0,0,0,0,0
-5,-19,0,0,0,0,0,0,0
-4,-18,0,0,0,0,0,0,0
-4,-19,0,0,0,0,0,0,0
-5,-20,0,0,0,0,0,0,0
-5,-20,0,0,0,0,0,0,0
-5,-20,0,0,0,0,0,0,0
-4,-20,0,0,0,0,0,0,0
-4,-19,0,0,0,0,0,0,0
-4,-18,0,0,0,0,0,0,0
-4,-18,0,0,0,0,0,0,0
-4,-18,0,0,0,0,0,0,0
-3,-18,0,0,0,0,0,0,0
-4,-18,0,0,0,0,0,0,0
-4,-18,0,0,0,0,0,0,0
-3,-18,0,0,0,0,0,0,0
-3,-17,0,0,0,0,0,0,0
-3,-16,0,0,0,0,0,0,0
-2,-15,0,0,0,0,0,0,0
-3,-14,0,0,0,0,0,0,0
-4,-14,0,0,0,0,0,0,0
-3,-14,0,0,0,0,0,0,0
-3,-13,0,0,0,0,0,0,0
-3,-13,0,0,0,0,0,0,0
-3,-13,0,0,0,0,0,0,0
-3,-12,0,0,0,0,0,0,0
-2,-11,0,0,0,0,0,0,0
-1,-11,0,0,0,0,0,0,0
-1,-10,0,0,0,0,0,0,0
-2,-10,0,0,0,0,0,0,0
-2,-9,0,0,0,0,0,0,0
-1,-9,0,0,0,0,0,0,0
-1,-8,0,0,0,0,0,0,0
0,-7,0,0,0,0,0,0,0
1,-7,0,0,0,0,0,0,0
0,-6,0,0,0,0,0,0,0
-1,-4,0,0,0,0,0,0,0
-1,-3,0,0,0,0,0,0,0
1,-4,0,0,0,0,0,0,0
0,-4,0,0,0,0,0,0,0
-1,-3,0,0,0,0,0,0,0
0,-2,0,0,0,0,0,0,0
0,-1,0,0,0,0,0,0,0
-1,-1,0,0,0,0,0,0,0
0,-2,0,0,0,0,0,0,0
1,-1,0,0,0,0,0,0,0
1,0,0,0,0,0,0,0,0
0,0,0,0,0,0,0,0,0
0,0,0,0,0,0,0,0,0
1,1,0,0,0,0,0,0,0
1,3,0,0,0,0,0,0,0
1,3,0,0,0,0,0,0,0
3,2,0,0,0,0,0,0,0
2,3,0,0,0,0,0,0,0
0,4,0,0,0,0,0,0,0
-1,3,0,0,0,0,0,0,0
1,3,0,0,0,0,0,0,0
2,4,0,0,0,0,0,0,0
1,5,0,0,0,0,0,0,0
1,5,0,0,0,0,0,0,0
2,6,0,0,0,0,0,0,0
1,5,0,0,0,0,0,0,0
1,6,0,0,0,0,0,0,0
0,6,0,0,0,0,0,0,0
-2,5,0,0,0,0,0,0,0
-1,5,0,0,0,0,0,0,0
3,6,0,0,0,0,0,0,0
4,6,0,0,0,0,0,0,0
2,5,0,0,0,0,0,0,0
4,6,0,0,0,0,0,0,0
5,6,0,0,0,0,0,0,0
2,6,0,0,0,0,0,0,0
1,6,0,0,0,0,0,0,0
2,7,0,0,0,0,0,0,0
2,6,0,0,0,0,0,0,0
2,7,0,0,0,0,0,0,0
1,8,0,0,0,0,0,0,0
1,8,0,0,0,0,0,0,0
3,8,0,0,0,0,0,0,0
3,8,0,0,0,0,0,0,0
2,7,0,0,0,0,0,0,0
3,7,0,0,0,0,0,0,0
3,8,0,0,0,0,0,0,0
2,8,0,0,0,0,0,0,0
2,7,0,0,0,0,0,0,0
3,7,0,0,0,0,0,0,0
3,8,0,0,0,0,0,0,0
3,8,0,0,0,0,0,0,0
3,6,0,0,0,0,0,0,0
2,6,0,0,0,0,0,0,0
1,6,0,0,0,0,0,0,0
1,6,0,0,0,0,0,0,0
1,5,0,0,0,0,0,0,0
1,6,0,0,0,0,0,0,0
3,7,0,0,0,0,0,0,0
3,6,0,0,0,0,0,0,0
1,4,0,0,0,0,0,0,0
-1,5,0,0,0,0,0,0,0
-1,6,0,0,0,0,0,0,0
1,5,0,0,0,0,0,0,0
2,5,0,0,0,0,0,0,0
2,6,0,0,0,0,0,0,0
1,5,0,0,0,0,0,0,0
0,5,0,0,0,0,0,0,0
0,5,0,0,0,0,0,0,0
0,6,0,0,0,0,0,0,0
1,4,0,0,0,0,0,0,0
0,3,0,0,0,0,0,0,0
0,5,0,0,0,0,0,0,0
1,5,0,0,0,0,0,0,0
1,3,0,0,0,0,0,0,0
1,2,0,0,0,0,0,0,0
0,3,0,0,0,0,0,0,0
0,3,0,0,0,0,0,0,0
1,2,0,0,0,0,0,0,0
1,2,0,0,0,0,0,0,0
0,3,0,0,0,0,0,0,0
1,3,0,0,0,0,0,0,0
1,4,0,0,0,0,0,0,0
1,2,0,0,0,0,0,0,0
0,1,0,0,0,0,0,0,0
-1,2,0,0,0,0,0,0,0
0,1,0,0,0,0,0,0,0
-1,0,0,0,0,0,0,0,0
-1,1,0,0,0,0,0,0,0
0,1,0,0,0,0,0,0,0
1,1,0,0,0,0,0,0,0
0,2,0,0,0,0,0,0,0
-2,2,0,0,0,0,0,0,0
-5,1,0,0,0,0,0,0,0
-3,-1,0,0,0,0,0,0,0
1,-1,0,0,0,0,0,0,0
1,0,0,0,0,0,0,0,0
0,0,0,0,0,0,0,0,0
1,-1,0,0,0,0,0,0,0
2,-1,0,0,0,0,0,0,0
0,0,0,0,0,0,0,0,0
0,-1,0,0,0,0,0,0,0
0,-1,0,0,0,0,0,0,0
-1,-1,0,0,0,0,0,0,0
-1,0,0,0,0,0,0,0,0
0,-1,0,0,0,0,0,0,0
0,-2,0,0,0,0,0,0,0
0,-2,0,0,0,0,0,0,0
1,-1,0,0,0,0,0,0,0
1,-2,0,0,0,0,0,0,0
0,-2,0,0,0,0,0,0,0
-1,-2,0,0,0,0,0,0,0
-1,-1,0,0,0,0,0,0,0
0,-1,0,0,0,0,0,0,0
0,-1,0,0,0,0,0,0,0
-1,-2,0,0,0,0,0,0,0
-1,-2,0,0,0,0,0,0,0
-1,-2,0,0,0,0,0,0,0
-1,-2,0,0,0,0,0,0,0
-1,-2,0,0,0,0,0,0,0
0,-2,0,0,0,0,0,0,0
0,-2,0,0,0,0,0,0,0
0,-2,0,0,0,0,0,0,0
-1,-2,0,0,0,0,0,0,0
0,-3,0,0,0,0,0,0,0
-1,-3,0,0,0,0,0,0,0
-2,-2,0,0,0,0,0,0,0
-2,-2,0,0,0,0,0,0,0
-1,-3,0,0,0,0,0,0,0
-1,-2,0,0,0,0,0,0,0
-1,-2,0,0,0,0,0,0,0
0,-1,0,0,0,0,0,0,0
0,-1,0,0,0,0,0,0,0
-1,-1,0,0,0,0,0,0,0
0,-1,0,0,0,0,0,0,0
1,-2,0,0,0,0,0,0,0
0,-2,0,0,0,0,0,0,0
-1,-2,0,0,0,0,0,0,0
-1,-2,0,0,0,0,0,0,0
-1,-2,0,0,0,0,0,0,0
0,-1,0,0,0,0,0,0,0
0,-2,0,0,0,0,0,0,0
-1,-2,0,0,0,0,0,0,0
-1,-2,0,0,0,0,0,0,0
-1,-3,0,0,0,0,0,0,0
-2,-3,0,0,0,0,0,0,0
-1,-2,0,0,0,0,0,0,0
0,-2,0,0,0,0,0,0,0
0,-2,0,0,0,0,0,0,0
0,-1,0,0,0,0,0,0,0
0,-1,0,0,0,0,0,0,0
0,-1,0,0,0,0,0,0,0
-1,-1,0,0,0,0,0,0,0
-1,-2,0,0,0,0,0,0,0
0,-2,0,0,0,0,0,0,0
0,-2,0,0,0,0,0,0,0
0,-2,0,0,0,0,0,0,0
-1,-2,0,0,0,0,0,0,0
-1,-2,0,0,0,0,0,0,0
0,-1,0,0,0,0,0,0,0
0,-1,0,0,0,0,0,0,0
0,-2,0,0,0,0,0,0,0
0,-2,0,0,0,0,0,0,0
-1,-1,0,0,0,0,0,0,0
-1,-2,0,0,0,0,0,0,0
0,-2,0,0,0,0,0,0,0
1,-1,0,0,0,0,0,0,0
0,0,0,0,0,0,0,0,0
-1,0,0,0,0,0,0,0,0
0,-1,0,0,0,0,0,0,0
0,-2,0,0,0,0,0,0,0
0,-1,0,0,0,0,0,0,0
0,0,0,0,0,0,0,0,0
-1,-1,0,0,0,0,0,0,0
-1,-1,0,0,0,0,0,0,0
0,0,0,0,0,0,0,0,0
-1,0,0,0,0,0,0,0,0
0,-1,0,0,0,0,0,0,0
0,-1,0,0,0,0,0,0,0
0,0,0,0,0,0,0,0,0
0,-1,0,0,0,0,0,0,0
0,0,0,0,0,0,0,0,0
1,1,0,0,0,0,0,0,0
1,1,0,0,0,0,0,0,0
1,0,0,0,0,0,0,0,0
1,-1,0,0,0,0,0,0,0
1,0,0,0,0,0,0,0,0
1,0,0,0,0,0,0,0,0
0,0,0,0,0,0,0,0,0
-1,0,0,0,0,0,0,0,0
-1,0,0,0,0,0,0,0,0
0,0,0,0,0,0,0,0,0
0,0,0,0,0,0,0,0,0
0,0,0,0,0,0,0,0,0
0,0,0,0,0,0,0,0,0
-2,0,0,0,0,0,0,0,0
-4,0,0,0,0,0,0,0,0
-3,1,0,0,0,0,0,0,0
2,1,0,0,0,0,0,0,0
2,0,0,0,0,0,0,0,0
0,1,0,0,0,0,0,0,0
-1,2,0,0,0,0,0,0,0
-3,1,0,0,0,0,0,0,0
-2,0,0,0,0,0,0,0,0
3,1,0,0,0,0,0,0,0
3,1,0,0,0,0,0,0,0
0,1,0,0,0,0,0,0,0
2,0,0,0,0,0,0,0,0
2,0,0,0,0,0,0,0,0
1,1,0,0,0,0,0,0,0
2,1,0,0,0,0,0,0,0
2,0,0,0,0,0,0,0,0
1,0,0,0,0,0,0,0,0
1,0,0,0,0,0,0,0,0
1,1,0,0,0,0,0,0,0
1,2,0,0,0,0,0,0,0
1,2,0,0,0,0,0,0,0
2,0,0,0,0,0,0,0,0
2,0,0,0,0,0,0,0,0
0,0,0,0,0,0,0,0,0
-1,0,0,0,0,0,0,0,0
0,0,0,0,0,0,0,0,0
0,1,0,0,0,0,0,0,0
0,1,0,0,0,0,0,0,0
1,1,0,0,0,0,0,0,0
0,1,0,0,0,0,0,0,0
0,0,0,0,0,0,0,0,0
0,0,0,0,0,0,0,0,0
0,0,0,0,0,0,0,0,0
0,1,0,0,0,0,0,0,0
-1,1,0,0,0,0,0,0,0
-1,2,0,0,0,0,0,0,0
0,2,0,0,0,0,0,0,0
0,1,0,0,0,0,0,0,0
0,0,0,0,0,0,0,0,0
0,1,0,0,0,0,0,0,0
0,1,0,0,0,0,0,0,0
0,0,0,0,0,0,0,0,0
-1,1,0,0,0,0,0,0,0
0,1,0,0,0,0,0,0,0
1,0,0,0,0,0,0,0,0
1,0,0,0,0,0,0,0,0
2,0,0,0,0,0,0,0,0
1,0,0,0,0,0,0,0,0
-1,-1,0,0,0,0,0,0,0
-1,0,0,0,0,0,0,0,0
-1,1,0,0,0,0,0,0,0
-5,0,0,0,0,0,0,0,0
-60,-22,0,0,0,0,0,0,0
-250,-110,0,0,0,0,0,0,0
-454,-217,0,0,0,0,0,0,0
-234,-121,0,0,0,0,0,0,0
403,75,0,0,0,0,0,0,0
551,-103,0,0,0,0,0,0,0
-37,-427,0,0,0,0,0,0,0
-290,-240,0,0,0,0,0,0,0
49,152,0,0,0,0,0,0,0
146,169,0,0,0,0,0,0,0
-12,59,0,0,0,0,0,0,0
16,101,0,0,0,0,0,0,0
73,124,0,0,0,0,0,0,0
25,85,0,0,0,0,0,0,0
16,84,0,0,0,0,0,0,0
39,92,0,0,0,0,0,0,0
31,78,0,0,0,0,0,0,0
23,73,0,0,0,0,0,0,0
28,73,0,0,0,0,0,0,0
25,65,0,0,0,0,0,0,0
19,58,0,0,0,0,0,0,0
18,56,0,0,0,0,0,0,0
18,51,0,0,0,0,0,0,0
15,47,0,0,0,0,0,0,0
14,43,0,0,0,0,0,0,0
13,40,1000,0,0,0,0,0,0
11,36,0,0,0,0,0,0,0
10,33,0,0,0,0,0,0,0
8,30,0,0,0,0,0,0,0
7,27,1000,0,0,0,0,0,0
6,23,0,0,0,0,0,0,0
5,20,0,0,0,0,0,0,0
4,18,0,0,0,0,0,0,0
4,15,0,0,0,0,0,0,0
3,12,0,0,0,0,0,0,0
1,10,0,0,0,0,0,0,0
0,8,0,0,0,0,0,0,0
-1,5,0,0,0,0,0,0,0
-2,3,0,0,0,0,0,0,0
-2,1,0,0,0,0,0,0,0
-2,0,0,0,0,0,0,0,0
-3,-2,0,0,0,0,0,0,0
-4,-4,0,0,0,0,0,0,0
-4,-5,0,0,0,0,0,0,0
-4,-6,0,0,0,0,0,0,0
-5,-8,0,0,0,0,0,0,0
-6,-9,0,0,0,0,0,0,0
-7,-10,0,0,0,0,0,0,0
-6,-11,0,0,0,0,0,0,0
-6,-12,0,0,0,0,0,0,0
-7,-13,0,0,0,0,0,0,0
-7,-14,0,0,0,0,0,0,0
-7,-14,0,0,0,0,0,0,0
-7,-16,0,0,0,0,0,0,0
-8,-16,0,0,0,0,0,0,0
-9,-16,0,0,0,0,0,0,0
-9,-17,0,0,0,0,0,0,0
-9,-17,0,0,0,0,0,0,0
-8,-17,0,0,0,0,0,0,0
-8,-18,0,0,0,0,0,0,0
-8,-18,0,0,0,0,0,0,0
-10,-18,0,0,0,0,0,0,0
-10,-19,0,0,0,0,0,0,0
-8,-19,0,0,0,0,0,0,0
-8,-18,0,0,0,0,0,0,0
-10,-18,0,0,0,0,0,0,0
-9,-18,0,0,0,0,0,0,0
-8,-18,0,0,0,0,0,0,0
-7,-18,0,0,0,0,0,0,0
-8,-16,0,0,0,0,0,0,0
-8,-17,0,0,0,0,0,0,0
-8,-18,0,0,0,0,0,0,0
-8,-17,0,0,0,0,0,0,0
-8,-17,0,0,0,0,0,0,0
-7,-17,0,0,0,0,0,0,0
-8,-17,0,0,0,0,0,0,0
-7,-15,0,0,0,0,0,0,0
-6,-14,0,0,0,0,0,0,0
-8,-15,0,0,0,0,0,0,0
-11,-15,0,0,0,0,0,0,0
-8,-15,0,0,0,0,0,0,0
-3,-14,0,0,0,0,0,0,0
-4,-13,0,0,0,0,0,0,0
-5,-13,0,0,0,0,0,0,0
-3,-13,0,0,0,0,0,0,0
-3,-13,0,0,0,0,0,0,0
-3,-11,0,0,0,0,0,0,0
-3,-10,0,0,0,0,0,0,0
-4,-10,0,0,0,0,0,0,0
-4,-11,0,0,0,0,0,0,0
-2,-11,0,0,0,0,0,0,0
-2,-10,0,0,0,0,0,0,0
-2,-8,0,0,0,0,0,0,0
-1,-7,0,0,0,0,0,0,0
-1,-8,0,0,0,0,0,0,0
-3,-7,0,0,0,0,0,0,0
-4,-6,0,0,0,0,0,0,0
-2,-7,0,0,0,0,0,0,0
-2,-6,0,0,0,0,0,0,0
-2,-5,0,0,0,0,0,0,0
0,-4,0,0,0,0,0,0,0
1,-4,0,0,0,0,0,0,0
0,-4,0,0,0,0,0,0,0
0,-2,0,0,0,0,0,0,0
0,-2,0,0,0,0,0,0,0
0,-2,0,0,0,0,0,0,0
0,-1,0,0,0,0,0,0,0
0,1,0,0,0,0,0,0,0
0,0,0,0,0,0,0,0,0
1,-1,0,0,0,0,0,0,0
1,1,0,0,0,0,0,0,0
1,1,0,0,0,0,0,0,0
1,0,0,0,0,0,0,0,0
1,1,0,0,0,0,0,0,0
1,2,0,0,0,0,0,0,0
2,2,0,0,0,0,0,0,0
3,2,0,0,0,0,0,0,0
2,3,0,0,0,0,0,0,0
2,4,0,0,0,0,0,0,0
3,3,0,0,0,0,0,0,0
3,3,0,0,0,0,0,0,0
2,4,0,0,0,0,0,0,0
1,4,0,0,0,0,0,0,0
1,4,0,0,0,0,0,0,0
2,5,0,0,0,0,0,0,0
4,5,0,0,0,0,0,0,0
4,6,0,0,0,0,0,0,0
3,6,0,0,0,0,0,0,0
2,5,0,0,0,0,0,0,0
1,5,0,0,0,0,0,0,0
2,6,0,0,0,0,0,0,0
4,6,0,0,0,0,0,0,0
5,5,0,0,0,0,0,0,0
4,6,0,0,0,0,0,0,0
4,6,0,0,0,0,0,0,0
4,7,0,0,0,0,0,0,0
3,7,0,0,0,0,0,0,0
2,6,0,0,0,0,0,0,0
2,6,0,0,0,0,0,0,0
2,7,0,0,0,0,0,0,0
3,7,0,0,0,0,0,0,0
3,8,0,0,0,0,0,0,0
2,7,0,0,0,0,0,0,0
2,6,0,0,0,0,0,0,0
3,7,0,0,0,0,0,0,0
3,6,0,0,0,0,0,0,0
1,6,0,0,0,0,0,0,0
1,7,0,0,0,0,0,0,0
2,6,0,0,0,0,0,0,0
3,5,0,0,0,0,0,0,0
4,6,0,0,0,0,0,0,0
4,6,0,0,0,0,0,0,0
3,7,0,0,0,0,0,0,0
3,7,0,0,0,0,0,0,0
2,6,0,0,0,0,0,0,0
2,5,0,0,0,0,0,0,0
1,5,0,0,0,0,0,0,0
1,5,0,0,0,0,0,0,0
2,5,0,0,0,0,0,0,0
3,6,0,0,0,0,0,0,0
4,5,0,0,0,0,0,0,0
2,5,0,0,0,0,0,0,0
1,5,0,0,0,0,0,0,0
1,5,0,0,0,0,0,0,0
1,5,0,0,0,0,0,0,0
0,5,0,0,0,0,0,0,0
1,5,0,0,0,0,0,0,0
2,5,0,0,0,0,0,0,0
3,5,0,0,0,0,0,0,0
4,5,0,0,0,0,0,0,0
2,5,0,0,0,0,0,0,0
0,4,0,0,0,0,0,0,0
0,5,0,0,0,0,0,0,0
1,4,0,0,0,0,0,0,0
1,3,0,0,0,0,0,0,0
0,2,0,0,0,0,0,0,0
1,2,0,0,0,0,0,0,0
0,3,0,0,0,0,0,0,0
0,3,0,0,0,0,0,0,0
1,2,0,0,0,0,0,0,0
2,1,0,0,0,0,0,0,0
1,2,0,0,0,0,0,0,0
0,2,0,0,0,0,0,0,0
0,2,0,0,0,0,0,0,0
1,3,0,0,0,0,0,0,0
1,3,0,0,0,0,0,0,0
1,1,0,0,0,0,0,0,0
0,0,0,0,0,0,0,0,0
0,1,0,0,0,0,0,0,0
0,0,0,0,0,0,0,0,0
0,0,0,0,0,0,0,0,0
0,1,0,0,0,0,0,0,0
0,0,0,0,0,0,0,0,0
0,0,0,0,0,0,0,0,0
0,1,0,0,0,0,0,0,0
-1,0,0,0,0,0,0,0,0
-1,-1,0,0,0,0,0,0,0
-2,-1,0,0,0,0,0,0,0
-2,0,0,0,0,0,0,0,0
-1,0,0,0,0,0,0,0,0
0,0,0,0,0,0,0,0,0
0,0,0,0,0,0,0,0,0
2,-1,0,0,0,0,0,0,0
2,-1,0,0,0,0,0,0,0
0,-1,0,0,0,0,0,0,0
-1,-1,0,0,0,0,0,0,0
1,-1,0,0,0,0,0,0,0
0,0,0,0,0,0,0,0,0
-1,-2,0,0,0,0,0,0,0
-1,-2,0,0,0,0,0,0,0
-1,-2,0,0,0,0,0,0,0
-1,-2,0,0,0,0,0,0,0
-1,-1,0,0,0,0,0,0,0
-1,-1,0,0,0,0,0,0,0
-1,-3,0,0,0,0,0,0,0
-1,-2,0,0,0,0,0,0,0
-3,-1,0,0,0,0,0,0,0
-6,-2,0,0,0,0,0,0,0
-4,-2,0,0,0,0,0,0,0
1,-1,0,0,0,0,0,0,0
1,-1,0,0,0,0,0,0,0
-2,-2,0,0,0,0,0,0,0
-1,-3,0,0,0,0,0,0,0
0,-3,0,0,0,0,0,0,0
0,-3,0,0,0,0,0,0,0
0,-1,0,0,0,0,0,0,0
0,-1,0,0,0,0,0,0,0
0,-3,0,0,0,0,0,0,0
0,-2,0,0,0,0,0,0,0
-1,-2,0,0,0,0,0,0,0
-1,-3,0,0,0,0,0,0,0
-1,-3,0,0,0,0,0,0,0
-1,-2,0,0,0,0,0,0,0
0,-2,0,0,0,0,0,0,0
0,-2,0,0,0,0,0,0,0
-1,-2,0,0,0,0,0,0,0
-1,-2,0,0,0,0,0,0,0
-1,-2,0,0,0,0,0,0,0
-1,-1,0,0,0,0,0,0,0
-1,-1,0,0,0,0,0,0,0
-1,-3,0,0,0,0,0,0,0
0,-2,0,0,0,0,0,0,0
0,-2,0,0,0,0,0,0,0
0,-2,0,0,0,0,0,0,0
0,-1,0,0,0,0,0,0,0
0,-1,0,0,0,0,0,0,0
-1,-3,0,0,0,0,0,0,0
-1,-3,0,0,0,0,0,0,0
0,-1,0,0,0,0,0,0,0
0,-1,0,0,0,0,0,0,0
1,-1,0,0,0,0,0,0,0
1,-1,0,0,0,0,0,0,0
0,-1,0,0,0,0,0,0,0
-1,-2,0,0,0,0,0,0,0
-1,-1,0,0,0,0,0,0,0
-1,-1,0,0,0,0,0,0,0
0,-2,0,0,0,0,0,0,0
0,-1,0,0,0,0,0,0,0
0,-1,0,0,0,0,0,0,0
-1,-1,0,0,0,0,0,0,0
-1,-1,0,0,0,0,0,0,0
0,-2,0,0,0,0,0,0,0
0,-1,0,0,0,0,0,0,0
-2,-1,0,0,0,0,0,0,0
-2,-2,0,0,0,0,0,0,0
-1,-2,0,0,0,0,0,0,0
0,-1,0,0,0,0,0,0,0
0,0,0,0,0,0,0,0,0
0,0,0,0,0,0,0,0,0
0,-2,0,0,0,0,0,0,0
0,-1,0,0,0,0,0,0,0
-1,0,0,0,0,0,0,0,0
0,-1,0,0,0,0,0,0,0
1,-1,0,0,0,0,0,0,0
0,0,0,0,0,0,0,0,0
-1,0,0,0,0,0,0,0,0
-1,0,0,0,0,0,0,0,0
1,0,0,0,0,0,0,0,0
1,-1,0,0,0,0,0,0,0
-2,-1,0,0,0,0,0,0,0
-5,-1,0,0,0,0,0,0,0
-3,0,0,0,0,0,0,0,0
1,0,0,0,0,0,0,0,0
2,0,0,0,0,0,0,0,0
0,0,0,0,0,0,0,0,0
1,-1,0,0,0,0,0,0,0
3,-1,0,0,0,0,0,0,0
2,0,0,0,0,0,0,0,0
0,0,0,0,0,0,0,0,0
-1,0,0,0,0,0,0,0,0
-1,0,0,0,0,0,0,0,0
0,0,0,0,0,0,0,0,0
1,0,0,0,0,0,0,0,0
1,0,0,0,0,0,0,0,0
0,1,0,0,0,0,0,0,0
-1,1,0,0,0,0,0,0,0
0,1,0,0,0,0,0,0,0
-1,1,0,0,0,0,0,0,0
-1,0,0,0,0,0,0,0,0
0,0,0,0,0,0,0,0,0
0,0,0,0,0,0,0,0,0
1,0,0,0,0,0,0,0,0
1,0,0,0,0,0,0,0,0
1,1,0,0,0,0,0,0,0
1,0,0,0,0,0,0,0,0
1,0,0,0,0,0,0,0,0
0,1,0,0,0,0,0,0,0
1,1,0,0,0,0,0,0,0
1,0,0,0,0,0,0,0,0
0,1,0,0,0,0,0,0,0
-1,2,0,0,0,0,0,0,0
-1,1,0,0,0,0,0,0,0
-1,-1,0,0,0,0,0,0,0
1,0,0,0,0,0,0,0,0
1,0,0,0,0,0,0,0,0
0,0,0,0,0,0,0,0,0
0,0,0,0,0,0,0,0,0
1,0,0,0,0,0,0,0,0
1,1,0,0,0,0,0,0,0
1,1,0,0,0,0,0,0,0
1,1,0,0,0,0,0,0,0
1,0,0,0,0,0,0,0,0
0,0,0,0,0,0,0,0,0
0,0,0,0,0,0,0,0,0
-1,1,0,0,0,0,0,0,0
0,1,0,0,0,0,0,0,0
0,0,0,0,0,0,0,0,0
0,0,0,0,0,0,0,0,0
0,0,0,0,0,0,0,0,0
0,0,0,0,0,0,0,0,0
-1,0,0,0,0,0,0,0,0
-1,0,0,0,0,0,0,0,0
0,0,0,0,0,0,0,0,0
1,0,0,0,0,0,0,0,0
0,0,0,0,0,0,0,0,0
2,1,0,0,0,0,0,0,0
2,1,0,0,0,0,0,0,0
0,1,0,0,0,0,0,0,0
0,0,0,0,0,0,0,0,0
0,1,0,0,0,0,0,0,0
0,2,0,0,0,0,0,0,0
-1,1,0,0,0,0,0,0,0
0,0,0,0,0,0,0,0,0
0,1,0,0,0,0,0,0,0
0,-1,0,0,0,0,0,0,0
0,-4,0,0,0,0,0,0,0
0,-2,0,0,0,0,0,0,0
0,3,0,0,0,0,0,0,0
0,1,0,0,0,0,0,0,0
0,-1,0,0,0,0,0,0,0
0,1,0,0,0,0,0,0,0
0,2,0,0,0,0,0,0,0
0,1,0,0,0,0,0,0,0
0,1,0,0,0,0,0,0,0
1,1,0,0,0,0,0,0,0
1,1,0,0,0,0,0,0,0
0,0,0,0,0,0,0,0,0
0,0,0,0,0,0,0,0,0
1,1,0,0,0,0,0,0,0
-14,-8,0,0,0,0,0,0,0
-115,-72,0,0,0,0,0,0,0
-345,-218,0,0,0,0,0,0,0
-435,-254,0,0,0,0,0,0,0
16,6,0,0,0,0,0,0,0
603,124,0,0,0,0,0,0,0
423,-267,0,0,0,0,0,0,0
-183,-459,0,0,0,0,0,0,0
-189,-40,0,0,0,0,0,0,0
118,235,0,0,0,0,0,0,0
67,105,0,0,0,0,0,0,0
-35,64,0,0,0,0,0,0,0
37,137,0,0,0,0,0,0,0
45,112,0,0,0,0,0,0,0
3,82,0,0,0,0,0,0,0
18,98,0,0,0,0,0,0,0
26,91,0,0,0,0,0,0,0
12,76,0,0,0,0,0,0,0
14,76,0,0,0,0,0,0,0
17,72,0,0,0,0,0,0,0
11,64,0,0,0,0,0,0,0
11,62,0,0,0,0,0,0,0
11,58,0,0,0,0,0,0,0
9,51,0,0,0,0,0,0,0
7,47,0,0,0,0,0,0,0
7,44,0,0,0,0,0,0,0
7,40,1000,0,0,0,0,0,0
7,36,0,0,0,0,0,0,0
6,33,0,0,0,0,0,0,0
4,29,1000,0,0,0,0,0,0
3,26,0,0,0,0,0,0,0
2,23,0,0,0,0,0,0,0
1,19,0,0,0,0,0,0,0
1,16,0,0,0,0,0,0,0
1,14,0,0,0,0,0,0,0
0,11,0,0,0,0,0,0,0
-1,9,0,0,0,0,0,0,0
-1,7,0,0,0,0,0,0,0
-2,4,0,0,0,0,0,0,0
-3,2,0,0,0,0,0,0,0
-3,0,0,0,0,0,0,0,0
-4,0,0,0,0,0,0,0,0
-4,-2,0,0,0,0,0,0,0
-3,-5,0,0,0,0,0,0,0
-4,-6,0,0,0,0,0,0,0
-4,-7,0,0,0,0,0,0,0
-4,-9,0,0,0,0,0,0,0
-5,-11,0,0,0,0,0,0,0
-5,-11,0,0,0,0,0,0,0
-5,-12,0,0,0,0,0,0,0
-5,-14,0,0,0,0,0,0,0
-5,-15,0,0,0,0,0,0,0
-6,-15,0,0,0,0,0,0,0
-5,-17,0,0,0,0,0,0,0
-6,-17,0,0,0,0,0,0,0
-6,-17,0,0,0,0,0,0,0
-6,-18,0,0,0,0,0,0,0
-6,-18,0,0,0,0,0,0,0
-6,-19,0,0,0,0,0,0,0
-5,-18,0,0,0,0,0,0,0
-5,-19,0,0,0,0,0,0,0
-6,-20,0,0,0,0,0,0,0
-6,-20,0,0,0,0,0,0,0
-6,-20,0,0,0,0,0,0,0
-5,-20,0,0,0,0,0,0,0
-5,-20,0,0,0,0,0,0,0
-5,-20,0,0,0,0,0,0,0
-4,-20,0,0,0,0,0,0,0
-4,-19,0,0,0,0,0,0,0
-6,-19,0,0,0,0,0,0,0
-6,-20,0,0,0,0,0,0,0
-6,-20,0,0,0,0,0,0,0
-6,-18,0,0,0,0,0,0,0
-6,-18,0,0,0,0,0,0,0
-5,-18,0,0,0,0,0,0,0
-4,-17,0,0,0,0,0,0,0
-4,-17,0,0,0,0,0,0,0
-4,-18,0,0,0,0,0,0,0
-3,-17,0,0,0,0,0,0,0
-4,-15,0,0,0,0,0,0,0
-4,-15,0,0,0,0,0,0,0
-4,-15,0,0,0,0,0,0,0
-3,-14,0,0,0,0,0,0,0
-3,-13,0,0,0,0,0,0,0
-3,-13,0,0,0,0,0,0,0
-3,-13,0,0,0,0,0,0,0
-3,-13,0,0,0,0,0,0,0
-4,-12,0,0,0,0,0,0,0
-3,-12,0,0,0,0,0,0,0
-3,-12,0,0,0,0,0,0,0
-2,-11,0,0,0,0,0,0,0
-1,-9,0,0,0,0,0,0,0
0,-8,0,0,0,0,0,0,0
-1,-9,0,0,0,0,0,0,0
-2,-9,0,0,0,0,0,0,0
-2,-8,0,0,0,0,0,0,0
-2,-7,0,0,0,0,0,0,0
-1,-7,0,0,0,0,0,0,0
0,-6,0,0,0,0,0,0,0
0,-5,0,0,0,0,0,0,0
0,-5,0,0,0,0,0,0,0
0,-4,0,0,0,0,0,0,0
0,-3,0,0,0,0,0,0,0
0,-2,0,0,0,0,0,0,0
0,-2,0,0,0,0,0,0,0
0,-2,0,0,0,0,0,0,0
0,-2,0,0,0,0,0,0,0
0,-1,0,0,0,0,0,0,0
0,0,0,0,0,0,0,0,0
-1,0,0,0,0,0,0,0,0
0,1,0,0,0,0,0,0,0
1,2,0,0,0,0,0,0,0
0,2,0,0,0,0,0,0,0
-1,2,0,0,0,0,0,0,0
1,2,0,0,0,0,0,0,0
2,2,0,0,0,0,0,0,0
1,3,0,0,0,0,0,0,0
1,3,0,0,0,0,0,0,0
1,3,0,0,0,0,0,0,0
0,4,0,0,0,0,0,0,0
1,3,0,0,0,0,0,0,0
2,3,0,0,0,0,0,0,0
2,5,0,0,0,0,0,0,0
1,5,0,0,0,0,0,0,0
3,4,0,0,0,0,0,0,0
4,5,0,0,0,0,0,0,0
2,6,0,0,0,0,0,0,0
1,5,0,0,0,0,0,0,0
0,6,0,0,0,0,0,0,0
-3,7,0,0,0,0,0,0,0
-2,6,0,0,0,0,0,0,0
4,6,0,0,0,0,0,0,0
5,7,0,0,0,0,0,0,0
2,7,0,0,0,0,0,0,0
3,7,0,0,0,0,0,0,0
4,6,0,0,0,0,0,0,0
2,6,0,0,0,0,0,0,0
2,7,0,0,0,0,0,0,0
3,7,0,0,0,0,0,0,0
3,7,0,0,0,0,0,0,0
3,8,0,0,0,0,0,0,0
3,8,0,0,0,0,0,0,0
2,7,0,0,0,0,0,0,0
2,6,0,0,0,0,0,0,0
3,7,0,0,0,0,0,0,0
4,7,0,0,0,0,0,0,0
3,6,0,0,0,0,0,0,0
2,6,0,0,0,0,0,0,0
2,7,0,0,0,0,0,0,0
3,7,0,0,0,0,0,0,0
3,7,0,0,0,0,0,0,0
2,6,0,0,0,0,0,0,0
2,6,0,0,0,0,0,0,0
1,6,0,0,0,0,0,0,0
0,6,0,0,0,0,0,0,0
0,6,0,0,0,0,0,0,0
1,6,0,0,0,0,0,0,0
2,6,0,0,0,0,0,0,0
2,6,0,0,0,0,0,0,0
2,6,0,0,0,0,0,0,0
1,6,0,0,0,0,0,0,0
1,6,0,0,0,0,0,0,0
1,5,0,0,0,0,0,0,0
0,5,0,0,0,0,0,0,0
0,5,0,0,0,0,0,0,0
1,5,0,0,0,0,0,0,0
2,5,0,0,0,0,0,0,0
3,5,0,0,0,0,0,0,0
1,6,0,0,0,0,0,0,0
0,6,0,0,0,0,0,0,0
0,5,0,0,0,0,0,0,0
1,4,0,0,0,0,0,0,0
1,4,0,0,0,0,0,0,0
1,3,0,0,0,0,0,0,0
1,3,0,0,0,0,0,0,0
2,4,0,0,0,0,0,0,0
1,4,0,0,0,0,0,0,0
1,3,0,0,0,0,0,0,0
1,2,0,0,0,0,0,0,0
1,2,0,0,0,0,0,0,0
1,3,0,0,0,0,0,0,0
0,2,0,0,0,0,0,0,0
1,2,0,0,0,0,0,0,0
1,1,0,0,0,0,0,0,0
0,1,0,0,0,0,0,0,0
-1,1,0,0,0,0,0,0,0
-1,2,0,0,0,0,0,0,0
0,1,0,0,0,0,0,0,0
0,0,0,0,0,0,0,0,0
0,1,0,0,0,0,0,0,0
-1,2,0,0,0,0,0,0,0
-2,1,0,0,0,0,0,0,0
0,1,0,0,0,0,0,0,0
1,0,0,0,0,0,0,0,0
0,0,0,0,0,0,0,0,0
-1,-1,0,0,0,0,0,0,0
0,-1,0,0,0,0,0,0,0
0,0,0,0,0,0,0,0,0
-1,-1,0,0,0,0,0,0,0
-1,-1,0,0,0,0,0,0,0
0,0,0,0,0,0,0,0,0
0,0,0,0,0,0,0,0,0
-1,-2,0,0,0,0,0,0,0
-1,-2,0,0,0,0,0,0,0
-1,-1,0,0,0,0,0,0,0
-1,-1,0,0,0,0,0,0,0
-1,-2,0,0,0,0,0,0,0
0,-1,0,0,0,0,0,0,0
0,-1,0,0,0,0,0,0,0
1,-1,0,0,0,0,0,0,0
1,-1,0,0,0,0,0,0,0
0,-1,0,0,0,0,0,0,0
-1,-2,0,0,0,0,0,0,0
-2,-2,0,0,0,0,0,0,0
-1,-2,0,0,0,0,0,0,0
-1,-2,0,0,0,0,0,0,0
-1,-1,0,0,0,0,0,0,0
0,-2,0,0,0,0,0,0,0
0,-3,0,0,0,0,0,0,0
-1,-2,0,0,0,0,0,0,0
-2,-1,0,0,0,0,0,0,0
-1,-3,0,0,0,0,0,0,0
-1,-3,0,0,0,0,0,0,0
0,-2,0,0,0,0,0,0,0
0,-1,0,0,0,0,0,0,0
-1,-1,0,0,0,0,0,0,0
-1,-2,0,0,0,0,0,0,0
0,-2,0,0,0,0,0,0,0
0,-2,0,0,0,0,0,0,0
0,-2,0,0,0,0,0,0,0
-1,-2,0,0,0,0,0,0,0
-2,-2,0,0,0,0,0,0,0
-1,-3,0,0,0,0,0,0,0
0,-3,0,0,0,0,0,0,0
0,-2,0,0,0,0,0,0,0
0,-2,0,0,0,0,0,0,0
-1,-2,0,0,0,0,0,0,0
-2,-2,0,0,0,0,0,0,0
-1,-3,0,0,0,0,0,0,0
0,-3,0,0,0,0,0,0,0
0,-2,0,0,0,0,0,0,0
-1,-2,0,0,0,0,0,0,0
0,-2,0,0,0,0,0,0,0
0,-1,0,0,0,0,0,0,0
-1,-2,0,0,0,0,0,0,0
-1,-3,0,0,0,0,0,0,0
0,-2,0,0,0,0,0,0,0
-1,-2,0,0,0,0,0,0,0
0,-2,0,0,0,0,0,0,0
1,-2,0,0,0,0,0,0,0
0,-2,0,0,0,0,0,0,0
-1,-2,0,0,0,0,0,0,0
0,-1,0,0,0,0,0,0,0
-1,-1,0,0,0,0,0,0,0
-1,-2,0,0,0,0,0,0,0
-1,-2,0,0,0,0,0,0,0
0,-1,0,0,0,0,0,0,0
0,-1,0,0,0,0,0,0,0
0,0,0,0,0,0,0,0,0
0,0,0,0,0,0,0,0,0
0,-1,0,0,0,0,0,0,0
1,-1,0,0,0,0,0,0,0
0,0,0,0,0,0,0,0,0
-1,-1,0,0,0,0,0,0,0
-1,-2,0,0,0,0,0,0,0
0,-1,0,0,0,0,0,0,0
0,0,0,0,0,0,0,0,0
0,-1,0,0,0,0,0,0,0
-1,-1,0,0,0,0,0,0,0
0,-1,0,0,0,0,0,0,0
0,0,0,0,0,0,0,0,0
0,-1,0,0,0,0,0,0,0
0,-1,0,0,0,0,0,0,0
0,-1,0,0,0,0,0,0,0
1,0,0,0,0,0,0,0,0
1,0,0,0,0,0,0,0,0
1,0,0,0,0,0,0,0,0
1,1,0,0,0,0,0,0,0
1,0,0,0,0,0,0,0,0
0,-1,0,0,0,0,0,0,0
0,0,0,0,0,0,0,0,0
-1,0,0,0,0,0,0,0,0
0,0,0,0,0,0,0,0,0
1,0,0,0,0,0,0,0,0
0,-1,0,0,0,0,0,0,0
-1,-1,0,0,0,0,0,0,0
-1,-1,0,0,0,0,0,0,0
-1,0,0,0,0,0,0,0,0
-1,-1,0,0,0,0,0,0,0
-1,0,0,0,0,0,0,0,0
0,0,0,0,0,0,0,0,0
0,0,0,0,0,0,0,0,0
1,1,0,0,0,0,0,0,0
1,1,0,0,0,0,0,0,0
2,1,0,0,0,0,0,0,0
1,1,0,0,0,0,0,0,0
0,0,0,0,0,0,0,0,0
0,-1,0,0,0,0,0,0,0
0,0,0,0,0,0,0,0,0
-1,0,0,0,0,0,0,0,0
-1,1,0,0,0,0,0,0,0
-1,1,0,0,0,0,0,0,0
0,1,0,0,0,0,0,0,0
0,-1,0,0,0,0,0,0,0
0,-1,0,0,0,0,0,0,0
-1,0,0,0,0,0,0,0,0
-1,1,0,0,0,0,0,0,0
1,1,0,0,0,0,0,0,0
2,1,0,0,0,0,0,0,0
1,2,0,0,0,0,0,0,0
1,0,0,0,0,0,0,0,0
1,0,0,0,0,0,0,0,0
0,0,0,0,0,0,0,0,0
0,0,0,0,0,0,0,0,0
0,1,0,0,0,0,0,0,0
-1,1,0,0,0,0,0,0,0
0,2,0,0,0,0,0,0,0
0,1,0,0,0,0,0,0,0
0,1,0,0,0,0,0,0,0
-1,1,0,0,0,0,0,0,0
0,1,0,0,0,0,0,0,0
-1,0,0,0,0,0,0,0,0
-1,0,0,0,0,0,0,0,0
-1,1,0,0,0,0,0,0,0
0,1,0,0,0,0,0,0,0
1,1,0,0,0,0,0,0,0
1,2,0,0,0,0,0,0,0
0,1,0,0,0,0,0,0,0
1,0,0,0,0,0,0,0,0
1,-1,0,0,0,0,0,0,0
0,1,0,0,0,0,0,0,0
0,1,0,0,0,0,0,0,0
1,0,0,0,0,0,0,0,0
0,1,0,0,0,0,0,0,0
-1,1,0,0,0,0,0,0,0
0,1,0,0,0,0,0,0,0
1,0,0,0,0,0,0,0,0
0,-1,0,0,0,0,0,0,0
0,-1,0,0,0,0,0,0,0
0,1,0,0,0,0,0,0,0
0,1,0,0,0,0,0,0,0
0,1,0,0,0,0,0,0,0
0,1,0,0,0,0,0,0,0
1,1,0,0,0,0,0,0,0
0,1,0,0,0,0,0,0,0
0,1,0,0,0,0,0,0,0
1,1,0,0,0,0,0,0,0
1,0,0,0,0,0,0,0,0
0,0,0,0,0,0,0,0,0
-1,1,0,0,0,0,0,0,0
0,1,0,0,0,0,0,0,0
-4,-2,0,0,0,0,0,0,0
-63,-31,0,0,0,0,0,0,0
-258,-141,0,0,0,0,0,0,0
-465,-253,0,0,0,0,0,0,0
-263,-116,0,0,0,0,0,0,0
345,113,0,0,0,0,0,0,0
521,-100,0,0,0,0,0,0,0
20,-449,0,0,0,0,0,0,0
-211,-224,0,0,0,0,0,0,0
64,183,0,0,0,0,0,0,0
131,168,0,0,0,0,0,0,0
-8,54,0,0,0,0,0,0,0
20,111,0,0,0,0,0,0,0
71,128,0,0,0,0,0,0,0
30,84,0,0,0,0,0,0,0
24,88,0,0,0,0,0,0,0
42,95,0,0,0,0,0,0,0
31,79,0,0,0,0,0,0,0
24,73,0,0,0,0,0,0,0
28,73,0,0,0,0,0,0,0
23,65,0,0,0,0,0,0,0
20,60,0,0,0,0,0,0,0
20,57,0,0,0,0,0,0,0
18,52,0,0,0,0,0,0,0
15,48,0,0,0,0,0,0,0
14,45,0,0,0,0,0,0,0
13,42,1000,0,0,0,0,0,0
11,36,0,0,0,0,0,0,0
10,32,0,0,0,0,0,0,0
9,29,0,0,0,0,0,0,0
7,26,1000,0,0,0,0,0,0
5,23,0,0,0,0,0,0,0
4,20,0,0,0,0,0,0,0
4,17,0,0,0,0,0,0,0
2,14,0,0,0,0,0,0,0
1,12,0,0,0,0,0,0,0
0,10,0,0,0,0,0,0,0
-1,7,0,0,0,0,0,0,0
-2,5,0,0,0,0,0,0,0
-3,3,0,0,0,0,0,0,0
-2,1,0,0,0,0,0,0,0
-2,0,0,0,0,0,0,0,0
-4,-1,0,0,0,0,0,0,0
-4,-3,0,0,0,0,0,0,0
-3,-6,0,0,0,0,0,0,0
-5,-7,0,0,0,0,0,0,0
-6,-8,0,0,0,0,0,0,0
-6,-9,0,0,0,0,0,0,0
-7,-10,0,0,0,0,0,0,0
-8,-11,0,0,0,0,0,0,0
-8,-12,0,0,0,0,0,0,0
-7,-13,0,0,0,0,0,0,0
-7,-14,0,0,0,0,0,0,0
-8,-16,0,0,0,0,0,0,0
-10,-17,0,0,0,0,0,0,0
-13,-17,0,0,0,0,0,0,0
-11,-16,0,0,0,0,0,0,0
-7,-16,0,0,0,0,0,0,0
-6,-17,0,0,0,0,0,0,0
-7,-19,0,0,0,0,0,0,0
-7,-19,0,0,0,0,0,0,0
-8,-19,0,0,0,0,0,0,0
-9,-18,0,0,0,0,0,0,0
-9,-18,0,0,0,0,0,0,0
-8,-19,0,0,0,0,0,0,0
-9,-20,0,0,0,0,0,0,0
-8,-19,0,0,0,0,0,0,0
-9,-19,0,0,0,0,0,0,0
-8,-19,0,0,0,0,0,0,0
-8,-19,0,0,0,0,0,0,0
-8,-20,0,0,0,0,0,0,0
-8,-20,0,0,0,0,0,0,0
-8,-19,0,0,0,0,0,0,0
-8,-18,0,0,0,0,0,0,0
-8,-18,0,0,0,0,0,0,0
-7,-17,0,0,0,0,0,0,0
-7,-16,0,0,0,0,0,0,0
-7,-16,0,0,0,0,0,0,0
-7,-16,0,0,0,0,0,0,0
-8,-15,0,0,0,0,0,0,0
-11,-15,0,0,0,0,0,0,0
-8,-15,0,0,0,0,0,0,0
-2,-15,0,0,0,0,0,0,0
-3,-14,0,0,0,0,0,0,0
-6,-13,0,0,0,0,0,0,0
-5,-12,0,0,0,0,0,0,0
-4,-13,0,0,0,0,0,0,0
-6,-12,0,0,0,0,0,0,0
-4,-11,0,0,0,0,0,0,0
-2,-10,0,0,0,0,0,0,0
-3,-11,0,0,0,0,0,0,0
-3,-10,0,0,0,0,0,0,0
-1,-9,0,0,0,0,0,0,0
0,-9,0,0,0,0,0,0,0
-2,-9,0,0,0,0,0,0,0
-4,-8,0,0,0,0,0,0,0
-3,-7,0,0,0,0,0,0,0
-4,-7,0,0,0,0,0,0,0
-3,-6,0,0,0,0,0,0,0
-2,-5,0,0,0,0,0,0,0
-1,-4,0,0,0,0,0,0,0
-1,-4,0,0,0,0,0,0,0
0,-4,0,0,0,0,0,0,0
-1,-3,0,0,0,0,0,0,0
-1,-3,0,0,0,0,0,0,0
-1,-3,0,0,0,0,0,0,0
-1,-2,0,0,0,0,0,0,0
0,0,0,0,0,0,0,0,0
1,0,0,0,0,0,0,0,0
2,0,0,0,0,0,0,0,0
1,0,0,0,0,0,0,0,0
0,0,0,0,0,0,0,0,0
0,0,0,0,0,0,0,0,0
0,1,0,0,0,0,0,0,0
1,2,0,0,0,0,0,0,0
1,3,0,0,0,0,0,0,0
0,2,0,0,0,0,0,0,0
1,2,0,0,0,0,0,0,0
3,3,0,0,0,0,0,0,0
2,3,0,0,0,0,0,0,0
1,3,0,0,0,0,0,0,0
1,4,0,0,0,0,0,0,0
2,4,0,0,0,0,0,0,0
2,5,0,0,0,0,0,0,0
3,6,0,0,0,0,0,0,0
3,6,0,0,0,0,0,0,0
4,5,0,0,0,0,0,0,0
3,6,0,0,0,0,0,0,0
3,6,0,0,0,0,0,0,0
3,5,0,0,0,0,0,0,0
3,5,0,0,0,0,0,0,0
3,6,0,0,0,0,0,0,0
2,7,0,0,0,0,0,0,0
3,7,0,0,0,0,0,0,0
3,7,0,0,0,0,0,0,0
3,6,0,0,0,0,0,0,0
3,7,0,0,0,0,0,0,0
3,7,0,0,0,0,0,0,0
4,7,0,0,0,0,0,0,0
5,7,0,0,0,0,0,0,0
5,7,0,0,0,0,0,0,0
4,7,0,0,0,0,0,0,0
4,8,0,0,0,0,0,0,0
4,8,0,0,0,0,0,0,0
3,7,0,0,0,0,0,0,0
3,6,0,0,0,0,0,0,0
4,7,0,0,0,0,0,0,0
4,6,0,0,0,0,0,0,0
3,6,0,0,0,0,0,0,0
3,7,0,0,0,0,0,0,0
4,7,0,0,0,0,0,0,0
4,7,0,0,0,0,0,0,0
2,7,0,0,0,0,0,0,0
2,6,0,0,0,0,0,0,0
3,6,0,0,0,0,0,0,0
3,6,0,0,0,0,0,0,0
3,6,0,0,0,0,0,0,0
3,6,0,0,0,0,0,0,0
3,7,0,0,0,0,0,0,0
3,7,0,0,0,0,0,0,0
2,6,0,0,0,0,0,0,0
2,5,0,0,0,0,0,0,0
2,5,0,0,0,0,0,0,0
3,6,0,0,0,0,0,0,0
2,6,0,0,0,0,0,0,0
1,5,0,0,0,0,0,0,0
1,4,0,0,0,0,0,0,0
2,5,0,0,0,0,0,0,0
2,4,0,0,0,0,0,0,0
2,3,0,0,0,0,0,0,0
1,3,0,0,0,0,0,0,0
0,3,0,0,0,0,0,0,0
1,3,0,0,0,0,0,0,0
2,4,0,0,0,0,0,0,0
1,5,0,0,0,0,0,0,0
1,3,0,0,0,0,0,0,0
1,2,0,0,0,0,0,0,0
2,2,0,0,0,0,0,0,0
1,3,0,0,0,0,0,0,0
0,3,0,0,0,0,0,0,0
0,1,0,0,0,0,0,0,0
0,2,0,0,0,0,0,0,0
1,3,0,0,0,0,0,0,0
1,2,0,0,0,0,0,0,0
1,1,0,0,0,0,0,0,0
1,1,0,0,0,0,0,0,0
0,1,0,0,0,0,0,0,0
0,0,0,0,0,0,0,0,0
0,0,0,0,0,0,0,0,0
1,1,0,0,0,0,0,0,0
1,0,0,0,0,0,0,0,0
0,0,0,0,0,0,0,0,0
0,1,0,0,0,0,0,0,0
0,1,0,0,0,0,0,0,0
0,0,0,0,0,0,0,0,0
0,0,0,0,0,0,0,0,0
1,0,0,0,0,0,0,0,0
0,0,0,0,0,0,0,0,0
-1,0,0,0,0,0,0,0,0
-1,-1,0,0,0,0,0,0,0
-1,-1,0,0,0,0,0,0,0
0,0,0,0,0,0,0,0,0
0,0,0,0,0,0,0,0,0
-1,0,0,0,0,0,0,0,0
-1,-1,0,0,0,0,0,0,0
-1,-1,0,0,0,0,0,0,0
-1,-1,0,0,0,0,0,0,0
-2,-1,0,0,0,0,0,0,0
-1,0,0,0,0,0,0,0,0
-1,0,0,0,0,0,0,0,0
0,-1,0,0,0,0,0,0,0
0,-2,0,0,0,0,0,0,0
-1,-2,0,0,0,0,0,0,0
-2,-2,0,0,0,0,0,0,0
-1,-2,0,0,0,0,0,0,0
-1,-2,0,0,0,0,0,0,0
-1,-2,0,0,0,0,0,0,0
-1,-2,0,0,0,0,0,0,0
0,-2,0,0,0,0,0,0,0
-1,-2,0,0,0,0,0,0,0
-2,-2,0,0,0,0,0,0,0
-1,-2,0,0,0,0,0,0,0
0,-3,0,0,0,0,0,0,0
-2,-3,0,0,0,0,0,0,0
-2,-2,0,0,0,0,0,0,0
0,-2,0,0,0,0,0,0,0
-1,-1,0,0,0,0,0,0,0
-2,-1,0,0,0,0,0,0,0
-1,-3,0,0,0,0,0,0,0
0,-3,0,0,0,0,0,0,0
-1,-2,0,0,0,0,0,0,0
-2,-2,0,0,0,0,0,0,0
-1,-2,0,0,0,0,0,0,0
0,-2,0,0,0,0,0,0,0
0,-2,0,0,0,0,0,0,0
-1,-2,0,0,0,0,0,0,0
-2,-2,0,0,0,0,0,0,0
-2,-3,0,0,0,0,0,0,0
-1,-3,0,0,0,0,0,0,0
-1,-2,0,0,0,0,0,0,0
-1,-1,0,0,0,0,0,0,0
-1,-2,0,0,0,0,0,0,0
0,-3,0,0,0,0,0,0,0
-1,-2,0,0,0,0,0,0,0
-1,-1,0,0,0,0,0,0,0
0,-1,0,0,0,0,0,0,0
1,-3,0,0,0,0,0,0,0
-1,-2,0,0,0,0,0,0,0
-2,-2,0,0,0,0,0,0,0
-1,-2,0,0,0,0,0,0,0
-2,-1,0,0,0,0,0,0,0
-1,0,0,0,0,0,0,0,0
0,-1,0,0,0,0,0,0,0
-1,-2,0,0,0,0,0,0,0
-1,-2,0,0,0,0,0,0,0
0,0,0,0,0,0,0,0,0
0,0,0,0,0,0,0,0,0
-2,0,0,0,0,0,0,0,0
-1,-2,0,0,0,0,0,0,0
0,-2,0,0,0,0,0,0,0
0,0,0,0,0,0,0,0,0
-1,-1,0,0,0,0,0,0,0
-1,-2,0,0,0,0,0,0,0
0,-2,0,0,0,0,0,0,0
0,-1,0,0,0,0,0,0,0
0,-1,0,0,0,0,0,0,0
0,-1,0,0,0,0,0,0,0
0,1,0,0,0,0,0,0,0
0,0,0,0,0,0,0,0,0
0,0,0,0,0,0,0,0,0
-1,-1,0,0,0,0,0,0,0
-1,0,0,0,0,0,0,0,0
0,0,0,0,0,0,0,0,0
0,-2,0,0,0,0,0,0,0
0,-2,0,0,0,0,0,0,0
0,-1,0,0,0,0,0,0,0
1,0,0,0,0,0,0,0,0
1,0,0,0,0,0,0,0,0
0,-1,0,0,0,0,0,0,0
-1,0,0,0,0,0,0,0,0
-1,0,0,0,0,0,0,0,0
-1,0,0,0,0,0,0,0,0
-1,0,0,0,0,0,0,0,0
0,-1,0,0,0,0,0,0,0
1,-1,0,0,0,0,0,0,0
0,0,0,0,0,0,0,0,0
0,0,0,0,0,0,0,0,0
-2,-1,0,0,0,0,0,0,0
-5,-1,0,0,0,0,0,0,0
-3,0,0,0,0,0,0,0,0
3,0,0,0,0,0,0,0,0
4,0,0,0,0,0,0,0,0
1,0,0,0,0,0,0,0,0
0,0,0,0,0,0,0,0,0
1,1,0,0,0,0,0,0,0
1,1,0,0,0,0,0,0,0
1,0,0,0,0,0,0,0,0
1,0,0,0,0,0,0,0,0
2,1,0,0,0,0,0,0,0
1,0,0,0,0,0,0,0,0
0,-1,0,0,0,0,0,0,0
0,0,0,0,0,0,0,0,0
0,0,0,0,0,0,0,0,0
0,0,0,0,0,0,0,0,0
0,0,0,0,0,0,0,0,0
0,0,0,0,0,0,0,0,0
0,0,0,0,0,0,0,0,0
1,0,0,0,0,0,0,0,0
2,1,0,0,0,0,0,0,0
2,1,0,0,0,0,0,0,0
2,2,0,0,0,0,0,0,0
0,1,0,0,0,0,0,0,0
-1,0,0,0,0,0,0,0,0
-1,0,0,0,0,0,0,0,0
0,0,0,0,0,0,0,0,0
1,1,0,0,0,0,0,0,0
1,2,0,0,0,0,0,0,0
0,2,0,0,0,0,0,0,0
0,1,0,0,0,0,0,0,0
0,0,0,0,0,0,0,0,0
-1,0,0,0,0,0,0,0,0
-1,0,0,0,0,0,0,0,0
-1,0,0,0,0,0,0,0,0
0,1,0,0,0,0,0,0,0
1,2,0,0,0,0,0,0,0
0,2,0,0,0,0,0,0,0
1,1,0,0,0,0,0,0,0
2,0,0,0,0,0,0,0,0
1,0,0,0,0,0,0,0,0
0,0,0,0,0,0,0,0,0
-1,0,0,0,0,0,0,0,0
-1,0,0,0,0,0,0,0,0
0,1,0,0,0,0,0,0,0
1,1,0,0,0,0,0,0,0
0,1,0,0,0,0,0,0,0
0,0,0,0,0,0,0,0,0
0,0,0,0,0,0,0,0,0
0,0,0,0,0,0,0,0,0
-1,1,0,0,0,0,0,0,0
-1,1,0,0,0,0,0,0,0
0,1,0,0,0,0,0,0,0
1,0,0,0,0,0,0,0,0
0,1,0,0,0,0,0,0,0
-1,1,0,0,0,0,0,0,0
0,0,0,0,0,0,0,0,0
1,-1,0,0,0,0,0,0,0
1,0,0,0,0,0,0,0,0
0,1,0,0,0,0,0,0,0
0,0,0,0,0,0,0,0,0
1,0,0,0,0,0,0,0,0
1,0,0,0,0,0,0,0,0
1,0,0,0,0,0,0,0,0
0,0,0,0,0,0,0,0,0
-1,0,0,0,0,0,0,0,0
-2,0,0,0,0,0,0,0,0
0,1,0,0,0,0,0,0,0
1,1,0,0,0,0,0,0,0
1,0,0,0,0,0,0,0,0
0,0,0,0,0,0,0,0,0
1,1,0,0,0,0,0,0,0
1,1,0,0,0,0,0,0,0
-1,1,0,0,0,0,0,0,0
-5,-3,0,0,0,0,0,0,0
-59,-41,0,0,0,0,0,0,0
-242,-164,0,0,0,0,0,0,0
-437,-277,0,0,0,0,0,0,0
-218,-120,0,0,0,0,0,0,0
421,129,0,0,0,0,0,0,0
600,-86,0,0,0,0,0,0,0
47,-447,0,0,0,0,0,0,0
-241,-216,0,0,0,0,0,0,0
23,193,0,0,0,0,0,0,0
100,167,0,0,0,0,0,0,0
-33,55,0,0,0,0,0,0,0
1,117,0,0,0,0,0,0,0
52,131,0,0,0,0,0,0,0
10,86,0,0,0,0,0,0,0
6,93,0,0,0,0,0,0,0
24,98,0,0,0,0,0,0,0
12,80,0,0,0,0,0,0,0
6,76,0,0,0,0,0,0,0
13,76,0,0,0,0,0,0,0
10,67,0,0,0,0,0,0,0
7,63,0,0,0,0,0,0,0
8,61,0,0,0,0,0,0,0
6,53,0,0,0,0,0,0,0
4,47,0,0,0,0,0,0,0
5,45,0,0,0,0,0,0,0
5,42,1000,0,0,0,0,0,0
5,37,0,0,0,0,0,0,0
5,34,0,0,0,0,0,0,0
4,31,0,0,0,0,0,0,0
2,26,1000,0,0,0,0,0,0
1,23,0,0,0,0,0,0,0
2,21,0,0,0,0,0,0,0
1,18,0,0,0,0,0,0,0
-1,15,0,0,0,0,0,0,0
-1,12,0,0,0,0,0,0,0
-1,9,0,0,0,0,0,0,0
-1,7,0,0,0,0,0,0,0
-2,5,0,0,0,0,0,0,0
-2,3,0,0,0,0,0,0,0
-4,1,0,0,0,0,0,0,0
-5,-1,0,0,0,0,0,0,0
-3,-2,0,0,0,0,0,0,0
-2,-3,0,0,0,0,0,0,0
-3,-5,0,0,0,0,0,0,0
-3,-6,0,0,0,0,0,0,0
-2,-8,0,0,0,0,0,0,0
-3,-11,0,0,0,0,0,0,0
-4,-13,0,0,0,0,0,0,0
-5,-13,0,0,0,0,0,0,0
-4,-14,0,0,0,0,0,0,0
-5,-16,0,0,0,0,0,0,0
-5,-16,0,0,0,0,0,0,0
-5,-17,0,0,0,0,0,0,0
-5,-17,0,0,0,0,0,0,0
-5,-17,0,0,0,0,0,0,0
-5,-18,0,0,0,0,0,0,0
-5,-19,0,0,0,0,0,0,0
-6,-19,0,0,0,0,0,0,0
-6,-18,0,0,0,0,0,0,0
-6,-19,0,0,0,0,0,0,0
-5,-21,0,0,0,0,0,0,0
-5,-20,0,0,0,0,0,0,0
-5,-19,0,0,0,0,0,0,0
-5,-19,0,0,0,0,0,0,0
-6,-20,0,0,0,0,0,0,0
-5,-19,0,0,0,0,0,0,0
-5,-20,0,0,0,0,0,0,0
-6,-20,0,0,0,0,0,0,0
-5,-19,0,0,0,0,0,0,0
-4,-19,0,0,0,0,0,0,0
-4,-18,0,0,0,0,0,0,0
-5,-19,0,0,0,0,0,0,0
-4,-19,0,0,0,0,0,0,0
-4,-18,0,0,0,0,0,0,0
-5,-18,0,0,0,0,0,0,0
-4,-19,0,0,0,0,0,0,0
-4,-18,0,0,0,0,0,0,0
-4,-16,0,0,0,0,0,0,0
-3,-16,0,0,0,0,0,0,0
-3,-17,0,0,0,0,0,0,0
-3,-16,0,0,0,0,0,0,0
-3,-15,0,0,0,0,0,0,0
-2,-14,0,0,0,0,0,0,0
-3,-14,0,0,0,0,0,0,0
-3,-13,0,0,0,0,0,0,0
-2,-12,0,0,0,0,0,0,0
0,-11,0,0,0,0,0,0,0
-1,-11,0,0,0,0,0,0,0
-2,-11,0,0,0,0,0,0,0
-2,-11,0,0,0,0,0,0,0
-2,-10,0,0,0,0,0,0,0
-2,-10,0,0,0,0,0,0,0
-2,-9,0,0,0,0,0,0,0
-2,-8,0,0,0,0,0,0,0
-2,-7,0,0,0,0,0,0,0
1,-7,0,0,0,0,0,0,0
2,-7,0,0,0,0,0,0,0
0,-6,0,0,0,0,0,0,0
-1,-5,0,0,0,0,0,0,0
-1,-6,0,0,0,0,0,0,0
-1,-5,0,0,0,0,0,0,0
-1,-4,0,0,0,0,0,0,0
-1,-3,0,0,0,0,0,0,0
0,-2,0,0,0,0,0,0,0
1,-1,0,0,0,0,0,0,0
0,-1,0,0,0,0,0,0,0
0,-1,0,0,0,0,0,0,0
1,-1,0,0,0,0,0,0,0
1,-1,0,0,0,0,0,0,0
1,0,0,0,0,0,0,0,0
1,1,0,0,0,0,0,0,0
1,2,0,0,0,0,0,0,0
1,2,0,0,0,0,0,0,0
2,2,0,0,0,0,0,0,0
2,2,0,0,0,0,0,0,0
1,2,0,0,0,0,0,0,0
0,2,0,0,0,0,0,0,0
0,3,0,0,0,0,0,0,0
1,4,0,0,0,0,0,0,0
1,5,0,0,0,0,0,0,0
2,5,0,0,0,0,0,0,0
1,4,0,0,0,0,0,0,0
1,5,0,0,0,0,0,0,0
1,5,0,0,0,0,0,0,0
3,4,0,0,0,0,0,0,0
2,5,0,0,0,0,0,0,0
1,7,0,0,0,0,0,0,0
2,6,0,0,0,0,0,0,0
3,6,0,0,0,0,0,0,0
3,6,0,0,0,0,0,0,0
2,7,0,0,0,0,0,0,0
2,8,0,0,0,0,0,0,0
2,7,0,0,0,0,0,0,0
1,7,0,0,0,0,0,0,0
1,6,0,0,0,0,0,0,0
3,6,0,0,0,0,0,0,0
3,7,0,0,0,0,0,0,0
2,7,0,0,0,0,0,0,0
2,7,0,0,0,0,0,0,0
1,7,0,0,0,0,0,0,0
1,7,0,0,0,0,0,0,0
2,7,0,0,0,0,0,0,0
3,7,0,0,0,0,0,0,0
2,7,0,0,0,0,0,0,0
3,7,0,0,0,0,0,0,0
4,7,0,0,0,0,0,0,0
2,8,0,0,0,0,0,0,0
1,7,0,0,0,0,0,0,0
1,6,0,0,0,0,0,0,0
1,6,0,0,0,0,0,0,0
0,7,0,0,0,0,0,0,0
1,7,0,0,0,0,0,0,0
2,7,0,0,0,0,0,0,0
2,7,0,0,0,0,0,0,0
1,6,0,0,0,0,0,0,0
1,7,0,0,0,0,0,0,0
1,7,0,0,0,0,0,0,0
1,5,0,0,0,0,0,0,0
1,5,0,0,0,0,0,0,0
1,6,0,0,0,0,0,0,0
2,6,0,0,0,0,0,0,0
2,6,0,0,0,0,0,0,0
1,7,0,0,0,0,0,0,0
1,6,0,0,0,0,0,0,0
1,5,0,0,0,0,0,0,0
1,4,0,0,0,0,0,0,0
-1,5,0,0,0,0,0,0,0
-4,5,0,0,0,0,0,0,0
-1,3,0,0,0,0,0,0,0
3,3,0,0,0,0,0,0,0
2,4,0,0,0,0,0,0,0
0,3,0,0,0,0,0,0,0
1,3,0,0,0,0,0,0,0
2,3,0,0,0,0,0,0,0
0,3,0,0,0,0,0,0,0
0,3,0,0,0,0,0,0,0
1,3,0,0,0,0,0,0,0
1,3,0,0,0,0,0,0,0
1,2,0,0,0,0,0,0,0
0,2,0,0,0,0,0,0,0
0,2,0,0,0,0,0,0,0
2,3,0,0,0,0,0,0,0
1,2,0,0,0,0,0,0,0
-1,1,0,0,0,0,0,0,0
0,2,0,0,0,0,0,0,0
1,3,0,0,0,0,0,0,0
1,3,0,0,0,0,0,0,0
0,2,0,0,0,0,0,0,0
0,2,0,0,0,0,0,0,0
0,1,0,0,0,0,0,0,0
1,1,0,0,0,0,0,0,0
1,-1,0,0,0,0,0,0,0
0,0,0,0,0,0,0,0,0
0,0,0,0,0,0,0,0,0
2,0,0,0,0,0,0,0,0
2,0,0,0,0,0,0,0,0
1,1,0,0,0,0,0,0,0
1,0,0,0,0,0,0,0,0
-1,-2,0,0,0,0,0,0,0
-5,-1,0,0,0,0,0,0,0
-4,0,0,0,0,0,0,0,0
1,-1,0,0,0,0,0,0,0
0,-2,0,0,0,0,0,0,0
-1,-2,0,0,0,0,0,0,0
0,-1,0,0,0,0,0,0,0
0,-2,0,0,0,0,0,0,0
-1,-2,0,0,0,0,0,0,0
0,-2,0,0,0,0,0,0,0
0,-1,0,0,0,0,0,0,0
0,-1,0,0,0,0,0,0,0
1,-2,0,0,0,0,0,0,0
1,-2,0,0,0,0,0,0,0
0,-1,0,0,0,0,0,0,0
-1,0,0,0,0,0,0,0,0
-1,-1,0,0,0,0,0,0,0
0,-2,0,0,0,0,0,0,0
1,-3,0,0,0,0,0,0,0
0,-3,0,0,0,0,0,0,0
-1,-2,0,0,0,0,0,0,0
-1,-1,0,0,0,0,0,0,0
-1,-2,0,0,0,0,0,0,0
-1,-3,0,0,0,0,0,0,0
-2,-3,0,0,0,0,0,0,0
-2,-2,0,0,0,0,0,0,0
-2,-2,0,0,0,0,0,0,0
-1,-3,0,0,0,0,0,0,0
1,-3,0,0,0,0,0,0,0
1,-2,0,0,0,0,0,0,0
0,-2,0,0,0,0,0,0,0
0,-1,0,0,0,0,0,0,0
0,-2,0,0,0,0,0,0,0
-1,-3,0,0,0,0,0,0,0
-1,-3,0,0,0,0,0,0,0
0,-2,0,0,0,0,0,0,0
0,-3,0,0,0,0,0,0,0
0,-3,0,0,0,0,0,0,0
-1,-2,0,0,0,0,0,0,0
-1,-2,0,0,0,0,0,0,0
-1,-2,0,0,0,0,0,0,0
-1,-1,0,0,0,0,0,0,0
-2,-1,0,0,0,0,0,0,0
-2,-2,0,0,0,0,0,0,0
-2,-1,0,0,0,0,0,0,0
-1,-1,0,0,0,0,0,0,0
1,-2,0,0,0,0,0,0,0
1,-2,0,0,0,0,0,0,0
0,-1,0,0,0,0,0,0,0
-1,-2,0,0,0,0,0,0,0
-1,-3,0,0,0,0,0,0,0
-1,-2,0,0,0,0,0,0,0
-1,-2,0,0,0,0,0,0,0
1,-2,0,0,0,0,0,0,0
0,-2,0,0,0,0,0,0,0
-1,-1,0,0,0,0,0,0,0
-1,-2,0,0,0,0,0,0,0
0,-2,0,0,0,0,0,0,0
0,-1,0,0,0,0,0,0,0
0,-1,0,0,0,0,0,0,0
0,-2,0,0,0,0,0,0,0
-1,-2,0,0,0,0,0,0,0
0,-1,0,0,0,0,0,0,0
1,-1,0,0,0,0,0,0,0
2,0,0,0,0,0,0,0,0
2,-1,0,0,0,0,0,0,0
0,-1,0,0,0,0,0,0,0
-2,-1,0,0,0,0,0,0,0
-1,0,0,0,0,0,0,0,0
-1,-1,0,0,0,0,0,0,0
-1,-2,0,0,0,0,0,0,0
0,-1,0,0,0,0,0,0,0
0,0,0,0,0,0,0,0,0
0,0,0,0,0,0,0,0,0
0,-1,0,0,0,0,0,0,0
0,-1,0,0,0,0,0,0,0
-1,0,0,0,0,0,0,0,0
0,0,0,0,0,0,0,0,0
1,-1,0,0,0,0,0,0,0
0,-1,0,0,0,0,0,0,0
-1,0,0,0,0,0,0,0,0
-1,0,0,0,0,0,0,0,0
0,0,0,0,0,0,0,0,0
0,0,0,0,0,0,0,0,0
0,-1,0,0,0,0,0,0,0
0,-1,0,0,0,0,0,0,0
0,-1,0,0,0,0,0,0,0
1,0,0,0,0,0,0,0,0
2,0,0,0,0,0,0,0,0
0,0,0,0,0,0,0,0,0
0,0,0,0,0,0,0,0,0
1,0,0,0,0,0,0,0,0
1,0,0,0,0,0,0,0,0
-2,0,0,0,0,0,0,0,0
-1,-1,0,0,0,0,0,0,0
1,-1,0,0,0,0,0,0,0
0,0,0,0,0,0,0,0,0
-1,1,0,0,0,0,0,0,0
0,1,0,0,0,0,0,0,0
1,0,0,0,0,0,0,0,0
1,0,0,0,0,0,0,0,0
0,0,0,0,0,0,0,0,0
-1,1,0,0,0,0,0,0,0
-1,2,0,0,0,0,0,0,0
1,2,0,0,0,0,0,0,0
2,0,0,0,0,0,0,0,0
0,-1,0,0,0,0,0,0,0
-1,0,0,0,0,0,0,0,0
0,1,0,0,0,0,0,0,0
-1,0,0,0,0,0,0,0,0
-1,-1,0,0,0,0,0,0,0
0,1,0,0,0,0,0,0,0
0,1,0,0,0,0,0,0,0
0,0,0,0,0,0,0,0,0
1,0,0,0,0,0,0,0,0
2,0,0,0,0,0,0,0,0
1,0,0,0,0,0,0,0,0
0,0,0,0,0,0,0,0,0
-1,0,0,0,0,0,0,0,0
-1,1,0,0,0,0,0,0,0
0,2,0,0,0,0,0,0,0
2,2,0,0,0,0,0,0,0
1,1,0,0,0,0,0,0,0
0,1,0,0,0,0,0,0,0
0,2,0,0,0,0,0,0,0
0,1,0,0,0,0,0,0,0
0,-1,0,0,0,0,0,0,0
-1,0,0,0,0,0,0,0,0
-1,2,0,0,0,0,0,0,0
0,1,0,0,0,0,0,0,0
1,1,0,0,0,0,0,0,0
1,1,0,0,0,0,0,0,0
1,0,0,0,0,0,0,0,0
1,0,0,0,0,0,0,0,0
0,0,0,0,0,0,0,0,0
0,1,0,0,0,0,0,0,0
1,0,0,0,0,0,0,0,0
0,0,0,0,0,0,0,0,0
0,1,0,0,0,0,0,0,0
2,1,0,0,0,0,0,0,0
2,0,0,0,0,0,0,0,0
0,0,0,0,0,0,0,0,0
0,1,0,0,0,0,0,0,0
0,0,0,0,0,0,0,0,0
0,0,0,0,0,0,0,0,0
1,1,0,0,0,0,0,0,0
2,0,0,0,0,0,0,0,0
0,2,0,0,0,0,0,0,0
-1,6,0,0,0,0,0,0,0
-32,-8,0,0,0,0,0,0,0
-184,-83,0,0,0,0,0,0,0
-424,-206,0,0,0,0,0,0,0
-371,-175,0,0,0,0,0,0,0
208,49,0,0,0,0,0,0,0
600,-1,0,0,0,0,0,0,0
165,-371,0,0,0,0,0,0,0
-284,-350,0,0,0,0,0,0,0
-54,69,0,0,0,0,0,0,0
163,201,0,0,0,0,0,0,0
25,74,0,0,0,0,0,0,0
-7,76,0,0,0,0,0,0,0
71,125,0,0,0,0,0,0,0
43,95,0,0,0,0,0,0,0
18,81,0,0,0,0,0,0,0
39,92,0,0,0,0,0,0,0
34,81,0,0,0,0,0,0,0
23,71,0,0,0,0,0,0,0
27,72,0,0,0,0,0,0,0
24,67,0,0,0,0,0,0,0
19,59,0,0,0,0,0,0,0
19,56,0,0,0,0,0,0,0
18,53,0,0,0,0,0,0,0
16,48,0,0,0,0,0,0,0
15,45,0,0,0,0,0,0,0
13,42,0,0,0,0,0,0,0
10,37,1000,0,0,0,0,0,0
8,32,0,0,0,0,0,0,0
8,30,0,0,0,0,0,0,0
7,27,1000,0,0,0,0,0,0
5,24,0,0,0,0,0,0,0
5,21,0,0,0,0,0,0,0
5,18,0,0,0,0,0,0,0
3,15,0,0,0,0,0,0,0
1,13,0,0,0,0,0,0,0
1,11,0,0,0,0,0,0,0
0,8,0,0,0,0,0,0,0
-1,6,0,0,0,0,0,0,0
-2,5,0,0,0,0,0,0,0
-2,3,0,0,0,0,0,0,0
-3,0,0,0,0,0,0,0,0
-4,-2,0,0,0,0,0,0,0
-4,-3,0,0,0,0,0,0,0
-4,-5,0,0,0,0,0,0,0
-5,-7,0,0,0,0,0,0,0
-5,-8,0,0,0,0,0,0,0
-5,-9,0,0,0,0,0,0,0
-5,-10,0,0,0,0,0,0,0
-6,-11,0,0,0,0,0,0,0
-7,-12,0,0,0,0,0,0,0
-8,-12,0,0,0,0,0,0,0
-8,-13,0,0,0,0,0,0,0
-8,-14,0,0,0,0,0,0,0
-8,-16,0,0,0,0,0,0,0
-8,-16,0,0,0,0,0,0,0
-8,-16,0,0,0,0,0,0,0
-8,-17,0,0,0,0,0,0,0
-8,-16,0,0,0,0,0,0,0
-9,-16,0,0,0,0,0,0,0
-9,-17,0,0,0,0,0,0,0
-9,-19,0,0,0,0,0,0,0
-10,-18,0,0,0,0,0,0,0
-13,-18,0,0,0,0,0,0,0
-11,-18,0,0,0,0,0,0,0
-6,-18,0,0,0,0,0,0,0
-6,-18,0,0,0,0,0,0,0
-8,-17,0,0,0,0,0,0,0
-7,-18,0,0,0,0,0,0,0
-7,-18,0,0,0,0,0,0,0
-8,-19,0,0,0,0,0,0,0
-8,-19,0,0,0,0,0,0,0
-8,-18,0,0,0,0,0,0,0
-7,-18,0,0,0,0,0,0,0
-7,-17,0,0,0,0,0,0,0
-7,-17,0,0,0,0,0,0,0
-6,-16,0,0,0,0,0,0,0
-6,-16,0,0,0,0,0,0,0
-6,-16,0,0,0,0,0,0,0
-6,-15,0,0,0,0,0,0,0
-6,-14,0,0,0,0,0,0,0
-6,-14,0,0,0,0,0,0,0
-5,-13,0,0,0,0,0,0,0
-5,-13,0,0,0,0,0,0,0
-6,-13,0,0,0,0,0,0,0
-5,-12,0,0,0,0,0,0,0
-4,-11,0,0,0,0,0,0,0
-4,-13,0,0,0,0,0,0,0
-3,-12,0,0,0,0,0,0,0
-3,-10,0,0,0,0,0,0,0
-4,-10,0,0,0,0,0,0,0
-3,-9,0,0,0,0,0,0,0
-4,-8,0,0,0,0,0,0,0
-7,-8,0,0,0,0,0,0,0
-6,-8,0,0,0,0,0,0,0
0,-7,0,0,0,0,0,0,0
1,-8,0,0,0,0,0,0,0
-2,-7,0,0,0,0,0,0,0
0,-6,0,0,0,0,0,0,0
1,-6,0,0,0,0,0,0,0
-1,-5,0,0,0,0,0,0,0
-1,-4,0,0,0,0,0,0,0
0,-4,0,0,0,0,0,0,0
-1,-3,0,0,0,0,0,0,0
-1,-2,0,0,0,0,0,0,0
1,-2,0,0,0,0,0,0,0
2,-3,0,0,0,0,0,0,0
2,-2,0,0,0,0,0,0,0
1,-1,0,0,0,0,0,0,0
1,-1,0,0,0,0,0,0,0
1,-1,0,0,0,0,0,0,0
-1,0,0,0,0,0,0,0,0
-1,1,0,0,0,0,0,0,0
0,1,0,0,0,0,0,0,0
1,1,0,0,0,0,0,0,0
2,2,0,0,0,0,0,0,0
3,3,0,0,0,0,0,0,0
2,3,0,0,0,0,0,0,0
1,2,0,0,0,0,0,0,0
1,3,0,0,0,0,0,0,0
2,4,0,0,0,0,0,0,0
2,3,0,0,0,0,0,0,0
2,4,0,0,0,0,0,0,0
2,5,0,0,0,0,0,0,0
2,5,0,0,0,0,0,0,0
3,4,0,0,0,0,0,0,0
3,4,0,0,0,0,0,0,0
2,6,0,0,0,0,0,0,0
2,6,0,0,0,0,0,0,0
2,5,0,0,0,0,0,0,0
3,5,0,0,0,0,0,0,0
3,6,0,0,0,0,0,0,0
3,7,0,0,0,0,0,0,0
3,7,0,0,0,0,0,0,0
3,6,0,0,0,0,0,0,0
2,5,0,0,0,0,0,0,0
2,5,0,0,0,0,0,0,0
3,6,0,0,0,0,0,0,0
3,6,0,0,0,0,0,0,0
2,7,0,0,0,0,0,0,0
2,7,0,0,0,0,0,0,0
4,7,0,0,0,0,0,0,0
4,6,0,0,0,0,0,0,0
3,6,0,0,0,0,0,0,0
2,7,0,0,0,0,0,0,0
2,8,0,0,0,0,0,0,0
2,8,0,0,0,0,0,0,0
3,6,0,0,0,0,0,0,0
3,6,0,0,0,0,0,0,0
3,6,0,0,0,0,0,0,0
3,8,0,0,0,0,0,0,0
3,11,0,0,0,0,0,0,0
3,9,0,0,0,0,0,0,0
1,3,0,0,0,0,0,0,0
2,3,0,0,0,0,0,0,0
4,6,0,0,0,0,0,0,0
4,5,0,0,0,0,0,0,0
2,4,0,0,0,0,0,0,0
3,5,0,0,0,0,0,0,0
4,5,0,0,0,0,0,0,0
2,5,0,0,0,0,0,0,0
1,4,0,0,0,0,0,0,0
3,3,0,0,0,0,0,0,0
4,4,0,0,0,0,0,0,0
3,5,0,0,0,0,0,0,0
2,5,0,0,0,0,0,0,0
2,5,0,0,0,0,0,0,0
2,5,0,0,0,0,0,0,0
2,5,0,0,0,0,0,0,0
2,4,0,0,0,0,0,0,0
1,3,0,0,0,0,0,0,0
0,3,0,0,0,0,0,0,0
0,3,0,0,0,0,0,0,0
1,4,0,0,0,0,0,0,0
2,3,0,0,0,0,0,0,0
2,3,0,0,0,0,0,0,0
1,2,0,0,0,0,0,0,0
0,2,0,0,0,0,0,0,0
0,2,0,0,0,0,0,0,0
1,2,0,0,0,0,0,0,0
0,3,0,0,0,0,0,0,0
0,2,0,0,0,0,0,0,0
1,2,0,0,0,0,0,0,0
2,2,0,0,0,0,0,0,0
2,2,0,0,0,0,0,0,0
1,2,0,0,0,0,0,0,0
1,2,0,0,0,0,0,0,0
-1,2,0,0,0,0,0,0,0
-1,1,0,0,0,0,0,0,0
1,1,0,0,0,0,0,0,0
1,1,0,0,0,0,0,0,0
0,0,0,0,0,0,0,0,0
-1,0,0,0,0,0,0,0,0
-1,0,0,0,0,0,0,0,0
-2,1,0,0,0,0,0,0,0
-1,0,0,0,0,0,0,0,0
0,0,0,0,0,0,0,0,0
0,0,0,0,0,0,0,0,0
0,0,0,0,0,0,0,0,0
1,1,0,0,0,0,0,0,0
1,0,0,0,0,0,0,0,0
0,0,0,0,0,0,0,0,0
-2,0,0,0,0,0,0,0,0
-2,0,0,0,0,0,0,0,0
0,-1,0,0,0,0,0,0,0
0,-1,0,0,0,0,0,0,0
-1,-1,0,0,0,0,0,0,0
-1,-1,0,0,0,0,0,0,0
-1,0,0,0,0,0,0,0,0
-1,-1,0,0,0,0,0,0,0
-1,-1,0,0,0,0,0,0,0
-2,-1,0,0,0,0,0,0,0
-2,-2,0,0,0,0,0,0,0
-1,-2,0,0,0,0,0,0,0
0,-2,0,0,0,0,0,0,0
0,-2,0,0,0,0,0,0,0
0,-2,0,0,0,0,0,0,0
1,-1,0,0,0,0,0,0,0
0,-1,0,0,0,0,0,0,0
-3,-2,0,0,0,0,0,0,0
-2,-2,0,0,0,0,0,0,0
-1,-2,0,0,0,0,0,0,0
-1,-1,0,0,0,0,0,0,0
-1,-2,0,0,0,0,0,0,0
0,-3,0,0,0,0,0,0,0
-1,-2,0,0,0,0,0,0,0
-1,-1,0,0,0,0,0,0,0
-1,-2,0,0,0,0,0,0,0
-1,-3,0,0,0,0,0,0,0
-1,-2,0,0,0,0,0,0,0
-1,-2,0,0,0,0,0,0,0
-2,-2,0,0,0,0,0,0,0
-1,-2,0,0,0,0,0,0,0
0,-2,0,0,0,0,0,0,0
0,-1,0,0,0,0,0,0,0
0,-1,0,0,0,0,0,0,0
0,-2,0,0,0,0,0,0,0
-1,-3,0,0,0,0,0,0,0
-1,-3,0,0,0,0,0,0,0
0,-1,0,0,0,0,0,0,0
0,-2,0,0,0,0,0,0,0
-1,-2,0,0,0,0,0,0,0
-2,-1,0,0,0,0,0,0,0
-1,-1,0,0,0,0,0,0,0
-1,-2,0,0,0,0,0,0,0
-1,-3,0,0,0,0,0,0,0
-1,-2,0,0,0,0,0,0,0
0,-2,0,0,0,0,0,0,0
0,-1,0,0,0,0,0,0,0
0,0,0,0,0,0,0,0,0
0,0,0,0,0,0,0,0,0
1,-1,0,0,0,0,0,0,0
1,-2,0,0,0,0,0,0,0
0,-2,0,0,0,0,0,0,0
-1,-2,0,0,0,0,0,0,0
-1,-1,0,0,0,0,0,0,0
-1,-1,0,0,0,0,0,0,0
0,-1,0,0,0,0,0,0,0
0,-2,0,0,0,0,0,0,0
0,-2,0,0,0,0,0,0,0
0,-1,0,0,0,0,0,0,0
1,-1,0,0,0,0,0,0,0
0,0,0,0,0,0,0,0,0
-1,0,0,0,0,0,0,0,0
-1,-2,0,0,0,0,0,0,0
0,-1,0,0,0,0,0,0,0
0,0,0,0,0,0,0,0,0
1,0,0,0,0,0,0,0,0
1,-1,0,0,0,0,0,0,0
-1,0,0,0,0,0,0,0,0
-2,-1,0,0,0,0,0,0,0
0,-2,0,0,0,0,0,0,0
0,-1,0,0,0,0,0,0,0
0,-1,0,0,0,0,0,0,0
0,-1,0,0,0,0,0,0,0
0,-1,0,0,0,0,0,0,0
0,-1,0,0,0,0,0,0,0
-2,-1,0,0,0,0,0,0,0
-2,-1,0,0,0,0,0,0,0
-1,0,0,0,0,0,0,0,0
0,0,0,0,0,0,0,0,0
0,0,0,0,0,0,0,0,0
2,-1,0,0,0,0,0,0,0
1,-1,0,0,0,0,0,0,0
0,0,0,0,0,0,0,0,0
1,0,0,0,0,0,0,0,0
1,0,0,0,0,0,0,0,0
-1,-1,0,0,0,0,0,0,0
-1,0,0,0,0,0,0,0,0
0,0,0,0,0,0,0,0,0
0,1,0,0,0,0,0,0,0
0,1,0,0,0,0,0,0,0
-1,0,0,0,0,0,0,0,0
-4,0,0,0,0,0,0,0,0
-4,0,0,0,0,0,0,0,0
1,-1,0,0,0,0,0,0,0
1,0,0,0,0,0,0,0,0
-1,1,0,0,0,0,0,0,0
2,1,0,0,0,0,0,0,0
3,-1,0,0,0,0,0,0,0
1,0,0,0,0,0,0,0,0
1,1,0,0,0,0,0,0,0
1,0,0,0,0,0,0,0,0
1,0,0,0,0,0,0,0,0
0,0,0,0,0,0,0,0,0
0,1,0,0,0,0,0,0,0
0,1,0,0,0,0,0,0,0
0,0,0,0,0,0,0,0,0
1,0,0,0,0,0,0,0,0
2,0,0,0,0,0,0,0,0
0,0,0,0,0,0,0,0,0
-1,0,0,0,0,0,0,0,0
0,0,0,0,0,0,0,0,0
1,0,0,0,0,0,0,0,0
0,1,0,0,0,0,0,0,0
1,1,0,0,0,0,0,0,0
1,1,0,0,0,0,0,0,0
1,1,0,0,0,0,0,0,0
0,0,0,0,0,0,0,0,0
0,0,0,0,0,0,0,0,0
0,0,0,0,0,0,0,0,0
0,1,0,0,0,0,0,0,0
0,1,0,0,0,0,0,0,0
0,0,0,0,0,0,0,0,0
1,0,0,0,0,0,0,0,0
2,1,0,0,0,0,0,0,0
1,1,0,0,0,0,0,0,0
-1,0,0,0,0,0,0,0,0
0,1,0,0,0,0,0,0,0
0,1,0,0,0,0,0,0,0
0,0,0,0,0,0,0,0,0
0,1,0,0,0,0,0,0,0
0,1,0,0,0,0,0,0,0
0,1,0,0,0,0,0,0,0
1,0,0,0,0,0,0,0,0
0,-1,0,0,0,0,0,0,0
-1,0,0,0,0,0,0,0,0
0,1,0,0,0,0,0,0,0
0,0,0,0,0,0,0,0,0
0,0,0,0,0,0,0,0,0
0,1,0,0,0,0,0,0,0
0,0,0,0,0,0,0,0,0
0,0,0,0,0,0,0,0,0
-2,1,0,0,0,0,0,0,0
-5,1,0,0,0,0,0,0,0
-3,0,0,0,0,0,0,0,0
2,0,0,0,0,0,0,0,0
2,0,0,0,0,0,0,0,0
0,0,0,0,0,0,0,0,0
1,0,0,0,0,0,0,0,0
1,1,0,0,0,0,0,0,0
0,2,0,0,0,0,0,0,0
1,2,0,0,0,0,0,0,0
2,0,0,0,0,0,0,0,0
1,0,0,0,0,0,0,0,0
1,0,0,0,0,0,0,0,0
0,0,0,0,0,0,0,0,0
0,0,0,0,0,0,0,0,0
1,0,0,0,0,0,0,0,0
-3,-2,0,0,0,0,0,0,0
-55,-32,0,0,0,0,0,0,0
-236,-145,0,0,0,0,0,0,0
-441,-267,0,0,0,0,0,0,0
-251,-123,0,0,0,0,0,0,0
372,140,0,0,0,0,0,0,0
580,-66,0,0,0,0,0,0,0
46,-466,0,0,0,0,0,0,0
-256,-263,0,0,0,0,0,0,0
16,174,0,0,0,0,0,0,0
121,174,0,0,0,0,0,0,0
-17,53,0,0,0,0,0,0,0
6,108,0,0,0,0,0,0,0
64,129,0,0,0,0,0,0,0
22,88,0,0,0,0,0,0,0
12,92,0,0,0,0,0,0,0
33,98,0,0,0,0,0,0,0
23,80,0,0,0,0,0,0,0
15,75,0,0,0,0,0,0,0
21,76,0,0,0,0,0,0,0
18,68,0,0,0,0,0,0,0
13,62,0,0,0,0,0,0,0
14,59,0,0,0,0,0,0,0
14,55,0,0,0,0,0,0,0
12,50,0,0,0,0,0,0,0
12,46,0,0,0,0,0,0,0
10,43,0,0,0,0,0,0,0
8,40,1000,0,0,0,0,0,0
7,35,0,0,0,0,0,0,0
6,30,0,0,0,0,0,0,0
4,27,1000,0,0,0,0,0,0
4,25,0,0,0,0,0,0,0
3,22,0,0,0,0,0,0,0
2,19,0,0,0,0,0,0,0
1,16,0,0,0,0,0,0,0
0,13,0,0,0,0,0,0,0
0,10,0,0,0,0,0,0,0
0,8,0,0,0,0,0,0,0
-1,5,0,0,0,0,0,0,0
-1,4,0,0,0,0,0,0,0
-2,3,0,0,0,0,0,0,0
-3,1,0,0,0,0,0,0,0
-4,-2,0,0,0,0,0,0,0
-4,-4,0,0,0,0,0,0,0
-5,-5,0,0,0,0,0,0,0
-5,-7,0,0,0,0,0,0,0
-5,-9,0,0,0,0,0,0,0
-6,-10,0,0,0,0,0,0,0
-7,-12,0,0,0,0,0,0,0
-6,-13,0,0,0,0,0,0,0
-6,-13,0,0,0,0,0,0,0
-7,-14,0,0,0,0,0,0,0
-7,-16,0,0,0,0,0,0,0
-7,-17,0,0,0,0,0,0,0
-7,-17,0,0,0,0,0,0,0
-8,-17,0,0,0,0,0,0,0
-11,-17,0,0,0,0,0,0,0
-10,-18,0,0,0,0,0,0,0
-5,-19,0,0,0,0,0,0,0
-4,-20,0,0,0,0,0,0,0
-7,-19,0,0,0,0,0,0,0
-7,-20,0,0,0,0,0,0,0
-6,-20,0,0,0,0,0,0,0
-7,-20,0,0,0,0,0,0,0
-7,-20,0,0,0,0,0,0,0
-6,-20,0,0,0,0,0,0,0
-6,-20,0,0,0,0,0,0,0
-5,-20,0,0,0,0,0,0,0
-6,-20,0,0,0,0,0,0,0
-7,-19,0,0,0,0,0,0,0
-7,-19,0,0,0,0,0,0,0
-6,-18,0,0,0,0,0,0,0
-6,-17,0,0,0,0,0,0,0
-6,-18,0,0,0,0,0,0,0
-6,-19,0,0,0,0,0,0,0
-6,-17,0,0,0,0,0,0,0
-6,-17,0,0,0,0,0,0,0
-6,-18,0,0,0,0,0,0,0
-9,-17,0,0,0,0,0,0,0
-7,-16,0,0,0,0,0,0,0
-2,-16,0,0,0,0,0,0,0
-2,-16,0,0,0,0,0,0,0
-4,-15,0,0,0,0,0,0,0
-3,-14,0,0,0,0,0,0,0
-3,-13,0,0,0,0,0,0,0
-5,-13,0,0,0,0,0,0,0
-5,-13,0,0,0,0,0,0,0
-4,-13,0,0,0,0,0,0,0
-3,-12,0,0,0,0,0,0,0
-2,-10,0,0,0,0,0,0,0
-1,-10,0,0,0,0,0,0,0
-2,-10,0,0,0,0,0,0,0
-1,-9,0,0,0,0,0,0,0
-2,-9,0,0,0,0,0,0,0
-2,-8,0,0,0,0,0,0,0
-2,-8,0,0,0,0,0,0,0
-2,-7,0,0,0,0,0,0,0
-2,-6,0,0,0,0,0,0,0
-1,-6,0,0,0,0,0,0,0
0,-5,0,0,0,0,0,0,0
0,-5,0,0,0,0,0,0,0
-1,-5,0,0,0,0,0,0,0
-2,-4,0,0,0,0,0,0,0
-1,-3,0,0,0,0,0,0,0
0,-2,0,0,0,0,0,0,0
0,-2,0,0,0,0,0,0,0
1,-1,0,0,0,0,0,0,0
2,-1,0,0,0,0,0,0,0
2,-1,0,0,0,0,0,0,0
2,0,0,0,0,0,0,0,0
1,0,0,0,0,0,0,0,0
0,1,0,0,0,0,0,0,0
0,1,0,0,0,0,0,0,0
1,1,0,0,0,0,0,0,0
1,2,0,0,0,0,0,0,0
2,2,0,0,0,0,0,0,0
2,3,0,0,0,0,0,0,0
1,3,0,0,0,0,0,0,0
1,3,0,0,0,0,0,0,0
1,3,0,0,0,0,0,0,0
1,4,0,0,0,0,0,0,0
0,5,0,0,0,0,0,0,0
1,5,0,0,0,0,0,0,0
3,5,0,0,0,0,0,0,0
4,6,0,0,0,0,0,0,0
2,6,0,0,0,0,0,0,0
1,6,0,0,0,0,0,0,0
2,6,0,0,0,0,0,0,0
1,6,0,0,0,0,0,0,0
1,5,0,0,0,0,0,0,0
1,6,0,0,0,0,0,0,0
2,7,0,0,0,0,0,0,0
2,6,0,0,0,0,0,0,0
3,7,0,0,0,0,0,0,0
2,7,0,0,0,0,0,0,0
1,6,0,0,0,0,0,0,0
1,7,0,0,0,0,0,0,0
2,8,0,0,0,0,0,0,0
3,8,0,0,0,0,0,0,0
2,7,0,0,0,0,0,0,0
2,7,0,0,0,0,0,0,0
2,7,0,0,0,0,0,0,0
3,7,0,0,0,0,0,0,0
3,6,0,0,0,0,0,0,0
2,7,0,0,0,0,0,0,0
1,7,0,0,0,0,0,0,0
3,6,0,0,0,0,0,0,0
3,6,0,0,0,0,0,0,0
2,7,0,0,0,0,0,0,0
2,7,0,0,0,0,0,0,0
2,6,0,0,0,0,0,0,0
2,6,0,0,0,0,0,0,0
2,6,0,0,0,0,0,0,0
3,5,0,0,0,0,0,0,0
3,5,0,0,0,0,0,0,0
2,6,0,0,0,0,0,0,0
2,6,0,0,0,0,0,0,0
2,6,0,0,0,0,0,0,0
2,6,0,0,0,0,0,0,0
2,6,0,0,0,0,0,0,0
2,5,0,0,0,0,0,0,0
2,5,0,0,0,0,0,0,0
2,5,0,0,0,0,0,0,0
3,5,0,0,0,0,0,0,0
2,5,0,0,0,0,0,0,0
1,6,0,0,0,0,0,0,0
2,5,0,0,0,0,0,0,0
1,4,0,0,0,0,0,0,0
1,4,0,0,0,0,0,0,0
0,4,0,0,0,0,0,0,0
0,4,0,0,0,0,0,0,0
1,4,0,0,0,0,0,0,0
2,5,0,0,0,0,0,0,0
1,5,0,0,0,0,0,0,0
1,4,0,0,0,0,0,0,0
2,3,0,0,0,0,0,0,0
1,3,0,0,0,0,0,0,0
1,3,0,0,0,0,0,0,0
1,2,0,0,0,0,0,0,0
1,3,0,0,0,0,0,0,0
1,3,0,0,0,0,0,0,0
1,3,0,0,0,0,0,0,0
-1,2,0,0,0,0,0,0,0
-4,2,0,0,0,0,0,0,0
-1,2,0,0,0,0,0,0,0
1,2,0,0,0,0,0,0,0
-3,2,0,0,0,0,0,0,0
-3,1,0,0,0,0,0,0,0
4,0,0,0,0,0,0,0,0
4,1,0,0,0,0,0,0,0
-1,1,0,0,0,0,0,0,0
-3,2,0,0,0,0,0,0,0
0,1,0,0,0,0,0,0,0
4,-1,0,0,0,0,0,0,0
3,0,0,0,0,0,0,0,0
0,0,0,0,0,0,0,0,0
1,0,0,0,0,0,0,0,0
2,0,0,0,0,0,0,0,0
1,0,0,0,0,0,0,0,0
1,0,0,0,0,0,0,0,0
1,0,0,0,0,0,0,0,0
-1,-1,0,0,0,0,0,0,0
0,-1,0,0,0,0,0,0,0
1,-1,0,0,0,0,0,0,0
1,-1,0,0,0,0,0,0,0
0,-1,0,0,0,0,0,0,0
0,0,0,0,0,0,0,0,0
1,0,0,0,0,0,0,0,0
1,-1,0,0,0,0,0,0,0
1,-1,0,0,0,0,0,0,0
1,-1,0,0,0,0,0,0,0
-1,-3,0,0,0,0,0,0,0
-2,-2,0,0,0,0,0,0,0
1,-1,0,0,0,0,0,0,0
2,-1,0,0,0,0,0,0,0
1,-2,0,0,0,0,0,0,0
-1,-3,0,0,0,0,0,0,0
-2,-3,0,0,0,0,0,0,0
-1,-3,0,0,0,0,0,0,0
-1,-3,0,0,0,0,0,0,0
-1,-3,0,0,0,0,0,0,0
-1,-3,0,0,0,0,0,0,0
-1,-3,0,0,0,0,0,0,0
-1,-2,0,0,0,0,0,0,0
-1,-2,0,0,0,0,0,0,0
-1,-2,0,0,0,0,0,0,0
-2,-1,0,0,0,0,0,0,0
-1,-1,0,0,0,0,0,0,0
-1,-3,0,0,0,0,0,0,0
-1,-4,0,0,0,0,0,0,0
-2,-2,0,0,0,0,0,0,0
-1,-1,0,0,0,0,0,0,0
-1,-2,0,0,0,0,0,0,0
-2,-1,0,0,0,0,0,0,0
-2,-2,0,0,0,0,0,0,0
-2,-3,0,0,0,0,0,0,0
-1,-3,0,0,0,0,0,0,0
-1,-2,0,0,0,0,0,0,0
0,-3,0,0,0,0,0,0,0
0,-2,0,0,0,0,0,0,0
0,-2,0,0,0,0,0,0,0
-2,-3,0,0,0,0,0,0,0
-1,-3,0,0,0,0,0,0,0
-1,-2,0,0,0,0,0,0,0
0,-2,0,0,0,0,0,0,0
0,-2,0,0,0,0,0,0,0
-1,-2,0,0,0,0,0,0,0
-1,-2,0,0,0,0,0,0,0
-1,-2,0,0,0,0,0,0,0
-1,-1,0,0,0,0,0,0,0
-2,0,0,0,0,0,0,0,0
-2,-1,0,0,0,0,0,0,0
-1,-2,0,0,0,0,0,0,0
-1,-1,0,0,0,0,0,0,0
-1,-1,0,0,0,0,0,0,0
-1,-1,0,0,0,0,0,0,0
-1,-1,0,0,0,0,0,0,0
-1,-1,0,0,0,0,0,0,0
-1,-1,0,0,0,0,0,0,0
0,-1,0,0,0,0,0,0,0
0,-2,0,0,0,0,0,0,0
-1,-2,0,0,0,0,0,0,0
-1,-2,0,0,0,0,0,0,0
0,-1,0,0,0,0,0,0,0
-1,-2,0,0,0,0,0,0,0
-1,-1,0,0,0,0,0,0,0
-1,0,0,0,0,0,0,0,0
-1,0,0,0,0,0,0,0,0
-1,-1,0,0,0,0,0,0,0
0,-2,0,0,0,0,0,0,0
-1,-1,0,0,0,0,0,0,0
-1,-1,0,0,0,0,0,0,0
0,-1,0,0,0,0,0,0,0
0,0,0,0,0,0,0,0,0
-1,0,0,0,0,0,0,0,0
-1,1,0,0,0,0,0,0,0
0,-1,0,0,0,0,0,0,0
0,-2,0,0,0,0,0,0,0
-1,-1,0,0,0,0,0,0,0
0,0,0,0,0,0,0,0,0
1,-1,0,0,0,0,0,0,0
1,-1,0,0,0,0,0,0,0
1,0,0,0,0,0,0,0,0
1,0,0,0,0,0,0,0,0
0,0,0,0,0,0,0,0,0
0,-1,0,0,0,0,0,0,0
1,-1,0,0,0,0,0,0,0
1,0,0,0,0,0,0,0,0
0,0,0,0,0,0,0,0,0
0,0,0,0,0,0,0,0,0
0,0,0,0,0,0,0,0,0
0,1,0,0,0,0,0,0,0
0,1,0,0,0,0,0,0,0
0,1,0,0,0,0,0,0,0
0,1,0,0,0,0,0,0,0
0,0,0,0,0,0,0,0,0
-1,0,0,0,0,0,0,0,0
-1,1,0,0,0,0,0,0,0
0,1,0,0,0,0,0,0,0
1,1,0,0,0,0,0,0,0
0,1,0,0,0,0,0,0,0
0,0,0,0,0,0,0,0,0
0,-1,0,0,0,0,0,0,0
0,0,0,0,0,0,0,0,0
-1,0,0,0,0,0,0,0,0
0,0,0,0,0,0,0,0,0
1,0,0,0,0,0,0,0,0
0,1,0,0,0,0,0,0,0
1,2,0,0,0,0,0,0,0
1,2,0,0,0,0,0,0,0
0,1,0,0,0,0,0,0,0
-1,0,0,0,0,0,0,0,0
0,1,0,0,0,0,0,0,0
1,0,0,0,0,0,0,0,0
1,0,0,0,0,0,0,0,0
0,1,0,0,0,0,0,0,0
1,2,0,0,0,0,0,0,0
0,0,0,0,0,0,0,0,0
-1,-1,0,0,0,0,0,0,0
-1,0,0,0,0,0,0,0,0
-1,1,0,0,0,0,0,0,0
0,1,0,0,0,0,0,0,0
0,0,0,0,0,0,0,0,0
0,0,0,0,0,0,0,0,0
0,1,0,0,0,0,0,0,0
0,1,0,0,0,0,0,0,0
0,1,0,0,0,0,0,0,0
0,1,0,0,0,0,0,0,0
0,0,0,0,0,0,0,0,0
0,0,0,0,0,0,0,0,0
1,0,0,0,0,0,0,0,0
1,0,0,0,0,0,0,0,0
1,1,0,0,0,0,0,0,0
1,2,0,0,0,0,0,0,0
1,1,0,0,0,0,0,0,0
0,0,0,0,0,0,0,0,0
0,0,0,0,0,0,0,0,0
1,0,0,0,0,0,0,0,0
1,1,0,0,0,0,0,0,0
1,1,0,0,0,0,0,0,0
1,0,0,0,0,0,0,0,0
0,0,0,0,0,0,0,0,0
1,1,0,0,0,0,0,0,0
1,0,0,0,0,0,0,0,0
0,0,0,0,0,0,0,0,0
0,1,0,0,0,0,0,0,0
0,1,0,0,0,0,0,0,0
0,1,0,0,0,0,0,0,0
0,1,0,0,0,0,0,0,0
2,0,0,0,0,0,0,0,0
1,0,0,0,0,0,0,0,0
0,0,0,0,0,0,0,0,0
0,0,0,0,0,0,0,0,0
-1,0,0,0,0,0,0,0,0
-5,-2,0,0,0,0,0,0,0
-61,-31,0,0,0,0,0,0,0
-251,-143,0,0,0,0,0,0,0
-454,-255,0,0,0,0,0,0,0
-255,-113,0,0,0,0,0,0,0
346,106,0,0,0,0,0,0,0
519,-122,0,0,0,0,0,0,0
22,-463,0,0,0,0,0,0,0
-211,-216,0,0,0,0,0,0,0
55,192,0,0,0,0,0,0,0
126,170,0,0,0,0,0,0,0
-2,58,0,0,0,0,0,0,0
23,116,0,0,0,0,0,0,0
65,132,0,0,0,0,0,0,0
26,87,0,0,0,0,0,0,0
21,90,0,0,0,0,0,0,0
36,97,0,0,0,0,0,0,0
27,80,0,0,0,0,0,0,0
23,75,0,0,0,0,0,0,0
26,76,0,0,0,0,0,0,0
22,68,0,0,0,0,0,0,0
19,63,0,0,0,0,0,0,0
19,59,0,0,0,0,0,0,0
17,53,0,0,0,0,0,0,0
14,48,0,0,0,0,0,0,0
12,45,0,0,0,0,0,0,0
11,41,0,0,0,0,0,0,0
11,37,1000,0,0,0,0,0,0
10,34,0,0,0,0,0,0,0
9,30,0,0,0,0,0,0,0
7,27,1000,0,0,0,0,0,0
4,24,0,0,0,0,0,0,0
0,21,0,0,0,0,0,0,0
1,18,0,0,0,0,0,0,0
5,15,0,0,0,0,0,0,0
5,13,0,0,0,0,0,0,0
2,11,0,0,0,0,0,0,0
0,8,0,0,0,0,0,0,0
0,6,0,0,0,0,0,0,0
-2,4,0,0,0,0,0,0,0
-3,1,0,0,0,0,0,0,0
-4,-1,0,0,0,0,0,0,0
-3,-3,0,0,0,0,0,0,0
-3,-3,0,0,0,0,0,0,0
-4,-5,0,0,0,0,0,0,0
-5,-7,0,0,0,0,0,0,0
-6,-9,0,0,0,0,0,0,0
-7,-10,0,0,0,0,0,0,0
-7,-11,0,0,0,0,0,0,0
-7,-13,0,0,0,0,0,0,0
-7,-13,0,0,0,0,0,0,0
-7,-13,0,0,0,0,0,0,0
-5,-15,0,0,0,0,0,0,0
-5,-17,0,0,0,0,0,0,0
-8,-17,0,0,0,0,0,0,0
-9,-17,0,0,0,0,0,0,0
-8,-17,0,0,0,0,0,0,0
-8,-17,0,0,0,0,0,0,0
-9,-19,0,0,0,0,0,0,0
-8,-19,0,0,0,0,0,0,0
-7,-19,0,0,0,0,0,0,0
-7,-19,0,0,0,0,0,0,0
-7,-19,0,0,0,0,0,0,0
-7,-19,0,0,0,0,0,0,0
-9,-20,0,0,0,0,0,0,0
-10,-21,0,0,0,0,0,0,0
-10,-20,0,0,0,0,0,0,0
-9,-19,0,0,0,0,0,0,0
-9,-19,0,0,0,0,0,0,0
-9,-19,0,0,0,0,0,0,0
-8,-19,0,0,0,0,0,0,0
-8,-19,0,0,0,0,0,0,0
-8,-19,0,0,0,0,0,0,0
-6,-19,0,0,0,0,0,0,0
-6,-19,0,0,0,0,0,0,0
-8,-18,0,0,0,0,0,0,0
-7,-18,0,0,0,0,0,0,0
-6,-17,0,0,0,0,0,0,0
-7,-16,0,0,0,0,0,0,0
-8,-16,0,0,0,0,0,0,0
-9,-16,0,0,0,0,0,0,0
-9,-16,0,0,0,0,0,0,0
-6,-14,0,0,0,0,0,0,0
-4,-14,0,0,0,0,0,0,0
-5,-14,0,0,0,0,0,0,0
-5,-13,0,0,0,0,0,0,0
-4,-12,0,0,0,0,0,0,0
-3,-11,0,0,0,0,0,0,0
-2,-10,0,0,0,0,0,0,0
-3,-9,0,0,0,0,0,0,0
-4,-10,0,0,0,0,0,0,0
-5,-10,0,0,0,0,0,0,0
-3,-10,0,0,0,0,0,0,0
-2,-9,0,0,0,0,0,0,0
-3,-8,0,0,0,0,0,0,0
-3,-7,0,0,0,0,0,0,0
-2,-7,0,0,0,0,0,0,0
-3,-6,0,0,0,0,0,0,0
-4,-6,0,0,0,0,0,0,0
-2,-6,0,0,0,0,0,0,0
-1,-6,0,0,0,0,0,0,0
-1,-5,0,0,0,0,0,0,0
-1,-4,0,0,0,0,0,0,0
-1,-3,0,0,0,0,0,0,0
0,-2,0,0,0,0,0,0,0
0,-3,0,0,0,0,0,0,0
0,-2,0,0,0,0,0,0,0
0,-2,0,0,0,0,0,0,0
0,-2,0,0,0,0,0,0,0
-1,-2,0,0,0,0,0,0,0
0,0,0,0,0,0,0,0,0
2,0,0,0,0,0,0,0,0
2,0,0,0,0,0,0,0,0
1,1,0,0,0,0,0,0,0
1,1,0,0,0,0,0,0,0
1,1,0,0,0,0,0,0,0
1,2,0,0,0,0,0,0,0
1,3,0,0,0,0,0,0,0
2,4,0,0,0,0,0,0,0
2,4,0,0,0,0,0,0,0
3,4,0,0,0,0,0,0,0
4,5,0,0,0,0,0,0,0
3,6,0,0,0,0,0,0,0
2,5,0,0,0,0,0,0,0
2,5,0,0,0,0,0,0,0
2,5,0,0,0,0,0,0,0
2,6,0,0,0,0,0,0,0
2,6,0,0,0,0,0,0,0
3,6,0,0,0,0,0,0,0
3,6,0,0,0,0,0,0,0
3,6,0,0,0,0,0,0,0
2,6,0,0,0,0,0,0,0
2,6,0,0,0,0,0,0,0
2,6,0,0,0,0,0,0,0
3,6,0,0,0,0,0,0,0
3,7,0,0,0,0,0,0,0
4,8,0,0,0,0,0,0,0
4,7,0,0,0,0,0,0,0
4,6,0,0,0,0,0,0,0
4,7,0,0,0,0,0,0,0
5,7,0,0,0,0,0,0,0
4,7,0,0,0,0,0,0,0
1,7,0,0,0,0,0,0,0
2,8,0,0,0,0,0,0,0
5,8,0,0,0,0,0,0,0
6,8,0,0,0,0,0,0,0
3,8,0,0,0,0,0,0,0
3,7,0,0,0,0,0,0,0
3,6,0,0,0,0,0,0,0
3,7,0,0,0,0,0,0,0
3,7,0,0,0,0,0,0,0
4,6,0,0,0,0,0,0,0
3,5,0,0,0,0,0,0,0
3,6,0,0,0,0,0,0,0
3,8,0,0,0,0,0,0,0
3,7,0,0,0,0,0,0,0
3,6,0,0,0,0,0,0,0
3,6,0,0,0,0,0,0,0
3,6,0,0,0,0,0,0,0
3,6,0,0,0,0,0,0,0
2,6,0,0,0,0,0,0,0
2,6,0,0,0,0,0,0,0
2,6,0,0,0,0,0,0,0
2,5,0,0,0,0,0,0,0
2,5,0,0,0,0,0,0,0
1,5,0,0,0,0,0,0,0
1,5,0,0,0,0,0,0,0
2,6,0,0,0,0,0,0,0
2,5,0,0,0,0,0,0,0
2,4,0,0,0,0,0,0,0
1,4,0,0,0,0,0,0,0
2,6,0,0,0,0,0,0,0
2,5,0,0,0,0,0,0,0
2,4,0,0,0,0,0,0,0
2,3,0,0,0,0,0,0,0
2,3,0,0,0,0,0,0,0
1,3,0,0,0,0,0,0,0
2,2,0,0,0,0,0,0,0
2,3,0,0,0,0,0,0,0
1,3,0,0,0,0,0,0,0
1,2,0,0,0,0,0,0,0
2,2,0,0,0,0,0,0,0
1,2,0,0,0,0,0,0,0
0,2,0,0,0,0,0,0,0
0,2,0,0,0,0,0,0,0
-1,1,0,0,0,0,0,0,0
0,1,0,0,0,0,0,0,0
2,1,0,0,0,0,0,0,0
0,1,0,0,0,0,0,0,0
-1,1,0,0,0,0,0,0,0
-1,1,0,0,0,0,0,0,0
0,1,0,0,0,0,0,0,0
0,1,0,0,0,0,0,0,0
0,1,0,0,0,0,0,0,0
0,0,0,0,0,0,0,0,0
0,0,0,0,0,0,0,0,0
0,0,0,0,0,0,0,0,0
0,0,0,0,0,0,0,0,0
-1,0,0,0,0,0,0,0,0
-1,-1,0,0,0,0,0,0,0
-1,-1,0,0,0,0,0,0,0
-1,0,0,0,0,0,0,0,0
-1,0,0,0,0,0,0,0,0
-1,0,0,0,0,0,0,0,0
0,-1,0,0,0,0,0,0,0
0,-1,0,0,0,0,0,0,0
0,0,0,0,0,0,0,0,0
-1,-1,0,0,0,0,0,0,0
0,-1,0,0,0,0,0,0,0
-1,-1,0,0,0,0,0,0,0
-2,-2,0,0,0,0,0,0,0
-2,-3,0,0,0,0,0,0,0
-1,-2,0,0,0,0,0,0,0
-1,-2,0,0,0,0,0,0,0
-1,-2,0,0,0,0,0,0,0
0,-2,0,0,0,0,0,0,0
-1,-2,0,0,0,0,0,0,0
-1,-2,0,0,0,0,0,0,0
0,-2,0,0,0,0,0,0,0
0,-2,0,0,0,0,0,0,0
-2,-2,0,0,0,0,0,0,0
-2,-2,0,0,0,0,0,0,0
0,-2,0,0,0,0,0,0,0
0,-2,0,0,0,0,0,0,0
-1,-2,0,0,0,0,0,0,0
0,-3,0,0,0,0,0,0,0
-1,-2,0,0,0,0,0,0,0
-2,-2,0,0,0,0,0,0,0
-1,-3,0,0,0,0,0,0,0
0,-3,0,0,0,0,0,0,0
-1,-3,0,0,0,0,0,0,0
-1,-3,0,0,0,0,0,0,0
-1,-2,0,0,0,0,0,0,0
-1,-2,0,0,0,0,0,0,0
-1,-2,0,0,0,0,0,0,0
0,-2,0,0,0,0,0,0,0
1,-2,0,0,0,0,0,0,0
1,-1,0,0,0,0,0,0,0
0,-1,0,0,0,0,0,0,0
-2,-2,0,0,0,0,0,0,0
-1,-3,0,0,0,0,0,0,0
-2,-3,0,0,0,0,0,0,0
-2,-3,0,0,0,0,0,0,0
-1,-2,0,0,0,0,0,0,0
-1,-3,0,0,0,0,0,0,0
-1,-2,0,0,0,0,0,0,0
-1,-2,0,0,0,0,0,0,0
-1,-2,0,0,0,0,0,0,0
-1,-2,0,0,0,0,0,0,0
-1,-2,0,0,0,0,0,0,0
0,-2,0,0,0,0,0,0,0
0,-1,0,0,0,0,0,0,0
0,-1,0,0,0,0,0,0,0
0,-1,0,0,0,0,0,0,0
0,-1,0,0,0,0,0,0,0
-1,-1,0,0,0,0,0,0,0
-1,-2,0,0,0,0,0,0,0
-1,-2,0,0,0,0,0,0,0
-1,-2,0,0,0,0,0,0,0
-1,-2,0,0,0,0,0,0,0
-1,-2,0,0,0,0,0,0,0
0,-1,0,0,0,0,0,0,0
0,-1,0,0,0,0,0,0,0
0,-1,0,0,0,0,0,0,0
0,-1,0,0,0,0,0,0,0
-1,-2,0,0,0,0,0,0,0
-1,-2,0,0,0,0,0,0,0
0,-1,0,0,0,0,0,0,0
0,0,0,0,0,0,0,0,0
0,-1,0,0,0,0,0,0,0
0,-1,0,0,0,0,0,0,0
0,0,0,0,0,0,0,0,0
0,0,0,0,0,0,0,0,0
0,-1,0,0,0,0,0,0,0
0,-2,0,0,0,0,0,0,0
-1,-1,0,0,0,0,0,0,0
-1,-1,0,0,0,0,0,0,0
0,-1,0,0,0,0,0,0,0
0,0,0,0,0,0,0,0,0
-1,1,0,0,0,0,0,0,0
-1,1,0,0,0,0,0,0,0
0,0,0,0,0,0,0,0,0
0,-1,0,0,0,0,0,0,0
0,-1,0,0,0,0,0,0,0
0,-1,0,0,0,0,0,0,0
-1,0,0,0,0,0,0,0,0
-2,1,0,0,0,0,0,0,0
0,1,0,0,0,0,0,0,0
1,0,0,0,0,0,0,0,0
1,0,0,0,0,0,0,0,0
0,0,0,0,0,0,0,0,0
1,0,0,0,0,0,0,0,0
0,0,0,0,0,0,0,0,0
-1,1,0,0,0,0,0,0,0
0,1,0,0,0,0,0,0,0
0,0,0,0,0,0,0,0,0
-5,0,0,0,0,0,0,0,0
-5,0,0,0,0,0,0,0,0
-2,0,0,0,0,0,0,0,0
0,0,0,0,0,0,0,0,0
1,0,0,0,0,0,0,0,0
2,1,0,0,0,0,0,0,0
2,2,0,0,0,0,0,0,0
3,3,0,0,0,0,0,0,0
3,1,0,0,0,0,0,0,0
1,-1,0,0,0,0,0,0,0
1,0,0,0,0,0,0,0,0
1,1,0,0,0,0,0,0,0
1,0,0,0,0,0,0,0,0
1,0,0,0,0,0,0,0,0
1,1,0,0,0,0,0,0,0
0,2,0,0,0,0,0,0,0
1,1,0,0,0,0,0,0,0
2,0,0,0,0,0,0,0,0
2,1,0,0,0,0,0,0,0
1,2,0,0,0,0,0,0,0
1,1,0,0,0,0,0,0,0
1,-1,0,0,0,0,0,0,0
0,0,0,0,0,0,0,0,0
0,2,0,0,0,0,0,0,0
1,2,0,0,0,0,0,0,0
2,0,0,0,0,0,0,0,0
1,0,0,0,0,0,0,0,0
0,1,0,0,0,0,0,0,0
0,1,0,0,0,0,0,0,0
0,0,0,0,0,0,0,0,0
0,1,0,0,0,0,0,0,0
0,1,0,0,0,0,0,0,0
0,1,0,0,0,0,0,0,0
0,1,0,0,0,0,0,0,0
1,2,0,0,0,0,0,0,0
1,-1,0,0,0,0,0,0,0
0,-1,0,0,0,0,0,0,0
0,0,0,0,0,0,0,0,0
0,1,0,0,0,0,0,0,0
1,0,0,0,0,0,0,0,0
1,0,0,0,0,0,0,0,0
1,0,0,0,0,0,0,0,0
1,1,0,0,0,0,0,0,0
0,1,0,0,0,0,0,0,0
-1,0,0,0,0,0,0,0,0
0,0,0,0,0,0,0,0,0
1,0,0,0,0,0,0,0,0
1,0,0,0,0,0,0,0,0
0,0,0,0,0,0,0,0,0
-2,1,0,0,0,0,0,0,0
-5,1,0,0,0,0,0,0,0
-3,0,0,0,0,0,0,0,0
0,-1,0,0,0,0,0,0,0
0,0,0,0,0,0,0,0,0
0,1,0,0,0,0,0,0,0
1,1,0,0,0,0,0,0,0
0,1,0,0,0,0,0,0,0
0,1,0,0,0,0,0,0,0
1,1,0,0,0,0,0,0,0
1,0,0,0,0,0,0,0,0
0,0,0,0,0,0,0,0,0
-1,0,0,0,0,0,0,0,0
0,0,0,0,0,0,0,0,0
1,0,0,0,0,0,0,0,0
1,0,0,0,0,0,0,0,0
1,0,0,0,0,0,0,0,0
1,0,0,0,0,0,0,0,0
-1,-2,0,0,0,0,0,0,0
-44,-30,0,0,0,0,0,0,0
-209,-137,0,0,0,0,0,0,0
-422,-265,0,0,0,0,0,0,0
-267,-169,0,0,0,0,0,0,0
363,73,0,0,0,0,0,0,0
629,-66,0,0,0,0,0,0,0
104,-420,0,0,0,0,0,0,0
-257,-253,0,0,0,0,0,0,0
-11,170,0,0,0,0,0,0,0
114,190,0,0,0,0,0,0,0
-24,63,0,0,0,0,0,0,0
-15,111,0,0,0,0,0,0,0
49,138,0,0,0,0,0,0,0
13,92,0,0,0,0,0,0,0
1,92,0,0,0,0,0,0,0
23,102,0,0,0,0,0,0,0
14,85,0,0,0,0,0,0,0
5,78,0,0,0,0,0,0,0
11,79,0,0,0,0,0,0,0
10,71,0,0,0,0,0,0,0
5,64,0,0,0,0,0,0,0
7,61,0,0,0,0,0,0,0
7,57,0,0,0,0,0,0,0
5,52,0,0,0,0,0,0,0
5,47,0,0,0,0,0,0,0
4,43,0,0,0,0,0,0,0
2,40,1000,0,0,0,0,0,0
1,36,0,0,0,0,0,0,0
2,32,0,0,0,0,0,0,0
2,28,1000,0,0,0,0,0,0
2,25,0,0,0,0,0,0,0
1,22,0,0,0,0,0,0,0
0,18,0,0,0,0,0,0,0
0,15,0,0,0,0,0,0,0
-1,13,0,0,0,0,0,0,0
-2,10,0,0,0,0,0,0,0
-2,8,0,0,0,0,0,0,0
-1,6,0,0,0,0,0,0,0
-1,4,0,0,0,0,0,0,0
-3,1,0,0,0,0,0,0,0
-3,0,0,0,0,0,0,0,0
-2,-1,0,0,0,0,0,0,0
-3,-3,0,0,0,0,0,0,0
-4,-6,0,0,0,0,0,0,0
-4,-8,0,0,0,0,0,0,0
-3,-10,0,0,0,0,0,0,0
-4,-11,0,0,0,0,0,0,0
-5,-12,0,0,0,0,0,0,0
-4,-13,0,0,0,0,0,0,0
-4,-14,0,0,0,0,0,0,0
-5,-15,0,0,0,0,0,0,0
-5,-16,0,0,0,0,0,0,0
-5,-17,0,0,0,0,0,0,0
-5,-18,0,0,0,0,0,0,0
-5,-18,0,0,0,0,0,0,0
-5,-17,0,0,0,0,0,0,0
-5,-19,0,0,0,0,0,0,0
-5,-20,0,0,0,0,0,0,0
-4,-20,0,0,0,0,0,0,0
-4,-20,0,0,0,0,0,0,0
-5,-21,0,0,0,0,0,0,0
-5,-21,0,0,0,0,0,0,0
-4,-21,0,0,0,0,0,0,0
-4,-20,0,0,0,0,0,0,0
-4,-21,0,0,0,0,0,0,0
-4,-22,0,0,0,0,0,0,0
-3,-22,0,0,0,0,0,0,0
-3,-21,0,0,0,0,0,0,0
-5,-21,0,0,0,0,0,0,0
-5,-20,0,0,0,0,0,0,0
-3,-20,0,0,0,0,0,0,0
-3,-19,0,0,0,0,0,0,0
-4,-19,0,0,0,0,0,0,0
-4,-20,0,0,0,0,0,0,0
-4,-19,0,0,0,0,0,0,0
-3,-18,0,0,0,0,0,0,0
-3,-18,0,0,0,0,0,0,0
-3,-18,0,0,0,0,0,0,0
-3,-17,0,0,0,0,0,0,0
-3,-16,0,0,0,0,0,0,0
-3,-15,0,0,0,0,0,0,0
-2,-15,0,0,0,0,0,0,0
-3,-14,0,0,0,0,0,0,0
-3,-14,0,0,0,0,0,0,0
-2,-14,0,0,0,0,0,0,0
-3,-13,0,0,0,0,0,0,0
-2,-12,0,0,0,0,0,0,0
-2,-12,0,0,0,0,0,0,0
-2,-11,0,0,0,0,0,0,0
-2,-10,0,0,0,0,0,0,0
0,-10,0,0,0,0,0,0,0
0,-9,0,0,0,0,0,0,0
-2,-8,0,0,0,0,0,0,0
-1,-8,0,0,0,0,0,0,0
-1,-9,0,0,0,0,0,0,0
-2,-8,0,0,0,0,0,0,0
-5,-7,0,0,0,0,0,0,0
-3,-7,0,0,0,0,0,0,0
2,-6,0,0,0,0,0,0,0
1,-5,0,0,0,0,0,0,0
-1,-5,0,0,0,0,0,0,0
0,-4,0,0,0,0,0,0,0
1,-3,0,0,0,0,0,0,0
0,-3,0,0,0,0,0,0,0
1,-3,0,0,0,0,0,0,0
1,-1,0,0,0,0,0,0,0
2,-1,0,0,0,0,0,0,0
3,-1,0,0,0,0,0,0,0
2,0,0,0,0,0,0,0,0
1,0,0,0,0,0,0,0,0
1,0,0,0,0,0,0,0,0
2,1,0,0,0,0,0,0,0
2,1,0,0,0,0,0,0,0
2,2,0,0,0,0,0,0,0
1,3,0,0,0,0,0,0,0
1,4,0,0,0,0,0,0,0
1,3,0,0,0,0,0,0,0
1,3,0,0,0,0,0,0,0
1,4,0,0,0,0,0,0,0
1,4,0,0,0,0,0,0,0
1,4,0,0,0,0,0,0,0
1,4,0,0,0,0,0,0,0
2,5,0,0,0,0,0,0,0
3,6,0,0,0,0,0,0,0
2,6,0,0,0,0,0,0,0
1,6,0,0,0,0,0,0,0
1,6,0,0,0,0,0,0,0
0,6,0,0,0,0,0,0,0
0,6,0,0,0,0,0,0,0
1,7,0,0,0,0,0,0,0
1,7,0,0,0,0,0,0,0
2,6,0,0,0,0,0,0,0
2,7,0,0,0,0,0,0,0
2,8,0,0,0,0,0,0,0
0,7,0,0,0,0,0,0,0
0,7,0,0,0,0,0,0,0
2,7,0,0,0,0,0,0,0
3,7,0,0,0,0,0,0,0
2,7,0,0,0,0,0,0,0
2,8,0,0,0,0,0,0,0
3,8,0,0,0,0,0,0,0
3,7,0,0,0,0,0,0,0
3,6,0,0,0,0,0,0,0
2,7,0,0,0,0,0,0,0
2,8,0,0,0,0,0,0,0
1,8,0,0,0,0,0,0,0
1,8,0,0,0,0,0,0,0
1,7,0,0,0,0,0,0,0
1,6,0,0,0,0,0,0,0
1,7,0,0,0,0,0,0,0
2,8,0,0,0,0,0,0,0
2,8,0,0,0,0,0,0,0
2,6,0,0,0,0,0,0,0
2,6,0,0,0,0,0,0,0
2,7,0,0,0,0,0,0,0
2,7,0,0,0,0,0,0,0
3,7,0,0,0,0,0,0,0
2,7,0,0,0,0,0,0,0
1,6,0,0,0,0,0,0,0
2,6,0,0,0,0,0,0,0
1,5,0,0,0,0,0,0,0
0,5,0,0,0,0,0,0,0
0,5,0,0,0,0,0,0,0
0,6,0,0,0,0,0,0,0
0,6,0,0,0,0,0,0,0
1,5,0,0,0,0,0,0,0
1,4,0,0,0,0,0,0,0
-1,5,0,0,0,0,0,0,0
-4,4,0,0,0,0,0,0,0
-3,4,0,0,0,0,0,0,0
2,4,0,0,0,0,0,0,0
3,4,0,0,0,0,0,0,0
1,4,0,0,0,0,0,0,0
1,3,0,0,0,0,0,0,0
1,4,0,0,0,0,0,0,0
2,4,0,0,0,0,0,0,0
1,3,0,0,0,0,0,0,0
0,3,0,0,0,0,0,0,0
0,3,0,0,0,0,0,0,0
1,2,0,0,0,0,0,0,0
1,1,0,0,0,0,0,0,0
1,2,0,0,0,0,0,0,0
0,3,0,0,0,0,0,0,0
0,2,0,0,0,0,0,0,0
1,1,0,0,0,0,0,0,0
1,1,0,0,0,0,0,0,0
-1,1,0,0,0,0,0,0,0
-1,1,0,0,0,0,0,0,0
1,2,0,0,0,0,0,0,0
1,2,0,0,0,0,0,0,0
0,1,0,0,0,0,0,0,0
0,0,0,0,0,0,0,0,0
0,1,0,0,0,0,0,0,0
1,1,0,0,0,0,0,0,0
0,0,0,0,0,0,0,0,0
-1,1,0,0,0,0,0,0,0
0,1,0,0,0,0,0,0,0
0,-1,0,0,0,0,0,0,0
0,-1,0,0,0,0,0,0,0
-1,1,0,0,0,0,0,0,0
-5,0,0,0,0,0,0,0,0
-5,-2,0,0,0,0,0,0,0
1,-2,0,0,0,0,0,0,0
1,-2,0,0,0,0,0,0,0
-1,-1,0,0,0,0,0,0,0
0,-1,0,0,0,0,0,0,0
1,0,0,0,0,0,0,0,0
1,1,0,0,0,0,0,0,0
1,4,0,0,0,0,0,0,0
0,1,0,0,0,0,0,0,0
-1,-5,0,0,0,0,0,0,0
-1,-4,0,0,0,0,0,0,0
-1,-1,0,0,0,0,0,0,0
-2,-2,0,0,0,0,0,0,0
-2,-4,0,0,0,0,0,0,0
0,-3,0,0,0,0,0,0,0
0,-3,0,0,0,0,0,0,0
-1,-3,0,0,0,0,0,0,0
-1,-3,0,0,0,0,0,0,0
0,-3,0,0,0,0,0,0,0
0,-3,0,0,0,0,0,0,0
0,-3,0,0,0,0,0,0,0
1,-2,0,0,0,0,0,0,0
2,-2,0,0,0,0,0,0,0
0,-2,0,0,0,0,0,0,0
-1,-2,0,0,0,0,0,0,0
-1,-3,0,0,0,0,0,0,0
-1,-3,0,0,0,0,0,0,0
-1,-2,0,0,0,0,0,0,0
-1,-2,0,0,0,0,0,0,0
-1,-3,0,0,0,0,0,0,0
-1,-3,0,0,0,0,0,0,0
-1,-3,0,0,0,0,0,0,0
-2,-3,0,0,0,0,0,0,0
-2,-3,0,0,0,0,0,0,0
-1,-2,0,0,0,0,0,0,0
0,-2,0,0,0,0,0,0,0
-1,-3,0,0,0,0,0,0,0
-4,-2,0,0,0,0,0,0,0
-2,-2,0,0,0,0,0,0,0
2,-1,0,0,0,0,0,0,0
2,-1,0,0,0,0,0,0,0
-1,-2,0,0,0,0,0,0,0
0,-2,0,0,0,0,0,0,0
0,-2,0,0,0,0,0,0,0
0,-2,0,0,0,0,0,0,0
0,-1,0,0,0,0,0,0,0
1,-1,0,0,0,0,0,0,0
0,-1,0,0,0,0,0,0,0
-1,-2,0,0,0,0,0,0,0
0,-2,0,0,0,0,0,0,0
0,-2,0,0,0,0,0,0,0
-1,-2,0,0,0,0,0,0,0
-1,-2,0,0,0,0,0,0,0
1,-2,0,0,0,0,0,0,0
1,-1,0,0,0,0,0,0,0
1,-1,0,0,0,0,0,0,0
0,-1,0,0,0,0,0,0,0
0,0,0,0,0,0,0,0,0
0,0,0,0,0,0,0,0,0
0,-1,0,0,0,0,0,0,0
-1,-1,0,0,0,0,0,0,0
0,1,0,0,0,0,0,0,0
1,-1,0,0,0,0,0,0,0
1,-1,0,0,0,0,0,0,0
0,0,0,0,0,0,0,0,0
0,0,0,0,0,0,0,0,0
0,-2,0,0,0,0,0,0,0
0,-1,0,0,0,0,0,0,0
1,0,0,0,0,0,0,0,0
1,-1,0,0,0,0,0,0,0
0,-1,0,0,0,0,0,0,0
0,-1,0,0,0,0,0,0,0
0,-1,0,0,0,0,0,0,0
0,0,0,0,0,0,0,0,0
0,0,0,0,0,0,0,0,0
0,-1,0,0,0,0,0,0,0
1,-1,0,0,0,0,0,0,0
0,-1,0,0,0,0,0,0,0
1,-1,0,0,0,0,0,0,0
1,-1,0,0,0,0,0,0,0
-1,-1,0,0,0,0,0,0,0
-1,0,0,0,0,0,0,0,0
1,0,0,0,0,0,0,0,0
1,1,0,0,0,0,0,0,0
-1,0,0,0,0,0,0,0,0
-1,0,0,0,0,0,0,0,0
0,0,0,0,0,0,0,0,0
0,0,0,0,0,0,0,0,0
1,0,0,0,0,0,0,0,0
0,0,0,0,0,0,0,0,0
-1,1,0,0,0,0,0,0,0
-1,1,0,0,0,0,0,0,0
0,0,0,0,0,0,0,0,0
0,-1,0,0,0,0,0,0,0
0,0,0,0,0,0,0,0,0
0,0,0,0,0,0,0,0,0
1,1,0,0,0,0,0,0,0
1,2,0,0,0,0,0,0,0
0,1,0,0,0,0,0,0,0
-2,0,0,0,0,0,0,0,0
-1,0,0,0,0,0,0,0,0
-1,0,0,0,0,0,0,0,0
-1,0,0,0,0,0,0,0,0
0,1,0,0,0,0,0,0,0
0,1,0,0,0,0,0,0,0
0,1,0,0,0,0,0,0,0
0,0,0,0,0,0,0,0,0
1,0,0,0,0,0,0,0,0
0,1,0,0,0,0,0,0,0
0,2,0,0,0,0,0,0,0
0,0,0,0,0,0,0,0,0
1,0,0,0,0,0,0,0,0
0,1,0,0,0,0,0,0,0
0,1,0,0,0,0,0,0,0
1,0,0,0,0,0,0,0,0
0,0,0,0,0,0,0,0,0
0,0,0,0,0,0,0,0,0
0,0,0,0,0,0,0,0,0
0,0,0,0,0,0,0,0,0
0,0,0,0,0,0,0,0,0
0,1,0,0,0,0,0,0,0
0,1,0,0,0,0,0,0,0
1,1,0,0,0,0,0,0,0
2,1,0,0,0,0,0,0,0
1,0,0,0,0,0,0,0,0
-2,0,0,0,0,0,0,0,0
-1,0,0,0,0,0,0,0,0
0,1,0,0,0,0,0,0,0
0,1,0,0,0,0,0,0,0
0,1,0,0,0,0,0,0,0
1,1,0,0,0,0,0,0,0
0,1,0,0,0,0,0,0,0
-1,0,0,0,0,0,0,0,0
0,0,0,0,0,0,0,0,0
0,2,0,0,0,0,0,0,0
0,2,0,0,0,0,0,0,0
0,1,0,0,0,0,0,0,0
0,1,0,0,0,0,0,0,0
0,0,0,0,0,0,0,0,0
0,-1,0,0,0,0,0,0,0
1,0,0,0,0,0,0,0,0
1,1,0,0,0,0,0,0,0
0,1,0,0,0,0,0,0,0
-1,1,0,0,0,0,0,0,0
-1,1,0,0,0,0,0,0,0
-1,1,0,0,0,0,0,0,0
-1,1,0,0,0,0,0,0,0
-29,-8,0,0,0,0,0,0,0
-167,-72,0,0,0,0,0,0,0
-409,-204,0,0,0,0,0,0,0
-407,-199,0,0,0,0,0,0,0
133,52,0,0,0,0,0,0,0
590,73,0,0,0,0,0,0,0
225,-316,0,0,0,0,0,0,0
-274,-392,0,0,0,0,0,0,0
-85,18,0,0,0,0,0,0,0
176,206,0,0,0,0,0,0,0
47,82,0,0,0,0,0,0,0
-17,64,0,0,0,0,0,0,0
65,120,0,0,0,0,0,0,0
52,96,0,0,0,0,0,0,0
20,75,0,0,0,0,0,0,0
38,87,0,0,0,0,0,0,0
37,81,0,0,0,0,0,0,0
24,69,0,0,0,0,0,0,0
28,68,0,0,0,0,0,0,0
28,64,0,0,0,0,0,0,0
23,57,0,0,0,0,0,0,0
22,55,0,0,0,0,0,0,0
21,51,0,0,0,0,0,0,0
18,47,0,0,0,0,0,0,0
18,43,0,0,0,0,0,0,0
16,39,0,0,0,0,0,0,0
12,35,1000,0,0,0,0,0,0
11,33,0,0,0,0,0,0,0
11,30,0,0,0,0,0,0,0
8,25,1000,0,0,0,0,0,0
7,22,0,0,0,0,0,0,0
6,20,0,0,0,0,0,0,0
5,18,0,0,0,0,0,0,0
5,16,0,0,0,0,0,0,0
4,13,0,0,0,0,0,0,0
1,10,0,0,0,0,0,0,0
0,7,0,0,0,0,0,0,0
-1,6,0,0,0,0,0,0,0
-2,4,0,0,0,0,0,0,0
-1,2,0,0,0,0,0,0,0
-2,0,0,0,0,0,0,0,0
-3,-1,0,0,0,0,0,0,0
-4,-3,0,0,0,0,0,0,0
-4,-3,0,0,0,0,0,0,0
-5,-5,0,0,0,0,0,0,0
-5,-8,0,0,0,0,0,0,0
-5,-8,0,0,0,0,0,0,0
-7,-8,0,0,0,0,0,0,0
-7,-9,0,0,0,0,0,0,0
-7,-11,0,0,0,0,0,0,0
-7,-12,0,0,0,0,0,0,0
-8,-13,0,0,0,0,0,0,0
-8,-14,0,0,0,0,0,0,0
-9,-15,0,0,0,0,0,0,0
-9,-16,0,0,0,0,0,0,0
-9,-16,0,0,0,0,0,0,0
-9,-16,0,0,0,0,0,0,0
-9,-17,0,0,0,0,0,0,0
-8,-17,0,0,0,0,0,0,0
-8,-17,0,0,0,0,0,0,0
-8,-17,0,0,0,0,0,0,0
-9,-17,0,0,0,0,0,0,0
-10,-17,0,0,0,0,0,0,0
-10,-17,0,0,0,0,0,0,0
-10,-18,0,0,0,0,0,0,0
-10,-18,0,0,0,0,0,0,0
-9,-18,0,0,0,0,0,0,0
-9,-17,0,0,0,0,0,0,0
-9,-16,0,0,0,0,0,0,0
-9,-16,0,0,0,0,0,0,0
-7,-18,0,0,0,0,0,0,0
-8,-18,0,0,0,0,0,0,0
-9,-17,0,0,0,0,0,0,0
-8,-16,0,0,0,0,0,0,0
-7,-16,0,0,0,0,0,0,0
-7,-16,0,0,0,0,0,0,0
-7,-16,0,0,0,0,0,0,0
-7,-15,0,0,0,0,0,0,0
-7,-15,0,0,0,0,0,0,0
-8,-15,0,0,0,0,0,0,0
-8,-14,0,0,0,0,0,0,0
-6,-14,0,0,0,0,0,0,0
-6,-14,0,0,0,0,0,0,0
-7,-13,0,0,0,0,0,0,0
-6,-12,0,0,0,0,0,0,0
-5,-12,0,0,0,0,0,0,0
-4,-11,0,0,0,0,0,0,0
-4,-10,0,0,0,0,0,0,0
-4,-10,0,0,0,0,0,0,0
-3,-10,0,0,0,0,0,0,0
-4,-9,0,0,0,0,0,0,0
-4,-9,0,0,0,0,0,0,0
-4,-9,0,0,0,0,0,0,0
-3,-8,0,0,0,0,0,0,0
-3,-6,0,0,0,0,0,0,0
-2,-6,0,0,0,0,0,0,0
-2,-6,0,0,0,0,0,0,0
-2,-6,0,0,0,0,0,0,0
-2,-5,0,0,0,0,0,0,0
-1,-5,0,0,0,0,0,0,0
-1,-4,0,0,0,0,0,0,0
-2,-3,0,0,0,0,0,0,0
-1,-4,0,0,0,0,0,0,0
0,-4,0,0,0,0,0,0,0
0,-2,0,0,0,0,0,0,0
-1,-2,0,0,0,0,0,0,0
-1,-2,0,0,0,0,0,0,0
0,-1,0,0,0,0,0,0,0
0,-1,0,0,0,0,0,0,0
1,-1,0,0,0,0,0,0,0
1,0,0,0,0,0,0,0,0
1,0,0,0,0,0,0,0,0
1,1,0,0,0,0,0,0,0
1,1,0,0,0,0,0,0,0
1,2,0,0,0,0,0,0,0
1,3,0,0,0,0,0,0,0
2,3,0,0,0,0,0,0,0
3,4,0,0,0,0,0,0,0
2,5,0,0,0,0,0,0,0
2,4,0,0,0,0,0,0,0
2,2,0,0,0,0,0,0,0
2,3,0,0,0,0,0,0,0
2,4,0,0,0,0,0,0,0
2,4,0,0,0,0,0,0,0
3,4,0,0,0,0,0,0,0
3,6,0,0,0,0,0,0,0
3,7,0,0,0,0,0,0,0
3,6,0,0,0,0,0,0,0
3,4,0,0,0,0,0,0,0
3,5,0,0,0,0,0,0,0
3,6,0,0,0,0,0,0,0
3,6,0,0,0,0,0,0,0
3,7,0,0,0,0,0,0,0
4,6,0,0,0,0,0,0,0
4,5,0,0,0,0,0,0,0
3,6,0,0,0,0,0,0,0
3,6,0,0,0,0,0,0,0
3,6,0,0,0,0,0,0,0
3,6,0,0,0,0,0,0,0
3,7,0,0,0,0,0,0,0
4,8,0,0,0,0,0,0,0
3,7,0,0,0,0,0,0,0
4,7,0,0,0,0,0,0,0
4,7,0,0,0,0,0,0,0
3,7,0,0,0,0,0,0,0
3,7,0,0,0,0,0,0,0
3,6,0,0,0,0,0,0,0
2,5,0,0,0,0,0,0,0
2,6,0,0,0,0,0,0,0
4,7,0,0,0,0,0,0,0
4,6,0,0,0,0,0,0,0
4,5,0,0,0,0,0,0,0
3,5,0,0,0,0,0,0,0
2,5,0,0,0,0,0,0,0
1,5,0,0,0,0,0,0,0
2,5,0,0,0,0,0,0,0
3,5,0,0,0,0,0,0,0
4,5,0,0,0,0,0,0,0
4,6,0,0,0,0,0,0,0
4,6,0,0,0,0,0,0,0
4,5,0,0,0,0,0,0,0
3,5,0,0,0,0,0,0,0
1,5,0,0,0,0,0,0,0
1,5,0,0,0,0,0,0,0
2,4,0,0,0,0,0,0,0
3,4,0,0,0,0,0,0,0
3,4,0,0,0,0,0,0,0
3,4,0,0,0,0,0,0,0
3,4,0,0,0,0,0,0,0
1,4,0,0,0,0,0,0,0
-1,3,0,0,0,0,0,0,0
0,4,0,0,0,0,0,0,0
2,5,0,0,0,0,0,0,0
2,5,0,0,0,0,0,0,0
2,3,0,0,0,0,0,0,0
2,2,0,0,0,0,0,0,0
2,3,0,0,0,0,0,0,0
1,3,0,0,0,0,0,0,0
0,2,0,0,0,0,0,0,0
0,2,0,0,0,0,0,0,0
0,2,0,0,0,0,0,0,0
0,3,0,0,0,0,0,0,0
0,3,0,0,0,0,0,0,0
0,2,0,0,0,0,0,0,0
0,2,0,0,0,0,0,0,0
0,1,0,0,0,0,0,0,0
-1,1,0,0,0,0,0,0,0
-1,1,0,0,0,0,0,0,0
0,2,0,0,0,0,0,0,0
0,1,0,0,0,0,0,0,0
1,0,0,0,0,0,0,0,0
2,1,0,0,0,0,0,0,0
1,1,0,0,0,0,0,0,0
0,-1,0,0,0,0,0,0,0
0,0,0,0,0,0,0,0,0
0,0,0,0,0,0,0,0,0
0,-1,0,0,0,0,0,0,0
0,-1,0,0,0,0,0,0,0
0,0,0,0,0,0,0,0,0
-1,0,0,0,0,0,0,0,0
-1,-1,0,0,0,0,0,0,0
-1,-1,0,0,0,0,0,0,0
-2,0,0,0,0,0,0,0,0
-1,-1,0,0,0,0,0,0,0
-1,-1,0,0,0,0,0,0,0
0,-1,0,0,0,0,0,0,0
-1,-2,0,0,0,0,0,0,0
-1,-1,0,0,0,0,0,0,0
0,0,0,0,0,0,0,0,0
0,-1,0,0,0,0,0,0,0
0,-2,0,0,0,0,0,0,0
0,-2,0,0,0,0,0,0,0
-1,0,0,0,0,0,0,0,0
-1,-1,0,0,0,0,0,0,0
-1,-2,0,0,0,0,0,0,0
-1,-1,0,0,0,0,0,0,0
-1,-1,0,0,0,0,0,0,0
-1,-3,0,0,0,0,0,0,0
-1,-2,0,0,0,0,0,0,0
-1,-2,0,0,0,0,0,0,0
0,-3,0,0,0,0,0,0,0
0,-2,0,0,0,0,0,0,0
0,-1,0,0,0,0,0,0,0
0,-2,0,0,0,0,0,0,0
0,-3,0,0,0,0,0,0,0
-1,-2,0,0,0,0,0,0,0
-2,-2,0,0,0,0,0,0,0
-1,-2,0,0,0,0,0,0,0
-1,-2,0,0,0,0,0,0,0
-1,-2,0,0,0,0,0,0,0
-1,-2,0,0,0,0,0,0,0
-1,-2,0,0,0,0,0,0,0
0,-1,0,0,0,0,0,0,0
0,-2,0,0,0,0,0,0,0
-2,-2,0,0,0,0,0,0,0
-2,-1,0,0,0,0,0,0,0
-1,-2,0,0,0,0,0,0,0
-1,-3,0,0,0,0,0,0,0
-2,-3,0,0,0,0,0,0,0
-1,-2,0,0,0,0,0,0,0
-1,-2,0,0,0,0,0,0,0
-1,-2,0,0,0,0,0,0,0
-2,-2,0,0,0,0,0,0,0
-2,-1,0,0,0,0,0,0,0
-1,-1,0,0,0,0,0,0,0
-1,-1,0,0,0,0,0,0,0
-1,-3,0,0,0,0,0,0,0
-1,-2,0,0,0,0,0,0,0
-1,-2,0,0,0,0,0,0,0
-1,-2,0,0,0,0,0,0,0
-1,-2,0,0,0,0,0,0,0
-1,-2,0,0,0,0,0,0,0
-1,-2,0,0,0,0,0,0,0
0,-2,0,0,0,0,0,0,0
-1,-1,0,0,0,0,0,0,0
-1,-1,0,0,0,0,0,0,0
-1,-1,0,0,0,0,0,0,0
0,0,0,0,0,0,0,0,0
0,-1,0,0,0,0,0,0,0
0,-2,0,0,0,0,0,0,0
0,-1,0,0,0,0,0,0,0
0,0,0,0,0,0,0,0,0
-1,-1,0,0,0,0,0,0,0
-1,-1,0,0,0,0,0,0,0
0,-1,0,0,0,0,0,0,0
0,-1,0,0,0,0,0,0,0
-1,-1,0,0,0,0,0,0,0
-1,-1,0,0,0,0,0,0,0
-1,-1,0,0,0,0,0,0,0
-1,-1,0,0,0,0,0,0,0
-1,-1,0,0,0,0,0,0,0
0,-1,0,0,0,0,0,0,0
0,-1,0,0,0,0,0,0,0
-1,-1,0,0,0,0,0,0,0
0,0,0,0,0,0,0,0,0
2,0,0,0,0,0,0,0,0
1,0,0,0,0,0,0,0,0
-1,-1,0,0,0,0,0,0,0
-1,0,0,0,0,0,0,0,0
0,0,0,0,0,0,0,0,0
0,0,0,0,0,0,0,0,0
0,0,0,0,0,0,0,0,0
0,0,0,0,0,0,0,0,0
0,0,0,0,0,0,0,0,0
0,1,0,0,0,0,0,0,0
0,0,0,0,0,0,0,0,0
0,0,0,0,0,0,0,0,0
0,0,0,0,0,0,0,0,0
-1,1,0,0,0,0,0,0,0
0,0,0,0,0,0,0,0,0
1,0,0,0,0,0,0,0,0
1,1,0,0,0,0,0,0,0
0,1,0,0,0,0,0,0,0
0,-1,0,0,0,0,0,0,0
0,0,0,0,0,0,0,0,0
0,1,0,0,0,0,0,0,0
0,0,0,0,0,0,0,0,0
0,-1,0,0,0,0,0,0,0
1,-1,0,0,0,0,0,0,0
1,0,0,0,0,0,0,0,0
0,1,0,0,0,0,0,0,0
-2,1,0,0,0,0,0,0,0
-4,0,0,0,0,0,0,0,0
-3,0,0,0,0,0,0,0,0
2,0,0,0,0,0,0,0,0
1,0,0,0,0,0,0,0,0
-2,0,0,0,0,0,0,0,0
0,1,0,0,0,0,0,0,0
2,1,0,0,0,0,0,0,0
1,2,0,0,0,0,0,0,0
0,2,0,0,0,0,0,0,0
1,1,0,0,0,0,0,0,0
1,1,0,0,0,0,0,0,0
1,0,0,0,0,0,0,0,0
1,1,0,0,0,0,0,0,0
1,2,0,0,0,0,0,0,0
1,1,0,0,0,0,0,0,0
1,0,0,0,0,0,0,0,0
1,0,0,0,0,0,0,0,0
0,0,0,0,0,0,0,0,0
0,0,0,0,0,0,0,0,0
1,0,0,0,0,0,0,0,0
2,0,0,0,0,0,0,0,0
1,0,0,0,0,0,0,0,0
1,2,0,0,0,0,0,0,0
1,2,0,0,0,0,0,0,0
2,0,0,0,0,0,0,0,0
0,0,0,0,0,0,0,0,0
0,0,0,0,0,0,0,0,0
1,0,0,0,0,0,0,0,0
-1,0,0,0,0,0,0,0,0
-2,0,0,0,0,0,0,0,0
0,0,0,0,0,0,0,0,0
0,1,0,0,0,0,0,0,0
-1,1,0,0,0,0,0,0,0
-1,0,0,0,0,0,0,0,0
-4,-1,0,0,0,0,0,0,0
-3,-1,0,0,0,0,0,0,0
2,-1,0,0,0,0,0,0,0
3,-1,0,0,0,0,0,0,0
1,0,0,0,0,0,0,0,0
1,1,0,0,0,0,0,0,0
2,1,0,0,0,0,0,0,0
1,0,0,0,0,0,0,0,0
0,0,0,0,0,0,0,0,0
1,0,0,0,0,0,0,0,0
0,1,0,0,0,0,0,0,0
1,1,0,0,0,0,0,0,0
1,1,0,0,0,0,0,0,0
2,1,0,0,0,0,0,0,0
1,1,0,0,0,0,0,0,0
0,1,0,0,0,0,0,0,0
0,0,0,0,0,0,0,0,0
0,0,0,0,0,0,0,0,0
0,0,0,0,0,0,0,0,0
0,0,0,0,0,0,0,0,0
1,0,0,0,0,0,0,0,0
1,1,0,0,0,0,0,0,0
1,1,0,0,0,0,0,0,0
1,1,0,0,0,0,0,0,0
0,1,0,0,0,0,0,0,0
0,2,0,0,0,0,0,0,0
-17,-11,0,0,0,0,0,0,0
-127,-83,0,0,0,0,0,0,0
-361,-235,0,0,0,0,0,0,0
-432,-261,0,0,0,0,0,0,0
31,17,0,0,0,0,0,0,0
591,124,0,0,0,0,0,0,0
395,-280,0,0,0,0,0,0,0
-182,-443,0,0,0,0,0,0,0
-171,-9,0,0,0,0,0,0,0
119,240,0,0,0,0,0,0,0
60,100,0,0,0,0,0,0,0
-35,72,0,0,0,0,0,0,0
42,141,0,0,0,0,0,0,0
52,109,0,0,0,0,0,0,0
9,81,0,0,0,0,0,0,0
23,99,0,0,0,0,0,0,0
30,89,0,0,0,0,0,0,0
16,75,0,0,0,0,0,0,0
17,76,0,0,0,0,0,0,0
20,72,0,0,0,0,0,0,0
14,64,0,0,0,0,0,0,0
14,62,0,0,0,0,0,0,0
14,57,0,0,0,0,0,0,0
10,51,0,0,0,0,0,0,0
8,47,0,0,0,0,0,0,0
9,43,0,0,0,0,0,0,0
7,38,1000,0,0,0,0,0,0
6,34,0,0,0,0,0,0,0
7,32,0,0,0,0,0,0,0
5,28,1000,0,0,0,0,0,0
4,25,0,0,0,0,0,0,0
4,22,0,0,0,0,0,0,0
3,19,0,0,0,0,0,0,0
1,16,0,0,0,0,0,0,0
1,14,0,0,0,0,0,0,0
0,11,0,0,0,0,0,0,0
0,9,0,0,0,0,0,0,0
-1,7,0,0,0,0,0,0,0
-1,4,0,0,0,0,0,0,0
-3,1,0,0,0,0,0,0,0
-3,0,0,0,0,0,0,0,0
-3,-2,0,0,0,0,0,0,0
-3,-4,0,0,0,0,0,0,0
-4,-5,0,0,0,0,0,0,0
-5,-7,0,0,0,0,0,0,0
-5,-8,0,0,0,0,0,0,0
-5,-9,0,0,0,0,0,0,0
-6,-9,0,0,0,0,0,0,0
-6,-11,0,0,0,0,0,0,0
-6,-14,0,0,0,0,0,0,0
-7,-14,0,0,0,0,0,0,0
-6,-15,0,0,0,0,0,0,0
-6,-15,0,0,0,0,0,0,0
-7,-16,0,0,0,0,0,0,0
-8,-16,0,0,0,0,0,0,0
-7,-18,0,0,0,0,0,0,0
-7,-19,0,0,0,0,0,0,0
-7,-20,0,0,0,0,0,0,0
-7,-19,0,0,0,0,0,0,0
-7,-19,0,0,0,0,0,0,0
-7,-20,0,0,0,0,0,0,0
-7,-20,0,0,0,0,0,0,0
-6,-20,0,0,0,0,0,0,0
-6,-20,0,0,0,0,0,0,0
-6,-20,0,0,0,0,0,0,0
-6,-19,0,0,0,0,0,0,0
-7,-19,0,0,0,0,0,0,0
-9,-20,0,0,0,0,0,0,0
-12,-20,0,0,0,0,0,0,0
-13,-19,0,0,0,0,0,0,0
-7,-18,0,0,0,0,0,0,0
-3,-18,0,0,0,0,0,0,0
-3,-19,0,0,0,0,0,0,0
-4,-19,0,0,0,0,0,0,0
-5,-18,0,0,0,0,0,0,0
-7,-18,0,0,0,0,0,0,0
-6,-17,0,0,0,0,0,0,0
-3,-17,0,0,0,0,0,0,0
-3,-16,0,0,0,0,0,0,0
-3,-15,0,0,0,0,0,0,0
-3,-14,0,0,0,0,0,0,0
-2,-14,0,0,0,0,0,0,0
-3,-15,0,0,0,0,0,0,0
-3,-14,0,0,0,0,0,0,0
-3,-13,0,0,0,0,0,0,0
-3,-13,0,0,0,0,0,0,0
-3,-12,0,0,0,0,0,0,0
-2,-11,0,0,0,0,0,0,0
-2,-10,0,0,0,0,0,0,0
-1,-9,0,0,0,0,0,0,0
-2,-9,0,0,0,0,0,0,0
-3,-9,0,0,0,0,0,0,0
-3,-9,0,0,0,0,0,0,0
-3,-9,0,0,0,0,0,0,0
-2,-8,0,0,0,0,0,0,0
-1,-6,0,0,0,0,0,0,0
-1,-6,0,0,0,0,0,0,0
-1,-5,0,0,0,0,0,0,0
0,-6,0,0,0,0,0,0,0
0,-6,0,0,0,0,0,0,0
0,-5,0,0,0,0,0,0,0
0,-3,0,0,0,0,0,0,0
0,-3,0,0,0,0,0,0,0
-1,-3,0,0,0,0,0,0,0
0,-2,0,0,0,0,0,0,0
0,-2,0,0,0,0,0,0,0
0,-2,0,0,0,0,0,0,0
0,-2,0,0,0,0,0,0,0
0,-1,0,0,0,0,0,0,0
1,0,0,0,0,0,0,0,0
1,0,0,0,0,0,0,0,0
1,1,0,0,0,0,0,0,0
2,2,0,0,0,0,0,0,0
2,2,0,0,0,0,0,0,0
1,1,0,0,0,0,0,0,0
1,2,0,0,0,0,0,0,0
1,2,0,0,0,0,0,0,0
2,3,0,0,0,0,0,0,0
1,3,0,0,0,0,0,0,0
1,3,0,0,0,0,0,0,0
2,4,0,0,0,0,0,0,0
2,4,0,0,0,0,0,0,0
1,5,0,0,0,0,0,0,0
1,6,0,0,0,0,0,0,0
1,5,0,0,0,0,0,0,0
1,4,0,0,0,0,0,0,0
2,5,0,0,0,0,0,0,0
2,7,0,0,0,0,0,0,0
2,7,0,0,0,0,0,0,0
2,6,0,0,0,0,0,0,0
3,6,0,0,0,0,0,0,0
4,6,0,0,0,0,0,0,0
3,6,0,0,0,0,0,0,0
2,7,0,0,0,0,0,0,0
2,7,0,0,0,0,0,0,0
3,7,0,0,0,0,0,0,0
3,8,0,0,0,0,0,0,0
2,8,0,0,0,0,0,0,0
2,7,0,0,0,0,0,0,0
1,6,0,0,0,0,0,0,0
1,8,0,0,0,0,0,0,0
1,7,0,0,0,0,0,0,0
0,6,0,0,0,0,0,0,0
0,6,0,0,0,0,0,0,0
4,6,0,0,0,0,0,0,0
5,6,0,0,0,0,0,0,0
2,7,0,0,0,0,0,0,0
2,9,0,0,0,0,0,0,0
4,8,0,0,0,0,0,0,0
4,7,0,0,0,0,0,0,0
2,7,0,0,0,0,0,0,0
2,7,0,0,0,0,0,0,0
2,6,0,0,0,0,0,0,0
2,6,0,0,0,0,0,0,0
2,6,0,0,0,0,0,0,0
2,7,0,0,0,0,0,0,0
2,6,0,0,0,0,0,0,0
1,4,0,0,0,0,0,0,0
1,5,0,0,0,0,0,0,0
1,6,0,0,0,0,0,0,0
1,6,0,0,0,0,0,0,0
2,5,0,0,0,0,0,0,0
2,4,0,0,0,0,0,0,0
1,4,0,0,0,0,0,0,0
2,5,0,0,0,0,0,0,0
1,5,0,0,0,0,0,0,0
1,5,0,0,0,0,0,0,0
1,4,0,0,0,0,0,0,0
1,4,0,0,0,0,0,0,0
1,5,0,0,0,0,0,0,0
1,4,0,0,0,0,0,0,0
1,3,0,0,0,0,0,0,0
1,4,0,0,0,0,0,0,0
1,4,0,0,0,0,0,0,0
0,4,0,0,0,0,0,0,0
0,1,0,0,0,0,0,0,0
1,-2,0,0,0,0,0,0,0
2,0,0,0,0,0,0,0,0
2,4,0,0,0,0,0,0,0
2,4,0,0,0,0,0,0,0
2,3,0,0,0,0,0,0,0
1,3,0,0,0,0,0,0,0
0,3,0,0,0,0,0,0,0
0,2,0,0,0,0,0,0,0
0,3,0,0,0,0,0,0,0
1,2,0,0,0,0,0,0,0
1,1,0,0,0,0,0,0,0
1,1,0,0,0,0,0,0,0
1,1,0,0,0,0,0,0,0
1,1,0,0,0,0,0,0,0
0,1,0,0,0,0,0,0,0
0,1,0,0,0,0,0,0,0
-1,1,0,0,0,0,0,0,0
-1,1,0,0,0,0,0,0,0
0,0,0,0,0,0,0,0,0
0,1,0,0,0,0,0,0,0
0,1,0,0,0,0,0,0,0
0,1,0,0,0,0,0,0,0
0,1,0,0,0,0,0,0,0
0,0,0,0,0,0,0,0,0
0,-1,0,0,0,0,0,0,0
-1,0,0,0,0,0,0,0,0
-2,0,0,0,0,0,0,0,0
-1,0,0,0,0,0,0,0,0
0,-1,0,0,0,0,0,0,0
-1,-1,0,0,0,0,0,0,0
-1,0,0,0,0,0,0,0,0
-1,-1,0,0,0,0,0,0,0
-1,-1,0,0,0,0,0,0,0
-1,-2,0,0,0,0,0,0,0
-1,-2,0,0,0,0,0,0,0
0,-1,0,0,0,0,0,0,0
0,-1,0,0,0,0,0,0,0
0,-2,0,0,0,0,0,0,0
0,-2,0,0,0,0,0,0,0
0,-2,0,0,0,0,0,0,0
0,-2,0,0,0,0,0,0,0
-1,-2,0,0,0,0,0,0,0
-2,-2,0,0,0,0,0,0,0
-1,-1,0,0,0,0,0,0,0
0,0,0,0,0,0,0,0,0
0,-2,0,0,0,0,0,0,0
0,-2,0,0,0,0,0,0,0
0,-2,0,0,0,0,0,0,0
-1,-3,0,0,0,0,0,0,0
-1,-3,0,0,0,0,0,0,0
-1,-2,0,0,0,0,0,0,0
-1,-3,0,0,0,0,0,0,0
-1,-3,0,0,0,0,0,0,0
-1,-2,0,0,0,0,0,0,0
-1,-2,0,0,0,0,0,0,0
0,-2,0,0,0,0,0,0,0
0,-3,0,0,0,0,0,0,0
-1,-3,0,0,0,0,0,0,0
-1,-3,0,0,0,0,0,0,0
-1,-2,0,0,0,0,0,0,0
-1,-2,0,0,0,0,0,0,0
-1,-3,0,0,0,0,0,0,0
-1,-2,0,0,0,0,0,0,0
0,-2,0,0,0,0,0,0,0
0,-1,0,0,0,0,0,0,0
-1,-2,0,0,0,0,0,0,0
-2,-2,0,0,0,0,0,0,0
-2,-2,0,0,0,0,0,0,0
-1,-1,0,0,0,0,0,0,0
-1,-2,0,0,0,0,0,0,0
-1,-1,0,0,0,0,0,0,0
0,-1,0,0,0,0,0,0,0
0,-2,0,0,0,0,0,0,0
0,-2,0,0,0,0,0,0,0
-1,-2,0,0,0,0,0,0,0
0,-2,0,0,0,0,0,0,0
-1,-3,0,0,0,0,0,0,0
-1,-2,0,0,0,0,0,0,0
0,-2,0,0,0,0,0,0,0
0,-2,0,0,0,0,0,0,0
0,-2,0,0,0,0,0,0,0
0,-2,0,0,0,0,0,0,0
-1,-2,0,0,0,0,0,0,0
-1,-2,0,0,0,0,0,0,0
-1,-2,0,0,0,0,0,0,0
-1,-1,0,0,0,0,0,0,0
-1,-1,0,0,0,0,0,0,0
0,-1,0,0,0,0,0,0,0
0,-1,0,0,0,0,0,0,0
0,-1,0,0,0,0,0,0,0
0,-1,0,0,0,0,0,0,0
0,-2,0,0,0,0,0,0,0
0,-1,0,0,0,0,0,0,0
-1,-1,0,0,0,0,0,0,0
0,-1,0,0,0,0,0,0,0
1,-1,0,0,0,0,0,0,0
0,0,0,0,0,0,0,0,0
0,0,0,0,0,0,0,0,0
1,0,0,0,0,0,0,0,0
-1,-1,0,0,0,0,0,0,0
-1,-2,0,0,0,0,0,0,0
0,-1,0,0,0,0,0,0,0
1,0,0,0,0,0,0,0,0
0,1,0,0,0,0,0,0,0
0,1,0,0,0,0,0,0,0
1,0,0,0,0,0,0,0,0
1,-1,0,0,0,0,0,0,0
0,-1,0,0,0,0,0,0,0
0,0,0,0,0,0,0,0,0
0,-1,0,0,0,0,0,0,0
0,-1,0,0,0,0,0,0,0
0,0,0,0,0,0,0,0,0
0,0,0,0,0,0,0,0,0
0,0,0,0,0,0,0,0,0
0,0,0,0,0,0,0,0,0
-1,-1,0,0,0,0,0,0,0
-4,-1,0,0,0,0,0,0,0
-3,0,0,0,0,0,0,0,0
2,1,0,0,0,0,0,0,0
2,2,0,0,0,0,0,0,0
1,1,0,0,0,0,0,0,0
2,1,0,0,0,0,0,0,0
1,1,0,0,0,0,0,0,0
0,0,0,0,0,0,0,0,0
0,0,0,0,0,0,0,0,0
0,0,0,0,0,0,0,0,0
0,1,0,0,0,0,0,0,0
2,1,0,0,0,0,0,0,0
1,0,0,0,0,0,0,0,0
0,1,0,0,0,0,0,0,0
-1,2,0,0,0,0,0,0,0
1,0,0,0,0,0,0,0,0
2,-1,0,0,0,0,0,0,0
1,0,0,0,0,0,0,0,0
0,0,0,0,0,0,0,0,0
-1,1,0,0,0,0,0,0,0
0,1,0,0,0,0,0,0,0
1,0,0,0,0,0,0,0,0
0,1,0,0,0,0,0,0,0
0,1,0,0,0,0,0,0,0
1,0,0,0,0,0,0,0,0
1,0,0,0,0,0,0,0,0
0,0,0,0,0,0,0,0,0
1,1,0,0,0,0,0,0,0
1,1,0,0,0,0,0,0,0
1,1,0,0,0,0,0,0,0
0,1,0,0,0,0,0,0,0
0,1,0,0,0,0,0,0,0
-1,0,0,0,0,0,0,0,0
0,0,0,0,0,0,0,0,0
0,0,0,0,0,0,0,0,0
0,1,0,0,0,0,0,0,0
1,1,0,0,0,0,0,0,0
2,1,0,0,0,0,0,0,0
2,2,0,0,0,0,0,0,0
0,1,0,0,0,0,0,0,0
-1,0,0,0,0,0,0,0,0
-1,1,0,0,0,0,0,0,0
-1,1,0,0,0,0,0,0,0
-1,0,0,0,0,0,0,0,0
0,0,0,0,0,0,0,0,0
0,1,0,0,0,0,0,0,0
0,0,0,0,0,0,0,0,0
0,0,0,0,0,0,0,0,0
0,0,0,0,0,0,0,0,0
